  0
SECTION
  2
HEADER
  9
$ANGBASE
  50
0.0
  9
$ANGDIR
  70
1
  9
$MEASUREMENT
  70
0
  0
ENDSEC
  0
SECTION
  2
TABLES
  0
TABLE
  2
LTYPE
  70
4
  0
LTYPE
  5
40F
  2
CONTINUOUS
  70
0
  3
Solid line
  72
65
  73
0
  40
0.0
  0
LTYPE
  5
410
  2
DASHDOT
 70
0
  3
Dash Dot ____ _ ____ _
 72
65
 73
4
 40
2.0
 49
1.25
 49
-0.25
 49
0.25
 49
-0.25
  0
LTYPE
  5
411
  2
DASHED
 70
0
  3
Dashed __ __ __ __ __
 72
65
 73
2
 40
0.75
 49
0.5
 49
-0.25
  0
LTYPE
  5
43B
  2
DOTTED
 70
0
  3
Dotted .  .  .  .
 72
65
 73
2
 40
0.2
 49
0.0
 49
-0.2
  0
ENDTAB
  0
TABLE
  2
STYLE
  70
4
  0
STYLE
  2
KICAD
  70
0
  40
0
  41
1
  42
1
  50
0
  71
0
  3
isocp.shx
  0
STYLE
  2
KICADB
  70
0
  40
0
  41
1
  42
1
  50
0
  71
0
  3
isocp.shx
  0
STYLE
  2
KICADI
  70
0
  40
0
  41
1
  42
1
  50
15
  71
0
  3
isocp.shx
  0
STYLE
  2
KICADBI
  70
0
  40
0
  41
1
  42
1
  50
15
  71
0
  3
isocp.shx
  0
ENDTAB
  0
TABLE
  2
LAYER
  70
1
  0
LAYER
  2
BLACK
  70
0
  62
7
  6
CONTINUOUS
  0
ENDTAB
  0
ENDSEC
  0
SECTION
  2
ENTITIES
0
LINE
8
BLACK
6
CONTINUOUS
10
0.206605
20
0.325786062992126
11
0.2070639763779528
21
0.325786062992126
0
LINE
8
BLACK
6
CONTINUOUS
10
0.2070639763779528
20
0.325786062992126
11
0.210252125984252
21
0.325426811023622
0
LINE
8
BLACK
6
CONTINUOUS
10
0.210252125984252
20
0.325426811023622
11
0.2184846456692913
21
0.3246159842519685
0
LINE
8
BLACK
6
CONTINUOUS
10
0.2184846456692913
20
0.3246159842519685
11
0.2198382677165354
21
0.3243466929133858
0
LINE
8
BLACK
6
CONTINUOUS
10
0.2198382677165354
20
0.3243466929133858
11
0.2211031496062992
21
0.3242042125984252
0
LINE
8
BLACK
6
CONTINUOUS
10
0.2211031496062992
20
0.3242042125984252
11
0.2248217716535433
21
0.3233554330708661
0
LINE
8
BLACK
6
CONTINUOUS
10
0.2248217716535433
20
0.3233554330708661
11
0.2306107086614173
21
0.3222039763779527
0
LINE
8
BLACK
6
CONTINUOUS
10
0.2306107086614173
20
0.3222039763779527
11
0.2328716141732284
21
0.3215181102362205
0
LINE
8
BLACK
6
CONTINUOUS
10
0.2328716141732284
20
0.3215181102362205
11
0.2348769291338583
21
0.3210604330708661
0
LINE
8
BLACK
6
CONTINUOUS
10
0.2348769291338583
20
0.3210604330708661
11
0.2381112598425197
21
0.3199286614173228
0
LINE
8
BLACK
6
CONTINUOUS
10
0.2381112598425197
20
0.3199286614173228
11
0.2424411417322835
21
0.3186152362204724
0
LINE
8
BLACK
6
CONTINUOUS
10
0.2424411417322835
20
0.3186152362204724
11
0.2455767322834645
21
0.3173164173228347
0
LINE
8
BLACK
6
CONTINUOUS
10
0.2455767322834645
20
0.3173164173228347
11
0.2482120866141732
21
0.3163942913385827
0
LINE
8
BLACK
6
CONTINUOUS
10
0.2482120866141732
20
0.3163942913385827
11
0.2507274803149606
21
0.3151829133858268
0
LINE
8
BLACK
6
CONTINUOUS
10
0.2507274803149606
20
0.3151829133858268
11
0.2538632677165354
21
0.3138840551181102
0
LINE
8
BLACK
6
CONTINUOUS
10
0.2538632677165354
20
0.3138840551181102
11
0.257854094488189
21
0.311750905511811
0
LINE
8
BLACK
6
CONTINUOUS
10
0.257854094488189
20
0.311750905511811
11
0.2609409448818897
21
0.3102643700787401
0
LINE
8
BLACK
6
CONTINUOUS
10
0.2609409448818897
20
0.3102643700787401
11
0.2626822440944882
21
0.3091702362204725
0
LINE
8
BLACK
6
CONTINUOUS
10
0.2626822440944882
20
0.3091702362204725
11
0.2647662204724409
21
0.3080563385826772
0
LINE
8
BLACK
6
CONTINUOUS
10
0.2647662204724409
20
0.3080563385826772
11
0.269674094488189
21
0.304776968503937
0
LINE
8
BLACK
6
CONTINUOUS
10
0.269674094488189
20
0.304776968503937
11
0.2729034645669292
21
0.3027478346456693
0
LINE
8
BLACK
6
CONTINUOUS
10
0.2729034645669292
20
0.3027478346456693
11
0.2738986220472441
21
0.3019541732283464
0
LINE
8
BLACK
6
CONTINUOUS
10
0.2738986220472441
20
0.3019541732283464
11
0.2750459448818898
21
0.3011875984251968
0
LINE
8
BLACK
6
CONTINUOUS
10
0.2750459448818898
20
0.3011875984251968
11
0.2814388976377953
21
0.2959409842519685
0
LINE
8
BLACK
6
CONTINUOUS
10
0.2814388976377953
20
0.2959409842519685
11
0.2839491732283465
21
0.2939391732283465
0
LINE
8
BLACK
6
CONTINUOUS
10
0.2839491732283465
20
0.2939391732283465
11
0.284273937007874
21
0.2936143700787401
0
LINE
8
BLACK
6
CONTINUOUS
10
0.284273937007874
20
0.2936143700787401
11
0.2846026377952756
21
0.2933446456692914
0
LINE
8
BLACK
6
CONTINUOUS
10
0.2846026377952756
20
0.2933446456692914
11
0.2933446456692914
21
0.2846026377952756
0
LINE
8
BLACK
6
CONTINUOUS
10
0.2933446456692914
20
0.2846026377952756
11
0.2936143700787401
21
0.284273937007874
0
LINE
8
BLACK
6
CONTINUOUS
10
0.2936143700787401
20
0.284273937007874
11
0.2939391732283465
21
0.2839491732283465
0
LINE
8
BLACK
6
CONTINUOUS
10
0.2939391732283465
20
0.2839491732283465
11
0.2959409842519685
21
0.2814388976377953
0
LINE
8
BLACK
6
CONTINUOUS
10
0.2959409842519685
20
0.2814388976377953
11
0.3011875984251968
21
0.2750459448818898
0
LINE
8
BLACK
6
CONTINUOUS
10
0.3011875984251968
20
0.2750459448818898
11
0.3019541732283464
21
0.2738986220472441
0
LINE
8
BLACK
6
CONTINUOUS
10
0.3019541732283464
20
0.2738986220472441
11
0.3027478346456693
21
0.2729034645669292
0
LINE
8
BLACK
6
CONTINUOUS
10
0.3027478346456693
20
0.2729034645669292
11
0.304776968503937
21
0.269674094488189
0
LINE
8
BLACK
6
CONTINUOUS
10
0.304776968503937
20
0.269674094488189
11
0.3080563385826772
21
0.2647662204724409
0
LINE
8
BLACK
6
CONTINUOUS
10
0.3080563385826772
20
0.2647662204724409
11
0.3091702362204725
21
0.2626822440944882
0
LINE
8
BLACK
6
CONTINUOUS
10
0.3091702362204725
20
0.2626822440944882
11
0.3102643700787401
21
0.2609409448818897
0
LINE
8
BLACK
6
CONTINUOUS
10
0.3102643700787401
20
0.2609409448818897
11
0.311750905511811
21
0.257854094488189
0
LINE
8
BLACK
6
CONTINUOUS
10
0.311750905511811
20
0.257854094488189
11
0.3138840551181102
21
0.2538632677165354
0
LINE
8
BLACK
6
CONTINUOUS
10
0.3138840551181102
20
0.2538632677165354
11
0.3151829133858268
21
0.2507274803149606
0
LINE
8
BLACK
6
CONTINUOUS
10
0.3151829133858268
20
0.2507274803149606
11
0.3163942913385827
21
0.2482120866141732
0
LINE
8
BLACK
6
CONTINUOUS
10
0.3163942913385827
20
0.2482120866141732
11
0.3173164173228347
21
0.2455767322834645
0
LINE
8
BLACK
6
CONTINUOUS
10
0.3173164173228347
20
0.2455767322834645
11
0.3186152362204724
21
0.2424411417322835
0
LINE
8
BLACK
6
CONTINUOUS
10
0.3186152362204724
20
0.2424411417322835
11
0.3199286614173228
21
0.2381112598425197
0
LINE
8
BLACK
6
CONTINUOUS
10
0.3199286614173228
20
0.2381112598425197
11
0.3210604330708661
21
0.2348769291338583
0
LINE
8
BLACK
6
CONTINUOUS
10
0.3210604330708661
20
0.2348769291338583
11
0.3215181102362205
21
0.2328716141732284
0
LINE
8
BLACK
6
CONTINUOUS
10
0.3215181102362205
20
0.2328716141732284
11
0.3222039763779527
21
0.2306107086614173
0
LINE
8
BLACK
6
CONTINUOUS
10
0.3222039763779527
20
0.2306107086614173
11
0.3233554330708661
21
0.2248217716535433
0
LINE
8
BLACK
6
CONTINUOUS
10
0.3233554330708661
20
0.2248217716535433
11
0.3242042125984252
21
0.2211031496062992
0
LINE
8
BLACK
6
CONTINUOUS
10
0.3242042125984252
20
0.2211031496062992
11
0.3243466929133858
21
0.2198382677165354
0
LINE
8
BLACK
6
CONTINUOUS
10
0.3243466929133858
20
0.2198382677165354
11
0.3246159842519685
21
0.2184846456692913
0
LINE
8
BLACK
6
CONTINUOUS
10
0.3246159842519685
20
0.2184846456692913
11
0.325426811023622
21
0.2102522834645669
0
LINE
8
BLACK
6
CONTINUOUS
10
0.325426811023622
20
0.2102522834645669
11
0.325786062992126
21
0.2070639763779528
0
LINE
8
BLACK
6
CONTINUOUS
10
0.325786062992126
20
0.2070639763779528
11
0.325786062992126
21
0.2066049212598425
0
LINE
8
BLACK
6
CONTINUOUS
10
0.325786062992126
20
0.2066049212598425
11
0.3258277559055118
21
0.2061816535433071
0
LINE
8
BLACK
6
CONTINUOUS
10
0.3258277559055118
20
0.2061816535433071
11
0.3258277559055118
21
0.1938183070866142
0
LINE
8
BLACK
6
CONTINUOUS
10
0.3258277559055118
20
0.1938183070866142
11
0.325786062992126
21
0.193395
0
LINE
8
BLACK
6
CONTINUOUS
10
0.325786062992126
20
0.193395
11
0.325786062992126
21
0.1929360236220472
0
LINE
8
BLACK
6
CONTINUOUS
10
0.325786062992126
20
0.1929360236220472
11
0.325426811023622
21
0.1897479527559055
0
LINE
8
BLACK
6
CONTINUOUS
10
0.325426811023622
20
0.1897479527559055
11
0.3246159842519685
21
0.1815153149606299
0
LINE
8
BLACK
6
CONTINUOUS
10
0.3246159842519685
20
0.1815153149606299
11
0.3243466929133858
21
0.1801616141732283
0
LINE
8
BLACK
6
CONTINUOUS
10
0.3243466929133858
20
0.1801616141732283
11
0.3242042125984252
21
0.1788968503937008
0
LINE
8
BLACK
6
CONTINUOUS
10
0.3242042125984252
20
0.1788968503937008
11
0.3233555118110236
21
0.1751784645669291
0
LINE
8
BLACK
6
CONTINUOUS
10
0.3233555118110236
20
0.1751784645669291
11
0.3222039763779527
21
0.1693892519685039
0
LINE
8
BLACK
6
CONTINUOUS
10
0.3222039763779527
20
0.1693892519685039
11
0.3215180708661417
21
0.167128188976378
0
LINE
8
BLACK
6
CONTINUOUS
10
0.3215180708661417
20
0.167128188976378
11
0.3210604330708661
21
0.1651230708661417
0
LINE
8
BLACK
6
CONTINUOUS
10
0.3210604330708661
20
0.1651230708661417
11
0.3199287401574803
21
0.161888937007874
0
LINE
8
BLACK
6
CONTINUOUS
10
0.3199287401574803
20
0.161888937007874
11
0.3186152362204724
21
0.1575588188976378
0
LINE
8
BLACK
6
CONTINUOUS
10
0.3186152362204724
20
0.1575588188976378
11
0.3173162992125984
21
0.1544229527559055
0
LINE
8
BLACK
6
CONTINUOUS
10
0.3173162992125984
20
0.1544229527559055
11
0.3163942913385827
21
0.1517879133858268
0
LINE
8
BLACK
6
CONTINUOUS
10
0.3163942913385827
20
0.1517879133858268
11
0.315183031496063
21
0.1492727165354331
0
LINE
8
BLACK
6
CONTINUOUS
10
0.315183031496063
20
0.1492727165354331
11
0.3138840551181102
21
0.1461366929133858
0
LINE
8
BLACK
6
CONTINUOUS
10
0.3138840551181102
20
0.1461366929133858
11
0.3117507086614173
21
0.1421454724409449
0
LINE
8
BLACK
6
CONTINUOUS
10
0.3117507086614173
20
0.1421454724409449
11
0.3102643700787401
21
0.1390590551181102
0
LINE
8
BLACK
6
CONTINUOUS
10
0.3102643700787401
20
0.1390590551181102
11
0.3091703543307087
21
0.1373179527559055
0
LINE
8
BLACK
6
CONTINUOUS
10
0.3091703543307087
20
0.1373179527559055
11
0.3080563385826772
21
0.1352337401574803
0
LINE
8
BLACK
6
CONTINUOUS
10
0.3080563385826772
20
0.1352337401574803
11
0.3047765354330709
21
0.1303251968503937
0
LINE
8
BLACK
6
CONTINUOUS
10
0.3047765354330709
20
0.1303251968503937
11
0.3027478346456693
21
0.1270965354330709
0
LINE
8
BLACK
6
CONTINUOUS
10
0.3027478346456693
20
0.1270965354330709
11
0.3019543700787402
21
0.1261015354330709
0
LINE
8
BLACK
6
CONTINUOUS
10
0.3019543700787402
20
0.1261015354330709
11
0.3011875984251968
21
0.1249540157480315
0
LINE
8
BLACK
6
CONTINUOUS
10
0.3011875984251968
20
0.1249540157480315
11
0.2959398818897638
21
0.1185596456692913
0
LINE
8
BLACK
6
CONTINUOUS
10
0.2959398818897638
20
0.1185596456692913
11
0.2939391732283465
21
0.1160508267716535
0
LINE
8
BLACK
6
CONTINUOUS
10
0.2939391732283465
20
0.1160508267716535
11
0.2936145275590551
21
0.1157261811023622
0
LINE
8
BLACK
6
CONTINUOUS
10
0.2936145275590551
20
0.1157261811023622
11
0.2933446456692914
21
0.1153973228346457
0
LINE
8
BLACK
6
CONTINUOUS
10
0.2933446456692914
20
0.1153973228346457
11
0.2846026377952756
21
0.1066553149606299
0
LINE
8
BLACK
6
CONTINUOUS
10
0.2846026377952756
20
0.1066553149606299
11
0.2842737401574803
21
0.1063853937007874
0
LINE
8
BLACK
6
CONTINUOUS
10
0.2842737401574803
20
0.1063853937007874
11
0.2839491732283465
21
0.1060608267716535
0
LINE
8
BLACK
6
CONTINUOUS
10
0.2839491732283465
20
0.1060608267716535
11
0.2814406299212598
21
0.1040603149606299
0
LINE
8
BLACK
6
CONTINUOUS
10
0.2814406299212598
20
0.1040603149606299
11
0.2750459448818898
21
0.0988123622047244
0
LINE
8
BLACK
6
CONTINUOUS
10
0.2750459448818898
20
0.0988123622047244
11
0.2738983070866142
21
0.0980455118110236
0
LINE
8
BLACK
6
CONTINUOUS
10
0.2738983070866142
20
0.0980455118110236
11
0.2729034645669292
21
0.0972521653543307
0
LINE
8
BLACK
6
CONTINUOUS
10
0.2729034645669292
20
0.0972521653543307
11
0.2696750787401574
21
0.0952236220472441
0
LINE
8
BLACK
6
CONTINUOUS
10
0.2696750787401574
20
0.0952236220472441
11
0.2647662204724409
21
0.0919436220472441
0
LINE
8
BLACK
6
CONTINUOUS
10
0.2647662204724409
20
0.0919436220472441
11
0.262681811023622
21
0.0908294881889764
0
LINE
8
BLACK
6
CONTINUOUS
10
0.262681811023622
20
0.0908294881889764
11
0.2609409448818897
21
0.0897356299212598
0
LINE
8
BLACK
6
CONTINUOUS
10
0.2609409448818897
20
0.0897356299212598
11
0.257854842519685
21
0.0882494094488189
0
LINE
8
BLACK
6
CONTINUOUS
10
0.257854842519685
20
0.0882494094488189
11
0.2538632677165354
21
0.086115905511811
0
LINE
8
BLACK
6
CONTINUOUS
10
0.2538632677165354
20
0.086115905511811
11
0.2507268897637795
21
0.0848167716535433
0
LINE
8
BLACK
6
CONTINUOUS
10
0.2507268897637795
20
0.0848167716535433
11
0.2482120866141732
21
0.0836057086614173
0
LINE
8
BLACK
6
CONTINUOUS
10
0.2482120866141732
20
0.0836057086614173
11
0.2455773622047244
21
0.0826837795275591
0
LINE
8
BLACK
6
CONTINUOUS
10
0.2455773622047244
20
0.0826837795275591
11
0.2424411417322835
21
0.0813847244094488
0
LINE
8
BLACK
6
CONTINUOUS
10
0.2424411417322835
20
0.0813847244094488
11
0.2381104330708661
21
0.0800709842519685
0
LINE
8
BLACK
6
CONTINUOUS
10
0.2381104330708661
20
0.0800709842519685
11
0.2348769291338583
21
0.0789395669291339
0
LINE
8
BLACK
6
CONTINUOUS
10
0.2348769291338583
20
0.0789395669291339
11
0.232872125984252
21
0.078481968503937
0
LINE
8
BLACK
6
CONTINUOUS
10
0.232872125984252
20
0.078481968503937
11
0.2306107086614173
21
0.0777959842519685
0
LINE
8
BLACK
6
CONTINUOUS
10
0.2306107086614173
20
0.0777959842519685
11
0.2248204330708661
21
0.0766442125984252
0
LINE
8
BLACK
6
CONTINUOUS
10
0.2248204330708661
20
0.0766442125984252
11
0.2211031496062992
21
0.0757957874015748
0
LINE
8
BLACK
6
CONTINUOUS
10
0.2211031496062992
20
0.0757957874015748
11
0.2198387401574803
21
0.0756533070866142
0
LINE
8
BLACK
6
CONTINUOUS
10
0.2198387401574803
20
0.0756533070866142
11
0.2184846456692913
21
0.0753839763779528
0
LINE
8
BLACK
6
CONTINUOUS
10
0.2184846456692913
20
0.0753839763779528
11
0.2102511811023622
21
0.074573031496063
0
LINE
8
BLACK
6
CONTINUOUS
10
0.2102511811023622
20
0.074573031496063
11
0.2070639763779528
21
0.074213937007874
0
LINE
8
BLACK
6
CONTINUOUS
10
0.2070639763779528
20
0.074213937007874
11
0.206605
21
0.074213937007874
0
LINE
8
BLACK
6
CONTINUOUS
10
0.206605
20
0.074213937007874
11
0.2061816929133858
21
0.0741722440944882
0
LINE
8
BLACK
6
CONTINUOUS
10
0.2061816929133858
20
0.0741722440944882
11
0.1938183070866142
21
0.0741722440944882
0
LINE
8
BLACK
6
CONTINUOUS
10
0.1938183070866142
20
0.0741722440944882
11
0.193395
21
0.074213937007874
0
LINE
8
BLACK
6
CONTINUOUS
10
0.193395
20
0.074213937007874
11
0.1929360236220472
21
0.074213937007874
0
LINE
8
BLACK
6
CONTINUOUS
10
0.1929360236220472
20
0.074213937007874
11
0.1897488582677165
21
0.074573031496063
0
LINE
8
BLACK
6
CONTINUOUS
10
0.1897488582677165
20
0.074573031496063
11
0.1815153149606299
21
0.0753839763779528
0
LINE
8
BLACK
6
CONTINUOUS
10
0.1815153149606299
20
0.0753839763779528
11
0.1801611417322835
21
0.0756533070866142
0
LINE
8
BLACK
6
CONTINUOUS
10
0.1801611417322835
20
0.0756533070866142
11
0.1788968503937008
21
0.0757957874015748
0
LINE
8
BLACK
6
CONTINUOUS
10
0.1788968503937008
20
0.0757957874015748
11
0.1751798031496063
21
0.0766441732283464
0
LINE
8
BLACK
6
CONTINUOUS
10
0.1751798031496063
20
0.0766441732283464
11
0.1693892519685039
21
0.0777959842519685
0
LINE
8
BLACK
6
CONTINUOUS
10
0.1693892519685039
20
0.0777959842519685
11
0.1671276771653543
21
0.0784820078740157
0
LINE
8
BLACK
6
CONTINUOUS
10
0.1671276771653543
20
0.0784820078740157
11
0.1651230708661417
21
0.0789395669291339
0
LINE
8
BLACK
6
CONTINUOUS
10
0.1651230708661417
20
0.0789395669291339
11
0.1618898031496063
21
0.080070905511811
0
LINE
8
BLACK
6
CONTINUOUS
10
0.1618898031496063
20
0.080070905511811
11
0.1575588188976378
21
0.0813847244094488
0
LINE
8
BLACK
6
CONTINUOUS
10
0.1575588188976378
20
0.0813847244094488
11
0.1544223622047244
21
0.0826838582677165
0
LINE
8
BLACK
6
CONTINUOUS
10
0.1544223622047244
20
0.0826838582677165
11
0.1517879133858268
21
0.0836057086614173
0
LINE
8
BLACK
6
CONTINUOUS
10
0.1517879133858268
20
0.0836057086614173
11
0.1492733070866142
21
0.0848166535433071
0
LINE
8
BLACK
6
CONTINUOUS
10
0.1492733070866142
20
0.0848166535433071
11
0.1461366929133858
21
0.086115905511811
0
LINE
8
BLACK
6
CONTINUOUS
10
0.1461366929133858
20
0.086115905511811
11
0.1421447244094488
21
0.0882496062992126
0
LINE
8
BLACK
6
CONTINUOUS
10
0.1421447244094488
20
0.0882496062992126
11
0.1390590551181102
21
0.0897356299212598
0
LINE
8
BLACK
6
CONTINUOUS
10
0.1390590551181102
20
0.0897356299212598
11
0.1373183858267716
21
0.0908293307086614
0
LINE
8
BLACK
6
CONTINUOUS
10
0.1373183858267716
20
0.0908293307086614
11
0.1352337401574803
21
0.0919436220472441
0
LINE
8
BLACK
6
CONTINUOUS
10
0.1352337401574803
20
0.0919436220472441
11
0.1303242125984252
21
0.0952240551181102
0
LINE
8
BLACK
6
CONTINUOUS
10
0.1303242125984252
20
0.0952240551181102
11
0.1270965354330709
21
0.0972521653543307
0
LINE
8
BLACK
6
CONTINUOUS
10
0.1270965354330709
20
0.0972521653543307
11
0.1261018503937008
21
0.0980453543307087
0
LINE
8
BLACK
6
CONTINUOUS
10
0.1261018503937008
20
0.0980453543307087
11
0.1249540157480315
21
0.0988123622047244
0
LINE
8
BLACK
6
CONTINUOUS
10
0.1249540157480315
20
0.0988123622047244
11
0.1185579527559055
21
0.1040614173228346
0
LINE
8
BLACK
6
CONTINUOUS
10
0.1185579527559055
20
0.1040614173228346
11
0.1160508267716535
21
0.1060608267716535
0
LINE
8
BLACK
6
CONTINUOUS
10
0.1160508267716535
20
0.1060608267716535
11
0.1157264173228346
21
0.1063851968503937
0
LINE
8
BLACK
6
CONTINUOUS
10
0.1157264173228346
20
0.1063851968503937
11
0.1153973228346457
21
0.1066553149606299
0
LINE
8
BLACK
6
CONTINUOUS
10
0.1153973228346457
20
0.1066553149606299
11
0.1066553149606299
21
0.1153973228346457
0
LINE
8
BLACK
6
CONTINUOUS
10
0.1066553149606299
20
0.1153973228346457
11
0.1063851968503937
21
0.1157264173228346
0
LINE
8
BLACK
6
CONTINUOUS
10
0.1063851968503937
20
0.1157264173228346
11
0.1060608267716535
21
0.1160508267716535
0
LINE
8
BLACK
6
CONTINUOUS
10
0.1060608267716535
20
0.1160508267716535
11
0.1040614173228346
21
0.1185579527559055
0
LINE
8
BLACK
6
CONTINUOUS
10
0.1040614173228346
20
0.1185579527559055
11
0.0988123622047244
21
0.1249540157480315
0
LINE
8
BLACK
6
CONTINUOUS
10
0.0988123622047244
20
0.1249540157480315
11
0.0980453543307087
21
0.1261018503937008
0
LINE
8
BLACK
6
CONTINUOUS
10
0.0980453543307087
20
0.1261018503937008
11
0.0972521653543307
21
0.1270965354330709
0
LINE
8
BLACK
6
CONTINUOUS
10
0.0972521653543307
20
0.1270965354330709
11
0.0952240551181102
21
0.1303242125984252
0
LINE
8
BLACK
6
CONTINUOUS
10
0.0952240551181102
20
0.1303242125984252
11
0.0919436220472441
21
0.1352337401574803
0
LINE
8
BLACK
6
CONTINUOUS
10
0.0919436220472441
20
0.1352337401574803
11
0.0908293307086614
21
0.1373183858267716
0
LINE
8
BLACK
6
CONTINUOUS
10
0.0908293307086614
20
0.1373183858267716
11
0.0897356299212598
21
0.1390590551181102
0
LINE
8
BLACK
6
CONTINUOUS
10
0.0897356299212598
20
0.1390590551181102
11
0.0882496062992126
21
0.1421447244094488
0
LINE
8
BLACK
6
CONTINUOUS
10
0.0882496062992126
20
0.1421447244094488
11
0.086115905511811
21
0.1461366929133858
0
LINE
8
BLACK
6
CONTINUOUS
10
0.086115905511811
20
0.1461366929133858
11
0.0848166535433071
21
0.1492733070866142
0
LINE
8
BLACK
6
CONTINUOUS
10
0.0848166535433071
20
0.1492733070866142
11
0.0836057086614173
21
0.1517879133858268
0
LINE
8
BLACK
6
CONTINUOUS
10
0.0836057086614173
20
0.1517879133858268
11
0.0826838582677165
21
0.1544223622047244
0
LINE
8
BLACK
6
CONTINUOUS
10
0.0826838582677165
20
0.1544223622047244
11
0.0813847244094488
21
0.1575588188976378
0
LINE
8
BLACK
6
CONTINUOUS
10
0.0813847244094488
20
0.1575588188976378
11
0.080070905511811
21
0.1618898031496063
0
LINE
8
BLACK
6
CONTINUOUS
10
0.080070905511811
20
0.1618898031496063
11
0.0789395669291339
21
0.1651230708661417
0
LINE
8
BLACK
6
CONTINUOUS
10
0.0789395669291339
20
0.1651230708661417
11
0.0784820078740157
21
0.1671276771653543
0
LINE
8
BLACK
6
CONTINUOUS
10
0.0784820078740157
20
0.1671276771653543
11
0.0777959842519685
21
0.1693892519685039
0
LINE
8
BLACK
6
CONTINUOUS
10
0.0777959842519685
20
0.1693892519685039
11
0.0766441732283464
21
0.1751798031496063
0
LINE
8
BLACK
6
CONTINUOUS
10
0.0766441732283464
20
0.1751798031496063
11
0.0757957874015748
21
0.1788968503937008
0
LINE
8
BLACK
6
CONTINUOUS
10
0.0757957874015748
20
0.1788968503937008
11
0.0756533070866142
21
0.1801611417322835
0
LINE
8
BLACK
6
CONTINUOUS
10
0.0756533070866142
20
0.1801611417322835
11
0.0753839763779528
21
0.1815153149606299
0
LINE
8
BLACK
6
CONTINUOUS
10
0.0753839763779528
20
0.1815153149606299
11
0.074573031496063
21
0.1897488582677165
0
LINE
8
BLACK
6
CONTINUOUS
10
0.074573031496063
20
0.1897488582677165
11
0.074213937007874
21
0.1929360236220472
0
LINE
8
BLACK
6
CONTINUOUS
10
0.074213937007874
20
0.1929360236220472
11
0.074213937007874
21
0.1933949606299213
0
LINE
8
BLACK
6
CONTINUOUS
10
0.074213937007874
20
0.1933949606299213
11
0.0741722440944882
21
0.1938183070866142
0
LINE
8
BLACK
6
CONTINUOUS
10
0.0741722440944882
20
0.1938183070866142
11
0.0741722440944882
21
0.2061816535433071
0
LINE
8
BLACK
6
CONTINUOUS
10
0.0741722440944882
20
0.2061816535433071
11
0.074213937007874
21
0.2066049606299213
0
LINE
8
BLACK
6
CONTINUOUS
10
0.074213937007874
20
0.2066049606299213
11
0.074213937007874
21
0.2070639763779528
0
LINE
8
BLACK
6
CONTINUOUS
10
0.074213937007874
20
0.2070639763779528
11
0.0745730708661417
21
0.2102513779527559
0
LINE
8
BLACK
6
CONTINUOUS
10
0.0745730708661417
20
0.2102513779527559
11
0.0753839763779528
21
0.2184846456692913
0
LINE
8
BLACK
6
CONTINUOUS
10
0.0753839763779528
20
0.2184846456692913
11
0.0756533070866142
21
0.2198387401574803
0
LINE
8
BLACK
6
CONTINUOUS
10
0.0756533070866142
20
0.2198387401574803
11
0.0757957874015748
21
0.2211031496062992
0
LINE
8
BLACK
6
CONTINUOUS
10
0.0757957874015748
20
0.2211031496062992
11
0.0766442125984252
21
0.2248204330708661
0
LINE
8
BLACK
6
CONTINUOUS
10
0.0766442125984252
20
0.2248204330708661
11
0.0777959842519685
21
0.2306107086614173
0
LINE
8
BLACK
6
CONTINUOUS
10
0.0777959842519685
20
0.2306107086614173
11
0.078481968503937
21
0.232872125984252
0
LINE
8
BLACK
6
CONTINUOUS
10
0.078481968503937
20
0.232872125984252
11
0.0789395669291339
21
0.2348769291338583
0
LINE
8
BLACK
6
CONTINUOUS
10
0.0789395669291339
20
0.2348769291338583
11
0.0800709842519685
21
0.2381104330708661
0
LINE
8
BLACK
6
CONTINUOUS
10
0.0800709842519685
20
0.2381104330708661
11
0.0813847244094488
21
0.2424411417322835
0
LINE
8
BLACK
6
CONTINUOUS
10
0.0813847244094488
20
0.2424411417322835
11
0.0826837795275591
21
0.2455773622047244
0
LINE
8
BLACK
6
CONTINUOUS
10
0.0826837795275591
20
0.2455773622047244
11
0.0836057086614173
21
0.2482120866141732
0
LINE
8
BLACK
6
CONTINUOUS
10
0.0836057086614173
20
0.2482120866141732
11
0.0848167716535433
21
0.2507268897637795
0
LINE
8
BLACK
6
CONTINUOUS
10
0.0848167716535433
20
0.2507268897637795
11
0.086115905511811
21
0.2538632677165354
0
LINE
8
BLACK
6
CONTINUOUS
10
0.086115905511811
20
0.2538632677165354
11
0.0882494094488189
21
0.257854842519685
0
LINE
8
BLACK
6
CONTINUOUS
10
0.0882494094488189
20
0.257854842519685
11
0.0897356299212598
21
0.2609409448818897
0
LINE
8
BLACK
6
CONTINUOUS
10
0.0897356299212598
20
0.2609409448818897
11
0.0908294881889764
21
0.262681811023622
0
LINE
8
BLACK
6
CONTINUOUS
10
0.0908294881889764
20
0.262681811023622
11
0.0919436220472441
21
0.2647662204724409
0
LINE
8
BLACK
6
CONTINUOUS
10
0.0919436220472441
20
0.2647662204724409
11
0.0952236220472441
21
0.2696750787401574
0
LINE
8
BLACK
6
CONTINUOUS
10
0.0952236220472441
20
0.2696750787401574
11
0.0972521653543307
21
0.2729034645669292
0
LINE
8
BLACK
6
CONTINUOUS
10
0.0972521653543307
20
0.2729034645669292
11
0.0980455118110236
21
0.2738983070866142
0
LINE
8
BLACK
6
CONTINUOUS
10
0.0980455118110236
20
0.2738983070866142
11
0.0988123622047244
21
0.2750459448818898
0
LINE
8
BLACK
6
CONTINUOUS
10
0.0988123622047244
20
0.2750459448818898
11
0.1040603149606299
21
0.2814406299212598
0
LINE
8
BLACK
6
CONTINUOUS
10
0.1040603149606299
20
0.2814406299212598
11
0.1060608267716535
21
0.2839491732283465
0
LINE
8
BLACK
6
CONTINUOUS
10
0.1060608267716535
20
0.2839491732283465
11
0.1063853937007874
21
0.2842737401574803
0
LINE
8
BLACK
6
CONTINUOUS
10
0.1063853937007874
20
0.2842737401574803
11
0.1066553149606299
21
0.2846026377952756
0
LINE
8
BLACK
6
CONTINUOUS
10
0.1066553149606299
20
0.2846026377952756
11
0.1153973228346457
21
0.2933446456692914
0
LINE
8
BLACK
6
CONTINUOUS
10
0.1153973228346457
20
0.2933446456692914
11
0.1157261811023622
21
0.2936145275590551
0
LINE
8
BLACK
6
CONTINUOUS
10
0.1157261811023622
20
0.2936145275590551
11
0.1160508267716535
21
0.2939391732283465
0
LINE
8
BLACK
6
CONTINUOUS
10
0.1160508267716535
20
0.2939391732283465
11
0.1185596456692913
21
0.2959398818897638
0
LINE
8
BLACK
6
CONTINUOUS
10
0.1185596456692913
20
0.2959398818897638
11
0.1249540157480315
21
0.3011875984251968
0
LINE
8
BLACK
6
CONTINUOUS
10
0.1249540157480315
20
0.3011875984251968
11
0.1261015354330709
21
0.3019543700787402
0
LINE
8
BLACK
6
CONTINUOUS
10
0.1261015354330709
20
0.3019543700787402
11
0.1270965354330709
21
0.3027478346456693
0
LINE
8
BLACK
6
CONTINUOUS
10
0.1270965354330709
20
0.3027478346456693
11
0.1303251968503937
21
0.3047765354330709
0
LINE
8
BLACK
6
CONTINUOUS
10
0.1303251968503937
20
0.3047765354330709
11
0.1352337401574803
21
0.3080563385826772
0
LINE
8
BLACK
6
CONTINUOUS
10
0.1352337401574803
20
0.3080563385826772
11
0.1373179527559055
21
0.3091703543307087
0
LINE
8
BLACK
6
CONTINUOUS
10
0.1373179527559055
20
0.3091703543307087
11
0.1390590551181102
21
0.3102643700787401
0
LINE
8
BLACK
6
CONTINUOUS
10
0.1390590551181102
20
0.3102643700787401
11
0.1421454724409449
21
0.3117507086614173
0
LINE
8
BLACK
6
CONTINUOUS
10
0.1421454724409449
20
0.3117507086614173
11
0.1461366929133858
21
0.3138840551181102
0
LINE
8
BLACK
6
CONTINUOUS
10
0.1461366929133858
20
0.3138840551181102
11
0.1492727165354331
21
0.315183031496063
0
LINE
8
BLACK
6
CONTINUOUS
10
0.1492727165354331
20
0.315183031496063
11
0.1517879133858268
21
0.3163942913385827
0
LINE
8
BLACK
6
CONTINUOUS
10
0.1517879133858268
20
0.3163942913385827
11
0.1544229527559055
21
0.3173162992125984
0
LINE
8
BLACK
6
CONTINUOUS
10
0.1544229527559055
20
0.3173162992125984
11
0.1575588188976378
21
0.3186152362204724
0
LINE
8
BLACK
6
CONTINUOUS
10
0.1575588188976378
20
0.3186152362204724
11
0.161888937007874
21
0.3199287401574803
0
LINE
8
BLACK
6
CONTINUOUS
10
0.161888937007874
20
0.3199287401574803
11
0.1651230708661417
21
0.3210604330708661
0
LINE
8
BLACK
6
CONTINUOUS
10
0.1651230708661417
20
0.3210604330708661
11
0.167128188976378
21
0.3215180708661417
0
LINE
8
BLACK
6
CONTINUOUS
10
0.167128188976378
20
0.3215180708661417
11
0.1693892519685039
21
0.3222039763779527
0
LINE
8
BLACK
6
CONTINUOUS
10
0.1693892519685039
20
0.3222039763779527
11
0.1751784645669291
21
0.3233555118110236
0
LINE
8
BLACK
6
CONTINUOUS
10
0.1751784645669291
20
0.3233555118110236
11
0.1788968503937008
21
0.3242042125984252
0
LINE
8
BLACK
6
CONTINUOUS
10
0.1788968503937008
20
0.3242042125984252
11
0.1801616141732283
21
0.3243466929133858
0
LINE
8
BLACK
6
CONTINUOUS
10
0.1801616141732283
20
0.3243466929133858
11
0.1815153149606299
21
0.3246159842519685
0
LINE
8
BLACK
6
CONTINUOUS
10
0.1815153149606299
20
0.3246159842519685
11
0.1897479527559055
21
0.325426811023622
0
LINE
8
BLACK
6
CONTINUOUS
10
0.1897479527559055
20
0.325426811023622
11
0.1929360236220472
21
0.325786062992126
0
LINE
8
BLACK
6
CONTINUOUS
10
0.1929360236220472
20
0.325786062992126
11
0.193395
21
0.325786062992126
0
LINE
8
BLACK
6
CONTINUOUS
10
0.193395
20
0.325786062992126
11
0.1938183070866142
21
0.3258277559055118
0
LINE
8
BLACK
6
CONTINUOUS
10
0.1938183070866142
20
0.3258277559055118
11
0.2061816929133858
21
0.3258277559055118
0
LINE
8
BLACK
6
CONTINUOUS
10
0.2061816929133858
20
0.3258277559055118
11
0.206605
21
0.325786062992126
0
LINE
8
BLACK
6
CONTINUOUS
10
1.806605
20
0.325786062992126
11
1.8070639763779528
21
0.325786062992126
0
LINE
8
BLACK
6
CONTINUOUS
10
1.8070639763779528
20
0.325786062992126
11
1.8102521259842519
21
0.325426811023622
0
LINE
8
BLACK
6
CONTINUOUS
10
1.8102521259842519
20
0.325426811023622
11
1.8184846456692914
21
0.3246159842519685
0
LINE
8
BLACK
6
CONTINUOUS
10
1.8184846456692914
20
0.3246159842519685
11
1.8198382677165355
21
0.3243466929133858
0
LINE
8
BLACK
6
CONTINUOUS
10
1.8198382677165355
20
0.3243466929133858
11
1.8211031496062993
21
0.3242042125984252
0
LINE
8
BLACK
6
CONTINUOUS
10
1.8211031496062993
20
0.3242042125984252
11
1.8248217716535433
21
0.3233554330708661
0
LINE
8
BLACK
6
CONTINUOUS
10
1.8248217716535433
20
0.3233554330708661
11
1.8306107086614172
21
0.3222039763779527
0
LINE
8
BLACK
6
CONTINUOUS
10
1.8306107086614172
20
0.3222039763779527
11
1.8328716141732284
21
0.3215181102362205
0
LINE
8
BLACK
6
CONTINUOUS
10
1.8328716141732284
20
0.3215181102362205
11
1.8348769291338582
21
0.3210604330708661
0
LINE
8
BLACK
6
CONTINUOUS
10
1.8348769291338582
20
0.3210604330708661
11
1.8381112598425196
21
0.3199286614173228
0
LINE
8
BLACK
6
CONTINUOUS
10
1.8381112598425196
20
0.3199286614173228
11
1.8424411417322835
21
0.3186152362204724
0
LINE
8
BLACK
6
CONTINUOUS
10
1.8424411417322835
20
0.3186152362204724
11
1.8455767322834644
21
0.3173164173228347
0
LINE
8
BLACK
6
CONTINUOUS
10
1.8455767322834644
20
0.3173164173228347
11
1.8482120866141731
21
0.3163942913385827
0
LINE
8
BLACK
6
CONTINUOUS
10
1.8482120866141731
20
0.3163942913385827
11
1.8507274803149605
21
0.3151829133858268
0
LINE
8
BLACK
6
CONTINUOUS
10
1.8507274803149605
20
0.3151829133858268
11
1.8538632677165354
21
0.3138840551181102
0
LINE
8
BLACK
6
CONTINUOUS
10
1.8538632677165354
20
0.3138840551181102
11
1.8578540944881889
21
0.311750905511811
0
LINE
8
BLACK
6
CONTINUOUS
10
1.8578540944881889
20
0.311750905511811
11
1.8609409448818897
21
0.3102643700787401
0
LINE
8
BLACK
6
CONTINUOUS
10
1.8609409448818897
20
0.3102643700787401
11
1.8626822440944881
21
0.3091702362204725
0
LINE
8
BLACK
6
CONTINUOUS
10
1.8626822440944881
20
0.3091702362204725
11
1.8647662204724409
21
0.3080563385826772
0
LINE
8
BLACK
6
CONTINUOUS
10
1.8647662204724409
20
0.3080563385826772
11
1.8696740944881889
21
0.304776968503937
0
LINE
8
BLACK
6
CONTINUOUS
10
1.8696740944881889
20
0.304776968503937
11
1.8729034645669291
21
0.3027478346456693
0
LINE
8
BLACK
6
CONTINUOUS
10
1.8729034645669291
20
0.3027478346456693
11
1.873898622047244
21
0.3019541732283464
0
LINE
8
BLACK
6
CONTINUOUS
10
1.873898622047244
20
0.3019541732283464
11
1.8750459448818897
21
0.3011875984251968
0
LINE
8
BLACK
6
CONTINUOUS
10
1.8750459448818897
20
0.3011875984251968
11
1.8814388976377951
21
0.2959409842519685
0
LINE
8
BLACK
6
CONTINUOUS
10
1.8814388976377951
20
0.2959409842519685
11
1.8839491732283464
21
0.2939391732283465
0
LINE
8
BLACK
6
CONTINUOUS
10
1.8839491732283464
20
0.2939391732283465
11
1.884273937007874
21
0.2936143700787401
0
LINE
8
BLACK
6
CONTINUOUS
10
1.884273937007874
20
0.2936143700787401
11
1.8846026377952756
21
0.2933446456692914
0
LINE
8
BLACK
6
CONTINUOUS
10
1.8846026377952756
20
0.2933446456692914
11
1.8933446456692913
21
0.2846026377952756
0
LINE
8
BLACK
6
CONTINUOUS
10
1.8933446456692913
20
0.2846026377952756
11
1.89361437007874
21
0.284273937007874
0
LINE
8
BLACK
6
CONTINUOUS
10
1.89361437007874
20
0.284273937007874
11
1.8939391732283464
21
0.2839491732283465
0
LINE
8
BLACK
6
CONTINUOUS
10
1.8939391732283464
20
0.2839491732283465
11
1.8959409842519686
21
0.2814388976377953
0
LINE
8
BLACK
6
CONTINUOUS
10
1.8959409842519686
20
0.2814388976377953
11
1.9011875984251969
21
0.2750459448818898
0
LINE
8
BLACK
6
CONTINUOUS
10
1.9011875984251969
20
0.2750459448818898
11
1.9019541732283465
21
0.2738986220472441
0
LINE
8
BLACK
6
CONTINUOUS
10
1.9019541732283465
20
0.2738986220472441
11
1.9027478346456692
21
0.2729034645669292
0
LINE
8
BLACK
6
CONTINUOUS
10
1.9027478346456692
20
0.2729034645669292
11
1.9047769685039371
21
0.269674094488189
0
LINE
8
BLACK
6
CONTINUOUS
10
1.9047769685039371
20
0.269674094488189
11
1.9080563385826772
21
0.2647662204724409
0
LINE
8
BLACK
6
CONTINUOUS
10
1.9080563385826772
20
0.2647662204724409
11
1.9091702362204723
21
0.2626822440944882
0
LINE
8
BLACK
6
CONTINUOUS
10
1.9091702362204723
20
0.2626822440944882
11
1.9102643700787401
21
0.2609409448818897
0
LINE
8
BLACK
6
CONTINUOUS
10
1.9102643700787401
20
0.2609409448818897
11
1.9117509055118109
21
0.257854094488189
0
LINE
8
BLACK
6
CONTINUOUS
10
1.9117509055118109
20
0.257854094488189
11
1.9138840551181102
21
0.2538632677165354
0
LINE
8
BLACK
6
CONTINUOUS
10
1.9138840551181102
20
0.2538632677165354
11
1.9151829133858267
21
0.2507274803149606
0
LINE
8
BLACK
6
CONTINUOUS
10
1.9151829133858267
20
0.2507274803149606
11
1.9163942913385825
21
0.2482120866141732
0
LINE
8
BLACK
6
CONTINUOUS
10
1.9163942913385825
20
0.2482120866141732
11
1.9173164173228345
21
0.2455767322834645
0
LINE
8
BLACK
6
CONTINUOUS
10
1.9173164173228345
20
0.2455767322834645
11
1.9186152362204725
21
0.2424411417322835
0
LINE
8
BLACK
6
CONTINUOUS
10
1.9186152362204725
20
0.2424411417322835
11
1.9199286614173228
21
0.2381112598425197
0
LINE
8
BLACK
6
CONTINUOUS
10
1.9199286614173228
20
0.2381112598425197
11
1.921060433070866
21
0.2348769291338583
0
LINE
8
BLACK
6
CONTINUOUS
10
1.921060433070866
20
0.2348769291338583
11
1.9215181102362204
21
0.2328716141732284
0
LINE
8
BLACK
6
CONTINUOUS
10
1.9215181102362204
20
0.2328716141732284
11
1.9222039763779528
21
0.2306107086614173
0
LINE
8
BLACK
6
CONTINUOUS
10
1.9222039763779528
20
0.2306107086614173
11
1.9233554330708662
21
0.2248217716535433
0
LINE
8
BLACK
6
CONTINUOUS
10
1.9233554330708662
20
0.2248217716535433
11
1.9242042125984251
21
0.2211031496062992
0
LINE
8
BLACK
6
CONTINUOUS
10
1.9242042125984251
20
0.2211031496062992
11
1.9243466929133859
21
0.2198382677165354
0
LINE
8
BLACK
6
CONTINUOUS
10
1.9243466929133859
20
0.2198382677165354
11
1.9246159842519686
21
0.2184846456692913
0
LINE
8
BLACK
6
CONTINUOUS
10
1.9246159842519686
20
0.2184846456692913
11
1.9254268110236219
21
0.2102522834645669
0
LINE
8
BLACK
6
CONTINUOUS
10
1.9254268110236219
20
0.2102522834645669
11
1.925786062992126
21
0.2070639763779528
0
LINE
8
BLACK
6
CONTINUOUS
10
1.925786062992126
20
0.2070639763779528
11
1.925786062992126
21
0.2066049212598425
0
LINE
8
BLACK
6
CONTINUOUS
10
1.925786062992126
20
0.2066049212598425
11
1.9258277559055117
21
0.2061816535433071
0
LINE
8
BLACK
6
CONTINUOUS
10
1.9258277559055117
20
0.2061816535433071
11
1.9258277559055117
21
0.1938183070866142
0
LINE
8
BLACK
6
CONTINUOUS
10
1.9258277559055117
20
0.1938183070866142
11
1.925786062992126
21
0.193395
0
LINE
8
BLACK
6
CONTINUOUS
10
1.925786062992126
20
0.193395
11
1.925786062992126
21
0.1929360236220472
0
LINE
8
BLACK
6
CONTINUOUS
10
1.925786062992126
20
0.1929360236220472
11
1.9254268110236219
21
0.1897479527559055
0
LINE
8
BLACK
6
CONTINUOUS
10
1.9254268110236219
20
0.1897479527559055
11
1.9246159842519686
21
0.1815153149606299
0
LINE
8
BLACK
6
CONTINUOUS
10
1.9246159842519686
20
0.1815153149606299
11
1.9243466929133859
21
0.1801616141732283
0
LINE
8
BLACK
6
CONTINUOUS
10
1.9243466929133859
20
0.1801616141732283
11
1.9242042125984251
21
0.1788968503937008
0
LINE
8
BLACK
6
CONTINUOUS
10
1.9242042125984251
20
0.1788968503937008
11
1.9233555118110235
21
0.1751784645669291
0
LINE
8
BLACK
6
CONTINUOUS
10
1.9233555118110235
20
0.1751784645669291
11
1.9222039763779528
21
0.1693892519685039
0
LINE
8
BLACK
6
CONTINUOUS
10
1.9222039763779528
20
0.1693892519685039
11
1.9215180708661417
21
0.167128188976378
0
LINE
8
BLACK
6
CONTINUOUS
10
1.9215180708661417
20
0.167128188976378
11
1.921060433070866
21
0.1651230708661417
0
LINE
8
BLACK
6
CONTINUOUS
10
1.921060433070866
20
0.1651230708661417
11
1.9199287401574803
21
0.161888937007874
0
LINE
8
BLACK
6
CONTINUOUS
10
1.9199287401574803
20
0.161888937007874
11
1.9186152362204725
21
0.1575588188976378
0
LINE
8
BLACK
6
CONTINUOUS
10
1.9186152362204725
20
0.1575588188976378
11
1.9173162992125983
21
0.1544229527559055
0
LINE
8
BLACK
6
CONTINUOUS
10
1.9173162992125983
20
0.1544229527559055
11
1.9163942913385825
21
0.1517879133858268
0
LINE
8
BLACK
6
CONTINUOUS
10
1.9163942913385825
20
0.1517879133858268
11
1.9151830314960629
21
0.1492727165354331
0
LINE
8
BLACK
6
CONTINUOUS
10
1.9151830314960629
20
0.1492727165354331
11
1.9138840551181102
21
0.1461366929133858
0
LINE
8
BLACK
6
CONTINUOUS
10
1.9138840551181102
20
0.1461366929133858
11
1.9117507086614174
21
0.1421454724409449
0
LINE
8
BLACK
6
CONTINUOUS
10
1.9117507086614174
20
0.1421454724409449
11
1.9102643700787401
21
0.1390590551181102
0
LINE
8
BLACK
6
CONTINUOUS
10
1.9102643700787401
20
0.1390590551181102
11
1.9091703543307086
21
0.1373179527559055
0
LINE
8
BLACK
6
CONTINUOUS
10
1.9091703543307086
20
0.1373179527559055
11
1.9080563385826772
21
0.1352337401574803
0
LINE
8
BLACK
6
CONTINUOUS
10
1.9080563385826772
20
0.1352337401574803
11
1.9047765354330708
21
0.1303251968503937
0
LINE
8
BLACK
6
CONTINUOUS
10
1.9047765354330708
20
0.1303251968503937
11
1.9027478346456692
21
0.1270965354330709
0
LINE
8
BLACK
6
CONTINUOUS
10
1.9027478346456692
20
0.1270965354330709
11
1.90195437007874
21
0.1261015354330709
0
LINE
8
BLACK
6
CONTINUOUS
10
1.90195437007874
20
0.1261015354330709
11
1.9011875984251969
21
0.1249540157480315
0
LINE
8
BLACK
6
CONTINUOUS
10
1.9011875984251969
20
0.1249540157480315
11
1.8959398818897637
21
0.1185596456692913
0
LINE
8
BLACK
6
CONTINUOUS
10
1.8959398818897637
20
0.1185596456692913
11
1.8939391732283464
21
0.1160508267716535
0
LINE
8
BLACK
6
CONTINUOUS
10
1.8939391732283464
20
0.1160508267716535
11
1.893614527559055
21
0.1157261811023622
0
LINE
8
BLACK
6
CONTINUOUS
10
1.893614527559055
20
0.1157261811023622
11
1.8933446456692913
21
0.1153973228346457
0
LINE
8
BLACK
6
CONTINUOUS
10
1.8933446456692913
20
0.1153973228346457
11
1.8846026377952756
21
0.1066553149606299
0
LINE
8
BLACK
6
CONTINUOUS
10
1.8846026377952756
20
0.1066553149606299
11
1.8842737401574803
21
0.1063853937007874
0
LINE
8
BLACK
6
CONTINUOUS
10
1.8842737401574803
20
0.1063853937007874
11
1.8839491732283464
21
0.1060608267716535
0
LINE
8
BLACK
6
CONTINUOUS
10
1.8839491732283464
20
0.1060608267716535
11
1.8814406299212598
21
0.1040603149606299
0
LINE
8
BLACK
6
CONTINUOUS
10
1.8814406299212598
20
0.1040603149606299
11
1.8750459448818897
21
0.0988123622047244
0
LINE
8
BLACK
6
CONTINUOUS
10
1.8750459448818897
20
0.0988123622047244
11
1.8738983070866142
21
0.0980455118110236
0
LINE
8
BLACK
6
CONTINUOUS
10
1.8738983070866142
20
0.0980455118110236
11
1.8729034645669291
21
0.0972521653543307
0
LINE
8
BLACK
6
CONTINUOUS
10
1.8729034645669291
20
0.0972521653543307
11
1.8696750787401575
21
0.0952236220472441
0
LINE
8
BLACK
6
CONTINUOUS
10
1.8696750787401575
20
0.0952236220472441
11
1.8647662204724409
21
0.0919436220472441
0
LINE
8
BLACK
6
CONTINUOUS
10
1.8647662204724409
20
0.0919436220472441
11
1.8626818110236221
21
0.0908294881889764
0
LINE
8
BLACK
6
CONTINUOUS
10
1.8626818110236221
20
0.0908294881889764
11
1.8609409448818897
21
0.0897356299212598
0
LINE
8
BLACK
6
CONTINUOUS
10
1.8609409448818897
20
0.0897356299212598
11
1.857854842519685
21
0.0882494094488189
0
LINE
8
BLACK
6
CONTINUOUS
10
1.857854842519685
20
0.0882494094488189
11
1.8538632677165354
21
0.086115905511811
0
LINE
8
BLACK
6
CONTINUOUS
10
1.8538632677165354
20
0.086115905511811
11
1.8507268897637794
21
0.0848167716535433
0
LINE
8
BLACK
6
CONTINUOUS
10
1.8507268897637794
20
0.0848167716535433
11
1.8482120866141731
21
0.0836057086614173
0
LINE
8
BLACK
6
CONTINUOUS
10
1.8482120866141731
20
0.0836057086614173
11
1.8455773622047245
21
0.0826837795275591
0
LINE
8
BLACK
6
CONTINUOUS
10
1.8455773622047245
20
0.0826837795275591
11
1.8424411417322835
21
0.0813847244094488
0
LINE
8
BLACK
6
CONTINUOUS
10
1.8424411417322835
20
0.0813847244094488
11
1.8381104330708662
21
0.0800709842519685
0
LINE
8
BLACK
6
CONTINUOUS
10
1.8381104330708662
20
0.0800709842519685
11
1.8348769291338582
21
0.0789395669291339
0
LINE
8
BLACK
6
CONTINUOUS
10
1.8348769291338582
20
0.0789395669291339
11
1.832872125984252
21
0.078481968503937
0
LINE
8
BLACK
6
CONTINUOUS
10
1.832872125984252
20
0.078481968503937
11
1.8306107086614172
21
0.0777959842519685
0
LINE
8
BLACK
6
CONTINUOUS
10
1.8306107086614172
20
0.0777959842519685
11
1.8248204330708662
21
0.0766442125984252
0
LINE
8
BLACK
6
CONTINUOUS
10
1.8248204330708662
20
0.0766442125984252
11
1.8211031496062993
21
0.0757957874015748
0
LINE
8
BLACK
6
CONTINUOUS
10
1.8211031496062993
20
0.0757957874015748
11
1.8198387401574803
21
0.0756533070866142
0
LINE
8
BLACK
6
CONTINUOUS
10
1.8198387401574803
20
0.0756533070866142
11
1.8184846456692914
21
0.0753839763779528
0
LINE
8
BLACK
6
CONTINUOUS
10
1.8184846456692914
20
0.0753839763779528
11
1.8102511811023623
21
0.074573031496063
0
LINE
8
BLACK
6
CONTINUOUS
10
1.8102511811023623
20
0.074573031496063
11
1.8070639763779528
21
0.074213937007874
0
LINE
8
BLACK
6
CONTINUOUS
10
1.8070639763779528
20
0.074213937007874
11
1.806605
21
0.074213937007874
0
LINE
8
BLACK
6
CONTINUOUS
10
1.806605
20
0.074213937007874
11
1.8061816929133858
21
0.0741722440944882
0
LINE
8
BLACK
6
CONTINUOUS
10
1.8061816929133858
20
0.0741722440944882
11
1.7938183070866141
21
0.0741722440944882
0
LINE
8
BLACK
6
CONTINUOUS
10
1.7938183070866141
20
0.0741722440944882
11
1.7933949999999999
21
0.074213937007874
0
LINE
8
BLACK
6
CONTINUOUS
10
1.7933949999999999
20
0.074213937007874
11
1.7929360236220473
21
0.074213937007874
0
LINE
8
BLACK
6
CONTINUOUS
10
1.7929360236220473
20
0.074213937007874
11
1.7897488582677166
21
0.074573031496063
0
LINE
8
BLACK
6
CONTINUOUS
10
1.7897488582677166
20
0.074573031496063
11
1.78151531496063
21
0.0753839763779528
0
LINE
8
BLACK
6
CONTINUOUS
10
1.78151531496063
20
0.0753839763779528
11
1.7801611417322833
21
0.0756533070866142
0
LINE
8
BLACK
6
CONTINUOUS
10
1.7801611417322833
20
0.0756533070866142
11
1.7788968503937008
21
0.0757957874015748
0
LINE
8
BLACK
6
CONTINUOUS
10
1.7788968503937008
20
0.0757957874015748
11
1.7751798031496062
21
0.0766441732283464
0
LINE
8
BLACK
6
CONTINUOUS
10
1.7751798031496062
20
0.0766441732283464
11
1.7693892519685039
21
0.0777959842519685
0
LINE
8
BLACK
6
CONTINUOUS
10
1.7693892519685039
20
0.0777959842519685
11
1.7671276771653543
21
0.0784820078740157
0
LINE
8
BLACK
6
CONTINUOUS
10
1.7671276771653543
20
0.0784820078740157
11
1.7651230708661416
21
0.0789395669291339
0
LINE
8
BLACK
6
CONTINUOUS
10
1.7651230708661416
20
0.0789395669291339
11
1.7618898031496062
21
0.080070905511811
0
LINE
8
BLACK
6
CONTINUOUS
10
1.7618898031496062
20
0.080070905511811
11
1.7575588188976377
21
0.0813847244094488
0
LINE
8
BLACK
6
CONTINUOUS
10
1.7575588188976377
20
0.0813847244094488
11
1.7544223622047244
21
0.0826838582677165
0
LINE
8
BLACK
6
CONTINUOUS
10
1.7544223622047244
20
0.0826838582677165
11
1.7517879133858267
21
0.0836057086614173
0
LINE
8
BLACK
6
CONTINUOUS
10
1.7517879133858267
20
0.0836057086614173
11
1.7492733070866142
21
0.0848166535433071
0
LINE
8
BLACK
6
CONTINUOUS
10
1.7492733070866142
20
0.0848166535433071
11
1.7461366929133857
21
0.086115905511811
0
LINE
8
BLACK
6
CONTINUOUS
10
1.7461366929133857
20
0.086115905511811
11
1.7421447244094488
21
0.0882496062992126
0
LINE
8
BLACK
6
CONTINUOUS
10
1.7421447244094488
20
0.0882496062992126
11
1.7390590551181102
21
0.0897356299212598
0
LINE
8
BLACK
6
CONTINUOUS
10
1.7390590551181102
20
0.0897356299212598
11
1.7373183858267716
21
0.0908293307086614
0
LINE
8
BLACK
6
CONTINUOUS
10
1.7373183858267716
20
0.0908293307086614
11
1.7352337401574802
21
0.0919436220472441
0
LINE
8
BLACK
6
CONTINUOUS
10
1.7352337401574802
20
0.0919436220472441
11
1.7303242125984251
21
0.0952240551181102
0
LINE
8
BLACK
6
CONTINUOUS
10
1.7303242125984251
20
0.0952240551181102
11
1.7270965354330707
21
0.0972521653543307
0
LINE
8
BLACK
6
CONTINUOUS
10
1.7270965354330707
20
0.0972521653543307
11
1.7261018503937007
21
0.0980453543307087
0
LINE
8
BLACK
6
CONTINUOUS
10
1.7261018503937007
20
0.0980453543307087
11
1.7249540157480314
21
0.0988123622047244
0
LINE
8
BLACK
6
CONTINUOUS
10
1.7249540157480314
20
0.0988123622047244
11
1.7185579527559054
21
0.1040614173228346
0
LINE
8
BLACK
6
CONTINUOUS
10
1.7185579527559054
20
0.1040614173228346
11
1.7160508267716534
21
0.1060608267716535
0
LINE
8
BLACK
6
CONTINUOUS
10
1.7160508267716534
20
0.1060608267716535
11
1.7157264173228346
21
0.1063851968503937
0
LINE
8
BLACK
6
CONTINUOUS
10
1.7157264173228346
20
0.1063851968503937
11
1.7153973228346455
21
0.1066553149606299
0
LINE
8
BLACK
6
CONTINUOUS
10
1.7153973228346455
20
0.1066553149606299
11
1.7066553149606298
21
0.1153973228346457
0
LINE
8
BLACK
6
CONTINUOUS
10
1.7066553149606298
20
0.1153973228346457
11
1.7063851968503936
21
0.1157264173228346
0
LINE
8
BLACK
6
CONTINUOUS
10
1.7063851968503936
20
0.1157264173228346
11
1.7060608267716535
21
0.1160508267716535
0
LINE
8
BLACK
6
CONTINUOUS
10
1.7060608267716535
20
0.1160508267716535
11
1.7040614173228346
21
0.1185579527559055
0
LINE
8
BLACK
6
CONTINUOUS
10
1.7040614173228346
20
0.1185579527559055
11
1.6988123622047244
21
0.1249540157480315
0
LINE
8
BLACK
6
CONTINUOUS
10
1.6988123622047244
20
0.1249540157480315
11
1.6980453543307086
21
0.1261018503937008
0
LINE
8
BLACK
6
CONTINUOUS
10
1.6980453543307086
20
0.1261018503937008
11
1.6972521653543307
21
0.1270965354330709
0
LINE
8
BLACK
6
CONTINUOUS
10
1.6972521653543307
20
0.1270965354330709
11
1.6952240551181101
21
0.1303242125984252
0
LINE
8
BLACK
6
CONTINUOUS
10
1.6952240551181101
20
0.1303242125984252
11
1.6919436220472441
21
0.1352337401574803
0
LINE
8
BLACK
6
CONTINUOUS
10
1.6919436220472441
20
0.1352337401574803
11
1.6908293307086615
21
0.1373183858267716
0
LINE
8
BLACK
6
CONTINUOUS
10
1.6908293307086615
20
0.1373183858267716
11
1.6897356299212598
21
0.1390590551181102
0
LINE
8
BLACK
6
CONTINUOUS
10
1.6897356299212598
20
0.1390590551181102
11
1.6882496062992125
21
0.1421447244094488
0
LINE
8
BLACK
6
CONTINUOUS
10
1.6882496062992125
20
0.1421447244094488
11
1.6861159055118109
21
0.1461366929133858
0
LINE
8
BLACK
6
CONTINUOUS
10
1.6861159055118109
20
0.1461366929133858
11
1.6848166535433071
21
0.1492733070866142
0
LINE
8
BLACK
6
CONTINUOUS
10
1.6848166535433071
20
0.1492733070866142
11
1.6836057086614173
21
0.1517879133858268
0
LINE
8
BLACK
6
CONTINUOUS
10
1.6836057086614173
20
0.1517879133858268
11
1.6826838582677166
21
0.1544223622047244
0
LINE
8
BLACK
6
CONTINUOUS
10
1.6826838582677166
20
0.1544223622047244
11
1.6813847244094489
21
0.1575588188976378
0
LINE
8
BLACK
6
CONTINUOUS
10
1.6813847244094489
20
0.1575588188976378
11
1.680070905511811
21
0.1618898031496063
0
LINE
8
BLACK
6
CONTINUOUS
10
1.680070905511811
20
0.1618898031496063
11
1.6789395669291338
21
0.1651230708661417
0
LINE
8
BLACK
6
CONTINUOUS
10
1.6789395669291338
20
0.1651230708661417
11
1.6784820078740157
21
0.1671276771653543
0
LINE
8
BLACK
6
CONTINUOUS
10
1.6784820078740157
20
0.1671276771653543
11
1.6777959842519685
21
0.1693892519685039
0
LINE
8
BLACK
6
CONTINUOUS
10
1.6777959842519685
20
0.1693892519685039
11
1.6766441732283464
21
0.1751798031496063
0
LINE
8
BLACK
6
CONTINUOUS
10
1.6766441732283464
20
0.1751798031496063
11
1.6757957874015748
21
0.1788968503937008
0
LINE
8
BLACK
6
CONTINUOUS
10
1.6757957874015748
20
0.1788968503937008
11
1.6756533070866142
21
0.1801611417322835
0
LINE
8
BLACK
6
CONTINUOUS
10
1.6756533070866142
20
0.1801611417322835
11
1.6753839763779528
21
0.1815153149606299
0
LINE
8
BLACK
6
CONTINUOUS
10
1.6753839763779528
20
0.1815153149606299
11
1.674573031496063
21
0.1897488582677165
0
LINE
8
BLACK
6
CONTINUOUS
10
1.674573031496063
20
0.1897488582677165
11
1.6742139370078739
21
0.1929360236220472
0
LINE
8
BLACK
6
CONTINUOUS
10
1.6742139370078739
20
0.1929360236220472
11
1.6742139370078739
21
0.1933949606299213
0
LINE
8
BLACK
6
CONTINUOUS
10
1.6742139370078739
20
0.1933949606299213
11
1.6741722440944882
21
0.1938183070866142
0
LINE
8
BLACK
6
CONTINUOUS
10
1.6741722440944882
20
0.1938183070866142
11
1.6741722440944882
21
0.2061816535433071
0
LINE
8
BLACK
6
CONTINUOUS
10
1.6741722440944882
20
0.2061816535433071
11
1.6742139370078739
21
0.2066049606299213
0
LINE
8
BLACK
6
CONTINUOUS
10
1.6742139370078739
20
0.2066049606299213
11
1.6742139370078739
21
0.2070639763779528
0
LINE
8
BLACK
6
CONTINUOUS
10
1.6742139370078739
20
0.2070639763779528
11
1.6745730708661417
21
0.2102513779527559
0
LINE
8
BLACK
6
CONTINUOUS
10
1.6745730708661417
20
0.2102513779527559
11
1.6753839763779528
21
0.2184846456692913
0
LINE
8
BLACK
6
CONTINUOUS
10
1.6753839763779528
20
0.2184846456692913
11
1.6756533070866142
21
0.2198387401574803
0
LINE
8
BLACK
6
CONTINUOUS
10
1.6756533070866142
20
0.2198387401574803
11
1.6757957874015748
21
0.2211031496062992
0
LINE
8
BLACK
6
CONTINUOUS
10
1.6757957874015748
20
0.2211031496062992
11
1.6766442125984251
21
0.2248204330708661
0
LINE
8
BLACK
6
CONTINUOUS
10
1.6766442125984251
20
0.2248204330708661
11
1.6777959842519685
21
0.2306107086614173
0
LINE
8
BLACK
6
CONTINUOUS
10
1.6777959842519685
20
0.2306107086614173
11
1.6784819685039369
21
0.232872125984252
0
LINE
8
BLACK
6
CONTINUOUS
10
1.6784819685039369
20
0.232872125984252
11
1.6789395669291338
21
0.2348769291338583
0
LINE
8
BLACK
6
CONTINUOUS
10
1.6789395669291338
20
0.2348769291338583
11
1.6800709842519685
21
0.2381104330708661
0
LINE
8
BLACK
6
CONTINUOUS
10
1.6800709842519685
20
0.2381104330708661
11
1.6813847244094489
21
0.2424411417322835
0
LINE
8
BLACK
6
CONTINUOUS
10
1.6813847244094489
20
0.2424411417322835
11
1.6826837795275591
21
0.2455773622047244
0
LINE
8
BLACK
6
CONTINUOUS
10
1.6826837795275591
20
0.2455773622047244
11
1.6836057086614173
21
0.2482120866141732
0
LINE
8
BLACK
6
CONTINUOUS
10
1.6836057086614173
20
0.2482120866141732
11
1.6848167716535434
21
0.2507268897637795
0
LINE
8
BLACK
6
CONTINUOUS
10
1.6848167716535434
20
0.2507268897637795
11
1.6861159055118109
21
0.2538632677165354
0
LINE
8
BLACK
6
CONTINUOUS
10
1.6861159055118109
20
0.2538632677165354
11
1.688249409448819
21
0.257854842519685
0
LINE
8
BLACK
6
CONTINUOUS
10
1.688249409448819
20
0.257854842519685
11
1.6897356299212598
21
0.2609409448818897
0
LINE
8
BLACK
6
CONTINUOUS
10
1.6897356299212598
20
0.2609409448818897
11
1.6908294881889763
21
0.262681811023622
0
LINE
8
BLACK
6
CONTINUOUS
10
1.6908294881889763
20
0.262681811023622
11
1.6919436220472441
21
0.2647662204724409
0
LINE
8
BLACK
6
CONTINUOUS
10
1.6919436220472441
20
0.2647662204724409
11
1.6952236220472441
21
0.2696750787401574
0
LINE
8
BLACK
6
CONTINUOUS
10
1.6952236220472441
20
0.2696750787401574
11
1.6972521653543307
21
0.2729034645669292
0
LINE
8
BLACK
6
CONTINUOUS
10
1.6972521653543307
20
0.2729034645669292
11
1.6980455118110236
21
0.2738983070866142
0
LINE
8
BLACK
6
CONTINUOUS
10
1.6980455118110236
20
0.2738983070866142
11
1.6988123622047244
21
0.2750459448818898
0
LINE
8
BLACK
6
CONTINUOUS
10
1.6988123622047244
20
0.2750459448818898
11
1.7040603149606299
21
0.2814406299212598
0
LINE
8
BLACK
6
CONTINUOUS
10
1.7040603149606299
20
0.2814406299212598
11
1.7060608267716535
21
0.2839491732283465
0
LINE
8
BLACK
6
CONTINUOUS
10
1.7060608267716535
20
0.2839491732283465
11
1.7063853937007873
21
0.2842737401574803
0
LINE
8
BLACK
6
CONTINUOUS
10
1.7063853937007873
20
0.2842737401574803
11
1.7066553149606298
21
0.2846026377952756
0
LINE
8
BLACK
6
CONTINUOUS
10
1.7066553149606298
20
0.2846026377952756
11
1.7153973228346455
21
0.2933446456692914
0
LINE
8
BLACK
6
CONTINUOUS
10
1.7153973228346455
20
0.2933446456692914
11
1.7157261811023621
21
0.2936145275590551
0
LINE
8
BLACK
6
CONTINUOUS
10
1.7157261811023621
20
0.2936145275590551
11
1.7160508267716534
21
0.2939391732283465
0
LINE
8
BLACK
6
CONTINUOUS
10
1.7160508267716534
20
0.2939391732283465
11
1.7185596456692913
21
0.2959398818897638
0
LINE
8
BLACK
6
CONTINUOUS
10
1.7185596456692913
20
0.2959398818897638
11
1.7249540157480314
21
0.3011875984251968
0
LINE
8
BLACK
6
CONTINUOUS
10
1.7249540157480314
20
0.3011875984251968
11
1.7261015354330709
21
0.3019543700787402
0
LINE
8
BLACK
6
CONTINUOUS
10
1.7261015354330709
20
0.3019543700787402
11
1.7270965354330707
21
0.3027478346456693
0
LINE
8
BLACK
6
CONTINUOUS
10
1.7270965354330707
20
0.3027478346456693
11
1.7303251968503937
21
0.3047765354330709
0
LINE
8
BLACK
6
CONTINUOUS
10
1.7303251968503937
20
0.3047765354330709
11
1.7352337401574802
21
0.3080563385826772
0
LINE
8
BLACK
6
CONTINUOUS
10
1.7352337401574802
20
0.3080563385826772
11
1.7373179527559055
21
0.3091703543307087
0
LINE
8
BLACK
6
CONTINUOUS
10
1.7373179527559055
20
0.3091703543307087
11
1.7390590551181102
21
0.3102643700787401
0
LINE
8
BLACK
6
CONTINUOUS
10
1.7390590551181102
20
0.3102643700787401
11
1.7421454724409449
21
0.3117507086614173
0
LINE
8
BLACK
6
CONTINUOUS
10
1.7421454724409449
20
0.3117507086614173
11
1.7461366929133857
21
0.3138840551181102
0
LINE
8
BLACK
6
CONTINUOUS
10
1.7461366929133857
20
0.3138840551181102
11
1.7492727165354329
21
0.315183031496063
0
LINE
8
BLACK
6
CONTINUOUS
10
1.7492727165354329
20
0.315183031496063
11
1.7517879133858267
21
0.3163942913385827
0
LINE
8
BLACK
6
CONTINUOUS
10
1.7517879133858267
20
0.3163942913385827
11
1.7544229527559054
21
0.3173162992125984
0
LINE
8
BLACK
6
CONTINUOUS
10
1.7544229527559054
20
0.3173162992125984
11
1.7575588188976377
21
0.3186152362204724
0
LINE
8
BLACK
6
CONTINUOUS
10
1.7575588188976377
20
0.3186152362204724
11
1.7618889370078741
21
0.3199287401574803
0
LINE
8
BLACK
6
CONTINUOUS
10
1.7618889370078741
20
0.3199287401574803
11
1.7651230708661416
21
0.3210604330708661
0
LINE
8
BLACK
6
CONTINUOUS
10
1.7651230708661416
20
0.3210604330708661
11
1.7671281889763779
21
0.3215180708661417
0
LINE
8
BLACK
6
CONTINUOUS
10
1.7671281889763779
20
0.3215180708661417
11
1.7693892519685039
21
0.3222039763779527
0
LINE
8
BLACK
6
CONTINUOUS
10
1.7693892519685039
20
0.3222039763779527
11
1.7751784645669291
21
0.3233555118110236
0
LINE
8
BLACK
6
CONTINUOUS
10
1.7751784645669291
20
0.3233555118110236
11
1.7788968503937008
21
0.3242042125984252
0
LINE
8
BLACK
6
CONTINUOUS
10
1.7788968503937008
20
0.3242042125984252
11
1.7801616141732284
21
0.3243466929133858
0
LINE
8
BLACK
6
CONTINUOUS
10
1.7801616141732284
20
0.3243466929133858
11
1.78151531496063
21
0.3246159842519685
0
LINE
8
BLACK
6
CONTINUOUS
10
1.78151531496063
20
0.3246159842519685
11
1.7897479527559055
21
0.325426811023622
0
LINE
8
BLACK
6
CONTINUOUS
10
1.7897479527559055
20
0.325426811023622
11
1.7929360236220473
21
0.325786062992126
0
LINE
8
BLACK
6
CONTINUOUS
10
1.7929360236220473
20
0.325786062992126
11
1.7933949999999999
21
0.325786062992126
0
LINE
8
BLACK
6
CONTINUOUS
10
1.7933949999999999
20
0.325786062992126
11
1.7938183070866141
21
0.3258277559055118
0
LINE
8
BLACK
6
CONTINUOUS
10
1.7938183070866141
20
0.3258277559055118
11
1.8061816929133858
21
0.3258277559055118
0
LINE
8
BLACK
6
CONTINUOUS
10
1.8061816929133858
20
0.3258277559055118
11
1.806605
21
0.325786062992126
0
LINE
8
BLACK
6
CONTINUOUS
10
0.5003191732283464
20
0.1878105118110236
11
0.5016588188976377
21
0.1876551181102362
0
LINE
8
BLACK
6
CONTINUOUS
10
0.5016588188976377
20
0.1876551181102362
11
0.5021164960629921
21
0.1874529921259842
0
LINE
8
BLACK
6
CONTINUOUS
10
0.5021164960629921
20
0.1874529921259842
11
0.5030132677165354
21
0.1872746456692913
0
LINE
8
BLACK
6
CONTINUOUS
10
0.5030132677165354
20
0.1872746456692913
11
0.5039732677165354
21
0.1866331496062992
0
LINE
8
BLACK
6
CONTINUOUS
10
0.5039732677165354
20
0.1866331496062992
11
0.5044112992125984
21
0.1864397637795276
0
LINE
8
BLACK
6
CONTINUOUS
10
0.5044112992125984
20
0.1864397637795276
11
0.5047104724409449
21
0.1861405511811024
0
LINE
8
BLACK
6
CONTINUOUS
10
0.5047104724409449
20
0.1861405511811024
11
0.5055677559055118
21
0.1855677559055118
0
LINE
8
BLACK
6
CONTINUOUS
10
0.5055677559055118
20
0.1855677559055118
11
0.5061405511811023
21
0.1847104724409449
0
LINE
8
BLACK
6
CONTINUOUS
10
0.5061405511811023
20
0.1847104724409449
11
0.5064397637795276
21
0.1844112992125984
0
LINE
8
BLACK
6
CONTINUOUS
10
0.5064397637795276
20
0.1844112992125984
11
0.5066331496062992
21
0.1839732677165354
0
LINE
8
BLACK
6
CONTINUOUS
10
0.5066331496062992
20
0.1839732677165354
11
0.5072746456692914
21
0.1830132677165354
0
LINE
8
BLACK
6
CONTINUOUS
10
0.5072746456692914
20
0.1830132677165354
11
0.5074529921259843
21
0.1821164960629921
0
LINE
8
BLACK
6
CONTINUOUS
10
0.5074529921259843
20
0.1821164960629921
11
0.5076551181102362
21
0.1816588188976378
0
LINE
8
BLACK
6
CONTINUOUS
10
0.5076551181102362
20
0.1816588188976378
11
0.5078105118110237
21
0.180319094488189
0
LINE
8
BLACK
6
CONTINUOUS
10
0.5078105118110237
20
0.180319094488189
11
0.5078740157480315
21
0.18
0
LINE
8
BLACK
6
CONTINUOUS
10
0.5078740157480315
20
0.18
11
0.5078740157480315
21
0.12
0
LINE
8
BLACK
6
CONTINUOUS
10
0.5078740157480315
20
0.12
11
0.5078105118110237
21
0.1196808661417323
0
LINE
8
BLACK
6
CONTINUOUS
10
0.5078105118110237
20
0.1196808661417323
11
0.5076551181102362
21
0.1183411417322835
0
LINE
8
BLACK
6
CONTINUOUS
10
0.5076551181102362
20
0.1183411417322835
11
0.5074529921259843
21
0.1178833858267716
0
LINE
8
BLACK
6
CONTINUOUS
10
0.5074529921259843
20
0.1178833858267716
11
0.5072746456692914
21
0.1169867322834646
0
LINE
8
BLACK
6
CONTINUOUS
10
0.5072746456692914
20
0.1169867322834646
11
0.506633188976378
21
0.1160267716535433
0
LINE
8
BLACK
6
CONTINUOUS
10
0.506633188976378
20
0.1160267716535433
11
0.5064397637795276
21
0.1155886614173228
0
LINE
8
BLACK
6
CONTINUOUS
10
0.5064397637795276
20
0.1155886614173228
11
0.5061404724409448
21
0.1152893700787402
0
LINE
8
BLACK
6
CONTINUOUS
10
0.5061404724409448
20
0.1152893700787402
11
0.5055677559055118
21
0.1144322440944882
0
LINE
8
BLACK
6
CONTINUOUS
10
0.5055677559055118
20
0.1144322440944882
11
0.5047105905511811
21
0.1138594881889764
0
LINE
8
BLACK
6
CONTINUOUS
10
0.5047105905511811
20
0.1138594881889764
11
0.5044112992125984
21
0.1135601968503937
0
LINE
8
BLACK
6
CONTINUOUS
10
0.5044112992125984
20
0.1135601968503937
11
0.5039731102362205
21
0.1133666929133858
0
LINE
8
BLACK
6
CONTINUOUS
10
0.5039731102362205
20
0.1133666929133858
11
0.5030132677165354
21
0.1127253543307087
0
LINE
8
BLACK
6
CONTINUOUS
10
0.5030132677165354
20
0.1127253543307087
11
0.5021166929133858
21
0.1125470078740157
0
LINE
8
BLACK
6
CONTINUOUS
10
0.5021166929133858
20
0.1125470078740157
11
0.5016588188976377
21
0.112344842519685
0
LINE
8
BLACK
6
CONTINUOUS
10
0.5016588188976377
20
0.112344842519685
11
0.5003186220472441
21
0.1121893307086614
0
LINE
8
BLACK
6
CONTINUOUS
10
0.5003186220472441
20
0.1121893307086614
11
0.5
21
0.1121259842519685
0
LINE
8
BLACK
6
CONTINUOUS
10
0.5
20
0.1121259842519685
11
0.4997723228346457
21
0.1121259842519685
0
LINE
8
BLACK
6
CONTINUOUS
10
0.4997723228346457
20
0.1121259842519685
11
0.4402277165354331
21
0.1121259842519685
0
LINE
8
BLACK
6
CONTINUOUS
10
0.4402277165354331
20
0.1121259842519685
11
0.44
21
0.1121259842519685
0
LINE
8
BLACK
6
CONTINUOUS
10
0.44
20
0.1121259842519685
11
0.4396813385826772
21
0.1121893307086614
0
LINE
8
BLACK
6
CONTINUOUS
10
0.4396813385826772
20
0.1121893307086614
11
0.4383411417322834
21
0.112344842519685
0
LINE
8
BLACK
6
CONTINUOUS
10
0.4383411417322834
20
0.112344842519685
11
0.4378832283464567
21
0.1125470078740157
0
LINE
8
BLACK
6
CONTINUOUS
10
0.4378832283464567
20
0.1125470078740157
11
0.4369867322834646
21
0.1127253543307087
0
LINE
8
BLACK
6
CONTINUOUS
10
0.4369867322834646
20
0.1127253543307087
11
0.4360269291338583
21
0.1133666535433071
0
LINE
8
BLACK
6
CONTINUOUS
10
0.4360269291338583
20
0.1133666535433071
11
0.4355886614173228
21
0.1135601968503937
0
LINE
8
BLACK
6
CONTINUOUS
10
0.4355886614173228
20
0.1135601968503937
11
0.4352892519685039
21
0.1138595669291339
0
LINE
8
BLACK
6
CONTINUOUS
10
0.4352892519685039
20
0.1138595669291339
11
0.4344322440944882
21
0.1144322440944882
0
LINE
8
BLACK
6
CONTINUOUS
10
0.4344322440944882
20
0.1144322440944882
11
0.4338595669291339
21
0.1152892519685039
0
LINE
8
BLACK
6
CONTINUOUS
10
0.4338595669291339
20
0.1152892519685039
11
0.4335601968503937
21
0.1155886614173228
0
LINE
8
BLACK
6
CONTINUOUS
10
0.4335601968503937
20
0.1155886614173228
11
0.4333666535433071
21
0.1160269291338583
0
LINE
8
BLACK
6
CONTINUOUS
10
0.4333666535433071
20
0.1160269291338583
11
0.4327253543307086
21
0.1169867322834646
0
LINE
8
BLACK
6
CONTINUOUS
10
0.4327253543307086
20
0.1169867322834646
11
0.4325470078740157
21
0.1178832283464567
0
LINE
8
BLACK
6
CONTINUOUS
10
0.4325470078740157
20
0.1178832283464567
11
0.432344842519685
21
0.1183411417322835
0
LINE
8
BLACK
6
CONTINUOUS
10
0.432344842519685
20
0.1183411417322835
11
0.4321893307086614
21
0.1196814173228346
0
LINE
8
BLACK
6
CONTINUOUS
10
0.4321893307086614
20
0.1196814173228346
11
0.4321259842519685
21
0.12
0
LINE
8
BLACK
6
CONTINUOUS
10
0.4321259842519685
20
0.12
11
0.4321259842519685
21
0.18
0
LINE
8
BLACK
6
CONTINUOUS
10
0.4321259842519685
20
0.18
11
0.4321893700787401
21
0.1803187007874016
0
LINE
8
BLACK
6
CONTINUOUS
10
0.4321893700787401
20
0.1803187007874016
11
0.432344842519685
21
0.1816588188976378
0
LINE
8
BLACK
6
CONTINUOUS
10
0.432344842519685
20
0.1816588188976378
11
0.4325470078740157
21
0.1821166929133858
0
LINE
8
BLACK
6
CONTINUOUS
10
0.4325470078740157
20
0.1821166929133858
11
0.4327253543307086
21
0.1830132677165354
0
LINE
8
BLACK
6
CONTINUOUS
10
0.4327253543307086
20
0.1830132677165354
11
0.4333666929133858
21
0.1839731102362205
0
LINE
8
BLACK
6
CONTINUOUS
10
0.4333666929133858
20
0.1839731102362205
11
0.4335601968503937
21
0.1844112992125984
0
LINE
8
BLACK
6
CONTINUOUS
10
0.4335601968503937
20
0.1844112992125984
11
0.4338594881889763
21
0.1847105905511811
0
LINE
8
BLACK
6
CONTINUOUS
10
0.4338594881889763
20
0.1847105905511811
11
0.4344322440944882
21
0.1855677559055118
0
LINE
8
BLACK
6
CONTINUOUS
10
0.4344322440944882
20
0.1855677559055118
11
0.4352893700787401
21
0.1861404724409449
0
LINE
8
BLACK
6
CONTINUOUS
10
0.4352893700787401
20
0.1861404724409449
11
0.4355886614173228
21
0.1864397637795276
0
LINE
8
BLACK
6
CONTINUOUS
10
0.4355886614173228
20
0.1864397637795276
11
0.4360267716535433
21
0.186633188976378
0
LINE
8
BLACK
6
CONTINUOUS
10
0.4360267716535433
20
0.186633188976378
11
0.4369867322834646
21
0.1872746456692913
0
LINE
8
BLACK
6
CONTINUOUS
10
0.4369867322834646
20
0.1872746456692913
11
0.4378833858267717
21
0.1874529921259842
0
LINE
8
BLACK
6
CONTINUOUS
10
0.4378833858267717
20
0.1874529921259842
11
0.4383411417322834
21
0.1876551181102362
0
LINE
8
BLACK
6
CONTINUOUS
10
0.4383411417322834
20
0.1876551181102362
11
0.4396809448818897
21
0.1878105511811023
0
LINE
8
BLACK
6
CONTINUOUS
10
0.4396809448818897
20
0.1878105511811023
11
0.44
21
0.1878740157480315
0
LINE
8
BLACK
6
CONTINUOUS
10
0.44
20
0.1878740157480315
11
0.5
21
0.1878740157480315
0
LINE
8
BLACK
6
CONTINUOUS
10
0.5
20
0.1878740157480315
11
0.5003191732283464
21
0.1878105118110236
0
LINE
8
BLACK
6
CONTINUOUS
10
0.6003191732283465
20
0.1878105118110236
11
0.6016588188976378
21
0.1876551181102362
0
LINE
8
BLACK
6
CONTINUOUS
10
0.6016588188976378
20
0.1876551181102362
11
0.6021164960629921
21
0.1874529921259842
0
LINE
8
BLACK
6
CONTINUOUS
10
0.6021164960629921
20
0.1874529921259842
11
0.6030132677165354
21
0.1872746456692913
0
LINE
8
BLACK
6
CONTINUOUS
10
0.6030132677165354
20
0.1872746456692913
11
0.6039732677165354
21
0.1866331496062992
0
LINE
8
BLACK
6
CONTINUOUS
10
0.6039732677165354
20
0.1866331496062992
11
0.6044112992125984
21
0.1864397637795276
0
LINE
8
BLACK
6
CONTINUOUS
10
0.6044112992125984
20
0.1864397637795276
11
0.6047104724409449
21
0.1861405511811024
0
LINE
8
BLACK
6
CONTINUOUS
10
0.6047104724409449
20
0.1861405511811024
11
0.6055677559055118
21
0.1855677559055118
0
LINE
8
BLACK
6
CONTINUOUS
10
0.6055677559055118
20
0.1855677559055118
11
0.6061405511811023
21
0.1847104724409449
0
LINE
8
BLACK
6
CONTINUOUS
10
0.6061405511811023
20
0.1847104724409449
11
0.6064397637795276
21
0.1844112992125984
0
LINE
8
BLACK
6
CONTINUOUS
10
0.6064397637795276
20
0.1844112992125984
11
0.6066331496062992
21
0.1839732677165354
0
LINE
8
BLACK
6
CONTINUOUS
10
0.6066331496062992
20
0.1839732677165354
11
0.6072746456692913
21
0.1830132677165354
0
LINE
8
BLACK
6
CONTINUOUS
10
0.6072746456692913
20
0.1830132677165354
11
0.6074529921259842
21
0.1821164960629921
0
LINE
8
BLACK
6
CONTINUOUS
10
0.6074529921259842
20
0.1821164960629921
11
0.6076551181102362
21
0.1816588188976378
0
LINE
8
BLACK
6
CONTINUOUS
10
0.6076551181102362
20
0.1816588188976378
11
0.6078105118110236
21
0.180319094488189
0
LINE
8
BLACK
6
CONTINUOUS
10
0.6078105118110236
20
0.180319094488189
11
0.6078740157480315
21
0.18
0
LINE
8
BLACK
6
CONTINUOUS
10
0.6078740157480315
20
0.18
11
0.6078740157480315
21
0.12
0
LINE
8
BLACK
6
CONTINUOUS
10
0.6078740157480315
20
0.12
11
0.6078105118110236
21
0.1196808661417323
0
LINE
8
BLACK
6
CONTINUOUS
10
0.6078105118110236
20
0.1196808661417323
11
0.6076551181102362
21
0.1183411417322835
0
LINE
8
BLACK
6
CONTINUOUS
10
0.6076551181102362
20
0.1183411417322835
11
0.6074529921259842
21
0.1178833858267716
0
LINE
8
BLACK
6
CONTINUOUS
10
0.6074529921259842
20
0.1178833858267716
11
0.6072746456692913
21
0.1169867322834646
0
LINE
8
BLACK
6
CONTINUOUS
10
0.6072746456692913
20
0.1169867322834646
11
0.606633188976378
21
0.1160267716535433
0
LINE
8
BLACK
6
CONTINUOUS
10
0.606633188976378
20
0.1160267716535433
11
0.6064397637795276
21
0.1155886614173228
0
LINE
8
BLACK
6
CONTINUOUS
10
0.6064397637795276
20
0.1155886614173228
11
0.6061404724409448
21
0.1152893700787402
0
LINE
8
BLACK
6
CONTINUOUS
10
0.6061404724409448
20
0.1152893700787402
11
0.6055677559055118
21
0.1144322440944882
0
LINE
8
BLACK
6
CONTINUOUS
10
0.6055677559055118
20
0.1144322440944882
11
0.604710590551181
21
0.1138594881889764
0
LINE
8
BLACK
6
CONTINUOUS
10
0.604710590551181
20
0.1138594881889764
11
0.6044112992125984
21
0.1135601968503937
0
LINE
8
BLACK
6
CONTINUOUS
10
0.6044112992125984
20
0.1135601968503937
11
0.6039731102362205
21
0.1133666929133858
0
LINE
8
BLACK
6
CONTINUOUS
10
0.6039731102362205
20
0.1133666929133858
11
0.6030132677165354
21
0.1127253543307087
0
LINE
8
BLACK
6
CONTINUOUS
10
0.6030132677165354
20
0.1127253543307087
11
0.6021166929133858
21
0.1125470078740157
0
LINE
8
BLACK
6
CONTINUOUS
10
0.6021166929133858
20
0.1125470078740157
11
0.6016588188976378
21
0.112344842519685
0
LINE
8
BLACK
6
CONTINUOUS
10
0.6016588188976378
20
0.112344842519685
11
0.6003186220472441
21
0.1121893307086614
0
LINE
8
BLACK
6
CONTINUOUS
10
0.6003186220472441
20
0.1121893307086614
11
0.6
21
0.1121259842519685
0
LINE
8
BLACK
6
CONTINUOUS
10
0.6
20
0.1121259842519685
11
0.5997723228346457
21
0.1121259842519685
0
LINE
8
BLACK
6
CONTINUOUS
10
0.5997723228346457
20
0.1121259842519685
11
0.5402277165354331
21
0.1121259842519685
0
LINE
8
BLACK
6
CONTINUOUS
10
0.5402277165354331
20
0.1121259842519685
11
0.54
21
0.1121259842519685
0
LINE
8
BLACK
6
CONTINUOUS
10
0.54
20
0.1121259842519685
11
0.5396813385826772
21
0.1121893307086614
0
LINE
8
BLACK
6
CONTINUOUS
10
0.5396813385826772
20
0.1121893307086614
11
0.5383411417322834
21
0.112344842519685
0
LINE
8
BLACK
6
CONTINUOUS
10
0.5383411417322834
20
0.112344842519685
11
0.5378832283464566
21
0.1125470078740157
0
LINE
8
BLACK
6
CONTINUOUS
10
0.5378832283464566
20
0.1125470078740157
11
0.5369867322834646
21
0.1127253543307087
0
LINE
8
BLACK
6
CONTINUOUS
10
0.5369867322834646
20
0.1127253543307087
11
0.5360269291338583
21
0.1133666535433071
0
LINE
8
BLACK
6
CONTINUOUS
10
0.5360269291338583
20
0.1133666535433071
11
0.5355886614173229
21
0.1135601968503937
0
LINE
8
BLACK
6
CONTINUOUS
10
0.5355886614173229
20
0.1135601968503937
11
0.535289251968504
21
0.1138595669291339
0
LINE
8
BLACK
6
CONTINUOUS
10
0.535289251968504
20
0.1138595669291339
11
0.5344322440944882
21
0.1144322440944882
0
LINE
8
BLACK
6
CONTINUOUS
10
0.5344322440944882
20
0.1144322440944882
11
0.5338595669291338
21
0.1152892519685039
0
LINE
8
BLACK
6
CONTINUOUS
10
0.5338595669291338
20
0.1152892519685039
11
0.5335601968503937
21
0.1155886614173228
0
LINE
8
BLACK
6
CONTINUOUS
10
0.5335601968503937
20
0.1155886614173228
11
0.533366653543307
21
0.1160269291338583
0
LINE
8
BLACK
6
CONTINUOUS
10
0.533366653543307
20
0.1160269291338583
11
0.5327253543307087
21
0.1169867322834646
0
LINE
8
BLACK
6
CONTINUOUS
10
0.5327253543307087
20
0.1169867322834646
11
0.5325470078740158
21
0.1178832283464567
0
LINE
8
BLACK
6
CONTINUOUS
10
0.5325470078740158
20
0.1178832283464567
11
0.5323448425196851
21
0.1183411417322835
0
LINE
8
BLACK
6
CONTINUOUS
10
0.5323448425196851
20
0.1183411417322835
11
0.5321893307086614
21
0.1196814173228346
0
LINE
8
BLACK
6
CONTINUOUS
10
0.5321893307086614
20
0.1196814173228346
11
0.5321259842519684
21
0.12
0
LINE
8
BLACK
6
CONTINUOUS
10
0.5321259842519684
20
0.12
11
0.5321259842519684
21
0.18
0
LINE
8
BLACK
6
CONTINUOUS
10
0.5321259842519684
20
0.18
11
0.5321893700787401
21
0.1803187007874016
0
LINE
8
BLACK
6
CONTINUOUS
10
0.5321893700787401
20
0.1803187007874016
11
0.5323448425196851
21
0.1816588188976378
0
LINE
8
BLACK
6
CONTINUOUS
10
0.5323448425196851
20
0.1816588188976378
11
0.5325470078740158
21
0.1821166929133858
0
LINE
8
BLACK
6
CONTINUOUS
10
0.5325470078740158
20
0.1821166929133858
11
0.5327253543307087
21
0.1830132677165354
0
LINE
8
BLACK
6
CONTINUOUS
10
0.5327253543307087
20
0.1830132677165354
11
0.5333666929133858
21
0.1839731102362205
0
LINE
8
BLACK
6
CONTINUOUS
10
0.5333666929133858
20
0.1839731102362205
11
0.5335601968503937
21
0.1844112992125984
0
LINE
8
BLACK
6
CONTINUOUS
10
0.5335601968503937
20
0.1844112992125984
11
0.5338594881889763
21
0.1847105905511811
0
LINE
8
BLACK
6
CONTINUOUS
10
0.5338594881889763
20
0.1847105905511811
11
0.5344322440944882
21
0.1855677559055118
0
LINE
8
BLACK
6
CONTINUOUS
10
0.5344322440944882
20
0.1855677559055118
11
0.5352893700787401
21
0.1861404724409449
0
LINE
8
BLACK
6
CONTINUOUS
10
0.5352893700787401
20
0.1861404724409449
11
0.5355886614173229
21
0.1864397637795276
0
LINE
8
BLACK
6
CONTINUOUS
10
0.5355886614173229
20
0.1864397637795276
11
0.5360267716535433
21
0.186633188976378
0
LINE
8
BLACK
6
CONTINUOUS
10
0.5360267716535433
20
0.186633188976378
11
0.5369867322834646
21
0.1872746456692913
0
LINE
8
BLACK
6
CONTINUOUS
10
0.5369867322834646
20
0.1872746456692913
11
0.5378833858267716
21
0.1874529921259842
0
LINE
8
BLACK
6
CONTINUOUS
10
0.5378833858267716
20
0.1874529921259842
11
0.5383411417322834
21
0.1876551181102362
0
LINE
8
BLACK
6
CONTINUOUS
10
0.5383411417322834
20
0.1876551181102362
11
0.5396809448818898
21
0.1878105511811023
0
LINE
8
BLACK
6
CONTINUOUS
10
0.5396809448818898
20
0.1878105511811023
11
0.54
21
0.1878740157480315
0
LINE
8
BLACK
6
CONTINUOUS
10
0.54
20
0.1878740157480315
11
0.6
21
0.1878740157480315
0
LINE
8
BLACK
6
CONTINUOUS
10
0.6
20
0.1878740157480315
11
0.6003191732283465
21
0.1878105118110236
0
LINE
8
BLACK
6
CONTINUOUS
10
1.0203191732283465
20
0.2478105118110236
11
1.0216588188976379
21
0.2476551181102362
0
LINE
8
BLACK
6
CONTINUOUS
10
1.0216588188976379
20
0.2476551181102362
11
1.022116496062992
21
0.2474529921259842
0
LINE
8
BLACK
6
CONTINUOUS
10
1.022116496062992
20
0.2474529921259842
11
1.0230132677165353
21
0.2472746456692913
0
LINE
8
BLACK
6
CONTINUOUS
10
1.0230132677165353
20
0.2472746456692913
11
1.0239732677165354
21
0.2466331496062992
0
LINE
8
BLACK
6
CONTINUOUS
10
1.0239732677165354
20
0.2466331496062992
11
1.0244112992125984
21
0.2464397637795276
0
LINE
8
BLACK
6
CONTINUOUS
10
1.0244112992125984
20
0.2464397637795276
11
1.0247104724409448
21
0.2461405511811024
0
LINE
8
BLACK
6
CONTINUOUS
10
1.0247104724409448
20
0.2461405511811024
11
1.0255677559055119
21
0.2455677559055118
0
LINE
8
BLACK
6
CONTINUOUS
10
1.0255677559055119
20
0.2455677559055118
11
1.0261405511811024
21
0.2447104724409449
0
LINE
8
BLACK
6
CONTINUOUS
10
1.0261405511811024
20
0.2447104724409449
11
1.0264397637795275
21
0.2444112992125984
0
LINE
8
BLACK
6
CONTINUOUS
10
1.0264397637795275
20
0.2444112992125984
11
1.0266331496062993
21
0.2439732677165354
0
LINE
8
BLACK
6
CONTINUOUS
10
1.0266331496062993
20
0.2439732677165354
11
1.0272746456692914
21
0.2430132677165354
0
LINE
8
BLACK
6
CONTINUOUS
10
1.0272746456692914
20
0.2430132677165354
11
1.0274529921259843
21
0.2421164960629921
0
LINE
8
BLACK
6
CONTINUOUS
10
1.0274529921259843
20
0.2421164960629921
11
1.0276551181102362
21
0.2416588188976378
0
LINE
8
BLACK
6
CONTINUOUS
10
1.0276551181102362
20
0.2416588188976378
11
1.0278105118110237
21
0.240319094488189
0
LINE
8
BLACK
6
CONTINUOUS
10
1.0278105118110237
20
0.240319094488189
11
1.0278740157480315
21
0.24
0
LINE
8
BLACK
6
CONTINUOUS
10
1.0278740157480315
20
0.24
11
1.0278740157480315
21
0.18
0
LINE
8
BLACK
6
CONTINUOUS
10
1.0278740157480315
20
0.18
11
1.0278105118110237
21
0.1796808661417323
0
LINE
8
BLACK
6
CONTINUOUS
10
1.0278105118110237
20
0.1796808661417323
11
1.0276551181102362
21
0.1783411417322835
0
LINE
8
BLACK
6
CONTINUOUS
10
1.0276551181102362
20
0.1783411417322835
11
1.0274529921259843
21
0.1778833858267717
0
LINE
8
BLACK
6
CONTINUOUS
10
1.0274529921259843
20
0.1778833858267717
11
1.0272746456692914
21
0.1769867322834646
0
LINE
8
BLACK
6
CONTINUOUS
10
1.0272746456692914
20
0.1769867322834646
11
1.026633188976378
21
0.1760267716535433
0
LINE
8
BLACK
6
CONTINUOUS
10
1.026633188976378
20
0.1760267716535433
11
1.0264397637795275
21
0.1755886614173228
0
LINE
8
BLACK
6
CONTINUOUS
10
1.0264397637795275
20
0.1755886614173228
11
1.0261404724409449
21
0.1752893700787402
0
LINE
8
BLACK
6
CONTINUOUS
10
1.0261404724409449
20
0.1752893700787402
11
1.0255677559055119
21
0.1744322440944882
0
LINE
8
BLACK
6
CONTINUOUS
10
1.0255677559055119
20
0.1744322440944882
11
1.0247105905511811
21
0.1738594881889764
0
LINE
8
BLACK
6
CONTINUOUS
10
1.0247105905511811
20
0.1738594881889764
11
1.0244112992125984
21
0.1735601968503937
0
LINE
8
BLACK
6
CONTINUOUS
10
1.0244112992125984
20
0.1735601968503937
11
1.0239731102362204
21
0.1733666929133858
0
LINE
8
BLACK
6
CONTINUOUS
10
1.0239731102362204
20
0.1733666929133858
11
1.0230132677165353
21
0.1727253543307087
0
LINE
8
BLACK
6
CONTINUOUS
10
1.0230132677165353
20
0.1727253543307087
11
1.0221166929133858
21
0.1725470078740158
0
LINE
8
BLACK
6
CONTINUOUS
10
1.0221166929133858
20
0.1725470078740158
11
1.0216588188976379
21
0.172344842519685
0
LINE
8
BLACK
6
CONTINUOUS
10
1.0216588188976379
20
0.172344842519685
11
1.020318622047244
21
0.1721893307086614
0
LINE
8
BLACK
6
CONTINUOUS
10
1.020318622047244
20
0.1721893307086614
11
1.02
21
0.1721259842519685
0
LINE
8
BLACK
6
CONTINUOUS
10
1.02
20
0.1721259842519685
11
1.0197723228346456
21
0.1721259842519685
0
LINE
8
BLACK
6
CONTINUOUS
10
1.0197723228346456
20
0.1721259842519685
11
0.960227716535433
21
0.1721259842519685
0
LINE
8
BLACK
6
CONTINUOUS
10
0.960227716535433
20
0.1721259842519685
11
0.96
21
0.1721259842519685
0
LINE
8
BLACK
6
CONTINUOUS
10
0.96
20
0.1721259842519685
11
0.9596813385826771
21
0.1721893307086614
0
LINE
8
BLACK
6
CONTINUOUS
10
0.9596813385826771
20
0.1721893307086614
11
0.9583411417322835
21
0.172344842519685
0
LINE
8
BLACK
6
CONTINUOUS
10
0.9583411417322835
20
0.172344842519685
11
0.9578832283464567
21
0.1725470078740158
0
LINE
8
BLACK
6
CONTINUOUS
10
0.9578832283464567
20
0.1725470078740158
11
0.9569867322834645
21
0.1727253543307087
0
LINE
8
BLACK
6
CONTINUOUS
10
0.9569867322834645
20
0.1727253543307087
11
0.9560269291338582
21
0.1733666535433071
0
LINE
8
BLACK
6
CONTINUOUS
10
0.9560269291338582
20
0.1733666535433071
11
0.9555886614173228
21
0.1735601968503937
0
LINE
8
BLACK
6
CONTINUOUS
10
0.9555886614173228
20
0.1735601968503937
11
0.9552892519685039
21
0.1738595669291338
0
LINE
8
BLACK
6
CONTINUOUS
10
0.9552892519685039
20
0.1738595669291338
11
0.9544322440944881
21
0.1744322440944882
0
LINE
8
BLACK
6
CONTINUOUS
10
0.9544322440944881
20
0.1744322440944882
11
0.9538595669291339
21
0.1752892519685039
0
LINE
8
BLACK
6
CONTINUOUS
10
0.9538595669291339
20
0.1752892519685039
11
0.9535601968503937
21
0.1755886614173228
0
LINE
8
BLACK
6
CONTINUOUS
10
0.9535601968503937
20
0.1755886614173228
11
0.9533666535433071
21
0.1760269291338583
0
LINE
8
BLACK
6
CONTINUOUS
10
0.9533666535433071
20
0.1760269291338583
11
0.9527253543307086
21
0.1769867322834646
0
LINE
8
BLACK
6
CONTINUOUS
10
0.9527253543307086
20
0.1769867322834646
11
0.9525470078740157
21
0.1778832283464567
0
LINE
8
BLACK
6
CONTINUOUS
10
0.9525470078740157
20
0.1778832283464567
11
0.952344842519685
21
0.1783411417322835
0
LINE
8
BLACK
6
CONTINUOUS
10
0.952344842519685
20
0.1783411417322835
11
0.9521893307086614
21
0.1796814173228346
0
LINE
8
BLACK
6
CONTINUOUS
10
0.9521893307086614
20
0.1796814173228346
11
0.9521259842519685
21
0.18
0
LINE
8
BLACK
6
CONTINUOUS
10
0.9521259842519685
20
0.18
11
0.9521259842519685
21
0.24
0
LINE
8
BLACK
6
CONTINUOUS
10
0.9521259842519685
20
0.24
11
0.9521893700787402
21
0.2403187007874016
0
LINE
8
BLACK
6
CONTINUOUS
10
0.9521893700787402
20
0.2403187007874016
11
0.952344842519685
21
0.2416588188976378
0
LINE
8
BLACK
6
CONTINUOUS
10
0.952344842519685
20
0.2416588188976378
11
0.9525470078740157
21
0.2421166929133858
0
LINE
8
BLACK
6
CONTINUOUS
10
0.9525470078740157
20
0.2421166929133858
11
0.9527253543307086
21
0.2430132677165354
0
LINE
8
BLACK
6
CONTINUOUS
10
0.9527253543307086
20
0.2430132677165354
11
0.9533666929133858
21
0.2439731102362205
0
LINE
8
BLACK
6
CONTINUOUS
10
0.9533666929133858
20
0.2439731102362205
11
0.9535601968503937
21
0.2444112992125984
0
LINE
8
BLACK
6
CONTINUOUS
10
0.9535601968503937
20
0.2444112992125984
11
0.9538594881889764
21
0.2447105905511811
0
LINE
8
BLACK
6
CONTINUOUS
10
0.9538594881889764
20
0.2447105905511811
11
0.9544322440944881
21
0.2455677559055118
0
LINE
8
BLACK
6
CONTINUOUS
10
0.9544322440944881
20
0.2455677559055118
11
0.9552893700787402
21
0.2461404724409449
0
LINE
8
BLACK
6
CONTINUOUS
10
0.9552893700787402
20
0.2461404724409449
11
0.9555886614173228
21
0.2464397637795276
0
LINE
8
BLACK
6
CONTINUOUS
10
0.9555886614173228
20
0.2464397637795276
11
0.9560267716535433
21
0.246633188976378
0
LINE
8
BLACK
6
CONTINUOUS
10
0.9560267716535433
20
0.246633188976378
11
0.9569867322834645
21
0.2472746456692913
0
LINE
8
BLACK
6
CONTINUOUS
10
0.9569867322834645
20
0.2472746456692913
11
0.9578833858267717
21
0.2474529921259842
0
LINE
8
BLACK
6
CONTINUOUS
10
0.9578833858267717
20
0.2474529921259842
11
0.9583411417322835
21
0.2476551181102362
0
LINE
8
BLACK
6
CONTINUOUS
10
0.9583411417322835
20
0.2476551181102362
11
0.9596809448818897
21
0.2478105511811023
0
LINE
8
BLACK
6
CONTINUOUS
10
0.9596809448818897
20
0.2478105511811023
11
0.96
21
0.2478740157480315
0
LINE
8
BLACK
6
CONTINUOUS
10
0.96
20
0.2478740157480315
11
1.02
21
0.2478740157480315
0
LINE
8
BLACK
6
CONTINUOUS
10
1.02
20
0.2478740157480315
11
1.0203191732283465
21
0.2478105118110236
0
LINE
8
BLACK
6
CONTINUOUS
10
1.1203191732283464
20
0.2478105118110236
11
1.1216588188976377
21
0.2476551181102362
0
LINE
8
BLACK
6
CONTINUOUS
10
1.1216588188976377
20
0.2476551181102362
11
1.1221164960629921
21
0.2474529921259842
0
LINE
8
BLACK
6
CONTINUOUS
10
1.1221164960629921
20
0.2474529921259842
11
1.1230132677165354
21
0.2472746456692913
0
LINE
8
BLACK
6
CONTINUOUS
10
1.1230132677165354
20
0.2472746456692913
11
1.1239732677165355
21
0.2466331496062992
0
LINE
8
BLACK
6
CONTINUOUS
10
1.1239732677165355
20
0.2466331496062992
11
1.1244112992125983
21
0.2464397637795276
0
LINE
8
BLACK
6
CONTINUOUS
10
1.1244112992125983
20
0.2464397637795276
11
1.1247104724409449
21
0.2461405511811024
0
LINE
8
BLACK
6
CONTINUOUS
10
1.1247104724409449
20
0.2461405511811024
11
1.1255677559055117
21
0.2455677559055118
0
LINE
8
BLACK
6
CONTINUOUS
10
1.1255677559055117
20
0.2455677559055118
11
1.1261405511811022
21
0.2447104724409449
0
LINE
8
BLACK
6
CONTINUOUS
10
1.1261405511811022
20
0.2447104724409449
11
1.1264397637795276
21
0.2444112992125984
0
LINE
8
BLACK
6
CONTINUOUS
10
1.1264397637795276
20
0.2444112992125984
11
1.1266331496062991
21
0.2439732677165354
0
LINE
8
BLACK
6
CONTINUOUS
10
1.1266331496062991
20
0.2439732677165354
11
1.1272746456692913
21
0.2430132677165354
0
LINE
8
BLACK
6
CONTINUOUS
10
1.1272746456692913
20
0.2430132677165354
11
1.1274529921259842
21
0.2421164960629921
0
LINE
8
BLACK
6
CONTINUOUS
10
1.1274529921259842
20
0.2421164960629921
11
1.1276551181102361
21
0.2416588188976378
0
LINE
8
BLACK
6
CONTINUOUS
10
1.1276551181102361
20
0.2416588188976378
11
1.1278105118110235
21
0.240319094488189
0
LINE
8
BLACK
6
CONTINUOUS
10
1.1278105118110235
20
0.240319094488189
11
1.1278740157480314
21
0.24
0
LINE
8
BLACK
6
CONTINUOUS
10
1.1278740157480314
20
0.24
11
1.1278740157480314
21
0.18
0
LINE
8
BLACK
6
CONTINUOUS
10
1.1278740157480314
20
0.18
11
1.1278105118110235
21
0.1796808661417323
0
LINE
8
BLACK
6
CONTINUOUS
10
1.1278105118110235
20
0.1796808661417323
11
1.1276551181102361
21
0.1783411417322835
0
LINE
8
BLACK
6
CONTINUOUS
10
1.1276551181102361
20
0.1783411417322835
11
1.1274529921259842
21
0.1778833858267717
0
LINE
8
BLACK
6
CONTINUOUS
10
1.1274529921259842
20
0.1778833858267717
11
1.1272746456692913
21
0.1769867322834646
0
LINE
8
BLACK
6
CONTINUOUS
10
1.1272746456692913
20
0.1769867322834646
11
1.1266331889763779
21
0.1760267716535433
0
LINE
8
BLACK
6
CONTINUOUS
10
1.1266331889763779
20
0.1760267716535433
11
1.1264397637795276
21
0.1755886614173228
0
LINE
8
BLACK
6
CONTINUOUS
10
1.1264397637795276
20
0.1755886614173228
11
1.126140472440945
21
0.1752893700787402
0
LINE
8
BLACK
6
CONTINUOUS
10
1.126140472440945
20
0.1752893700787402
11
1.1255677559055117
21
0.1744322440944882
0
LINE
8
BLACK
6
CONTINUOUS
10
1.1255677559055117
20
0.1744322440944882
11
1.1247105905511812
21
0.1738594881889764
0
LINE
8
BLACK
6
CONTINUOUS
10
1.1247105905511812
20
0.1738594881889764
11
1.1244112992125983
21
0.1735601968503937
0
LINE
8
BLACK
6
CONTINUOUS
10
1.1244112992125983
20
0.1735601968503937
11
1.1239731102362205
21
0.1733666929133858
0
LINE
8
BLACK
6
CONTINUOUS
10
1.1239731102362205
20
0.1733666929133858
11
1.1230132677165354
21
0.1727253543307087
0
LINE
8
BLACK
6
CONTINUOUS
10
1.1230132677165354
20
0.1727253543307087
11
1.1221166929133859
21
0.1725470078740158
0
LINE
8
BLACK
6
CONTINUOUS
10
1.1221166929133859
20
0.1725470078740158
11
1.1216588188976377
21
0.172344842519685
0
LINE
8
BLACK
6
CONTINUOUS
10
1.1216588188976377
20
0.172344842519685
11
1.1203186220472441
21
0.1721893307086614
0
LINE
8
BLACK
6
CONTINUOUS
10
1.1203186220472441
20
0.1721893307086614
11
1.1199999999999999
21
0.1721259842519685
0
LINE
8
BLACK
6
CONTINUOUS
10
1.1199999999999999
20
0.1721259842519685
11
1.1197723228346457
21
0.1721259842519685
0
LINE
8
BLACK
6
CONTINUOUS
10
1.1197723228346457
20
0.1721259842519685
11
1.060227716535433
21
0.1721259842519685
0
LINE
8
BLACK
6
CONTINUOUS
10
1.060227716535433
20
0.1721259842519685
11
1.0600000000000001
21
0.1721259842519685
0
LINE
8
BLACK
6
CONTINUOUS
10
1.0600000000000001
20
0.1721259842519685
11
1.0596813385826771
21
0.1721893307086614
0
LINE
8
BLACK
6
CONTINUOUS
10
1.0596813385826771
20
0.1721893307086614
11
1.0583411417322834
21
0.172344842519685
0
LINE
8
BLACK
6
CONTINUOUS
10
1.0583411417322834
20
0.172344842519685
11
1.0578832283464568
21
0.1725470078740158
0
LINE
8
BLACK
6
CONTINUOUS
10
1.0578832283464568
20
0.1725470078740158
11
1.0569867322834645
21
0.1727253543307087
0
LINE
8
BLACK
6
CONTINUOUS
10
1.0569867322834645
20
0.1727253543307087
11
1.0560269291338582
21
0.1733666535433071
0
LINE
8
BLACK
6
CONTINUOUS
10
1.0560269291338582
20
0.1733666535433071
11
1.0555886614173229
21
0.1735601968503937
0
LINE
8
BLACK
6
CONTINUOUS
10
1.0555886614173229
20
0.1735601968503937
11
1.055289251968504
21
0.1738595669291338
0
LINE
8
BLACK
6
CONTINUOUS
10
1.055289251968504
20
0.1738595669291338
11
1.0544322440944882
21
0.1744322440944882
0
LINE
8
BLACK
6
CONTINUOUS
10
1.0544322440944882
20
0.1744322440944882
11
1.0538595669291337
21
0.1752892519685039
0
LINE
8
BLACK
6
CONTINUOUS
10
1.0538595669291337
20
0.1752892519685039
11
1.0535601968503936
21
0.1755886614173228
0
LINE
8
BLACK
6
CONTINUOUS
10
1.0535601968503936
20
0.1755886614173228
11
1.0533666535433071
21
0.1760269291338583
0
LINE
8
BLACK
6
CONTINUOUS
10
1.0533666535433071
20
0.1760269291338583
11
1.0527253543307087
21
0.1769867322834646
0
LINE
8
BLACK
6
CONTINUOUS
10
1.0527253543307087
20
0.1769867322834646
11
1.0525470078740158
21
0.1778832283464567
0
LINE
8
BLACK
6
CONTINUOUS
10
1.0525470078740158
20
0.1778832283464567
11
1.0523448425196851
21
0.1783411417322835
0
LINE
8
BLACK
6
CONTINUOUS
10
1.0523448425196851
20
0.1783411417322835
11
1.0521893307086614
21
0.1796814173228346
0
LINE
8
BLACK
6
CONTINUOUS
10
1.0521893307086614
20
0.1796814173228346
11
1.0521259842519686
21
0.18
0
LINE
8
BLACK
6
CONTINUOUS
10
1.0521259842519686
20
0.18
11
1.0521259842519686
21
0.24
0
LINE
8
BLACK
6
CONTINUOUS
10
1.0521259842519686
20
0.24
11
1.0521893700787401
21
0.2403187007874016
0
LINE
8
BLACK
6
CONTINUOUS
10
1.0521893700787401
20
0.2403187007874016
11
1.0523448425196851
21
0.2416588188976378
0
LINE
8
BLACK
6
CONTINUOUS
10
1.0523448425196851
20
0.2416588188976378
11
1.0525470078740158
21
0.2421166929133858
0
LINE
8
BLACK
6
CONTINUOUS
10
1.0525470078740158
20
0.2421166929133858
11
1.0527253543307087
21
0.2430132677165354
0
LINE
8
BLACK
6
CONTINUOUS
10
1.0527253543307087
20
0.2430132677165354
11
1.0533666929133858
21
0.2439731102362205
0
LINE
8
BLACK
6
CONTINUOUS
10
1.0533666929133858
20
0.2439731102362205
11
1.0535601968503936
21
0.2444112992125984
0
LINE
8
BLACK
6
CONTINUOUS
10
1.0535601968503936
20
0.2444112992125984
11
1.0538594881889765
21
0.2447105905511811
0
LINE
8
BLACK
6
CONTINUOUS
10
1.0538594881889765
20
0.2447105905511811
11
1.0544322440944882
21
0.2455677559055118
0
LINE
8
BLACK
6
CONTINUOUS
10
1.0544322440944882
20
0.2455677559055118
11
1.0552893700787402
21
0.2461404724409449
0
LINE
8
BLACK
6
CONTINUOUS
10
1.0552893700787402
20
0.2461404724409449
11
1.0555886614173229
21
0.2464397637795276
0
LINE
8
BLACK
6
CONTINUOUS
10
1.0555886614173229
20
0.2464397637795276
11
1.0560267716535432
21
0.246633188976378
0
LINE
8
BLACK
6
CONTINUOUS
10
1.0560267716535432
20
0.246633188976378
11
1.0569867322834645
21
0.2472746456692913
0
LINE
8
BLACK
6
CONTINUOUS
10
1.0569867322834645
20
0.2472746456692913
11
1.0578833858267715
21
0.2474529921259842
0
LINE
8
BLACK
6
CONTINUOUS
10
1.0578833858267715
20
0.2474529921259842
11
1.0583411417322834
21
0.2476551181102362
0
LINE
8
BLACK
6
CONTINUOUS
10
1.0583411417322834
20
0.2476551181102362
11
1.0596809448818898
21
0.2478105511811023
0
LINE
8
BLACK
6
CONTINUOUS
10
1.0596809448818898
20
0.2478105511811023
11
1.0600000000000001
21
0.2478740157480315
0
LINE
8
BLACK
6
CONTINUOUS
10
1.0600000000000001
20
0.2478740157480315
11
1.1199999999999999
21
0.2478740157480315
0
LINE
8
BLACK
6
CONTINUOUS
10
1.1199999999999999
20
0.2478740157480315
11
1.1203191732283464
21
0.2478105118110236
0
LINE
8
BLACK
6
CONTINUOUS
10
1.2203191732283465
20
0.2478105118110236
11
1.2216588188976378
21
0.2476551181102362
0
LINE
8
BLACK
6
CONTINUOUS
10
1.2216588188976378
20
0.2476551181102362
11
1.222116496062992
21
0.2474529921259842
0
LINE
8
BLACK
6
CONTINUOUS
10
1.222116496062992
20
0.2474529921259842
11
1.2230132677165355
21
0.2472746456692913
0
LINE
8
BLACK
6
CONTINUOUS
10
1.2230132677165355
20
0.2472746456692913
11
1.2239732677165354
21
0.2466331496062992
0
LINE
8
BLACK
6
CONTINUOUS
10
1.2239732677165354
20
0.2466331496062992
11
1.2244112992125984
21
0.2464397637795276
0
LINE
8
BLACK
6
CONTINUOUS
10
1.2244112992125984
20
0.2464397637795276
11
1.2247104724409448
21
0.2461405511811024
0
LINE
8
BLACK
6
CONTINUOUS
10
1.2247104724409448
20
0.2461405511811024
11
1.2255677559055118
21
0.2455677559055118
0
LINE
8
BLACK
6
CONTINUOUS
10
1.2255677559055118
20
0.2455677559055118
11
1.2261405511811023
21
0.2447104724409449
0
LINE
8
BLACK
6
CONTINUOUS
10
1.2261405511811023
20
0.2447104724409449
11
1.2264397637795275
21
0.2444112992125984
0
LINE
8
BLACK
6
CONTINUOUS
10
1.2264397637795275
20
0.2444112992125984
11
1.2266331496062992
21
0.2439732677165354
0
LINE
8
BLACK
6
CONTINUOUS
10
1.2266331496062992
20
0.2439732677165354
11
1.2272746456692913
21
0.2430132677165354
0
LINE
8
BLACK
6
CONTINUOUS
10
1.2272746456692913
20
0.2430132677165354
11
1.2274529921259842
21
0.2421164960629921
0
LINE
8
BLACK
6
CONTINUOUS
10
1.2274529921259842
20
0.2421164960629921
11
1.2276551181102362
21
0.2416588188976378
0
LINE
8
BLACK
6
CONTINUOUS
10
1.2276551181102362
20
0.2416588188976378
11
1.2278105118110236
21
0.240319094488189
0
LINE
8
BLACK
6
CONTINUOUS
10
1.2278105118110236
20
0.240319094488189
11
1.2278740157480315
21
0.24
0
LINE
8
BLACK
6
CONTINUOUS
10
1.2278740157480315
20
0.24
11
1.2278740157480315
21
0.18
0
LINE
8
BLACK
6
CONTINUOUS
10
1.2278740157480315
20
0.18
11
1.2278105118110236
21
0.1796808661417323
0
LINE
8
BLACK
6
CONTINUOUS
10
1.2278105118110236
20
0.1796808661417323
11
1.2276551181102362
21
0.1783411417322835
0
LINE
8
BLACK
6
CONTINUOUS
10
1.2276551181102362
20
0.1783411417322835
11
1.2274529921259842
21
0.1778833858267717
0
LINE
8
BLACK
6
CONTINUOUS
10
1.2274529921259842
20
0.1778833858267717
11
1.2272746456692913
21
0.1769867322834646
0
LINE
8
BLACK
6
CONTINUOUS
10
1.2272746456692913
20
0.1769867322834646
11
1.226633188976378
21
0.1760267716535433
0
LINE
8
BLACK
6
CONTINUOUS
10
1.226633188976378
20
0.1760267716535433
11
1.2264397637795275
21
0.1755886614173228
0
LINE
8
BLACK
6
CONTINUOUS
10
1.2264397637795275
20
0.1755886614173228
11
1.2261404724409448
21
0.1752893700787402
0
LINE
8
BLACK
6
CONTINUOUS
10
1.2261404724409448
20
0.1752893700787402
11
1.2255677559055118
21
0.1744322440944882
0
LINE
8
BLACK
6
CONTINUOUS
10
1.2255677559055118
20
0.1744322440944882
11
1.224710590551181
21
0.1738594881889764
0
LINE
8
BLACK
6
CONTINUOUS
10
1.224710590551181
20
0.1738594881889764
11
1.2244112992125984
21
0.1735601968503937
0
LINE
8
BLACK
6
CONTINUOUS
10
1.2244112992125984
20
0.1735601968503937
11
1.2239731102362204
21
0.1733666929133858
0
LINE
8
BLACK
6
CONTINUOUS
10
1.2239731102362204
20
0.1733666929133858
11
1.2230132677165355
21
0.1727253543307087
0
LINE
8
BLACK
6
CONTINUOUS
10
1.2230132677165355
20
0.1727253543307087
11
1.2221166929133858
21
0.1725470078740158
0
LINE
8
BLACK
6
CONTINUOUS
10
1.2221166929133858
20
0.1725470078740158
11
1.2216588188976378
21
0.172344842519685
0
LINE
8
BLACK
6
CONTINUOUS
10
1.2216588188976378
20
0.172344842519685
11
1.2203186220472442
21
0.1721893307086614
0
LINE
8
BLACK
6
CONTINUOUS
10
1.2203186220472442
20
0.1721893307086614
11
1.22
21
0.1721259842519685
0
LINE
8
BLACK
6
CONTINUOUS
10
1.22
20
0.1721259842519685
11
1.2197723228346455
21
0.1721259842519685
0
LINE
8
BLACK
6
CONTINUOUS
10
1.2197723228346455
20
0.1721259842519685
11
1.1602277165354331
21
0.1721259842519685
0
LINE
8
BLACK
6
CONTINUOUS
10
1.1602277165354331
20
0.1721259842519685
11
1.1599999999999999
21
0.1721259842519685
0
LINE
8
BLACK
6
CONTINUOUS
10
1.1599999999999999
20
0.1721259842519685
11
1.1596813385826772
21
0.1721893307086614
0
LINE
8
BLACK
6
CONTINUOUS
10
1.1596813385826772
20
0.1721893307086614
11
1.1583411417322835
21
0.172344842519685
0
LINE
8
BLACK
6
CONTINUOUS
10
1.1583411417322835
20
0.172344842519685
11
1.1578832283464566
21
0.1725470078740158
0
LINE
8
BLACK
6
CONTINUOUS
10
1.1578832283464566
20
0.1725470078740158
11
1.1569867322834646
21
0.1727253543307087
0
LINE
8
BLACK
6
CONTINUOUS
10
1.1569867322834646
20
0.1727253543307087
11
1.1560269291338583
21
0.1733666535433071
0
LINE
8
BLACK
6
CONTINUOUS
10
1.1560269291338583
20
0.1733666535433071
11
1.1555886614173227
21
0.1735601968503937
0
LINE
8
BLACK
6
CONTINUOUS
10
1.1555886614173227
20
0.1735601968503937
11
1.1552892519685038
21
0.1738595669291338
0
LINE
8
BLACK
6
CONTINUOUS
10
1.1552892519685038
20
0.1738595669291338
11
1.1544322440944881
21
0.1744322440944882
0
LINE
8
BLACK
6
CONTINUOUS
10
1.1544322440944881
20
0.1744322440944882
11
1.1538595669291338
21
0.1752892519685039
0
LINE
8
BLACK
6
CONTINUOUS
10
1.1538595669291338
20
0.1752892519685039
11
1.1535601968503937
21
0.1755886614173228
0
LINE
8
BLACK
6
CONTINUOUS
10
1.1535601968503937
20
0.1755886614173228
11
1.1533666535433071
21
0.1760269291338583
0
LINE
8
BLACK
6
CONTINUOUS
10
1.1533666535433071
20
0.1760269291338583
11
1.1527253543307086
21
0.1769867322834646
0
LINE
8
BLACK
6
CONTINUOUS
10
1.1527253543307086
20
0.1769867322834646
11
1.1525470078740156
21
0.1778832283464567
0
LINE
8
BLACK
6
CONTINUOUS
10
1.1525470078740156
20
0.1778832283464567
11
1.1523448425196849
21
0.1783411417322835
0
LINE
8
BLACK
6
CONTINUOUS
10
1.1523448425196849
20
0.1783411417322835
11
1.1521893307086615
21
0.1796814173228346
0
LINE
8
BLACK
6
CONTINUOUS
10
1.1521893307086615
20
0.1796814173228346
11
1.1521259842519684
21
0.18
0
LINE
8
BLACK
6
CONTINUOUS
10
1.1521259842519684
20
0.18
11
1.1521259842519684
21
0.24
0
LINE
8
BLACK
6
CONTINUOUS
10
1.1521259842519684
20
0.24
11
1.1521893700787402
21
0.2403187007874016
0
LINE
8
BLACK
6
CONTINUOUS
10
1.1521893700787402
20
0.2403187007874016
11
1.1523448425196849
21
0.2416588188976378
0
LINE
8
BLACK
6
CONTINUOUS
10
1.1523448425196849
20
0.2416588188976378
11
1.1525470078740156
21
0.2421166929133858
0
LINE
8
BLACK
6
CONTINUOUS
10
1.1525470078740156
20
0.2421166929133858
11
1.1527253543307086
21
0.2430132677165354
0
LINE
8
BLACK
6
CONTINUOUS
10
1.1527253543307086
20
0.2430132677165354
11
1.1533666929133859
21
0.2439731102362205
0
LINE
8
BLACK
6
CONTINUOUS
10
1.1533666929133859
20
0.2439731102362205
11
1.1535601968503937
21
0.2444112992125984
0
LINE
8
BLACK
6
CONTINUOUS
10
1.1535601968503937
20
0.2444112992125984
11
1.1538594881889763
21
0.2447105905511811
0
LINE
8
BLACK
6
CONTINUOUS
10
1.1538594881889763
20
0.2447105905511811
11
1.1544322440944881
21
0.2455677559055118
0
LINE
8
BLACK
6
CONTINUOUS
10
1.1544322440944881
20
0.2455677559055118
11
1.1552893700787401
21
0.2461404724409449
0
LINE
8
BLACK
6
CONTINUOUS
10
1.1552893700787401
20
0.2461404724409449
11
1.1555886614173227
21
0.2464397637795276
0
LINE
8
BLACK
6
CONTINUOUS
10
1.1555886614173227
20
0.2464397637795276
11
1.1560267716535433
21
0.246633188976378
0
LINE
8
BLACK
6
CONTINUOUS
10
1.1560267716535433
20
0.246633188976378
11
1.1569867322834646
21
0.2472746456692913
0
LINE
8
BLACK
6
CONTINUOUS
10
1.1569867322834646
20
0.2472746456692913
11
1.1578833858267716
21
0.2474529921259842
0
LINE
8
BLACK
6
CONTINUOUS
10
1.1578833858267716
20
0.2474529921259842
11
1.1583411417322835
21
0.2476551181102362
0
LINE
8
BLACK
6
CONTINUOUS
10
1.1583411417322835
20
0.2476551181102362
11
1.1596809448818897
21
0.2478105511811023
0
LINE
8
BLACK
6
CONTINUOUS
10
1.1596809448818897
20
0.2478105511811023
11
1.1599999999999999
21
0.2478740157480315
0
LINE
8
BLACK
6
CONTINUOUS
10
1.1599999999999999
20
0.2478740157480315
11
1.22
21
0.2478740157480315
0
LINE
8
BLACK
6
CONTINUOUS
10
1.22
20
0.2478740157480315
11
1.2203191732283465
21
0.2478105118110236
0
LINE
8
BLACK
6
CONTINUOUS
10
1.3203191732283464
20
0.2478105118110236
11
1.3216588188976377
21
0.2476551181102362
0
LINE
8
BLACK
6
CONTINUOUS
10
1.3216588188976377
20
0.2476551181102362
11
1.3221164960629921
21
0.2474529921259842
0
LINE
8
BLACK
6
CONTINUOUS
10
1.3221164960629921
20
0.2474529921259842
11
1.3230132677165354
21
0.2472746456692913
0
LINE
8
BLACK
6
CONTINUOUS
10
1.3230132677165354
20
0.2472746456692913
11
1.3239732677165355
21
0.2466331496062992
0
LINE
8
BLACK
6
CONTINUOUS
10
1.3239732677165355
20
0.2466331496062992
11
1.3244112992125985
21
0.2464397637795276
0
LINE
8
BLACK
6
CONTINUOUS
10
1.3244112992125985
20
0.2464397637795276
11
1.3247104724409449
21
0.2461405511811024
0
LINE
8
BLACK
6
CONTINUOUS
10
1.3247104724409449
20
0.2461405511811024
11
1.3255677559055117
21
0.2455677559055118
0
LINE
8
BLACK
6
CONTINUOUS
10
1.3255677559055117
20
0.2455677559055118
11
1.3261405511811024
21
0.2447104724409449
0
LINE
8
BLACK
6
CONTINUOUS
10
1.3261405511811024
20
0.2447104724409449
11
1.3264397637795275
21
0.2444112992125984
0
LINE
8
BLACK
6
CONTINUOUS
10
1.3264397637795275
20
0.2444112992125984
11
1.3266331496062991
21
0.2439732677165354
0
LINE
8
BLACK
6
CONTINUOUS
10
1.3266331496062991
20
0.2439732677165354
11
1.3272746456692912
21
0.2430132677165354
0
LINE
8
BLACK
6
CONTINUOUS
10
1.3272746456692912
20
0.2430132677165354
11
1.3274529921259843
21
0.2421164960629921
0
LINE
8
BLACK
6
CONTINUOUS
10
1.3274529921259843
20
0.2421164960629921
11
1.3276551181102363
21
0.2416588188976378
0
LINE
8
BLACK
6
CONTINUOUS
10
1.3276551181102363
20
0.2416588188976378
11
1.3278105118110235
21
0.240319094488189
0
LINE
8
BLACK
6
CONTINUOUS
10
1.3278105118110235
20
0.240319094488189
11
1.3278740157480315
21
0.24
0
LINE
8
BLACK
6
CONTINUOUS
10
1.3278740157480315
20
0.24
11
1.3278740157480315
21
0.18
0
LINE
8
BLACK
6
CONTINUOUS
10
1.3278740157480315
20
0.18
11
1.3278105118110235
21
0.1796808661417323
0
LINE
8
BLACK
6
CONTINUOUS
10
1.3278105118110235
20
0.1796808661417323
11
1.3276551181102363
21
0.1783411417322835
0
LINE
8
BLACK
6
CONTINUOUS
10
1.3276551181102363
20
0.1783411417322835
11
1.3274529921259843
21
0.1778833858267717
0
LINE
8
BLACK
6
CONTINUOUS
10
1.3274529921259843
20
0.1778833858267717
11
1.3272746456692912
21
0.1769867322834646
0
LINE
8
BLACK
6
CONTINUOUS
10
1.3272746456692912
20
0.1769867322834646
11
1.3266331889763778
21
0.1760267716535433
0
LINE
8
BLACK
6
CONTINUOUS
10
1.3266331889763778
20
0.1760267716535433
11
1.3264397637795275
21
0.1755886614173228
0
LINE
8
BLACK
6
CONTINUOUS
10
1.3264397637795275
20
0.1755886614173228
11
1.3261404724409449
21
0.1752893700787402
0
LINE
8
BLACK
6
CONTINUOUS
10
1.3261404724409449
20
0.1752893700787402
11
1.3255677559055117
21
0.1744322440944882
0
LINE
8
BLACK
6
CONTINUOUS
10
1.3255677559055117
20
0.1744322440944882
11
1.3247105905511811
21
0.1738594881889764
0
LINE
8
BLACK
6
CONTINUOUS
10
1.3247105905511811
20
0.1738594881889764
11
1.3244112992125985
21
0.1735601968503937
0
LINE
8
BLACK
6
CONTINUOUS
10
1.3244112992125985
20
0.1735601968503937
11
1.3239731102362204
21
0.1733666929133858
0
LINE
8
BLACK
6
CONTINUOUS
10
1.3239731102362204
20
0.1733666929133858
11
1.3230132677165354
21
0.1727253543307087
0
LINE
8
BLACK
6
CONTINUOUS
10
1.3230132677165354
20
0.1727253543307087
11
1.3221166929133858
21
0.1725470078740158
0
LINE
8
BLACK
6
CONTINUOUS
10
1.3221166929133858
20
0.1725470078740158
11
1.3216588188976377
21
0.172344842519685
0
LINE
8
BLACK
6
CONTINUOUS
10
1.3216588188976377
20
0.172344842519685
11
1.320318622047244
21
0.1721893307086614
0
LINE
8
BLACK
6
CONTINUOUS
10
1.320318622047244
20
0.1721893307086614
11
1.3200000000000001
21
0.1721259842519685
0
LINE
8
BLACK
6
CONTINUOUS
10
1.3200000000000001
20
0.1721259842519685
11
1.3197723228346456
21
0.1721259842519685
0
LINE
8
BLACK
6
CONTINUOUS
10
1.3197723228346456
20
0.1721259842519685
11
1.260227716535433
21
0.1721259842519685
0
LINE
8
BLACK
6
CONTINUOUS
10
1.260227716535433
20
0.1721259842519685
11
1.26
21
0.1721259842519685
0
LINE
8
BLACK
6
CONTINUOUS
10
1.26
20
0.1721259842519685
11
1.2596813385826771
21
0.1721893307086614
0
LINE
8
BLACK
6
CONTINUOUS
10
1.2596813385826771
20
0.1721893307086614
11
1.2583411417322834
21
0.172344842519685
0
LINE
8
BLACK
6
CONTINUOUS
10
1.2583411417322834
20
0.172344842519685
11
1.2578832283464567
21
0.1725470078740158
0
LINE
8
BLACK
6
CONTINUOUS
10
1.2578832283464567
20
0.1725470078740158
11
1.2569867322834645
21
0.1727253543307087
0
LINE
8
BLACK
6
CONTINUOUS
10
1.2569867322834645
20
0.1727253543307087
11
1.2560269291338582
21
0.1733666535433071
0
LINE
8
BLACK
6
CONTINUOUS
10
1.2560269291338582
20
0.1733666535433071
11
1.2555886614173228
21
0.1735601968503937
0
LINE
8
BLACK
6
CONTINUOUS
10
1.2555886614173228
20
0.1735601968503937
11
1.2552892519685039
21
0.1738595669291338
0
LINE
8
BLACK
6
CONTINUOUS
10
1.2552892519685039
20
0.1738595669291338
11
1.2544322440944882
21
0.1744322440944882
0
LINE
8
BLACK
6
CONTINUOUS
10
1.2544322440944882
20
0.1744322440944882
11
1.2538595669291339
21
0.1752892519685039
0
LINE
8
BLACK
6
CONTINUOUS
10
1.2538595669291339
20
0.1752892519685039
11
1.2535601968503938
21
0.1755886614173228
0
LINE
8
BLACK
6
CONTINUOUS
10
1.2535601968503938
20
0.1755886614173228
11
1.253366653543307
21
0.1760269291338583
0
LINE
8
BLACK
6
CONTINUOUS
10
1.253366653543307
20
0.1760269291338583
11
1.2527253543307086
21
0.1769867322834646
0
LINE
8
BLACK
6
CONTINUOUS
10
1.2527253543307086
20
0.1769867322834646
11
1.2525470078740157
21
0.1778832283464567
0
LINE
8
BLACK
6
CONTINUOUS
10
1.2525470078740157
20
0.1778832283464567
11
1.252344842519685
21
0.1783411417322835
0
LINE
8
BLACK
6
CONTINUOUS
10
1.252344842519685
20
0.1783411417322835
11
1.2521893307086613
21
0.1796814173228346
0
LINE
8
BLACK
6
CONTINUOUS
10
1.2521893307086613
20
0.1796814173228346
11
1.2521259842519685
21
0.18
0
LINE
8
BLACK
6
CONTINUOUS
10
1.2521259842519685
20
0.18
11
1.2521259842519685
21
0.24
0
LINE
8
BLACK
6
CONTINUOUS
10
1.2521259842519685
20
0.24
11
1.2521893700787401
21
0.2403187007874016
0
LINE
8
BLACK
6
CONTINUOUS
10
1.2521893700787401
20
0.2403187007874016
11
1.252344842519685
21
0.2416588188976378
0
LINE
8
BLACK
6
CONTINUOUS
10
1.252344842519685
20
0.2416588188976378
11
1.2525470078740157
21
0.2421166929133858
0
LINE
8
BLACK
6
CONTINUOUS
10
1.2525470078740157
20
0.2421166929133858
11
1.2527253543307086
21
0.2430132677165354
0
LINE
8
BLACK
6
CONTINUOUS
10
1.2527253543307086
20
0.2430132677165354
11
1.2533666929133858
21
0.2439731102362205
0
LINE
8
BLACK
6
CONTINUOUS
10
1.2533666929133858
20
0.2439731102362205
11
1.2535601968503938
21
0.2444112992125984
0
LINE
8
BLACK
6
CONTINUOUS
10
1.2535601968503938
20
0.2444112992125984
11
1.2538594881889764
21
0.2447105905511811
0
LINE
8
BLACK
6
CONTINUOUS
10
1.2538594881889764
20
0.2447105905511811
11
1.2544322440944882
21
0.2455677559055118
0
LINE
8
BLACK
6
CONTINUOUS
10
1.2544322440944882
20
0.2455677559055118
11
1.2552893700787402
21
0.2461404724409449
0
LINE
8
BLACK
6
CONTINUOUS
10
1.2552893700787402
20
0.2461404724409449
11
1.2555886614173228
21
0.2464397637795276
0
LINE
8
BLACK
6
CONTINUOUS
10
1.2555886614173228
20
0.2464397637795276
11
1.2560267716535434
21
0.246633188976378
0
LINE
8
BLACK
6
CONTINUOUS
10
1.2560267716535434
20
0.246633188976378
11
1.2569867322834645
21
0.2472746456692913
0
LINE
8
BLACK
6
CONTINUOUS
10
1.2569867322834645
20
0.2472746456692913
11
1.2578833858267717
21
0.2474529921259842
0
LINE
8
BLACK
6
CONTINUOUS
10
1.2578833858267717
20
0.2474529921259842
11
1.2583411417322834
21
0.2476551181102362
0
LINE
8
BLACK
6
CONTINUOUS
10
1.2583411417322834
20
0.2476551181102362
11
1.2596809448818898
21
0.2478105511811023
0
LINE
8
BLACK
6
CONTINUOUS
10
1.2596809448818898
20
0.2478105511811023
11
1.26
21
0.2478740157480315
0
LINE
8
BLACK
6
CONTINUOUS
10
1.26
20
0.2478740157480315
11
1.3200000000000001
21
0.2478740157480315
0
LINE
8
BLACK
6
CONTINUOUS
10
1.3200000000000001
20
0.2478740157480315
11
1.3203191732283464
21
0.2478105118110236
0
LINE
8
BLACK
6
CONTINUOUS
10
0.5003191732283464
20
0.2878105118110236
11
0.5016588188976377
21
0.2876551181102362
0
LINE
8
BLACK
6
CONTINUOUS
10
0.5016588188976377
20
0.2876551181102362
11
0.5021164960629921
21
0.2874529921259842
0
LINE
8
BLACK
6
CONTINUOUS
10
0.5021164960629921
20
0.2874529921259842
11
0.5030132677165354
21
0.2872746456692913
0
LINE
8
BLACK
6
CONTINUOUS
10
0.5030132677165354
20
0.2872746456692913
11
0.5039732677165354
21
0.2866331496062992
0
LINE
8
BLACK
6
CONTINUOUS
10
0.5039732677165354
20
0.2866331496062992
11
0.5044112992125984
21
0.2864397637795276
0
LINE
8
BLACK
6
CONTINUOUS
10
0.5044112992125984
20
0.2864397637795276
11
0.5047104724409449
21
0.2861405511811024
0
LINE
8
BLACK
6
CONTINUOUS
10
0.5047104724409449
20
0.2861405511811024
11
0.5055677559055118
21
0.2855677559055118
0
LINE
8
BLACK
6
CONTINUOUS
10
0.5055677559055118
20
0.2855677559055118
11
0.5061405511811023
21
0.2847104724409449
0
LINE
8
BLACK
6
CONTINUOUS
10
0.5061405511811023
20
0.2847104724409449
11
0.5064397637795276
21
0.2844112992125984
0
LINE
8
BLACK
6
CONTINUOUS
10
0.5064397637795276
20
0.2844112992125984
11
0.5066331496062992
21
0.2839732677165354
0
LINE
8
BLACK
6
CONTINUOUS
10
0.5066331496062992
20
0.2839732677165354
11
0.5072746456692914
21
0.2830132677165354
0
LINE
8
BLACK
6
CONTINUOUS
10
0.5072746456692914
20
0.2830132677165354
11
0.5074529921259843
21
0.2821164960629921
0
LINE
8
BLACK
6
CONTINUOUS
10
0.5074529921259843
20
0.2821164960629921
11
0.5076551181102362
21
0.2816588188976378
0
LINE
8
BLACK
6
CONTINUOUS
10
0.5076551181102362
20
0.2816588188976378
11
0.5078105118110237
21
0.280319094488189
0
LINE
8
BLACK
6
CONTINUOUS
10
0.5078105118110237
20
0.280319094488189
11
0.5078740157480315
21
0.28
0
LINE
8
BLACK
6
CONTINUOUS
10
0.5078740157480315
20
0.28
11
0.5078740157480315
21
0.22
0
LINE
8
BLACK
6
CONTINUOUS
10
0.5078740157480315
20
0.22
11
0.5078105118110237
21
0.2196808661417323
0
LINE
8
BLACK
6
CONTINUOUS
10
0.5078105118110237
20
0.2196808661417323
11
0.5076551181102362
21
0.2183411417322835
0
LINE
8
BLACK
6
CONTINUOUS
10
0.5076551181102362
20
0.2183411417322835
11
0.5074529921259843
21
0.2178833858267716
0
LINE
8
BLACK
6
CONTINUOUS
10
0.5074529921259843
20
0.2178833858267716
11
0.5072746456692914
21
0.2169867322834646
0
LINE
8
BLACK
6
CONTINUOUS
10
0.5072746456692914
20
0.2169867322834646
11
0.506633188976378
21
0.2160267716535433
0
LINE
8
BLACK
6
CONTINUOUS
10
0.506633188976378
20
0.2160267716535433
11
0.5064397637795276
21
0.2155886614173228
0
LINE
8
BLACK
6
CONTINUOUS
10
0.5064397637795276
20
0.2155886614173228
11
0.5061404724409448
21
0.2152893700787402
0
LINE
8
BLACK
6
CONTINUOUS
10
0.5061404724409448
20
0.2152893700787402
11
0.5055677559055118
21
0.2144322440944882
0
LINE
8
BLACK
6
CONTINUOUS
10
0.5055677559055118
20
0.2144322440944882
11
0.5047105905511811
21
0.2138594881889764
0
LINE
8
BLACK
6
CONTINUOUS
10
0.5047105905511811
20
0.2138594881889764
11
0.5044112992125984
21
0.2135601968503937
0
LINE
8
BLACK
6
CONTINUOUS
10
0.5044112992125984
20
0.2135601968503937
11
0.5039731102362205
21
0.2133666929133858
0
LINE
8
BLACK
6
CONTINUOUS
10
0.5039731102362205
20
0.2133666929133858
11
0.5030132677165354
21
0.2127253543307087
0
LINE
8
BLACK
6
CONTINUOUS
10
0.5030132677165354
20
0.2127253543307087
11
0.5021166929133858
21
0.2125470078740157
0
LINE
8
BLACK
6
CONTINUOUS
10
0.5021166929133858
20
0.2125470078740157
11
0.5016588188976377
21
0.212344842519685
0
LINE
8
BLACK
6
CONTINUOUS
10
0.5016588188976377
20
0.212344842519685
11
0.5003186220472441
21
0.2121893307086614
0
LINE
8
BLACK
6
CONTINUOUS
10
0.5003186220472441
20
0.2121893307086614
11
0.5
21
0.2121259842519685
0
LINE
8
BLACK
6
CONTINUOUS
10
0.5
20
0.2121259842519685
11
0.4997723228346457
21
0.2121259842519685
0
LINE
8
BLACK
6
CONTINUOUS
10
0.4997723228346457
20
0.2121259842519685
11
0.4402277165354331
21
0.2121259842519685
0
LINE
8
BLACK
6
CONTINUOUS
10
0.4402277165354331
20
0.2121259842519685
11
0.44
21
0.2121259842519685
0
LINE
8
BLACK
6
CONTINUOUS
10
0.44
20
0.2121259842519685
11
0.4396813385826772
21
0.2121893307086614
0
LINE
8
BLACK
6
CONTINUOUS
10
0.4396813385826772
20
0.2121893307086614
11
0.4383411417322834
21
0.212344842519685
0
LINE
8
BLACK
6
CONTINUOUS
10
0.4383411417322834
20
0.212344842519685
11
0.4378832283464567
21
0.2125470078740157
0
LINE
8
BLACK
6
CONTINUOUS
10
0.4378832283464567
20
0.2125470078740157
11
0.4369867322834646
21
0.2127253543307087
0
LINE
8
BLACK
6
CONTINUOUS
10
0.4369867322834646
20
0.2127253543307087
11
0.4360269291338583
21
0.2133666535433071
0
LINE
8
BLACK
6
CONTINUOUS
10
0.4360269291338583
20
0.2133666535433071
11
0.4355886614173228
21
0.2135601968503937
0
LINE
8
BLACK
6
CONTINUOUS
10
0.4355886614173228
20
0.2135601968503937
11
0.4352892519685039
21
0.2138595669291339
0
LINE
8
BLACK
6
CONTINUOUS
10
0.4352892519685039
20
0.2138595669291339
11
0.4344322440944882
21
0.2144322440944882
0
LINE
8
BLACK
6
CONTINUOUS
10
0.4344322440944882
20
0.2144322440944882
11
0.4338595669291339
21
0.2152892519685039
0
LINE
8
BLACK
6
CONTINUOUS
10
0.4338595669291339
20
0.2152892519685039
11
0.4335601968503937
21
0.2155886614173228
0
LINE
8
BLACK
6
CONTINUOUS
10
0.4335601968503937
20
0.2155886614173228
11
0.4333666535433071
21
0.2160269291338583
0
LINE
8
BLACK
6
CONTINUOUS
10
0.4333666535433071
20
0.2160269291338583
11
0.4327253543307086
21
0.2169867322834646
0
LINE
8
BLACK
6
CONTINUOUS
10
0.4327253543307086
20
0.2169867322834646
11
0.4325470078740157
21
0.2178832283464567
0
LINE
8
BLACK
6
CONTINUOUS
10
0.4325470078740157
20
0.2178832283464567
11
0.432344842519685
21
0.2183411417322835
0
LINE
8
BLACK
6
CONTINUOUS
10
0.432344842519685
20
0.2183411417322835
11
0.4321893307086614
21
0.2196814173228346
0
LINE
8
BLACK
6
CONTINUOUS
10
0.4321893307086614
20
0.2196814173228346
11
0.4321259842519685
21
0.22
0
LINE
8
BLACK
6
CONTINUOUS
10
0.4321259842519685
20
0.22
11
0.4321259842519685
21
0.28
0
LINE
8
BLACK
6
CONTINUOUS
10
0.4321259842519685
20
0.28
11
0.4321893700787401
21
0.2803187007874016
0
LINE
8
BLACK
6
CONTINUOUS
10
0.4321893700787401
20
0.2803187007874016
11
0.432344842519685
21
0.2816588188976378
0
LINE
8
BLACK
6
CONTINUOUS
10
0.432344842519685
20
0.2816588188976378
11
0.4325470078740157
21
0.2821166929133858
0
LINE
8
BLACK
6
CONTINUOUS
10
0.4325470078740157
20
0.2821166929133858
11
0.4327253543307086
21
0.2830132677165354
0
LINE
8
BLACK
6
CONTINUOUS
10
0.4327253543307086
20
0.2830132677165354
11
0.4333666929133858
21
0.2839731102362205
0
LINE
8
BLACK
6
CONTINUOUS
10
0.4333666929133858
20
0.2839731102362205
11
0.4335601968503937
21
0.2844112992125984
0
LINE
8
BLACK
6
CONTINUOUS
10
0.4335601968503937
20
0.2844112992125984
11
0.4338594881889763
21
0.2847105905511811
0
LINE
8
BLACK
6
CONTINUOUS
10
0.4338594881889763
20
0.2847105905511811
11
0.4344322440944882
21
0.2855677559055118
0
LINE
8
BLACK
6
CONTINUOUS
10
0.4344322440944882
20
0.2855677559055118
11
0.4352893700787401
21
0.2861404724409449
0
LINE
8
BLACK
6
CONTINUOUS
10
0.4352893700787401
20
0.2861404724409449
11
0.4355886614173228
21
0.2864397637795276
0
LINE
8
BLACK
6
CONTINUOUS
10
0.4355886614173228
20
0.2864397637795276
11
0.4360267716535433
21
0.286633188976378
0
LINE
8
BLACK
6
CONTINUOUS
10
0.4360267716535433
20
0.286633188976378
11
0.4369867322834646
21
0.2872746456692913
0
LINE
8
BLACK
6
CONTINUOUS
10
0.4369867322834646
20
0.2872746456692913
11
0.4378833858267717
21
0.2874529921259842
0
LINE
8
BLACK
6
CONTINUOUS
10
0.4378833858267717
20
0.2874529921259842
11
0.4383411417322834
21
0.2876551181102362
0
LINE
8
BLACK
6
CONTINUOUS
10
0.4383411417322834
20
0.2876551181102362
11
0.4396809448818897
21
0.2878105511811024
0
LINE
8
BLACK
6
CONTINUOUS
10
0.4396809448818897
20
0.2878105511811024
11
0.44
21
0.2878740157480315
0
LINE
8
BLACK
6
CONTINUOUS
10
0.44
20
0.2878740157480315
11
0.5
21
0.2878740157480315
0
LINE
8
BLACK
6
CONTINUOUS
10
0.5
20
0.2878740157480315
11
0.5003191732283464
21
0.2878105118110236
0
LINE
8
BLACK
6
CONTINUOUS
10
0.6003191732283465
20
0.2878105118110236
11
0.6016588188976378
21
0.2876551181102362
0
LINE
8
BLACK
6
CONTINUOUS
10
0.6016588188976378
20
0.2876551181102362
11
0.6021164960629921
21
0.2874529921259842
0
LINE
8
BLACK
6
CONTINUOUS
10
0.6021164960629921
20
0.2874529921259842
11
0.6030132677165354
21
0.2872746456692913
0
LINE
8
BLACK
6
CONTINUOUS
10
0.6030132677165354
20
0.2872746456692913
11
0.6039732677165354
21
0.2866331496062992
0
LINE
8
BLACK
6
CONTINUOUS
10
0.6039732677165354
20
0.2866331496062992
11
0.6044112992125984
21
0.2864397637795276
0
LINE
8
BLACK
6
CONTINUOUS
10
0.6044112992125984
20
0.2864397637795276
11
0.6047104724409449
21
0.2861405511811024
0
LINE
8
BLACK
6
CONTINUOUS
10
0.6047104724409449
20
0.2861405511811024
11
0.6055677559055118
21
0.2855677559055118
0
LINE
8
BLACK
6
CONTINUOUS
10
0.6055677559055118
20
0.2855677559055118
11
0.6061405511811023
21
0.2847104724409449
0
LINE
8
BLACK
6
CONTINUOUS
10
0.6061405511811023
20
0.2847104724409449
11
0.6064397637795276
21
0.2844112992125984
0
LINE
8
BLACK
6
CONTINUOUS
10
0.6064397637795276
20
0.2844112992125984
11
0.6066331496062992
21
0.2839732677165354
0
LINE
8
BLACK
6
CONTINUOUS
10
0.6066331496062992
20
0.2839732677165354
11
0.6072746456692913
21
0.2830132677165354
0
LINE
8
BLACK
6
CONTINUOUS
10
0.6072746456692913
20
0.2830132677165354
11
0.6074529921259842
21
0.2821164960629921
0
LINE
8
BLACK
6
CONTINUOUS
10
0.6074529921259842
20
0.2821164960629921
11
0.6076551181102362
21
0.2816588188976378
0
LINE
8
BLACK
6
CONTINUOUS
10
0.6076551181102362
20
0.2816588188976378
11
0.6078105118110236
21
0.280319094488189
0
LINE
8
BLACK
6
CONTINUOUS
10
0.6078105118110236
20
0.280319094488189
11
0.6078740157480315
21
0.28
0
LINE
8
BLACK
6
CONTINUOUS
10
0.6078740157480315
20
0.28
11
0.6078740157480315
21
0.22
0
LINE
8
BLACK
6
CONTINUOUS
10
0.6078740157480315
20
0.22
11
0.6078105118110236
21
0.2196808661417323
0
LINE
8
BLACK
6
CONTINUOUS
10
0.6078105118110236
20
0.2196808661417323
11
0.6076551181102362
21
0.2183411417322835
0
LINE
8
BLACK
6
CONTINUOUS
10
0.6076551181102362
20
0.2183411417322835
11
0.6074529921259842
21
0.2178833858267716
0
LINE
8
BLACK
6
CONTINUOUS
10
0.6074529921259842
20
0.2178833858267716
11
0.6072746456692913
21
0.2169867322834646
0
LINE
8
BLACK
6
CONTINUOUS
10
0.6072746456692913
20
0.2169867322834646
11
0.606633188976378
21
0.2160267716535433
0
LINE
8
BLACK
6
CONTINUOUS
10
0.606633188976378
20
0.2160267716535433
11
0.6064397637795276
21
0.2155886614173228
0
LINE
8
BLACK
6
CONTINUOUS
10
0.6064397637795276
20
0.2155886614173228
11
0.6061404724409448
21
0.2152893700787402
0
LINE
8
BLACK
6
CONTINUOUS
10
0.6061404724409448
20
0.2152893700787402
11
0.6055677559055118
21
0.2144322440944882
0
LINE
8
BLACK
6
CONTINUOUS
10
0.6055677559055118
20
0.2144322440944882
11
0.604710590551181
21
0.2138594881889764
0
LINE
8
BLACK
6
CONTINUOUS
10
0.604710590551181
20
0.2138594881889764
11
0.6044112992125984
21
0.2135601968503937
0
LINE
8
BLACK
6
CONTINUOUS
10
0.6044112992125984
20
0.2135601968503937
11
0.6039731102362205
21
0.2133666929133858
0
LINE
8
BLACK
6
CONTINUOUS
10
0.6039731102362205
20
0.2133666929133858
11
0.6030132677165354
21
0.2127253543307087
0
LINE
8
BLACK
6
CONTINUOUS
10
0.6030132677165354
20
0.2127253543307087
11
0.6021166929133858
21
0.2125470078740157
0
LINE
8
BLACK
6
CONTINUOUS
10
0.6021166929133858
20
0.2125470078740157
11
0.6016588188976378
21
0.212344842519685
0
LINE
8
BLACK
6
CONTINUOUS
10
0.6016588188976378
20
0.212344842519685
11
0.6003186220472441
21
0.2121893307086614
0
LINE
8
BLACK
6
CONTINUOUS
10
0.6003186220472441
20
0.2121893307086614
11
0.6
21
0.2121259842519685
0
LINE
8
BLACK
6
CONTINUOUS
10
0.6
20
0.2121259842519685
11
0.5997723228346457
21
0.2121259842519685
0
LINE
8
BLACK
6
CONTINUOUS
10
0.5997723228346457
20
0.2121259842519685
11
0.5402277165354331
21
0.2121259842519685
0
LINE
8
BLACK
6
CONTINUOUS
10
0.5402277165354331
20
0.2121259842519685
11
0.54
21
0.2121259842519685
0
LINE
8
BLACK
6
CONTINUOUS
10
0.54
20
0.2121259842519685
11
0.5396813385826772
21
0.2121893307086614
0
LINE
8
BLACK
6
CONTINUOUS
10
0.5396813385826772
20
0.2121893307086614
11
0.5383411417322834
21
0.212344842519685
0
LINE
8
BLACK
6
CONTINUOUS
10
0.5383411417322834
20
0.212344842519685
11
0.5378832283464566
21
0.2125470078740157
0
LINE
8
BLACK
6
CONTINUOUS
10
0.5378832283464566
20
0.2125470078740157
11
0.5369867322834646
21
0.2127253543307087
0
LINE
8
BLACK
6
CONTINUOUS
10
0.5369867322834646
20
0.2127253543307087
11
0.5360269291338583
21
0.2133666535433071
0
LINE
8
BLACK
6
CONTINUOUS
10
0.5360269291338583
20
0.2133666535433071
11
0.5355886614173229
21
0.2135601968503937
0
LINE
8
BLACK
6
CONTINUOUS
10
0.5355886614173229
20
0.2135601968503937
11
0.535289251968504
21
0.2138595669291339
0
LINE
8
BLACK
6
CONTINUOUS
10
0.535289251968504
20
0.2138595669291339
11
0.5344322440944882
21
0.2144322440944882
0
LINE
8
BLACK
6
CONTINUOUS
10
0.5344322440944882
20
0.2144322440944882
11
0.5338595669291338
21
0.2152892519685039
0
LINE
8
BLACK
6
CONTINUOUS
10
0.5338595669291338
20
0.2152892519685039
11
0.5335601968503937
21
0.2155886614173228
0
LINE
8
BLACK
6
CONTINUOUS
10
0.5335601968503937
20
0.2155886614173228
11
0.533366653543307
21
0.2160269291338583
0
LINE
8
BLACK
6
CONTINUOUS
10
0.533366653543307
20
0.2160269291338583
11
0.5327253543307087
21
0.2169867322834646
0
LINE
8
BLACK
6
CONTINUOUS
10
0.5327253543307087
20
0.2169867322834646
11
0.5325470078740158
21
0.2178832283464567
0
LINE
8
BLACK
6
CONTINUOUS
10
0.5325470078740158
20
0.2178832283464567
11
0.5323448425196851
21
0.2183411417322835
0
LINE
8
BLACK
6
CONTINUOUS
10
0.5323448425196851
20
0.2183411417322835
11
0.5321893307086614
21
0.2196814173228346
0
LINE
8
BLACK
6
CONTINUOUS
10
0.5321893307086614
20
0.2196814173228346
11
0.5321259842519684
21
0.22
0
LINE
8
BLACK
6
CONTINUOUS
10
0.5321259842519684
20
0.22
11
0.5321259842519684
21
0.28
0
LINE
8
BLACK
6
CONTINUOUS
10
0.5321259842519684
20
0.28
11
0.5321893700787401
21
0.2803187007874016
0
LINE
8
BLACK
6
CONTINUOUS
10
0.5321893700787401
20
0.2803187007874016
11
0.5323448425196851
21
0.2816588188976378
0
LINE
8
BLACK
6
CONTINUOUS
10
0.5323448425196851
20
0.2816588188976378
11
0.5325470078740158
21
0.2821166929133858
0
LINE
8
BLACK
6
CONTINUOUS
10
0.5325470078740158
20
0.2821166929133858
11
0.5327253543307087
21
0.2830132677165354
0
LINE
8
BLACK
6
CONTINUOUS
10
0.5327253543307087
20
0.2830132677165354
11
0.5333666929133858
21
0.2839731102362205
0
LINE
8
BLACK
6
CONTINUOUS
10
0.5333666929133858
20
0.2839731102362205
11
0.5335601968503937
21
0.2844112992125984
0
LINE
8
BLACK
6
CONTINUOUS
10
0.5335601968503937
20
0.2844112992125984
11
0.5338594881889763
21
0.2847105905511811
0
LINE
8
BLACK
6
CONTINUOUS
10
0.5338594881889763
20
0.2847105905511811
11
0.5344322440944882
21
0.2855677559055118
0
LINE
8
BLACK
6
CONTINUOUS
10
0.5344322440944882
20
0.2855677559055118
11
0.5352893700787401
21
0.2861404724409449
0
LINE
8
BLACK
6
CONTINUOUS
10
0.5352893700787401
20
0.2861404724409449
11
0.5355886614173229
21
0.2864397637795276
0
LINE
8
BLACK
6
CONTINUOUS
10
0.5355886614173229
20
0.2864397637795276
11
0.5360267716535433
21
0.286633188976378
0
LINE
8
BLACK
6
CONTINUOUS
10
0.5360267716535433
20
0.286633188976378
11
0.5369867322834646
21
0.2872746456692913
0
LINE
8
BLACK
6
CONTINUOUS
10
0.5369867322834646
20
0.2872746456692913
11
0.5378833858267716
21
0.2874529921259842
0
LINE
8
BLACK
6
CONTINUOUS
10
0.5378833858267716
20
0.2874529921259842
11
0.5383411417322834
21
0.2876551181102362
0
LINE
8
BLACK
6
CONTINUOUS
10
0.5383411417322834
20
0.2876551181102362
11
0.5396809448818898
21
0.2878105511811024
0
LINE
8
BLACK
6
CONTINUOUS
10
0.5396809448818898
20
0.2878105511811024
11
0.54
21
0.2878740157480315
0
LINE
8
BLACK
6
CONTINUOUS
10
0.54
20
0.2878740157480315
11
0.6
21
0.2878740157480315
0
LINE
8
BLACK
6
CONTINUOUS
10
0.6
20
0.2878740157480315
11
0.6003191732283465
21
0.2878105118110236
0
LINE
8
BLACK
6
CONTINUOUS
10
1.0203191732283465
20
0.3478105118110236
11
1.0216588188976379
21
0.3476551181102362
0
LINE
8
BLACK
6
CONTINUOUS
10
1.0216588188976379
20
0.3476551181102362
11
1.022116496062992
21
0.3474529921259842
0
LINE
8
BLACK
6
CONTINUOUS
10
1.022116496062992
20
0.3474529921259842
11
1.0230132677165353
21
0.3472746456692913
0
LINE
8
BLACK
6
CONTINUOUS
10
1.0230132677165353
20
0.3472746456692913
11
1.0239732677165354
21
0.3466331496062992
0
LINE
8
BLACK
6
CONTINUOUS
10
1.0239732677165354
20
0.3466331496062992
11
1.0244112992125984
21
0.3464397637795276
0
LINE
8
BLACK
6
CONTINUOUS
10
1.0244112992125984
20
0.3464397637795276
11
1.0247104724409448
21
0.3461405511811024
0
LINE
8
BLACK
6
CONTINUOUS
10
1.0247104724409448
20
0.3461405511811024
11
1.0255677559055119
21
0.3455677559055118
0
LINE
8
BLACK
6
CONTINUOUS
10
1.0255677559055119
20
0.3455677559055118
11
1.0261405511811024
21
0.3447104724409449
0
LINE
8
BLACK
6
CONTINUOUS
10
1.0261405511811024
20
0.3447104724409449
11
1.0264397637795275
21
0.3444112992125984
0
LINE
8
BLACK
6
CONTINUOUS
10
1.0264397637795275
20
0.3444112992125984
11
1.0266331496062993
21
0.3439732677165354
0
LINE
8
BLACK
6
CONTINUOUS
10
1.0266331496062993
20
0.3439732677165354
11
1.0272746456692914
21
0.3430132677165355
0
LINE
8
BLACK
6
CONTINUOUS
10
1.0272746456692914
20
0.3430132677165355
11
1.0274529921259843
21
0.3421164960629921
0
LINE
8
BLACK
6
CONTINUOUS
10
1.0274529921259843
20
0.3421164960629921
11
1.0276551181102362
21
0.3416588188976378
0
LINE
8
BLACK
6
CONTINUOUS
10
1.0276551181102362
20
0.3416588188976378
11
1.0278105118110237
21
0.340319094488189
0
LINE
8
BLACK
6
CONTINUOUS
10
1.0278105118110237
20
0.340319094488189
11
1.0278740157480315
21
0.34
0
LINE
8
BLACK
6
CONTINUOUS
10
1.0278740157480315
20
0.34
11
1.0278740157480315
21
0.28
0
LINE
8
BLACK
6
CONTINUOUS
10
1.0278740157480315
20
0.28
11
1.0278105118110237
21
0.2796808661417323
0
LINE
8
BLACK
6
CONTINUOUS
10
1.0278105118110237
20
0.2796808661417323
11
1.0276551181102362
21
0.2783411417322835
0
LINE
8
BLACK
6
CONTINUOUS
10
1.0276551181102362
20
0.2783411417322835
11
1.0274529921259843
21
0.2778833858267716
0
LINE
8
BLACK
6
CONTINUOUS
10
1.0274529921259843
20
0.2778833858267716
11
1.0272746456692914
21
0.2769867322834645
0
LINE
8
BLACK
6
CONTINUOUS
10
1.0272746456692914
20
0.2769867322834645
11
1.026633188976378
21
0.2760267716535433
0
LINE
8
BLACK
6
CONTINUOUS
10
1.026633188976378
20
0.2760267716535433
11
1.0264397637795275
21
0.2755886614173229
0
LINE
8
BLACK
6
CONTINUOUS
10
1.0264397637795275
20
0.2755886614173229
11
1.0261404724409449
21
0.2752893700787402
0
LINE
8
BLACK
6
CONTINUOUS
10
1.0261404724409449
20
0.2752893700787402
11
1.0255677559055119
21
0.2744322440944882
0
LINE
8
BLACK
6
CONTINUOUS
10
1.0255677559055119
20
0.2744322440944882
11
1.0247105905511811
21
0.2738594881889764
0
LINE
8
BLACK
6
CONTINUOUS
10
1.0247105905511811
20
0.2738594881889764
11
1.0244112992125984
21
0.2735601968503937
0
LINE
8
BLACK
6
CONTINUOUS
10
1.0244112992125984
20
0.2735601968503937
11
1.0239731102362204
21
0.2733666929133858
0
LINE
8
BLACK
6
CONTINUOUS
10
1.0239731102362204
20
0.2733666929133858
11
1.0230132677165353
21
0.2727253543307087
0
LINE
8
BLACK
6
CONTINUOUS
10
1.0230132677165353
20
0.2727253543307087
11
1.0221166929133858
21
0.2725470078740158
0
LINE
8
BLACK
6
CONTINUOUS
10
1.0221166929133858
20
0.2725470078740158
11
1.0216588188976379
21
0.272344842519685
0
LINE
8
BLACK
6
CONTINUOUS
10
1.0216588188976379
20
0.272344842519685
11
1.020318622047244
21
0.2721893307086614
0
LINE
8
BLACK
6
CONTINUOUS
10
1.020318622047244
20
0.2721893307086614
11
1.02
21
0.2721259842519685
0
LINE
8
BLACK
6
CONTINUOUS
10
1.02
20
0.2721259842519685
11
1.0197723228346456
21
0.2721259842519685
0
LINE
8
BLACK
6
CONTINUOUS
10
1.0197723228346456
20
0.2721259842519685
11
0.960227716535433
21
0.2721259842519685
0
LINE
8
BLACK
6
CONTINUOUS
10
0.960227716535433
20
0.2721259842519685
11
0.96
21
0.2721259842519685
0
LINE
8
BLACK
6
CONTINUOUS
10
0.96
20
0.2721259842519685
11
0.9596813385826771
21
0.2721893307086614
0
LINE
8
BLACK
6
CONTINUOUS
10
0.9596813385826771
20
0.2721893307086614
11
0.9583411417322835
21
0.272344842519685
0
LINE
8
BLACK
6
CONTINUOUS
10
0.9583411417322835
20
0.272344842519685
11
0.9578832283464567
21
0.2725470078740158
0
LINE
8
BLACK
6
CONTINUOUS
10
0.9578832283464567
20
0.2725470078740158
11
0.9569867322834645
21
0.2727253543307087
0
LINE
8
BLACK
6
CONTINUOUS
10
0.9569867322834645
20
0.2727253543307087
11
0.9560269291338582
21
0.2733666535433071
0
LINE
8
BLACK
6
CONTINUOUS
10
0.9560269291338582
20
0.2733666535433071
11
0.9555886614173228
21
0.2735601968503937
0
LINE
8
BLACK
6
CONTINUOUS
10
0.9555886614173228
20
0.2735601968503937
11
0.9552892519685039
21
0.2738595669291339
0
LINE
8
BLACK
6
CONTINUOUS
10
0.9552892519685039
20
0.2738595669291339
11
0.9544322440944881
21
0.2744322440944882
0
LINE
8
BLACK
6
CONTINUOUS
10
0.9544322440944881
20
0.2744322440944882
11
0.9538595669291339
21
0.275289251968504
0
LINE
8
BLACK
6
CONTINUOUS
10
0.9538595669291339
20
0.275289251968504
11
0.9535601968503937
21
0.2755886614173229
0
LINE
8
BLACK
6
CONTINUOUS
10
0.9535601968503937
20
0.2755886614173229
11
0.9533666535433071
21
0.2760269291338582
0
LINE
8
BLACK
6
CONTINUOUS
10
0.9533666535433071
20
0.2760269291338582
11
0.9527253543307086
21
0.2769867322834645
0
LINE
8
BLACK
6
CONTINUOUS
10
0.9527253543307086
20
0.2769867322834645
11
0.9525470078740157
21
0.2778832283464567
0
LINE
8
BLACK
6
CONTINUOUS
10
0.9525470078740157
20
0.2778832283464567
11
0.952344842519685
21
0.2783411417322835
0
LINE
8
BLACK
6
CONTINUOUS
10
0.952344842519685
20
0.2783411417322835
11
0.9521893307086614
21
0.2796814173228346
0
LINE
8
BLACK
6
CONTINUOUS
10
0.9521893307086614
20
0.2796814173228346
11
0.9521259842519685
21
0.28
0
LINE
8
BLACK
6
CONTINUOUS
10
0.9521259842519685
20
0.28
11
0.9521259842519685
21
0.34
0
LINE
8
BLACK
6
CONTINUOUS
10
0.9521259842519685
20
0.34
11
0.9521893700787402
21
0.3403187007874016
0
LINE
8
BLACK
6
CONTINUOUS
10
0.9521893700787402
20
0.3403187007874016
11
0.952344842519685
21
0.3416588188976378
0
LINE
8
BLACK
6
CONTINUOUS
10
0.952344842519685
20
0.3416588188976378
11
0.9525470078740157
21
0.3421166929133858
0
LINE
8
BLACK
6
CONTINUOUS
10
0.9525470078740157
20
0.3421166929133858
11
0.9527253543307086
21
0.3430132677165355
0
LINE
8
BLACK
6
CONTINUOUS
10
0.9527253543307086
20
0.3430132677165355
11
0.9533666929133858
21
0.3439731102362205
0
LINE
8
BLACK
6
CONTINUOUS
10
0.9533666929133858
20
0.3439731102362205
11
0.9535601968503937
21
0.3444112992125984
0
LINE
8
BLACK
6
CONTINUOUS
10
0.9535601968503937
20
0.3444112992125984
11
0.9538594881889764
21
0.3447105905511811
0
LINE
8
BLACK
6
CONTINUOUS
10
0.9538594881889764
20
0.3447105905511811
11
0.9544322440944881
21
0.3455677559055118
0
LINE
8
BLACK
6
CONTINUOUS
10
0.9544322440944881
20
0.3455677559055118
11
0.9552893700787402
21
0.3461404724409449
0
LINE
8
BLACK
6
CONTINUOUS
10
0.9552893700787402
20
0.3461404724409449
11
0.9555886614173228
21
0.3464397637795276
0
LINE
8
BLACK
6
CONTINUOUS
10
0.9555886614173228
20
0.3464397637795276
11
0.9560267716535433
21
0.346633188976378
0
LINE
8
BLACK
6
CONTINUOUS
10
0.9560267716535433
20
0.346633188976378
11
0.9569867322834645
21
0.3472746456692913
0
LINE
8
BLACK
6
CONTINUOUS
10
0.9569867322834645
20
0.3472746456692913
11
0.9578833858267717
21
0.3474529921259842
0
LINE
8
BLACK
6
CONTINUOUS
10
0.9578833858267717
20
0.3474529921259842
11
0.9583411417322835
21
0.3476551181102362
0
LINE
8
BLACK
6
CONTINUOUS
10
0.9583411417322835
20
0.3476551181102362
11
0.9596809448818897
21
0.3478105511811024
0
LINE
8
BLACK
6
CONTINUOUS
10
0.9596809448818897
20
0.3478105511811024
11
0.96
21
0.3478740157480315
0
LINE
8
BLACK
6
CONTINUOUS
10
0.96
20
0.3478740157480315
11
1.02
21
0.3478740157480315
0
LINE
8
BLACK
6
CONTINUOUS
10
1.02
20
0.3478740157480315
11
1.0203191732283465
21
0.3478105118110236
0
LINE
8
BLACK
6
CONTINUOUS
10
1.1203191732283464
20
0.3478105118110236
11
1.1216588188976377
21
0.3476551181102362
0
LINE
8
BLACK
6
CONTINUOUS
10
1.1216588188976377
20
0.3476551181102362
11
1.1221164960629921
21
0.3474529921259842
0
LINE
8
BLACK
6
CONTINUOUS
10
1.1221164960629921
20
0.3474529921259842
11
1.1230132677165354
21
0.3472746456692913
0
LINE
8
BLACK
6
CONTINUOUS
10
1.1230132677165354
20
0.3472746456692913
11
1.1239732677165355
21
0.3466331496062992
0
LINE
8
BLACK
6
CONTINUOUS
10
1.1239732677165355
20
0.3466331496062992
11
1.1244112992125983
21
0.3464397637795276
0
LINE
8
BLACK
6
CONTINUOUS
10
1.1244112992125983
20
0.3464397637795276
11
1.1247104724409449
21
0.3461405511811024
0
LINE
8
BLACK
6
CONTINUOUS
10
1.1247104724409449
20
0.3461405511811024
11
1.1255677559055117
21
0.3455677559055118
0
LINE
8
BLACK
6
CONTINUOUS
10
1.1255677559055117
20
0.3455677559055118
11
1.1261405511811022
21
0.3447104724409449
0
LINE
8
BLACK
6
CONTINUOUS
10
1.1261405511811022
20
0.3447104724409449
11
1.1264397637795276
21
0.3444112992125984
0
LINE
8
BLACK
6
CONTINUOUS
10
1.1264397637795276
20
0.3444112992125984
11
1.1266331496062991
21
0.3439732677165354
0
LINE
8
BLACK
6
CONTINUOUS
10
1.1266331496062991
20
0.3439732677165354
11
1.1272746456692913
21
0.3430132677165355
0
LINE
8
BLACK
6
CONTINUOUS
10
1.1272746456692913
20
0.3430132677165355
11
1.1274529921259842
21
0.3421164960629921
0
LINE
8
BLACK
6
CONTINUOUS
10
1.1274529921259842
20
0.3421164960629921
11
1.1276551181102361
21
0.3416588188976378
0
LINE
8
BLACK
6
CONTINUOUS
10
1.1276551181102361
20
0.3416588188976378
11
1.1278105118110235
21
0.340319094488189
0
LINE
8
BLACK
6
CONTINUOUS
10
1.1278105118110235
20
0.340319094488189
11
1.1278740157480314
21
0.34
0
LINE
8
BLACK
6
CONTINUOUS
10
1.1278740157480314
20
0.34
11
1.1278740157480314
21
0.28
0
LINE
8
BLACK
6
CONTINUOUS
10
1.1278740157480314
20
0.28
11
1.1278105118110235
21
0.2796808661417323
0
LINE
8
BLACK
6
CONTINUOUS
10
1.1278105118110235
20
0.2796808661417323
11
1.1276551181102361
21
0.2783411417322835
0
LINE
8
BLACK
6
CONTINUOUS
10
1.1276551181102361
20
0.2783411417322835
11
1.1274529921259842
21
0.2778833858267716
0
LINE
8
BLACK
6
CONTINUOUS
10
1.1274529921259842
20
0.2778833858267716
11
1.1272746456692913
21
0.2769867322834645
0
LINE
8
BLACK
6
CONTINUOUS
10
1.1272746456692913
20
0.2769867322834645
11
1.1266331889763779
21
0.2760267716535433
0
LINE
8
BLACK
6
CONTINUOUS
10
1.1266331889763779
20
0.2760267716535433
11
1.1264397637795276
21
0.2755886614173229
0
LINE
8
BLACK
6
CONTINUOUS
10
1.1264397637795276
20
0.2755886614173229
11
1.126140472440945
21
0.2752893700787402
0
LINE
8
BLACK
6
CONTINUOUS
10
1.126140472440945
20
0.2752893700787402
11
1.1255677559055117
21
0.2744322440944882
0
LINE
8
BLACK
6
CONTINUOUS
10
1.1255677559055117
20
0.2744322440944882
11
1.1247105905511812
21
0.2738594881889764
0
LINE
8
BLACK
6
CONTINUOUS
10
1.1247105905511812
20
0.2738594881889764
11
1.1244112992125983
21
0.2735601968503937
0
LINE
8
BLACK
6
CONTINUOUS
10
1.1244112992125983
20
0.2735601968503937
11
1.1239731102362205
21
0.2733666929133858
0
LINE
8
BLACK
6
CONTINUOUS
10
1.1239731102362205
20
0.2733666929133858
11
1.1230132677165354
21
0.2727253543307087
0
LINE
8
BLACK
6
CONTINUOUS
10
1.1230132677165354
20
0.2727253543307087
11
1.1221166929133859
21
0.2725470078740158
0
LINE
8
BLACK
6
CONTINUOUS
10
1.1221166929133859
20
0.2725470078740158
11
1.1216588188976377
21
0.272344842519685
0
LINE
8
BLACK
6
CONTINUOUS
10
1.1216588188976377
20
0.272344842519685
11
1.1203186220472441
21
0.2721893307086614
0
LINE
8
BLACK
6
CONTINUOUS
10
1.1203186220472441
20
0.2721893307086614
11
1.1199999999999999
21
0.2721259842519685
0
LINE
8
BLACK
6
CONTINUOUS
10
1.1199999999999999
20
0.2721259842519685
11
1.1197723228346457
21
0.2721259842519685
0
LINE
8
BLACK
6
CONTINUOUS
10
1.1197723228346457
20
0.2721259842519685
11
1.060227716535433
21
0.2721259842519685
0
LINE
8
BLACK
6
CONTINUOUS
10
1.060227716535433
20
0.2721259842519685
11
1.0600000000000001
21
0.2721259842519685
0
LINE
8
BLACK
6
CONTINUOUS
10
1.0600000000000001
20
0.2721259842519685
11
1.0596813385826771
21
0.2721893307086614
0
LINE
8
BLACK
6
CONTINUOUS
10
1.0596813385826771
20
0.2721893307086614
11
1.0583411417322834
21
0.272344842519685
0
LINE
8
BLACK
6
CONTINUOUS
10
1.0583411417322834
20
0.272344842519685
11
1.0578832283464568
21
0.2725470078740158
0
LINE
8
BLACK
6
CONTINUOUS
10
1.0578832283464568
20
0.2725470078740158
11
1.0569867322834645
21
0.2727253543307087
0
LINE
8
BLACK
6
CONTINUOUS
10
1.0569867322834645
20
0.2727253543307087
11
1.0560269291338582
21
0.2733666535433071
0
LINE
8
BLACK
6
CONTINUOUS
10
1.0560269291338582
20
0.2733666535433071
11
1.0555886614173229
21
0.2735601968503937
0
LINE
8
BLACK
6
CONTINUOUS
10
1.0555886614173229
20
0.2735601968503937
11
1.055289251968504
21
0.2738595669291339
0
LINE
8
BLACK
6
CONTINUOUS
10
1.055289251968504
20
0.2738595669291339
11
1.0544322440944882
21
0.2744322440944882
0
LINE
8
BLACK
6
CONTINUOUS
10
1.0544322440944882
20
0.2744322440944882
11
1.0538595669291337
21
0.275289251968504
0
LINE
8
BLACK
6
CONTINUOUS
10
1.0538595669291337
20
0.275289251968504
11
1.0535601968503936
21
0.2755886614173229
0
LINE
8
BLACK
6
CONTINUOUS
10
1.0535601968503936
20
0.2755886614173229
11
1.0533666535433071
21
0.2760269291338582
0
LINE
8
BLACK
6
CONTINUOUS
10
1.0533666535433071
20
0.2760269291338582
11
1.0527253543307087
21
0.2769867322834645
0
LINE
8
BLACK
6
CONTINUOUS
10
1.0527253543307087
20
0.2769867322834645
11
1.0525470078740158
21
0.2778832283464567
0
LINE
8
BLACK
6
CONTINUOUS
10
1.0525470078740158
20
0.2778832283464567
11
1.0523448425196851
21
0.2783411417322835
0
LINE
8
BLACK
6
CONTINUOUS
10
1.0523448425196851
20
0.2783411417322835
11
1.0521893307086614
21
0.2796814173228346
0
LINE
8
BLACK
6
CONTINUOUS
10
1.0521893307086614
20
0.2796814173228346
11
1.0521259842519686
21
0.28
0
LINE
8
BLACK
6
CONTINUOUS
10
1.0521259842519686
20
0.28
11
1.0521259842519686
21
0.34
0
LINE
8
BLACK
6
CONTINUOUS
10
1.0521259842519686
20
0.34
11
1.0521893700787401
21
0.3403187007874016
0
LINE
8
BLACK
6
CONTINUOUS
10
1.0521893700787401
20
0.3403187007874016
11
1.0523448425196851
21
0.3416588188976378
0
LINE
8
BLACK
6
CONTINUOUS
10
1.0523448425196851
20
0.3416588188976378
11
1.0525470078740158
21
0.3421166929133858
0
LINE
8
BLACK
6
CONTINUOUS
10
1.0525470078740158
20
0.3421166929133858
11
1.0527253543307087
21
0.3430132677165355
0
LINE
8
BLACK
6
CONTINUOUS
10
1.0527253543307087
20
0.3430132677165355
11
1.0533666929133858
21
0.3439731102362205
0
LINE
8
BLACK
6
CONTINUOUS
10
1.0533666929133858
20
0.3439731102362205
11
1.0535601968503936
21
0.3444112992125984
0
LINE
8
BLACK
6
CONTINUOUS
10
1.0535601968503936
20
0.3444112992125984
11
1.0538594881889765
21
0.3447105905511811
0
LINE
8
BLACK
6
CONTINUOUS
10
1.0538594881889765
20
0.3447105905511811
11
1.0544322440944882
21
0.3455677559055118
0
LINE
8
BLACK
6
CONTINUOUS
10
1.0544322440944882
20
0.3455677559055118
11
1.0552893700787402
21
0.3461404724409449
0
LINE
8
BLACK
6
CONTINUOUS
10
1.0552893700787402
20
0.3461404724409449
11
1.0555886614173229
21
0.3464397637795276
0
LINE
8
BLACK
6
CONTINUOUS
10
1.0555886614173229
20
0.3464397637795276
11
1.0560267716535432
21
0.346633188976378
0
LINE
8
BLACK
6
CONTINUOUS
10
1.0560267716535432
20
0.346633188976378
11
1.0569867322834645
21
0.3472746456692913
0
LINE
8
BLACK
6
CONTINUOUS
10
1.0569867322834645
20
0.3472746456692913
11
1.0578833858267715
21
0.3474529921259842
0
LINE
8
BLACK
6
CONTINUOUS
10
1.0578833858267715
20
0.3474529921259842
11
1.0583411417322834
21
0.3476551181102362
0
LINE
8
BLACK
6
CONTINUOUS
10
1.0583411417322834
20
0.3476551181102362
11
1.0596809448818898
21
0.3478105511811024
0
LINE
8
BLACK
6
CONTINUOUS
10
1.0596809448818898
20
0.3478105511811024
11
1.0600000000000001
21
0.3478740157480315
0
LINE
8
BLACK
6
CONTINUOUS
10
1.0600000000000001
20
0.3478740157480315
11
1.1199999999999999
21
0.3478740157480315
0
LINE
8
BLACK
6
CONTINUOUS
10
1.1199999999999999
20
0.3478740157480315
11
1.1203191732283464
21
0.3478105118110236
0
LINE
8
BLACK
6
CONTINUOUS
10
1.2203191732283465
20
0.3478105118110236
11
1.2216588188976378
21
0.3476551181102362
0
LINE
8
BLACK
6
CONTINUOUS
10
1.2216588188976378
20
0.3476551181102362
11
1.222116496062992
21
0.3474529921259842
0
LINE
8
BLACK
6
CONTINUOUS
10
1.222116496062992
20
0.3474529921259842
11
1.2230132677165355
21
0.3472746456692913
0
LINE
8
BLACK
6
CONTINUOUS
10
1.2230132677165355
20
0.3472746456692913
11
1.2239732677165354
21
0.3466331496062992
0
LINE
8
BLACK
6
CONTINUOUS
10
1.2239732677165354
20
0.3466331496062992
11
1.2244112992125984
21
0.3464397637795276
0
LINE
8
BLACK
6
CONTINUOUS
10
1.2244112992125984
20
0.3464397637795276
11
1.2247104724409448
21
0.3461405511811024
0
LINE
8
BLACK
6
CONTINUOUS
10
1.2247104724409448
20
0.3461405511811024
11
1.2255677559055118
21
0.3455677559055118
0
LINE
8
BLACK
6
CONTINUOUS
10
1.2255677559055118
20
0.3455677559055118
11
1.2261405511811023
21
0.3447104724409449
0
LINE
8
BLACK
6
CONTINUOUS
10
1.2261405511811023
20
0.3447104724409449
11
1.2264397637795275
21
0.3444112992125984
0
LINE
8
BLACK
6
CONTINUOUS
10
1.2264397637795275
20
0.3444112992125984
11
1.2266331496062992
21
0.3439732677165354
0
LINE
8
BLACK
6
CONTINUOUS
10
1.2266331496062992
20
0.3439732677165354
11
1.2272746456692913
21
0.3430132677165355
0
LINE
8
BLACK
6
CONTINUOUS
10
1.2272746456692913
20
0.3430132677165355
11
1.2274529921259842
21
0.3421164960629921
0
LINE
8
BLACK
6
CONTINUOUS
10
1.2274529921259842
20
0.3421164960629921
11
1.2276551181102362
21
0.3416588188976378
0
LINE
8
BLACK
6
CONTINUOUS
10
1.2276551181102362
20
0.3416588188976378
11
1.2278105118110236
21
0.340319094488189
0
LINE
8
BLACK
6
CONTINUOUS
10
1.2278105118110236
20
0.340319094488189
11
1.2278740157480315
21
0.34
0
LINE
8
BLACK
6
CONTINUOUS
10
1.2278740157480315
20
0.34
11
1.2278740157480315
21
0.28
0
LINE
8
BLACK
6
CONTINUOUS
10
1.2278740157480315
20
0.28
11
1.2278105118110236
21
0.2796808661417323
0
LINE
8
BLACK
6
CONTINUOUS
10
1.2278105118110236
20
0.2796808661417323
11
1.2276551181102362
21
0.2783411417322835
0
LINE
8
BLACK
6
CONTINUOUS
10
1.2276551181102362
20
0.2783411417322835
11
1.2274529921259842
21
0.2778833858267716
0
LINE
8
BLACK
6
CONTINUOUS
10
1.2274529921259842
20
0.2778833858267716
11
1.2272746456692913
21
0.2769867322834645
0
LINE
8
BLACK
6
CONTINUOUS
10
1.2272746456692913
20
0.2769867322834645
11
1.226633188976378
21
0.2760267716535433
0
LINE
8
BLACK
6
CONTINUOUS
10
1.226633188976378
20
0.2760267716535433
11
1.2264397637795275
21
0.2755886614173229
0
LINE
8
BLACK
6
CONTINUOUS
10
1.2264397637795275
20
0.2755886614173229
11
1.2261404724409448
21
0.2752893700787402
0
LINE
8
BLACK
6
CONTINUOUS
10
1.2261404724409448
20
0.2752893700787402
11
1.2255677559055118
21
0.2744322440944882
0
LINE
8
BLACK
6
CONTINUOUS
10
1.2255677559055118
20
0.2744322440944882
11
1.224710590551181
21
0.2738594881889764
0
LINE
8
BLACK
6
CONTINUOUS
10
1.224710590551181
20
0.2738594881889764
11
1.2244112992125984
21
0.2735601968503937
0
LINE
8
BLACK
6
CONTINUOUS
10
1.2244112992125984
20
0.2735601968503937
11
1.2239731102362204
21
0.2733666929133858
0
LINE
8
BLACK
6
CONTINUOUS
10
1.2239731102362204
20
0.2733666929133858
11
1.2230132677165355
21
0.2727253543307087
0
LINE
8
BLACK
6
CONTINUOUS
10
1.2230132677165355
20
0.2727253543307087
11
1.2221166929133858
21
0.2725470078740158
0
LINE
8
BLACK
6
CONTINUOUS
10
1.2221166929133858
20
0.2725470078740158
11
1.2216588188976378
21
0.272344842519685
0
LINE
8
BLACK
6
CONTINUOUS
10
1.2216588188976378
20
0.272344842519685
11
1.2203186220472442
21
0.2721893307086614
0
LINE
8
BLACK
6
CONTINUOUS
10
1.2203186220472442
20
0.2721893307086614
11
1.22
21
0.2721259842519685
0
LINE
8
BLACK
6
CONTINUOUS
10
1.22
20
0.2721259842519685
11
1.2197723228346455
21
0.2721259842519685
0
LINE
8
BLACK
6
CONTINUOUS
10
1.2197723228346455
20
0.2721259842519685
11
1.1602277165354331
21
0.2721259842519685
0
LINE
8
BLACK
6
CONTINUOUS
10
1.1602277165354331
20
0.2721259842519685
11
1.1599999999999999
21
0.2721259842519685
0
LINE
8
BLACK
6
CONTINUOUS
10
1.1599999999999999
20
0.2721259842519685
11
1.1596813385826772
21
0.2721893307086614
0
LINE
8
BLACK
6
CONTINUOUS
10
1.1596813385826772
20
0.2721893307086614
11
1.1583411417322835
21
0.272344842519685
0
LINE
8
BLACK
6
CONTINUOUS
10
1.1583411417322835
20
0.272344842519685
11
1.1578832283464566
21
0.2725470078740158
0
LINE
8
BLACK
6
CONTINUOUS
10
1.1578832283464566
20
0.2725470078740158
11
1.1569867322834646
21
0.2727253543307087
0
LINE
8
BLACK
6
CONTINUOUS
10
1.1569867322834646
20
0.2727253543307087
11
1.1560269291338583
21
0.2733666535433071
0
LINE
8
BLACK
6
CONTINUOUS
10
1.1560269291338583
20
0.2733666535433071
11
1.1555886614173227
21
0.2735601968503937
0
LINE
8
BLACK
6
CONTINUOUS
10
1.1555886614173227
20
0.2735601968503937
11
1.1552892519685038
21
0.2738595669291339
0
LINE
8
BLACK
6
CONTINUOUS
10
1.1552892519685038
20
0.2738595669291339
11
1.1544322440944881
21
0.2744322440944882
0
LINE
8
BLACK
6
CONTINUOUS
10
1.1544322440944881
20
0.2744322440944882
11
1.1538595669291338
21
0.275289251968504
0
LINE
8
BLACK
6
CONTINUOUS
10
1.1538595669291338
20
0.275289251968504
11
1.1535601968503937
21
0.2755886614173229
0
LINE
8
BLACK
6
CONTINUOUS
10
1.1535601968503937
20
0.2755886614173229
11
1.1533666535433071
21
0.2760269291338582
0
LINE
8
BLACK
6
CONTINUOUS
10
1.1533666535433071
20
0.2760269291338582
11
1.1527253543307086
21
0.2769867322834645
0
LINE
8
BLACK
6
CONTINUOUS
10
1.1527253543307086
20
0.2769867322834645
11
1.1525470078740156
21
0.2778832283464567
0
LINE
8
BLACK
6
CONTINUOUS
10
1.1525470078740156
20
0.2778832283464567
11
1.1523448425196849
21
0.2783411417322835
0
LINE
8
BLACK
6
CONTINUOUS
10
1.1523448425196849
20
0.2783411417322835
11
1.1521893307086615
21
0.2796814173228346
0
LINE
8
BLACK
6
CONTINUOUS
10
1.1521893307086615
20
0.2796814173228346
11
1.1521259842519684
21
0.28
0
LINE
8
BLACK
6
CONTINUOUS
10
1.1521259842519684
20
0.28
11
1.1521259842519684
21
0.34
0
LINE
8
BLACK
6
CONTINUOUS
10
1.1521259842519684
20
0.34
11
1.1521893700787402
21
0.3403187007874016
0
LINE
8
BLACK
6
CONTINUOUS
10
1.1521893700787402
20
0.3403187007874016
11
1.1523448425196849
21
0.3416588188976378
0
LINE
8
BLACK
6
CONTINUOUS
10
1.1523448425196849
20
0.3416588188976378
11
1.1525470078740156
21
0.3421166929133858
0
LINE
8
BLACK
6
CONTINUOUS
10
1.1525470078740156
20
0.3421166929133858
11
1.1527253543307086
21
0.3430132677165355
0
LINE
8
BLACK
6
CONTINUOUS
10
1.1527253543307086
20
0.3430132677165355
11
1.1533666929133859
21
0.3439731102362205
0
LINE
8
BLACK
6
CONTINUOUS
10
1.1533666929133859
20
0.3439731102362205
11
1.1535601968503937
21
0.3444112992125984
0
LINE
8
BLACK
6
CONTINUOUS
10
1.1535601968503937
20
0.3444112992125984
11
1.1538594881889763
21
0.3447105905511811
0
LINE
8
BLACK
6
CONTINUOUS
10
1.1538594881889763
20
0.3447105905511811
11
1.1544322440944881
21
0.3455677559055118
0
LINE
8
BLACK
6
CONTINUOUS
10
1.1544322440944881
20
0.3455677559055118
11
1.1552893700787401
21
0.3461404724409449
0
LINE
8
BLACK
6
CONTINUOUS
10
1.1552893700787401
20
0.3461404724409449
11
1.1555886614173227
21
0.3464397637795276
0
LINE
8
BLACK
6
CONTINUOUS
10
1.1555886614173227
20
0.3464397637795276
11
1.1560267716535433
21
0.346633188976378
0
LINE
8
BLACK
6
CONTINUOUS
10
1.1560267716535433
20
0.346633188976378
11
1.1569867322834646
21
0.3472746456692913
0
LINE
8
BLACK
6
CONTINUOUS
10
1.1569867322834646
20
0.3472746456692913
11
1.1578833858267716
21
0.3474529921259842
0
LINE
8
BLACK
6
CONTINUOUS
10
1.1578833858267716
20
0.3474529921259842
11
1.1583411417322835
21
0.3476551181102362
0
LINE
8
BLACK
6
CONTINUOUS
10
1.1583411417322835
20
0.3476551181102362
11
1.1596809448818897
21
0.3478105511811024
0
LINE
8
BLACK
6
CONTINUOUS
10
1.1596809448818897
20
0.3478105511811024
11
1.1599999999999999
21
0.3478740157480315
0
LINE
8
BLACK
6
CONTINUOUS
10
1.1599999999999999
20
0.3478740157480315
11
1.22
21
0.3478740157480315
0
LINE
8
BLACK
6
CONTINUOUS
10
1.22
20
0.3478740157480315
11
1.2203191732283465
21
0.3478105118110236
0
LINE
8
BLACK
6
CONTINUOUS
10
1.3203191732283464
20
0.3478105118110236
11
1.3216588188976377
21
0.3476551181102362
0
LINE
8
BLACK
6
CONTINUOUS
10
1.3216588188976377
20
0.3476551181102362
11
1.3221164960629921
21
0.3474529921259842
0
LINE
8
BLACK
6
CONTINUOUS
10
1.3221164960629921
20
0.3474529921259842
11
1.3230132677165354
21
0.3472746456692913
0
LINE
8
BLACK
6
CONTINUOUS
10
1.3230132677165354
20
0.3472746456692913
11
1.3239732677165355
21
0.3466331496062992
0
LINE
8
BLACK
6
CONTINUOUS
10
1.3239732677165355
20
0.3466331496062992
11
1.3244112992125985
21
0.3464397637795276
0
LINE
8
BLACK
6
CONTINUOUS
10
1.3244112992125985
20
0.3464397637795276
11
1.3247104724409449
21
0.3461405511811024
0
LINE
8
BLACK
6
CONTINUOUS
10
1.3247104724409449
20
0.3461405511811024
11
1.3255677559055117
21
0.3455677559055118
0
LINE
8
BLACK
6
CONTINUOUS
10
1.3255677559055117
20
0.3455677559055118
11
1.3261405511811024
21
0.3447104724409449
0
LINE
8
BLACK
6
CONTINUOUS
10
1.3261405511811024
20
0.3447104724409449
11
1.3264397637795275
21
0.3444112992125984
0
LINE
8
BLACK
6
CONTINUOUS
10
1.3264397637795275
20
0.3444112992125984
11
1.3266331496062991
21
0.3439732677165354
0
LINE
8
BLACK
6
CONTINUOUS
10
1.3266331496062991
20
0.3439732677165354
11
1.3272746456692912
21
0.3430132677165355
0
LINE
8
BLACK
6
CONTINUOUS
10
1.3272746456692912
20
0.3430132677165355
11
1.3274529921259843
21
0.3421164960629921
0
LINE
8
BLACK
6
CONTINUOUS
10
1.3274529921259843
20
0.3421164960629921
11
1.3276551181102363
21
0.3416588188976378
0
LINE
8
BLACK
6
CONTINUOUS
10
1.3276551181102363
20
0.3416588188976378
11
1.3278105118110235
21
0.340319094488189
0
LINE
8
BLACK
6
CONTINUOUS
10
1.3278105118110235
20
0.340319094488189
11
1.3278740157480315
21
0.34
0
LINE
8
BLACK
6
CONTINUOUS
10
1.3278740157480315
20
0.34
11
1.3278740157480315
21
0.28
0
LINE
8
BLACK
6
CONTINUOUS
10
1.3278740157480315
20
0.28
11
1.3278105118110235
21
0.2796808661417323
0
LINE
8
BLACK
6
CONTINUOUS
10
1.3278105118110235
20
0.2796808661417323
11
1.3276551181102363
21
0.2783411417322835
0
LINE
8
BLACK
6
CONTINUOUS
10
1.3276551181102363
20
0.2783411417322835
11
1.3274529921259843
21
0.2778833858267716
0
LINE
8
BLACK
6
CONTINUOUS
10
1.3274529921259843
20
0.2778833858267716
11
1.3272746456692912
21
0.2769867322834645
0
LINE
8
BLACK
6
CONTINUOUS
10
1.3272746456692912
20
0.2769867322834645
11
1.3266331889763778
21
0.2760267716535433
0
LINE
8
BLACK
6
CONTINUOUS
10
1.3266331889763778
20
0.2760267716535433
11
1.3264397637795275
21
0.2755886614173229
0
LINE
8
BLACK
6
CONTINUOUS
10
1.3264397637795275
20
0.2755886614173229
11
1.3261404724409449
21
0.2752893700787402
0
LINE
8
BLACK
6
CONTINUOUS
10
1.3261404724409449
20
0.2752893700787402
11
1.3255677559055117
21
0.2744322440944882
0
LINE
8
BLACK
6
CONTINUOUS
10
1.3255677559055117
20
0.2744322440944882
11
1.3247105905511811
21
0.2738594881889764
0
LINE
8
BLACK
6
CONTINUOUS
10
1.3247105905511811
20
0.2738594881889764
11
1.3244112992125985
21
0.2735601968503937
0
LINE
8
BLACK
6
CONTINUOUS
10
1.3244112992125985
20
0.2735601968503937
11
1.3239731102362204
21
0.2733666929133858
0
LINE
8
BLACK
6
CONTINUOUS
10
1.3239731102362204
20
0.2733666929133858
11
1.3230132677165354
21
0.2727253543307087
0
LINE
8
BLACK
6
CONTINUOUS
10
1.3230132677165354
20
0.2727253543307087
11
1.3221166929133858
21
0.2725470078740158
0
LINE
8
BLACK
6
CONTINUOUS
10
1.3221166929133858
20
0.2725470078740158
11
1.3216588188976377
21
0.272344842519685
0
LINE
8
BLACK
6
CONTINUOUS
10
1.3216588188976377
20
0.272344842519685
11
1.320318622047244
21
0.2721893307086614
0
LINE
8
BLACK
6
CONTINUOUS
10
1.320318622047244
20
0.2721893307086614
11
1.3200000000000001
21
0.2721259842519685
0
LINE
8
BLACK
6
CONTINUOUS
10
1.3200000000000001
20
0.2721259842519685
11
1.3197723228346456
21
0.2721259842519685
0
LINE
8
BLACK
6
CONTINUOUS
10
1.3197723228346456
20
0.2721259842519685
11
1.260227716535433
21
0.2721259842519685
0
LINE
8
BLACK
6
CONTINUOUS
10
1.260227716535433
20
0.2721259842519685
11
1.26
21
0.2721259842519685
0
LINE
8
BLACK
6
CONTINUOUS
10
1.26
20
0.2721259842519685
11
1.2596813385826771
21
0.2721893307086614
0
LINE
8
BLACK
6
CONTINUOUS
10
1.2596813385826771
20
0.2721893307086614
11
1.2583411417322834
21
0.272344842519685
0
LINE
8
BLACK
6
CONTINUOUS
10
1.2583411417322834
20
0.272344842519685
11
1.2578832283464567
21
0.2725470078740158
0
LINE
8
BLACK
6
CONTINUOUS
10
1.2578832283464567
20
0.2725470078740158
11
1.2569867322834645
21
0.2727253543307087
0
LINE
8
BLACK
6
CONTINUOUS
10
1.2569867322834645
20
0.2727253543307087
11
1.2560269291338582
21
0.2733666535433071
0
LINE
8
BLACK
6
CONTINUOUS
10
1.2560269291338582
20
0.2733666535433071
11
1.2555886614173228
21
0.2735601968503937
0
LINE
8
BLACK
6
CONTINUOUS
10
1.2555886614173228
20
0.2735601968503937
11
1.2552892519685039
21
0.2738595669291339
0
LINE
8
BLACK
6
CONTINUOUS
10
1.2552892519685039
20
0.2738595669291339
11
1.2544322440944882
21
0.2744322440944882
0
LINE
8
BLACK
6
CONTINUOUS
10
1.2544322440944882
20
0.2744322440944882
11
1.2538595669291339
21
0.275289251968504
0
LINE
8
BLACK
6
CONTINUOUS
10
1.2538595669291339
20
0.275289251968504
11
1.2535601968503938
21
0.2755886614173229
0
LINE
8
BLACK
6
CONTINUOUS
10
1.2535601968503938
20
0.2755886614173229
11
1.253366653543307
21
0.2760269291338582
0
LINE
8
BLACK
6
CONTINUOUS
10
1.253366653543307
20
0.2760269291338582
11
1.2527253543307086
21
0.2769867322834645
0
LINE
8
BLACK
6
CONTINUOUS
10
1.2527253543307086
20
0.2769867322834645
11
1.2525470078740157
21
0.2778832283464567
0
LINE
8
BLACK
6
CONTINUOUS
10
1.2525470078740157
20
0.2778832283464567
11
1.252344842519685
21
0.2783411417322835
0
LINE
8
BLACK
6
CONTINUOUS
10
1.252344842519685
20
0.2783411417322835
11
1.2521893307086613
21
0.2796814173228346
0
LINE
8
BLACK
6
CONTINUOUS
10
1.2521893307086613
20
0.2796814173228346
11
1.2521259842519685
21
0.28
0
LINE
8
BLACK
6
CONTINUOUS
10
1.2521259842519685
20
0.28
11
1.2521259842519685
21
0.34
0
LINE
8
BLACK
6
CONTINUOUS
10
1.2521259842519685
20
0.34
11
1.2521893700787401
21
0.3403187007874016
0
LINE
8
BLACK
6
CONTINUOUS
10
1.2521893700787401
20
0.3403187007874016
11
1.252344842519685
21
0.3416588188976378
0
LINE
8
BLACK
6
CONTINUOUS
10
1.252344842519685
20
0.3416588188976378
11
1.2525470078740157
21
0.3421166929133858
0
LINE
8
BLACK
6
CONTINUOUS
10
1.2525470078740157
20
0.3421166929133858
11
1.2527253543307086
21
0.3430132677165355
0
LINE
8
BLACK
6
CONTINUOUS
10
1.2527253543307086
20
0.3430132677165355
11
1.2533666929133858
21
0.3439731102362205
0
LINE
8
BLACK
6
CONTINUOUS
10
1.2533666929133858
20
0.3439731102362205
11
1.2535601968503938
21
0.3444112992125984
0
LINE
8
BLACK
6
CONTINUOUS
10
1.2535601968503938
20
0.3444112992125984
11
1.2538594881889764
21
0.3447105905511811
0
LINE
8
BLACK
6
CONTINUOUS
10
1.2538594881889764
20
0.3447105905511811
11
1.2544322440944882
21
0.3455677559055118
0
LINE
8
BLACK
6
CONTINUOUS
10
1.2544322440944882
20
0.3455677559055118
11
1.2552893700787402
21
0.3461404724409449
0
LINE
8
BLACK
6
CONTINUOUS
10
1.2552893700787402
20
0.3461404724409449
11
1.2555886614173228
21
0.3464397637795276
0
LINE
8
BLACK
6
CONTINUOUS
10
1.2555886614173228
20
0.3464397637795276
11
1.2560267716535434
21
0.346633188976378
0
LINE
8
BLACK
6
CONTINUOUS
10
1.2560267716535434
20
0.346633188976378
11
1.2569867322834645
21
0.3472746456692913
0
LINE
8
BLACK
6
CONTINUOUS
10
1.2569867322834645
20
0.3472746456692913
11
1.2578833858267717
21
0.3474529921259842
0
LINE
8
BLACK
6
CONTINUOUS
10
1.2578833858267717
20
0.3474529921259842
11
1.2583411417322834
21
0.3476551181102362
0
LINE
8
BLACK
6
CONTINUOUS
10
1.2583411417322834
20
0.3476551181102362
11
1.2596809448818898
21
0.3478105511811024
0
LINE
8
BLACK
6
CONTINUOUS
10
1.2596809448818898
20
0.3478105511811024
11
1.26
21
0.3478740157480315
0
LINE
8
BLACK
6
CONTINUOUS
10
1.26
20
0.3478740157480315
11
1.3200000000000001
21
0.3478740157480315
0
LINE
8
BLACK
6
CONTINUOUS
10
1.3200000000000001
20
0.3478740157480315
11
1.3203191732283464
21
0.3478105118110236
0
LINE
8
BLACK
6
CONTINUOUS
10
0.2853191732283464
20
0.6059601181102362
11
0.2866588188976378
21
0.6058047244094488
0
LINE
8
BLACK
6
CONTINUOUS
10
0.2866588188976378
20
0.6058047244094488
11
0.2871164960629921
21
0.6056025984251968
0
LINE
8
BLACK
6
CONTINUOUS
10
0.2871164960629921
20
0.6056025984251968
11
0.2880132677165354
21
0.6054242519685039
0
LINE
8
BLACK
6
CONTINUOUS
10
0.2880132677165354
20
0.6054242519685039
11
0.2889732677165354
21
0.6047827559055118
0
LINE
8
BLACK
6
CONTINUOUS
10
0.2889732677165354
20
0.6047827559055118
11
0.2894112992125984
21
0.6045893700787401
0
LINE
8
BLACK
6
CONTINUOUS
10
0.2894112992125984
20
0.6045893700787401
11
0.2897104724409449
21
0.6042901574803149
0
LINE
8
BLACK
6
CONTINUOUS
10
0.2897104724409449
20
0.6042901574803149
11
0.2905677559055118
21
0.6037173622047244
0
LINE
8
BLACK
6
CONTINUOUS
10
0.2905677559055118
20
0.6037173622047244
11
0.2911405511811024
21
0.6028600787401575
0
LINE
8
BLACK
6
CONTINUOUS
10
0.2911405511811024
20
0.6028600787401575
11
0.2914397637795276
21
0.602560905511811
0
LINE
8
BLACK
6
CONTINUOUS
10
0.2914397637795276
20
0.602560905511811
11
0.2916331496062992
21
0.602122874015748
0
LINE
8
BLACK
6
CONTINUOUS
10
0.2916331496062992
20
0.602122874015748
11
0.2922746456692913
21
0.601162874015748
0
LINE
8
BLACK
6
CONTINUOUS
10
0.2922746456692913
20
0.601162874015748
11
0.2924529921259842
21
0.6002661023622047
0
LINE
8
BLACK
6
CONTINUOUS
10
0.2924529921259842
20
0.6002661023622047
11
0.2926551181102362
21
0.5998084251968504
0
LINE
8
BLACK
6
CONTINUOUS
10
0.2926551181102362
20
0.5998084251968504
11
0.2928105118110236
21
0.5984687007874016
0
LINE
8
BLACK
6
CONTINUOUS
10
0.2928105118110236
20
0.5984687007874016
11
0.2928740157480315
21
0.5981496062992125
0
LINE
8
BLACK
6
CONTINUOUS
10
0.2928740157480315
20
0.5981496062992125
11
0.2928740157480315
21
0.4481496062992126
0
LINE
8
BLACK
6
CONTINUOUS
10
0.2928740157480315
20
0.4481496062992126
11
0.2928105118110236
21
0.4478304724409449
0
LINE
8
BLACK
6
CONTINUOUS
10
0.2928105118110236
20
0.4478304724409449
11
0.2926551181102362
21
0.4464907480314961
0
LINE
8
BLACK
6
CONTINUOUS
10
0.2926551181102362
20
0.4464907480314961
11
0.2924529921259842
21
0.4460329921259842
0
LINE
8
BLACK
6
CONTINUOUS
10
0.2924529921259842
20
0.4460329921259842
11
0.2922746456692913
21
0.4451363385826771
0
LINE
8
BLACK
6
CONTINUOUS
10
0.2922746456692913
20
0.4451363385826771
11
0.291633188976378
21
0.4441763779527559
0
LINE
8
BLACK
6
CONTINUOUS
10
0.291633188976378
20
0.4441763779527559
11
0.2914397637795276
21
0.4437382677165354
0
LINE
8
BLACK
6
CONTINUOUS
10
0.2914397637795276
20
0.4437382677165354
11
0.2911404724409449
21
0.4434389763779528
0
LINE
8
BLACK
6
CONTINUOUS
10
0.2911404724409449
20
0.4434389763779528
11
0.2905677559055118
21
0.4425818503937008
0
LINE
8
BLACK
6
CONTINUOUS
10
0.2905677559055118
20
0.4425818503937008
11
0.2897105905511811
21
0.442009094488189
0
LINE
8
BLACK
6
CONTINUOUS
10
0.2897105905511811
20
0.442009094488189
11
0.2894112992125984
21
0.4417098031496063
0
LINE
8
BLACK
6
CONTINUOUS
10
0.2894112992125984
20
0.4417098031496063
11
0.2889731102362205
21
0.4415162992125984
0
LINE
8
BLACK
6
CONTINUOUS
10
0.2889731102362205
20
0.4415162992125984
11
0.2880132677165354
21
0.4408749606299213
0
LINE
8
BLACK
6
CONTINUOUS
10
0.2880132677165354
20
0.4408749606299213
11
0.2871166929133858
21
0.4406966141732284
0
LINE
8
BLACK
6
CONTINUOUS
10
0.2871166929133858
20
0.4406966141732284
11
0.2866588188976378
21
0.4404944488188977
0
LINE
8
BLACK
6
CONTINUOUS
10
0.2866588188976378
20
0.4404944488188977
11
0.2853186220472441
21
0.440338937007874
0
LINE
8
BLACK
6
CONTINUOUS
10
0.2853186220472441
20
0.440338937007874
11
0.285
21
0.4402755905511811
0
LINE
8
BLACK
6
CONTINUOUS
10
0.285
20
0.4402755905511811
11
0.2847723228346457
21
0.4402755905511811
0
LINE
8
BLACK
6
CONTINUOUS
10
0.2847723228346457
20
0.4402755905511811
11
0.1352277165354331
21
0.4402755905511811
0
LINE
8
BLACK
6
CONTINUOUS
10
0.1352277165354331
20
0.4402755905511811
11
0.135
21
0.4402755905511811
0
LINE
8
BLACK
6
CONTINUOUS
10
0.135
20
0.4402755905511811
11
0.1346813385826772
21
0.440338937007874
0
LINE
8
BLACK
6
CONTINUOUS
10
0.1346813385826772
20
0.440338937007874
11
0.1333411417322835
21
0.4404944488188977
0
LINE
8
BLACK
6
CONTINUOUS
10
0.1333411417322835
20
0.4404944488188977
11
0.1328832283464567
21
0.4406966141732284
0
LINE
8
BLACK
6
CONTINUOUS
10
0.1328832283464567
20
0.4406966141732284
11
0.1319867322834646
21
0.4408749606299213
0
LINE
8
BLACK
6
CONTINUOUS
10
0.1319867322834646
20
0.4408749606299213
11
0.1310269291338583
21
0.4415162598425197
0
LINE
8
BLACK
6
CONTINUOUS
10
0.1310269291338583
20
0.4415162598425197
11
0.1305886614173228
21
0.4417098031496063
0
LINE
8
BLACK
6
CONTINUOUS
10
0.1305886614173228
20
0.4417098031496063
11
0.1302892519685039
21
0.4420091732283464
0
LINE
8
BLACK
6
CONTINUOUS
10
0.1302892519685039
20
0.4420091732283464
11
0.1294322440944882
21
0.4425818503937008
0
LINE
8
BLACK
6
CONTINUOUS
10
0.1294322440944882
20
0.4425818503937008
11
0.1288595669291339
21
0.4434388582677165
0
LINE
8
BLACK
6
CONTINUOUS
10
0.1288595669291339
20
0.4434388582677165
11
0.1285601968503937
21
0.4437382677165354
0
LINE
8
BLACK
6
CONTINUOUS
10
0.1285601968503937
20
0.4437382677165354
11
0.1283666535433071
21
0.4441765354330708
0
LINE
8
BLACK
6
CONTINUOUS
10
0.1283666535433071
20
0.4441765354330708
11
0.1277253543307087
21
0.4451363385826771
0
LINE
8
BLACK
6
CONTINUOUS
10
0.1277253543307087
20
0.4451363385826771
11
0.1275470078740157
21
0.4460328346456693
0
LINE
8
BLACK
6
CONTINUOUS
10
0.1275470078740157
20
0.4460328346456693
11
0.127344842519685
21
0.4464907480314961
0
LINE
8
BLACK
6
CONTINUOUS
10
0.127344842519685
20
0.4464907480314961
11
0.1271893307086614
21
0.4478310236220472
0
LINE
8
BLACK
6
CONTINUOUS
10
0.1271893307086614
20
0.4478310236220472
11
0.1271259842519685
21
0.4481496062992126
0
LINE
8
BLACK
6
CONTINUOUS
10
0.1271259842519685
20
0.4481496062992126
11
0.1271259842519685
21
0.5981496062992125
0
LINE
8
BLACK
6
CONTINUOUS
10
0.1271259842519685
20
0.5981496062992125
11
0.1271893700787401
21
0.5984683070866141
0
LINE
8
BLACK
6
CONTINUOUS
10
0.1271893700787401
20
0.5984683070866141
11
0.127344842519685
21
0.5998084251968504
0
LINE
8
BLACK
6
CONTINUOUS
10
0.127344842519685
20
0.5998084251968504
11
0.1275470078740157
21
0.6002662992125984
0
LINE
8
BLACK
6
CONTINUOUS
10
0.1275470078740157
20
0.6002662992125984
11
0.1277253543307087
21
0.601162874015748
0
LINE
8
BLACK
6
CONTINUOUS
10
0.1277253543307087
20
0.601162874015748
11
0.1283666929133858
21
0.602122716535433
0
LINE
8
BLACK
6
CONTINUOUS
10
0.1283666929133858
20
0.602122716535433
11
0.1285601968503937
21
0.602560905511811
0
LINE
8
BLACK
6
CONTINUOUS
10
0.1285601968503937
20
0.602560905511811
11
0.1288594881889764
21
0.6028601968503937
0
LINE
8
BLACK
6
CONTINUOUS
10
0.1288594881889764
20
0.6028601968503937
11
0.1294322440944882
21
0.6037173622047244
0
LINE
8
BLACK
6
CONTINUOUS
10
0.1294322440944882
20
0.6037173622047244
11
0.1302893700787401
21
0.6042900787401575
0
LINE
8
BLACK
6
CONTINUOUS
10
0.1302893700787401
20
0.6042900787401575
11
0.1305886614173228
21
0.6045893700787401
0
LINE
8
BLACK
6
CONTINUOUS
10
0.1305886614173228
20
0.6045893700787401
11
0.1310267716535433
21
0.6047827952755905
0
LINE
8
BLACK
6
CONTINUOUS
10
0.1310267716535433
20
0.6047827952755905
11
0.1319867322834646
21
0.6054242519685039
0
LINE
8
BLACK
6
CONTINUOUS
10
0.1319867322834646
20
0.6054242519685039
11
0.1328833858267716
21
0.6056025984251968
0
LINE
8
BLACK
6
CONTINUOUS
10
0.1328833858267716
20
0.6056025984251968
11
0.1333411417322835
21
0.6058047244094488
0
LINE
8
BLACK
6
CONTINUOUS
10
0.1333411417322835
20
0.6058047244094488
11
0.1346809448818898
21
0.605960157480315
0
LINE
8
BLACK
6
CONTINUOUS
10
0.1346809448818898
20
0.605960157480315
11
0.135
21
0.606023622047244
0
LINE
8
BLACK
6
CONTINUOUS
10
0.135
20
0.606023622047244
11
0.285
21
0.606023622047244
0
LINE
8
BLACK
6
CONTINUOUS
10
0.285
20
0.606023622047244
11
0.2853191732283464
21
0.6059601181102362
0
LINE
8
BLACK
6
CONTINUOUS
10
0.4821695669291339
20
0.6059601181102362
11
0.4835092125984252
21
0.6058047244094488
0
LINE
8
BLACK
6
CONTINUOUS
10
0.4835092125984252
20
0.6058047244094488
11
0.4839668897637795
21
0.6056025984251968
0
LINE
8
BLACK
6
CONTINUOUS
10
0.4839668897637795
20
0.6056025984251968
11
0.4848636614173228
21
0.6054242519685039
0
LINE
8
BLACK
6
CONTINUOUS
10
0.4848636614173228
20
0.6054242519685039
11
0.4858236614173228
21
0.6047827559055118
0
LINE
8
BLACK
6
CONTINUOUS
10
0.4858236614173228
20
0.6047827559055118
11
0.4862616929133858
21
0.6045893700787401
0
LINE
8
BLACK
6
CONTINUOUS
10
0.4862616929133858
20
0.6045893700787401
11
0.4865608661417323
21
0.6042901574803149
0
LINE
8
BLACK
6
CONTINUOUS
10
0.4865608661417323
20
0.6042901574803149
11
0.4874181496062992
21
0.6037173622047244
0
LINE
8
BLACK
6
CONTINUOUS
10
0.4874181496062992
20
0.6037173622047244
11
0.4879909448818898
21
0.6028600787401575
0
LINE
8
BLACK
6
CONTINUOUS
10
0.4879909448818898
20
0.6028600787401575
11
0.488290157480315
21
0.602560905511811
0
LINE
8
BLACK
6
CONTINUOUS
10
0.488290157480315
20
0.602560905511811
11
0.4884835433070866
21
0.602122874015748
0
LINE
8
BLACK
6
CONTINUOUS
10
0.4884835433070866
20
0.602122874015748
11
0.4891250393700787
21
0.601162874015748
0
LINE
8
BLACK
6
CONTINUOUS
10
0.4891250393700787
20
0.601162874015748
11
0.4893033858267716
21
0.6002661023622047
0
LINE
8
BLACK
6
CONTINUOUS
10
0.4893033858267716
20
0.6002661023622047
11
0.4895055118110236
21
0.5998084251968504
0
LINE
8
BLACK
6
CONTINUOUS
10
0.4895055118110236
20
0.5998084251968504
11
0.489660905511811
21
0.5984687007874016
0
LINE
8
BLACK
6
CONTINUOUS
10
0.489660905511811
20
0.5984687007874016
11
0.4897244094488189
21
0.5981496062992125
0
LINE
8
BLACK
6
CONTINUOUS
10
0.4897244094488189
20
0.5981496062992125
11
0.4897244094488189
21
0.4481496062992126
0
LINE
8
BLACK
6
CONTINUOUS
10
0.4897244094488189
20
0.4481496062992126
11
0.489660905511811
21
0.4478304724409449
0
LINE
8
BLACK
6
CONTINUOUS
10
0.489660905511811
20
0.4478304724409449
11
0.4895055118110236
21
0.4464907480314961
0
LINE
8
BLACK
6
CONTINUOUS
10
0.4895055118110236
20
0.4464907480314961
11
0.4893033858267716
21
0.4460329921259842
0
LINE
8
BLACK
6
CONTINUOUS
10
0.4893033858267716
20
0.4460329921259842
11
0.4891250393700787
21
0.4451363385826771
0
LINE
8
BLACK
6
CONTINUOUS
10
0.4891250393700787
20
0.4451363385826771
11
0.4884835826771654
21
0.4441763779527559
0
LINE
8
BLACK
6
CONTINUOUS
10
0.4884835826771654
20
0.4441763779527559
11
0.488290157480315
21
0.4437382677165354
0
LINE
8
BLACK
6
CONTINUOUS
10
0.488290157480315
20
0.4437382677165354
11
0.4879908661417323
21
0.4434389763779528
0
LINE
8
BLACK
6
CONTINUOUS
10
0.4879908661417323
20
0.4434389763779528
11
0.4874181496062992
21
0.4425818503937008
0
LINE
8
BLACK
6
CONTINUOUS
10
0.4874181496062992
20
0.4425818503937008
11
0.4865609842519685
21
0.442009094488189
0
LINE
8
BLACK
6
CONTINUOUS
10
0.4865609842519685
20
0.442009094488189
11
0.4862616929133858
21
0.4417098031496063
0
LINE
8
BLACK
6
CONTINUOUS
10
0.4862616929133858
20
0.4417098031496063
11
0.4858235039370079
21
0.4415162992125984
0
LINE
8
BLACK
6
CONTINUOUS
10
0.4858235039370079
20
0.4415162992125984
11
0.4848636614173228
21
0.4408749606299213
0
LINE
8
BLACK
6
CONTINUOUS
10
0.4848636614173228
20
0.4408749606299213
11
0.4839670866141732
21
0.4406966141732284
0
LINE
8
BLACK
6
CONTINUOUS
10
0.4839670866141732
20
0.4406966141732284
11
0.4835092125984252
21
0.4404944488188977
0
LINE
8
BLACK
6
CONTINUOUS
10
0.4835092125984252
20
0.4404944488188977
11
0.4821690157480315
21
0.440338937007874
0
LINE
8
BLACK
6
CONTINUOUS
10
0.4821690157480315
20
0.440338937007874
11
0.4818503937007874
21
0.4402755905511811
0
LINE
8
BLACK
6
CONTINUOUS
10
0.4818503937007874
20
0.4402755905511811
11
0.481622716535433
21
0.4402755905511811
0
LINE
8
BLACK
6
CONTINUOUS
10
0.481622716535433
20
0.4402755905511811
11
0.3320781102362205
21
0.4402755905511811
0
LINE
8
BLACK
6
CONTINUOUS
10
0.3320781102362205
20
0.4402755905511811
11
0.3318503937007874
21
0.4402755905511811
0
LINE
8
BLACK
6
CONTINUOUS
10
0.3318503937007874
20
0.4402755905511811
11
0.3315317322834646
21
0.440338937007874
0
LINE
8
BLACK
6
CONTINUOUS
10
0.3315317322834646
20
0.440338937007874
11
0.3301915354330708
21
0.4404944488188977
0
LINE
8
BLACK
6
CONTINUOUS
10
0.3301915354330708
20
0.4404944488188977
11
0.3297336220472441
21
0.4406966141732284
0
LINE
8
BLACK
6
CONTINUOUS
10
0.3297336220472441
20
0.4406966141732284
11
0.328837125984252
21
0.4408749606299213
0
LINE
8
BLACK
6
CONTINUOUS
10
0.328837125984252
20
0.4408749606299213
11
0.3278773228346457
21
0.4415162598425197
0
LINE
8
BLACK
6
CONTINUOUS
10
0.3278773228346457
20
0.4415162598425197
11
0.3274390551181102
21
0.4417098031496063
0
LINE
8
BLACK
6
CONTINUOUS
10
0.3274390551181102
20
0.4417098031496063
11
0.3271396456692913
21
0.4420091732283464
0
LINE
8
BLACK
6
CONTINUOUS
10
0.3271396456692913
20
0.4420091732283464
11
0.3262826377952756
21
0.4425818503937008
0
LINE
8
BLACK
6
CONTINUOUS
10
0.3262826377952756
20
0.4425818503937008
11
0.3257099606299212
21
0.4434388582677165
0
LINE
8
BLACK
6
CONTINUOUS
10
0.3257099606299212
20
0.4434388582677165
11
0.3254105905511811
21
0.4437382677165354
0
LINE
8
BLACK
6
CONTINUOUS
10
0.3254105905511811
20
0.4437382677165354
11
0.3252170472440945
21
0.4441765354330708
0
LINE
8
BLACK
6
CONTINUOUS
10
0.3252170472440945
20
0.4441765354330708
11
0.3245757480314961
21
0.4451363385826771
0
LINE
8
BLACK
6
CONTINUOUS
10
0.3245757480314961
20
0.4451363385826771
11
0.3243974015748031
21
0.4460328346456693
0
LINE
8
BLACK
6
CONTINUOUS
10
0.3243974015748031
20
0.4460328346456693
11
0.3241952362204724
21
0.4464907480314961
0
LINE
8
BLACK
6
CONTINUOUS
10
0.3241952362204724
20
0.4464907480314961
11
0.3240397244094488
21
0.4478310236220472
0
LINE
8
BLACK
6
CONTINUOUS
10
0.3240397244094488
20
0.4478310236220472
11
0.3239763779527559
21
0.4481496062992126
0
LINE
8
BLACK
6
CONTINUOUS
10
0.3239763779527559
20
0.4481496062992126
11
0.3239763779527559
21
0.5981496062992125
0
LINE
8
BLACK
6
CONTINUOUS
10
0.3239763779527559
20
0.5981496062992125
11
0.3240397637795275
21
0.5984683070866141
0
LINE
8
BLACK
6
CONTINUOUS
10
0.3240397637795275
20
0.5984683070866141
11
0.3241952362204724
21
0.5998084251968504
0
LINE
8
BLACK
6
CONTINUOUS
10
0.3241952362204724
20
0.5998084251968504
11
0.3243974015748031
21
0.6002662992125984
0
LINE
8
BLACK
6
CONTINUOUS
10
0.3243974015748031
20
0.6002662992125984
11
0.3245757480314961
21
0.601162874015748
0
LINE
8
BLACK
6
CONTINUOUS
10
0.3245757480314961
20
0.601162874015748
11
0.3252170866141732
21
0.602122716535433
0
LINE
8
BLACK
6
CONTINUOUS
10
0.3252170866141732
20
0.602122716535433
11
0.3254105905511811
21
0.602560905511811
0
LINE
8
BLACK
6
CONTINUOUS
10
0.3254105905511811
20
0.602560905511811
11
0.3257098818897638
21
0.6028601968503937
0
LINE
8
BLACK
6
CONTINUOUS
10
0.3257098818897638
20
0.6028601968503937
11
0.3262826377952756
21
0.6037173622047244
0
LINE
8
BLACK
6
CONTINUOUS
10
0.3262826377952756
20
0.6037173622047244
11
0.3271397637795275
21
0.6042900787401575
0
LINE
8
BLACK
6
CONTINUOUS
10
0.3271397637795275
20
0.6042900787401575
11
0.3274390551181102
21
0.6045893700787401
0
LINE
8
BLACK
6
CONTINUOUS
10
0.3274390551181102
20
0.6045893700787401
11
0.3278771653543307
21
0.6047827952755905
0
LINE
8
BLACK
6
CONTINUOUS
10
0.3278771653543307
20
0.6047827952755905
11
0.328837125984252
21
0.6054242519685039
0
LINE
8
BLACK
6
CONTINUOUS
10
0.328837125984252
20
0.6054242519685039
11
0.3297337795275591
21
0.6056025984251968
0
LINE
8
BLACK
6
CONTINUOUS
10
0.3297337795275591
20
0.6056025984251968
11
0.3301915354330708
21
0.6058047244094488
0
LINE
8
BLACK
6
CONTINUOUS
10
0.3301915354330708
20
0.6058047244094488
11
0.3315313385826771
21
0.605960157480315
0
LINE
8
BLACK
6
CONTINUOUS
10
0.3315313385826771
20
0.605960157480315
11
0.3318503937007874
21
0.606023622047244
0
LINE
8
BLACK
6
CONTINUOUS
10
0.3318503937007874
20
0.606023622047244
11
0.4818503937007874
21
0.606023622047244
0
LINE
8
BLACK
6
CONTINUOUS
10
0.4818503937007874
20
0.606023622047244
11
0.4821695669291339
21
0.6059601181102362
0
LINE
8
BLACK
6
CONTINUOUS
10
1.668468779527559
20
0.6759601181102362
11
1.6698084251968504
21
0.6758047244094488
0
LINE
8
BLACK
6
CONTINUOUS
10
1.6698084251968504
20
0.6758047244094488
11
1.6702661023622047
21
0.6756025984251969
0
LINE
8
BLACK
6
CONTINUOUS
10
1.6702661023622047
20
0.6756025984251969
11
1.671162874015748
21
0.675424251968504
0
LINE
8
BLACK
6
CONTINUOUS
10
1.671162874015748
20
0.675424251968504
11
1.6721228740157479
21
0.6747827559055118
0
LINE
8
BLACK
6
CONTINUOUS
10
1.6721228740157479
20
0.6747827559055118
11
1.6725609055118109
21
0.6745893700787401
0
LINE
8
BLACK
6
CONTINUOUS
10
1.6725609055118109
20
0.6745893700787401
11
1.6728600787401575
21
0.674290157480315
0
LINE
8
BLACK
6
CONTINUOUS
10
1.6728600787401575
20
0.674290157480315
11
1.6737173622047243
21
0.6737173622047244
0
LINE
8
BLACK
6
CONTINUOUS
10
1.6737173622047243
20
0.6737173622047244
11
1.6742901574803148
21
0.6728600787401575
0
LINE
8
BLACK
6
CONTINUOUS
10
1.6742901574803148
20
0.6728600787401575
11
1.6745893700787402
21
0.672560905511811
0
LINE
8
BLACK
6
CONTINUOUS
10
1.6745893700787402
20
0.672560905511811
11
1.6747827559055117
21
0.672122874015748
0
LINE
8
BLACK
6
CONTINUOUS
10
1.6747827559055117
20
0.672122874015748
11
1.6754242519685039
21
0.671162874015748
0
LINE
8
BLACK
6
CONTINUOUS
10
1.6754242519685039
20
0.671162874015748
11
1.6756025984251968
21
0.6702661023622047
0
LINE
8
BLACK
6
CONTINUOUS
10
1.6756025984251968
20
0.6702661023622047
11
1.6758047244094487
21
0.6698084251968504
0
LINE
8
BLACK
6
CONTINUOUS
10
1.6758047244094487
20
0.6698084251968504
11
1.6759601181102362
21
0.6684687007874015
0
LINE
8
BLACK
6
CONTINUOUS
10
1.6759601181102362
20
0.6684687007874015
11
1.676023622047244
21
0.6681496062992126
0
LINE
8
BLACK
6
CONTINUOUS
10
1.676023622047244
20
0.6681496062992126
11
1.676023622047244
21
0.5181496062992126
0
LINE
8
BLACK
6
CONTINUOUS
10
1.676023622047244
20
0.5181496062992126
11
1.6759601181102362
21
0.5178304724409448
0
LINE
8
BLACK
6
CONTINUOUS
10
1.6759601181102362
20
0.5178304724409448
11
1.6758047244094487
21
0.5164907480314961
0
LINE
8
BLACK
6
CONTINUOUS
10
1.6758047244094487
20
0.5164907480314961
11
1.6756025984251968
21
0.5160329921259842
0
LINE
8
BLACK
6
CONTINUOUS
10
1.6756025984251968
20
0.5160329921259842
11
1.6754242519685039
21
0.5151363385826772
0
LINE
8
BLACK
6
CONTINUOUS
10
1.6754242519685039
20
0.5151363385826772
11
1.6747827952755905
21
0.5141763779527559
0
LINE
8
BLACK
6
CONTINUOUS
10
1.6747827952755905
20
0.5141763779527559
11
1.6745893700787402
21
0.5137382677165354
0
LINE
8
BLACK
6
CONTINUOUS
10
1.6745893700787402
20
0.5137382677165354
11
1.6742900787401573
21
0.5134389763779528
0
LINE
8
BLACK
6
CONTINUOUS
10
1.6742900787401573
20
0.5134389763779528
11
1.6737173622047243
21
0.5125818503937007
0
LINE
8
BLACK
6
CONTINUOUS
10
1.6737173622047243
20
0.5125818503937007
11
1.6728601968503936
21
0.512009094488189
0
LINE
8
BLACK
6
CONTINUOUS
10
1.6728601968503936
20
0.512009094488189
11
1.6725609055118109
21
0.5117098031496062
0
LINE
8
BLACK
6
CONTINUOUS
10
1.6725609055118109
20
0.5117098031496062
11
1.6721227165354331
21
0.5115162992125984
0
LINE
8
BLACK
6
CONTINUOUS
10
1.6721227165354331
20
0.5115162992125984
11
1.671162874015748
21
0.5108749606299212
0
LINE
8
BLACK
6
CONTINUOUS
10
1.671162874015748
20
0.5108749606299212
11
1.6702662992125983
21
0.5106966141732283
0
LINE
8
BLACK
6
CONTINUOUS
10
1.6702662992125983
20
0.5106966141732283
11
1.6698084251968504
21
0.5104944488188976
0
LINE
8
BLACK
6
CONTINUOUS
10
1.6698084251968504
20
0.5104944488188976
11
1.6684682283464567
21
0.510338937007874
0
LINE
8
BLACK
6
CONTINUOUS
10
1.6684682283464567
20
0.510338937007874
11
1.6681496062992125
21
0.5102755905511811
0
LINE
8
BLACK
6
CONTINUOUS
10
1.6681496062992125
20
0.5102755905511811
11
1.6679219291338583
21
0.5102755905511811
0
LINE
8
BLACK
6
CONTINUOUS
10
1.6679219291338583
20
0.5102755905511811
11
1.5183773228346455
21
0.5102755905511811
0
LINE
8
BLACK
6
CONTINUOUS
10
1.5183773228346455
20
0.5102755905511811
11
1.5181496062992126
21
0.5102755905511811
0
LINE
8
BLACK
6
CONTINUOUS
10
1.5181496062992126
20
0.5102755905511811
11
1.5178309448818896
21
0.510338937007874
0
LINE
8
BLACK
6
CONTINUOUS
10
1.5178309448818896
20
0.510338937007874
11
1.516490748031496
21
0.5104944488188976
0
LINE
8
BLACK
6
CONTINUOUS
10
1.516490748031496
20
0.5104944488188976
11
1.5160328346456693
21
0.5106966141732283
0
LINE
8
BLACK
6
CONTINUOUS
10
1.5160328346456693
20
0.5106966141732283
11
1.515136338582677
21
0.5108749606299212
0
LINE
8
BLACK
6
CONTINUOUS
10
1.515136338582677
20
0.5108749606299212
11
1.5141765354330707
21
0.5115162598425197
0
LINE
8
BLACK
6
CONTINUOUS
10
1.5141765354330707
20
0.5115162598425197
11
1.5137382677165354
21
0.5117098031496062
0
LINE
8
BLACK
6
CONTINUOUS
10
1.5137382677165354
20
0.5117098031496062
11
1.5134388582677165
21
0.5120091732283465
0
LINE
8
BLACK
6
CONTINUOUS
10
1.5134388582677165
20
0.5120091732283465
11
1.5125818503937007
21
0.5125818503937007
0
LINE
8
BLACK
6
CONTINUOUS
10
1.5125818503937007
20
0.5125818503937007
11
1.5120091732283465
21
0.5134388582677165
0
LINE
8
BLACK
6
CONTINUOUS
10
1.5120091732283465
20
0.5134388582677165
11
1.5117098031496063
21
0.5137382677165354
0
LINE
8
BLACK
6
CONTINUOUS
10
1.5117098031496063
20
0.5137382677165354
11
1.5115162598425196
21
0.5141765354330708
0
LINE
8
BLACK
6
CONTINUOUS
10
1.5115162598425196
20
0.5141765354330708
11
1.5108749606299212
21
0.5151363385826772
0
LINE
8
BLACK
6
CONTINUOUS
10
1.5108749606299212
20
0.5151363385826772
11
1.5106966141732283
21
0.5160328346456693
0
LINE
8
BLACK
6
CONTINUOUS
10
1.5106966141732283
20
0.5160328346456693
11
1.5104944488188976
21
0.5164907480314961
0
LINE
8
BLACK
6
CONTINUOUS
10
1.5104944488188976
20
0.5164907480314961
11
1.5103389370078739
21
0.5178310236220472
0
LINE
8
BLACK
6
CONTINUOUS
10
1.5103389370078739
20
0.5178310236220472
11
1.5102755905511811
21
0.5181496062992126
0
LINE
8
BLACK
6
CONTINUOUS
10
1.5102755905511811
20
0.5181496062992126
11
1.5102755905511811
21
0.6681496062992126
0
LINE
8
BLACK
6
CONTINUOUS
10
1.5102755905511811
20
0.6681496062992126
11
1.5103389763779527
21
0.6684683070866142
0
LINE
8
BLACK
6
CONTINUOUS
10
1.5103389763779527
20
0.6684683070866142
11
1.5104944488188976
21
0.6698084251968504
0
LINE
8
BLACK
6
CONTINUOUS
10
1.5104944488188976
20
0.6698084251968504
11
1.5106966141732283
21
0.6702662992125984
0
LINE
8
BLACK
6
CONTINUOUS
10
1.5106966141732283
20
0.6702662992125984
11
1.5108749606299212
21
0.671162874015748
0
LINE
8
BLACK
6
CONTINUOUS
10
1.5108749606299212
20
0.671162874015748
11
1.5115162992125983
21
0.6721227165354331
0
LINE
8
BLACK
6
CONTINUOUS
10
1.5115162992125983
20
0.6721227165354331
11
1.5117098031496063
21
0.672560905511811
0
LINE
8
BLACK
6
CONTINUOUS
10
1.5117098031496063
20
0.672560905511811
11
1.512009094488189
21
0.6728601968503937
0
LINE
8
BLACK
6
CONTINUOUS
10
1.512009094488189
20
0.6728601968503937
11
1.5125818503937007
21
0.6737173622047244
0
LINE
8
BLACK
6
CONTINUOUS
10
1.5125818503937007
20
0.6737173622047244
11
1.5134389763779528
21
0.6742900787401575
0
LINE
8
BLACK
6
CONTINUOUS
10
1.5134389763779528
20
0.6742900787401575
11
1.5137382677165354
21
0.6745893700787401
0
LINE
8
BLACK
6
CONTINUOUS
10
1.5137382677165354
20
0.6745893700787401
11
1.5141763779527559
21
0.6747827952755905
0
LINE
8
BLACK
6
CONTINUOUS
10
1.5141763779527559
20
0.6747827952755905
11
1.515136338582677
21
0.675424251968504
0
LINE
8
BLACK
6
CONTINUOUS
10
1.515136338582677
20
0.675424251968504
11
1.5160329921259843
21
0.6756025984251969
0
LINE
8
BLACK
6
CONTINUOUS
10
1.5160329921259843
20
0.6756025984251969
11
1.516490748031496
21
0.6758047244094488
0
LINE
8
BLACK
6
CONTINUOUS
10
1.516490748031496
20
0.6758047244094488
11
1.5178305511811023
21
0.6759601574803149
0
LINE
8
BLACK
6
CONTINUOUS
10
1.5178305511811023
20
0.6759601574803149
11
1.5181496062992126
21
0.6760236220472441
0
LINE
8
BLACK
6
CONTINUOUS
10
1.5181496062992126
20
0.6760236220472441
11
1.6681496062992125
21
0.6760236220472441
0
LINE
8
BLACK
6
CONTINUOUS
10
1.6681496062992125
20
0.6760236220472441
11
1.668468779527559
21
0.6759601181102362
0
LINE
8
BLACK
6
CONTINUOUS
10
1.8653191732283465
20
0.6759601181102362
11
1.8666588188976379
21
0.6758047244094488
0
LINE
8
BLACK
6
CONTINUOUS
10
1.8666588188976379
20
0.6758047244094488
11
1.867116496062992
21
0.6756025984251969
0
LINE
8
BLACK
6
CONTINUOUS
10
1.867116496062992
20
0.6756025984251969
11
1.8680132677165353
21
0.675424251968504
0
LINE
8
BLACK
6
CONTINUOUS
10
1.8680132677165353
20
0.675424251968504
11
1.8689732677165354
21
0.6747827559055118
0
LINE
8
BLACK
6
CONTINUOUS
10
1.8689732677165354
20
0.6747827559055118
11
1.8694112992125984
21
0.6745893700787401
0
LINE
8
BLACK
6
CONTINUOUS
10
1.8694112992125984
20
0.6745893700787401
11
1.8697104724409448
21
0.674290157480315
0
LINE
8
BLACK
6
CONTINUOUS
10
1.8697104724409448
20
0.674290157480315
11
1.8705677559055118
21
0.6737173622047244
0
LINE
8
BLACK
6
CONTINUOUS
10
1.8705677559055118
20
0.6737173622047244
11
1.8711405511811023
21
0.6728600787401575
0
LINE
8
BLACK
6
CONTINUOUS
10
1.8711405511811023
20
0.6728600787401575
11
1.8714397637795275
21
0.672560905511811
0
LINE
8
BLACK
6
CONTINUOUS
10
1.8714397637795275
20
0.672560905511811
11
1.8716331496062992
21
0.672122874015748
0
LINE
8
BLACK
6
CONTINUOUS
10
1.8716331496062992
20
0.672122874015748
11
1.8722746456692914
21
0.671162874015748
0
LINE
8
BLACK
6
CONTINUOUS
10
1.8722746456692914
20
0.671162874015748
11
1.8724529921259843
21
0.6702661023622047
0
LINE
8
BLACK
6
CONTINUOUS
10
1.8724529921259843
20
0.6702661023622047
11
1.8726551181102362
21
0.6698084251968504
0
LINE
8
BLACK
6
CONTINUOUS
10
1.8726551181102362
20
0.6698084251968504
11
1.8728105118110236
21
0.6684687007874015
0
LINE
8
BLACK
6
CONTINUOUS
10
1.8728105118110236
20
0.6684687007874015
11
1.8728740157480315
21
0.6681496062992126
0
LINE
8
BLACK
6
CONTINUOUS
10
1.8728740157480315
20
0.6681496062992126
11
1.8728740157480315
21
0.5181496062992126
0
LINE
8
BLACK
6
CONTINUOUS
10
1.8728740157480315
20
0.5181496062992126
11
1.8728105118110236
21
0.5178304724409448
0
LINE
8
BLACK
6
CONTINUOUS
10
1.8728105118110236
20
0.5178304724409448
11
1.8726551181102362
21
0.5164907480314961
0
LINE
8
BLACK
6
CONTINUOUS
10
1.8726551181102362
20
0.5164907480314961
11
1.8724529921259843
21
0.5160329921259842
0
LINE
8
BLACK
6
CONTINUOUS
10
1.8724529921259843
20
0.5160329921259842
11
1.8722746456692914
21
0.5151363385826772
0
LINE
8
BLACK
6
CONTINUOUS
10
1.8722746456692914
20
0.5151363385826772
11
1.871633188976378
21
0.5141763779527559
0
LINE
8
BLACK
6
CONTINUOUS
10
1.871633188976378
20
0.5141763779527559
11
1.8714397637795275
21
0.5137382677165354
0
LINE
8
BLACK
6
CONTINUOUS
10
1.8714397637795275
20
0.5137382677165354
11
1.8711404724409448
21
0.5134389763779528
0
LINE
8
BLACK
6
CONTINUOUS
10
1.8711404724409448
20
0.5134389763779528
11
1.8705677559055118
21
0.5125818503937007
0
LINE
8
BLACK
6
CONTINUOUS
10
1.8705677559055118
20
0.5125818503937007
11
1.8697105905511811
21
0.512009094488189
0
LINE
8
BLACK
6
CONTINUOUS
10
1.8697105905511811
20
0.512009094488189
11
1.8694112992125984
21
0.5117098031496062
0
LINE
8
BLACK
6
CONTINUOUS
10
1.8694112992125984
20
0.5117098031496062
11
1.8689731102362204
21
0.5115162992125984
0
LINE
8
BLACK
6
CONTINUOUS
10
1.8689731102362204
20
0.5115162992125984
11
1.8680132677165353
21
0.5108749606299212
0
LINE
8
BLACK
6
CONTINUOUS
10
1.8680132677165353
20
0.5108749606299212
11
1.8671166929133858
21
0.5106966141732283
0
LINE
8
BLACK
6
CONTINUOUS
10
1.8671166929133858
20
0.5106966141732283
11
1.8666588188976379
21
0.5104944488188976
0
LINE
8
BLACK
6
CONTINUOUS
10
1.8666588188976379
20
0.5104944488188976
11
1.865318622047244
21
0.510338937007874
0
LINE
8
BLACK
6
CONTINUOUS
10
1.865318622047244
20
0.510338937007874
11
1.865
21
0.5102755905511811
0
LINE
8
BLACK
6
CONTINUOUS
10
1.865
20
0.5102755905511811
11
1.8647723228346456
21
0.5102755905511811
0
LINE
8
BLACK
6
CONTINUOUS
10
1.8647723228346456
20
0.5102755905511811
11
1.715227716535433
21
0.5102755905511811
0
LINE
8
BLACK
6
CONTINUOUS
10
1.715227716535433
20
0.5102755905511811
11
1.7149999999999999
21
0.5102755905511811
0
LINE
8
BLACK
6
CONTINUOUS
10
1.7149999999999999
20
0.5102755905511811
11
1.7146813385826771
21
0.510338937007874
0
LINE
8
BLACK
6
CONTINUOUS
10
1.7146813385826771
20
0.510338937007874
11
1.7133411417322835
21
0.5104944488188976
0
LINE
8
BLACK
6
CONTINUOUS
10
1.7133411417322835
20
0.5104944488188976
11
1.7128832283464566
21
0.5106966141732283
0
LINE
8
BLACK
6
CONTINUOUS
10
1.7128832283464566
20
0.5106966141732283
11
1.7119867322834645
21
0.5108749606299212
0
LINE
8
BLACK
6
CONTINUOUS
10
1.7119867322834645
20
0.5108749606299212
11
1.7110269291338582
21
0.5115162598425197
0
LINE
8
BLACK
6
CONTINUOUS
10
1.7110269291338582
20
0.5115162598425197
11
1.7105886614173227
21
0.5117098031496062
0
LINE
8
BLACK
6
CONTINUOUS
10
1.7105886614173227
20
0.5117098031496062
11
1.7102892519685038
21
0.5120091732283465
0
LINE
8
BLACK
6
CONTINUOUS
10
1.7102892519685038
20
0.5120091732283465
11
1.7094322440944882
21
0.5125818503937007
0
LINE
8
BLACK
6
CONTINUOUS
10
1.7094322440944882
20
0.5125818503937007
11
1.7088595669291338
21
0.5134388582677165
0
LINE
8
BLACK
6
CONTINUOUS
10
1.7088595669291338
20
0.5134388582677165
11
1.7085601968503936
21
0.5137382677165354
0
LINE
8
BLACK
6
CONTINUOUS
10
1.7085601968503936
20
0.5137382677165354
11
1.7083666535433071
21
0.5141765354330708
0
LINE
8
BLACK
6
CONTINUOUS
10
1.7083666535433071
20
0.5141765354330708
11
1.7077253543307087
21
0.5151363385826772
0
LINE
8
BLACK
6
CONTINUOUS
10
1.7077253543307087
20
0.5151363385826772
11
1.7075470078740158
21
0.5160328346456693
0
LINE
8
BLACK
6
CONTINUOUS
10
1.7075470078740158
20
0.5160328346456693
11
1.7073448425196851
21
0.5164907480314961
0
LINE
8
BLACK
6
CONTINUOUS
10
1.7073448425196851
20
0.5164907480314961
11
1.7071893307086614
21
0.5178310236220472
0
LINE
8
BLACK
6
CONTINUOUS
10
1.7071893307086614
20
0.5178310236220472
11
1.7071259842519684
21
0.5181496062992126
0
LINE
8
BLACK
6
CONTINUOUS
10
1.7071259842519684
20
0.5181496062992126
11
1.7071259842519684
21
0.6681496062992126
0
LINE
8
BLACK
6
CONTINUOUS
10
1.7071259842519684
20
0.6681496062992126
11
1.7071893700787402
21
0.6684683070866142
0
LINE
8
BLACK
6
CONTINUOUS
10
1.7071893700787402
20
0.6684683070866142
11
1.7073448425196851
21
0.6698084251968504
0
LINE
8
BLACK
6
CONTINUOUS
10
1.7073448425196851
20
0.6698084251968504
11
1.7075470078740158
21
0.6702662992125984
0
LINE
8
BLACK
6
CONTINUOUS
10
1.7075470078740158
20
0.6702662992125984
11
1.7077253543307087
21
0.671162874015748
0
LINE
8
BLACK
6
CONTINUOUS
10
1.7077253543307087
20
0.671162874015748
11
1.7083666929133858
21
0.6721227165354331
0
LINE
8
BLACK
6
CONTINUOUS
10
1.7083666929133858
20
0.6721227165354331
11
1.7085601968503936
21
0.672560905511811
0
LINE
8
BLACK
6
CONTINUOUS
10
1.7085601968503936
20
0.672560905511811
11
1.7088594881889763
21
0.6728601968503937
0
LINE
8
BLACK
6
CONTINUOUS
10
1.7088594881889763
20
0.6728601968503937
11
1.7094322440944882
21
0.6737173622047244
0
LINE
8
BLACK
6
CONTINUOUS
10
1.7094322440944882
20
0.6737173622047244
11
1.71028937007874
21
0.6742900787401575
0
LINE
8
BLACK
6
CONTINUOUS
10
1.71028937007874
20
0.6742900787401575
11
1.7105886614173227
21
0.6745893700787401
0
LINE
8
BLACK
6
CONTINUOUS
10
1.7105886614173227
20
0.6745893700787401
11
1.7110267716535432
21
0.6747827952755905
0
LINE
8
BLACK
6
CONTINUOUS
10
1.7110267716535432
20
0.6747827952755905
11
1.7119867322834645
21
0.675424251968504
0
LINE
8
BLACK
6
CONTINUOUS
10
1.7119867322834645
20
0.675424251968504
11
1.7128833858267716
21
0.6756025984251969
0
LINE
8
BLACK
6
CONTINUOUS
10
1.7128833858267716
20
0.6756025984251969
11
1.7133411417322835
21
0.6758047244094488
0
LINE
8
BLACK
6
CONTINUOUS
10
1.7133411417322835
20
0.6758047244094488
11
1.7146809448818898
21
0.6759601574803149
0
LINE
8
BLACK
6
CONTINUOUS
10
1.7146809448818898
20
0.6759601574803149
11
1.7149999999999999
21
0.6760236220472441
0
LINE
8
BLACK
6
CONTINUOUS
10
1.7149999999999999
20
0.6760236220472441
11
1.865
21
0.6760236220472441
0
LINE
8
BLACK
6
CONTINUOUS
10
1.865
20
0.6760236220472441
11
1.8653191732283465
21
0.6759601181102362
0
LINE
8
BLACK
6
CONTINUOUS
10
0.2853191732283464
20
0.8028105118110236
11
0.2866588188976378
21
0.8026551181102362
0
LINE
8
BLACK
6
CONTINUOUS
10
0.2866588188976378
20
0.8026551181102362
11
0.2871164960629921
21
0.8024529921259842
0
LINE
8
BLACK
6
CONTINUOUS
10
0.2871164960629921
20
0.8024529921259842
11
0.2880132677165354
21
0.8022746456692913
0
LINE
8
BLACK
6
CONTINUOUS
10
0.2880132677165354
20
0.8022746456692913
11
0.2889732677165354
21
0.8016331496062992
0
LINE
8
BLACK
6
CONTINUOUS
10
0.2889732677165354
20
0.8016331496062992
11
0.2894112992125984
21
0.8014397637795275
0
LINE
8
BLACK
6
CONTINUOUS
10
0.2894112992125984
20
0.8014397637795275
11
0.2897104724409449
21
0.8011405511811024
0
LINE
8
BLACK
6
CONTINUOUS
10
0.2897104724409449
20
0.8011405511811024
11
0.2905677559055118
21
0.8005677559055118
0
LINE
8
BLACK
6
CONTINUOUS
10
0.2905677559055118
20
0.8005677559055118
11
0.2911405511811024
21
0.7997104724409448
0
LINE
8
BLACK
6
CONTINUOUS
10
0.2911405511811024
20
0.7997104724409448
11
0.2914397637795276
21
0.7994112992125985
0
LINE
8
BLACK
6
CONTINUOUS
10
0.2914397637795276
20
0.7994112992125985
11
0.2916331496062992
21
0.7989732677165354
0
LINE
8
BLACK
6
CONTINUOUS
10
0.2916331496062992
20
0.7989732677165354
11
0.2922746456692913
21
0.7980132677165355
0
LINE
8
BLACK
6
CONTINUOUS
10
0.2922746456692913
20
0.7980132677165355
11
0.2924529921259842
21
0.7971164960629921
0
LINE
8
BLACK
6
CONTINUOUS
10
0.2924529921259842
20
0.7971164960629921
11
0.2926551181102362
21
0.7966588188976378
0
LINE
8
BLACK
6
CONTINUOUS
10
0.2926551181102362
20
0.7966588188976378
11
0.2928105118110236
21
0.7953190944881889
0
LINE
8
BLACK
6
CONTINUOUS
10
0.2928105118110236
20
0.7953190944881889
11
0.2928740157480315
21
0.7949999999999999
0
LINE
8
BLACK
6
CONTINUOUS
10
0.2928740157480315
20
0.7949999999999999
11
0.2928740157480315
21
0.645
0
LINE
8
BLACK
6
CONTINUOUS
10
0.2928740157480315
20
0.645
11
0.2928105118110236
21
0.6446808661417323
0
LINE
8
BLACK
6
CONTINUOUS
10
0.2928105118110236
20
0.6446808661417323
11
0.2926551181102362
21
0.6433411417322834
0
LINE
8
BLACK
6
CONTINUOUS
10
0.2926551181102362
20
0.6433411417322834
11
0.2924529921259842
21
0.6428833858267716
0
LINE
8
BLACK
6
CONTINUOUS
10
0.2924529921259842
20
0.6428833858267716
11
0.2922746456692913
21
0.6419867322834646
0
LINE
8
BLACK
6
CONTINUOUS
10
0.2922746456692913
20
0.6419867322834646
11
0.291633188976378
21
0.6410267716535433
0
LINE
8
BLACK
6
CONTINUOUS
10
0.291633188976378
20
0.6410267716535433
11
0.2914397637795276
21
0.6405886614173228
0
LINE
8
BLACK
6
CONTINUOUS
10
0.2914397637795276
20
0.6405886614173228
11
0.2911404724409449
21
0.6402893700787401
0
LINE
8
BLACK
6
CONTINUOUS
10
0.2911404724409449
20
0.6402893700787401
11
0.2905677559055118
21
0.6394322440944882
0
LINE
8
BLACK
6
CONTINUOUS
10
0.2905677559055118
20
0.6394322440944882
11
0.2897105905511811
21
0.6388594881889763
0
LINE
8
BLACK
6
CONTINUOUS
10
0.2897105905511811
20
0.6388594881889763
11
0.2894112992125984
21
0.6385601968503937
0
LINE
8
BLACK
6
CONTINUOUS
10
0.2894112992125984
20
0.6385601968503937
11
0.2889731102362205
21
0.6383666929133858
0
LINE
8
BLACK
6
CONTINUOUS
10
0.2889731102362205
20
0.6383666929133858
11
0.2880132677165354
21
0.6377253543307086
0
LINE
8
BLACK
6
CONTINUOUS
10
0.2880132677165354
20
0.6377253543307086
11
0.2871166929133858
21
0.6375470078740157
0
LINE
8
BLACK
6
CONTINUOUS
10
0.2871166929133858
20
0.6375470078740157
11
0.2866588188976378
21
0.637344842519685
0
LINE
8
BLACK
6
CONTINUOUS
10
0.2866588188976378
20
0.637344842519685
11
0.2853186220472441
21
0.6371893307086614
0
LINE
8
BLACK
6
CONTINUOUS
10
0.2853186220472441
20
0.6371893307086614
11
0.285
21
0.6371259842519685
0
LINE
8
BLACK
6
CONTINUOUS
10
0.285
20
0.6371259842519685
11
0.2847723228346457
21
0.6371259842519685
0
LINE
8
BLACK
6
CONTINUOUS
10
0.2847723228346457
20
0.6371259842519685
11
0.1352277165354331
21
0.6371259842519685
0
LINE
8
BLACK
6
CONTINUOUS
10
0.1352277165354331
20
0.6371259842519685
11
0.135
21
0.6371259842519685
0
LINE
8
BLACK
6
CONTINUOUS
10
0.135
20
0.6371259842519685
11
0.1346813385826772
21
0.6371893307086614
0
LINE
8
BLACK
6
CONTINUOUS
10
0.1346813385826772
20
0.6371893307086614
11
0.1333411417322835
21
0.637344842519685
0
LINE
8
BLACK
6
CONTINUOUS
10
0.1333411417322835
20
0.637344842519685
11
0.1328832283464567
21
0.6375470078740157
0
LINE
8
BLACK
6
CONTINUOUS
10
0.1328832283464567
20
0.6375470078740157
11
0.1319867322834646
21
0.6377253543307086
0
LINE
8
BLACK
6
CONTINUOUS
10
0.1319867322834646
20
0.6377253543307086
11
0.1310269291338583
21
0.638366653543307
0
LINE
8
BLACK
6
CONTINUOUS
10
0.1310269291338583
20
0.638366653543307
11
0.1305886614173228
21
0.6385601968503937
0
LINE
8
BLACK
6
CONTINUOUS
10
0.1305886614173228
20
0.6385601968503937
11
0.1302892519685039
21
0.6388595669291338
0
LINE
8
BLACK
6
CONTINUOUS
10
0.1302892519685039
20
0.6388595669291338
11
0.1294322440944882
21
0.6394322440944882
0
LINE
8
BLACK
6
CONTINUOUS
10
0.1294322440944882
20
0.6394322440944882
11
0.1288595669291339
21
0.6402892519685039
0
LINE
8
BLACK
6
CONTINUOUS
10
0.1288595669291339
20
0.6402892519685039
11
0.1285601968503937
21
0.6405886614173228
0
LINE
8
BLACK
6
CONTINUOUS
10
0.1285601968503937
20
0.6405886614173228
11
0.1283666535433071
21
0.6410269291338583
0
LINE
8
BLACK
6
CONTINUOUS
10
0.1283666535433071
20
0.6410269291338583
11
0.1277253543307087
21
0.6419867322834646
0
LINE
8
BLACK
6
CONTINUOUS
10
0.1277253543307087
20
0.6419867322834646
11
0.1275470078740157
21
0.6428832283464567
0
LINE
8
BLACK
6
CONTINUOUS
10
0.1275470078740157
20
0.6428832283464567
11
0.127344842519685
21
0.6433411417322834
0
LINE
8
BLACK
6
CONTINUOUS
10
0.127344842519685
20
0.6433411417322834
11
0.1271893307086614
21
0.6446814173228347
0
LINE
8
BLACK
6
CONTINUOUS
10
0.1271893307086614
20
0.6446814173228347
11
0.1271259842519685
21
0.645
0
LINE
8
BLACK
6
CONTINUOUS
10
0.1271259842519685
20
0.645
11
0.1271259842519685
21
0.7949999999999999
0
LINE
8
BLACK
6
CONTINUOUS
10
0.1271259842519685
20
0.7949999999999999
11
0.1271893700787401
21
0.7953187007874015
0
LINE
8
BLACK
6
CONTINUOUS
10
0.1271893700787401
20
0.7953187007874015
11
0.127344842519685
21
0.7966588188976378
0
LINE
8
BLACK
6
CONTINUOUS
10
0.127344842519685
20
0.7966588188976378
11
0.1275470078740157
21
0.7971166929133858
0
LINE
8
BLACK
6
CONTINUOUS
10
0.1275470078740157
20
0.7971166929133858
11
0.1277253543307087
21
0.7980132677165355
0
LINE
8
BLACK
6
CONTINUOUS
10
0.1277253543307087
20
0.7980132677165355
11
0.1283666929133858
21
0.7989731102362204
0
LINE
8
BLACK
6
CONTINUOUS
10
0.1283666929133858
20
0.7989731102362204
11
0.1285601968503937
21
0.7994112992125985
0
LINE
8
BLACK
6
CONTINUOUS
10
0.1285601968503937
20
0.7994112992125985
11
0.1288594881889764
21
0.7997105905511811
0
LINE
8
BLACK
6
CONTINUOUS
10
0.1288594881889764
20
0.7997105905511811
11
0.1294322440944882
21
0.8005677559055118
0
LINE
8
BLACK
6
CONTINUOUS
10
0.1294322440944882
20
0.8005677559055118
11
0.1302893700787401
21
0.8011404724409449
0
LINE
8
BLACK
6
CONTINUOUS
10
0.1302893700787401
20
0.8011404724409449
11
0.1305886614173228
21
0.8014397637795275
0
LINE
8
BLACK
6
CONTINUOUS
10
0.1305886614173228
20
0.8014397637795275
11
0.1310267716535433
21
0.8016331889763779
0
LINE
8
BLACK
6
CONTINUOUS
10
0.1310267716535433
20
0.8016331889763779
11
0.1319867322834646
21
0.8022746456692913
0
LINE
8
BLACK
6
CONTINUOUS
10
0.1319867322834646
20
0.8022746456692913
11
0.1328833858267716
21
0.8024529921259842
0
LINE
8
BLACK
6
CONTINUOUS
10
0.1328833858267716
20
0.8024529921259842
11
0.1333411417322835
21
0.8026551181102362
0
LINE
8
BLACK
6
CONTINUOUS
10
0.1333411417322835
20
0.8026551181102362
11
0.1346809448818898
21
0.8028105511811023
0
LINE
8
BLACK
6
CONTINUOUS
10
0.1346809448818898
20
0.8028105511811023
11
0.135
21
0.8028740157480315
0
LINE
8
BLACK
6
CONTINUOUS
10
0.135
20
0.8028740157480315
11
0.285
21
0.8028740157480315
0
LINE
8
BLACK
6
CONTINUOUS
10
0.285
20
0.8028740157480315
11
0.2853191732283464
21
0.8028105118110236
0
LINE
8
BLACK
6
CONTINUOUS
10
0.4821695669291339
20
0.8028105118110236
11
0.4835092125984252
21
0.8026551181102362
0
LINE
8
BLACK
6
CONTINUOUS
10
0.4835092125984252
20
0.8026551181102362
11
0.4839668897637795
21
0.8024529921259842
0
LINE
8
BLACK
6
CONTINUOUS
10
0.4839668897637795
20
0.8024529921259842
11
0.4848636614173228
21
0.8022746456692913
0
LINE
8
BLACK
6
CONTINUOUS
10
0.4848636614173228
20
0.8022746456692913
11
0.4858236614173228
21
0.8016331496062992
0
LINE
8
BLACK
6
CONTINUOUS
10
0.4858236614173228
20
0.8016331496062992
11
0.4862616929133858
21
0.8014397637795275
0
LINE
8
BLACK
6
CONTINUOUS
10
0.4862616929133858
20
0.8014397637795275
11
0.4865608661417323
21
0.8011405511811024
0
LINE
8
BLACK
6
CONTINUOUS
10
0.4865608661417323
20
0.8011405511811024
11
0.4874181496062992
21
0.8005677559055118
0
LINE
8
BLACK
6
CONTINUOUS
10
0.4874181496062992
20
0.8005677559055118
11
0.4879909448818898
21
0.7997104724409448
0
LINE
8
BLACK
6
CONTINUOUS
10
0.4879909448818898
20
0.7997104724409448
11
0.488290157480315
21
0.7994112992125985
0
LINE
8
BLACK
6
CONTINUOUS
10
0.488290157480315
20
0.7994112992125985
11
0.4884835433070866
21
0.7989732677165354
0
LINE
8
BLACK
6
CONTINUOUS
10
0.4884835433070866
20
0.7989732677165354
11
0.4891250393700787
21
0.7980132677165355
0
LINE
8
BLACK
6
CONTINUOUS
10
0.4891250393700787
20
0.7980132677165355
11
0.4893033858267716
21
0.7971164960629921
0
LINE
8
BLACK
6
CONTINUOUS
10
0.4893033858267716
20
0.7971164960629921
11
0.4895055118110236
21
0.7966588188976378
0
LINE
8
BLACK
6
CONTINUOUS
10
0.4895055118110236
20
0.7966588188976378
11
0.489660905511811
21
0.7953190944881889
0
LINE
8
BLACK
6
CONTINUOUS
10
0.489660905511811
20
0.7953190944881889
11
0.4897244094488189
21
0.7949999999999999
0
LINE
8
BLACK
6
CONTINUOUS
10
0.4897244094488189
20
0.7949999999999999
11
0.4897244094488189
21
0.645
0
LINE
8
BLACK
6
CONTINUOUS
10
0.4897244094488189
20
0.645
11
0.489660905511811
21
0.6446808661417323
0
LINE
8
BLACK
6
CONTINUOUS
10
0.489660905511811
20
0.6446808661417323
11
0.4895055118110236
21
0.6433411417322834
0
LINE
8
BLACK
6
CONTINUOUS
10
0.4895055118110236
20
0.6433411417322834
11
0.4893033858267716
21
0.6428833858267716
0
LINE
8
BLACK
6
CONTINUOUS
10
0.4893033858267716
20
0.6428833858267716
11
0.4891250393700787
21
0.6419867322834646
0
LINE
8
BLACK
6
CONTINUOUS
10
0.4891250393700787
20
0.6419867322834646
11
0.4884835826771654
21
0.6410267716535433
0
LINE
8
BLACK
6
CONTINUOUS
10
0.4884835826771654
20
0.6410267716535433
11
0.488290157480315
21
0.6405886614173228
0
LINE
8
BLACK
6
CONTINUOUS
10
0.488290157480315
20
0.6405886614173228
11
0.4879908661417323
21
0.6402893700787401
0
LINE
8
BLACK
6
CONTINUOUS
10
0.4879908661417323
20
0.6402893700787401
11
0.4874181496062992
21
0.6394322440944882
0
LINE
8
BLACK
6
CONTINUOUS
10
0.4874181496062992
20
0.6394322440944882
11
0.4865609842519685
21
0.6388594881889763
0
LINE
8
BLACK
6
CONTINUOUS
10
0.4865609842519685
20
0.6388594881889763
11
0.4862616929133858
21
0.6385601968503937
0
LINE
8
BLACK
6
CONTINUOUS
10
0.4862616929133858
20
0.6385601968503937
11
0.4858235039370079
21
0.6383666929133858
0
LINE
8
BLACK
6
CONTINUOUS
10
0.4858235039370079
20
0.6383666929133858
11
0.4848636614173228
21
0.6377253543307086
0
LINE
8
BLACK
6
CONTINUOUS
10
0.4848636614173228
20
0.6377253543307086
11
0.4839670866141732
21
0.6375470078740157
0
LINE
8
BLACK
6
CONTINUOUS
10
0.4839670866141732
20
0.6375470078740157
11
0.4835092125984252
21
0.637344842519685
0
LINE
8
BLACK
6
CONTINUOUS
10
0.4835092125984252
20
0.637344842519685
11
0.4821690157480315
21
0.6371893307086614
0
LINE
8
BLACK
6
CONTINUOUS
10
0.4821690157480315
20
0.6371893307086614
11
0.4818503937007874
21
0.6371259842519685
0
LINE
8
BLACK
6
CONTINUOUS
10
0.4818503937007874
20
0.6371259842519685
11
0.481622716535433
21
0.6371259842519685
0
LINE
8
BLACK
6
CONTINUOUS
10
0.481622716535433
20
0.6371259842519685
11
0.3320781102362205
21
0.6371259842519685
0
LINE
8
BLACK
6
CONTINUOUS
10
0.3320781102362205
20
0.6371259842519685
11
0.3318503937007874
21
0.6371259842519685
0
LINE
8
BLACK
6
CONTINUOUS
10
0.3318503937007874
20
0.6371259842519685
11
0.3315317322834646
21
0.6371893307086614
0
LINE
8
BLACK
6
CONTINUOUS
10
0.3315317322834646
20
0.6371893307086614
11
0.3301915354330708
21
0.637344842519685
0
LINE
8
BLACK
6
CONTINUOUS
10
0.3301915354330708
20
0.637344842519685
11
0.3297336220472441
21
0.6375470078740157
0
LINE
8
BLACK
6
CONTINUOUS
10
0.3297336220472441
20
0.6375470078740157
11
0.328837125984252
21
0.6377253543307086
0
LINE
8
BLACK
6
CONTINUOUS
10
0.328837125984252
20
0.6377253543307086
11
0.3278773228346457
21
0.638366653543307
0
LINE
8
BLACK
6
CONTINUOUS
10
0.3278773228346457
20
0.638366653543307
11
0.3274390551181102
21
0.6385601968503937
0
LINE
8
BLACK
6
CONTINUOUS
10
0.3274390551181102
20
0.6385601968503937
11
0.3271396456692913
21
0.6388595669291338
0
LINE
8
BLACK
6
CONTINUOUS
10
0.3271396456692913
20
0.6388595669291338
11
0.3262826377952756
21
0.6394322440944882
0
LINE
8
BLACK
6
CONTINUOUS
10
0.3262826377952756
20
0.6394322440944882
11
0.3257099606299212
21
0.6402892519685039
0
LINE
8
BLACK
6
CONTINUOUS
10
0.3257099606299212
20
0.6402892519685039
11
0.3254105905511811
21
0.6405886614173228
0
LINE
8
BLACK
6
CONTINUOUS
10
0.3254105905511811
20
0.6405886614173228
11
0.3252170472440945
21
0.6410269291338583
0
LINE
8
BLACK
6
CONTINUOUS
10
0.3252170472440945
20
0.6410269291338583
11
0.3245757480314961
21
0.6419867322834646
0
LINE
8
BLACK
6
CONTINUOUS
10
0.3245757480314961
20
0.6419867322834646
11
0.3243974015748031
21
0.6428832283464567
0
LINE
8
BLACK
6
CONTINUOUS
10
0.3243974015748031
20
0.6428832283464567
11
0.3241952362204724
21
0.6433411417322834
0
LINE
8
BLACK
6
CONTINUOUS
10
0.3241952362204724
20
0.6433411417322834
11
0.3240397244094488
21
0.6446814173228347
0
LINE
8
BLACK
6
CONTINUOUS
10
0.3240397244094488
20
0.6446814173228347
11
0.3239763779527559
21
0.645
0
LINE
8
BLACK
6
CONTINUOUS
10
0.3239763779527559
20
0.645
11
0.3239763779527559
21
0.7949999999999999
0
LINE
8
BLACK
6
CONTINUOUS
10
0.3239763779527559
20
0.7949999999999999
11
0.3240397637795275
21
0.7953187007874015
0
LINE
8
BLACK
6
CONTINUOUS
10
0.3240397637795275
20
0.7953187007874015
11
0.3241952362204724
21
0.7966588188976378
0
LINE
8
BLACK
6
CONTINUOUS
10
0.3241952362204724
20
0.7966588188976378
11
0.3243974015748031
21
0.7971166929133858
0
LINE
8
BLACK
6
CONTINUOUS
10
0.3243974015748031
20
0.7971166929133858
11
0.3245757480314961
21
0.7980132677165355
0
LINE
8
BLACK
6
CONTINUOUS
10
0.3245757480314961
20
0.7980132677165355
11
0.3252170866141732
21
0.7989731102362204
0
LINE
8
BLACK
6
CONTINUOUS
10
0.3252170866141732
20
0.7989731102362204
11
0.3254105905511811
21
0.7994112992125985
0
LINE
8
BLACK
6
CONTINUOUS
10
0.3254105905511811
20
0.7994112992125985
11
0.3257098818897638
21
0.7997105905511811
0
LINE
8
BLACK
6
CONTINUOUS
10
0.3257098818897638
20
0.7997105905511811
11
0.3262826377952756
21
0.8005677559055118
0
LINE
8
BLACK
6
CONTINUOUS
10
0.3262826377952756
20
0.8005677559055118
11
0.3271397637795275
21
0.8011404724409449
0
LINE
8
BLACK
6
CONTINUOUS
10
0.3271397637795275
20
0.8011404724409449
11
0.3274390551181102
21
0.8014397637795275
0
LINE
8
BLACK
6
CONTINUOUS
10
0.3274390551181102
20
0.8014397637795275
11
0.3278771653543307
21
0.8016331889763779
0
LINE
8
BLACK
6
CONTINUOUS
10
0.3278771653543307
20
0.8016331889763779
11
0.328837125984252
21
0.8022746456692913
0
LINE
8
BLACK
6
CONTINUOUS
10
0.328837125984252
20
0.8022746456692913
11
0.3297337795275591
21
0.8024529921259842
0
LINE
8
BLACK
6
CONTINUOUS
10
0.3297337795275591
20
0.8024529921259842
11
0.3301915354330708
21
0.8026551181102362
0
LINE
8
BLACK
6
CONTINUOUS
10
0.3301915354330708
20
0.8026551181102362
11
0.3315313385826771
21
0.8028105511811023
0
LINE
8
BLACK
6
CONTINUOUS
10
0.3315313385826771
20
0.8028105511811023
11
0.3318503937007874
21
0.8028740157480315
0
LINE
8
BLACK
6
CONTINUOUS
10
0.3318503937007874
20
0.8028740157480315
11
0.4818503937007874
21
0.8028740157480315
0
LINE
8
BLACK
6
CONTINUOUS
10
0.4818503937007874
20
0.8028740157480315
11
0.4821695669291339
21
0.8028105118110236
0
LINE
8
BLACK
6
CONTINUOUS
10
1.668468779527559
20
0.8728105118110236
11
1.6698084251968504
21
0.8726551181102362
0
LINE
8
BLACK
6
CONTINUOUS
10
1.6698084251968504
20
0.8726551181102362
11
1.6702661023622047
21
0.8724529921259843
0
LINE
8
BLACK
6
CONTINUOUS
10
1.6702661023622047
20
0.8724529921259843
11
1.671162874015748
21
0.8722746456692914
0
LINE
8
BLACK
6
CONTINUOUS
10
1.671162874015748
20
0.8722746456692914
11
1.6721228740157479
21
0.8716331496062992
0
LINE
8
BLACK
6
CONTINUOUS
10
1.6721228740157479
20
0.8716331496062992
11
1.6725609055118109
21
0.8714397637795276
0
LINE
8
BLACK
6
CONTINUOUS
10
1.6725609055118109
20
0.8714397637795276
11
1.6728600787401575
21
0.8711405511811023
0
LINE
8
BLACK
6
CONTINUOUS
10
1.6728600787401575
20
0.8711405511811023
11
1.6737173622047243
21
0.8705677559055118
0
LINE
8
BLACK
6
CONTINUOUS
10
1.6737173622047243
20
0.8705677559055118
11
1.6742901574803148
21
0.8697104724409449
0
LINE
8
BLACK
6
CONTINUOUS
10
1.6742901574803148
20
0.8697104724409449
11
1.6745893700787402
21
0.8694112992125984
0
LINE
8
BLACK
6
CONTINUOUS
10
1.6745893700787402
20
0.8694112992125984
11
1.6747827559055117
21
0.8689732677165354
0
LINE
8
BLACK
6
CONTINUOUS
10
1.6747827559055117
20
0.8689732677165354
11
1.6754242519685039
21
0.8680132677165354
0
LINE
8
BLACK
6
CONTINUOUS
10
1.6754242519685039
20
0.8680132677165354
11
1.6756025984251968
21
0.8671164960629921
0
LINE
8
BLACK
6
CONTINUOUS
10
1.6756025984251968
20
0.8671164960629921
11
1.6758047244094487
21
0.8666588188976377
0
LINE
8
BLACK
6
CONTINUOUS
10
1.6758047244094487
20
0.8666588188976377
11
1.6759601181102362
21
0.865319094488189
0
LINE
8
BLACK
6
CONTINUOUS
10
1.6759601181102362
20
0.865319094488189
11
1.676023622047244
21
0.865
0
LINE
8
BLACK
6
CONTINUOUS
10
1.676023622047244
20
0.865
11
1.676023622047244
21
0.715
0
LINE
8
BLACK
6
CONTINUOUS
10
1.676023622047244
20
0.715
11
1.6759601181102362
21
0.7146808661417323
0
LINE
8
BLACK
6
CONTINUOUS
10
1.6759601181102362
20
0.7146808661417323
11
1.6758047244094487
21
0.7133411417322835
0
LINE
8
BLACK
6
CONTINUOUS
10
1.6758047244094487
20
0.7133411417322835
11
1.6756025984251968
21
0.7128833858267717
0
LINE
8
BLACK
6
CONTINUOUS
10
1.6756025984251968
20
0.7128833858267717
11
1.6754242519685039
21
0.7119867322834645
0
LINE
8
BLACK
6
CONTINUOUS
10
1.6754242519685039
20
0.7119867322834645
11
1.6747827952755905
21
0.7110267716535433
0
LINE
8
BLACK
6
CONTINUOUS
10
1.6747827952755905
20
0.7110267716535433
11
1.6745893700787402
21
0.7105886614173228
0
LINE
8
BLACK
6
CONTINUOUS
10
1.6745893700787402
20
0.7105886614173228
11
1.6742900787401573
21
0.7102893700787402
0
LINE
8
BLACK
6
CONTINUOUS
10
1.6742900787401573
20
0.7102893700787402
11
1.6737173622047243
21
0.7094322440944881
0
LINE
8
BLACK
6
CONTINUOUS
10
1.6737173622047243
20
0.7094322440944881
11
1.6728601968503936
21
0.7088594881889764
0
LINE
8
BLACK
6
CONTINUOUS
10
1.6728601968503936
20
0.7088594881889764
11
1.6725609055118109
21
0.7085601968503937
0
LINE
8
BLACK
6
CONTINUOUS
10
1.6725609055118109
20
0.7085601968503937
11
1.6721227165354331
21
0.7083666929133858
0
LINE
8
BLACK
6
CONTINUOUS
10
1.6721227165354331
20
0.7083666929133858
11
1.671162874015748
21
0.7077253543307086
0
LINE
8
BLACK
6
CONTINUOUS
10
1.671162874015748
20
0.7077253543307086
11
1.6702662992125983
21
0.7075470078740157
0
LINE
8
BLACK
6
CONTINUOUS
10
1.6702662992125983
20
0.7075470078740157
11
1.6698084251968504
21
0.707344842519685
0
LINE
8
BLACK
6
CONTINUOUS
10
1.6698084251968504
20
0.707344842519685
11
1.6684682283464567
21
0.7071893307086614
0
LINE
8
BLACK
6
CONTINUOUS
10
1.6684682283464567
20
0.7071893307086614
11
1.6681496062992125
21
0.7071259842519685
0
LINE
8
BLACK
6
CONTINUOUS
10
1.6681496062992125
20
0.7071259842519685
11
1.6679219291338583
21
0.7071259842519685
0
LINE
8
BLACK
6
CONTINUOUS
10
1.6679219291338583
20
0.7071259842519685
11
1.5183773228346455
21
0.7071259842519685
0
LINE
8
BLACK
6
CONTINUOUS
10
1.5183773228346455
20
0.7071259842519685
11
1.5181496062992126
21
0.7071259842519685
0
LINE
8
BLACK
6
CONTINUOUS
10
1.5181496062992126
20
0.7071259842519685
11
1.5178309448818896
21
0.7071893307086614
0
LINE
8
BLACK
6
CONTINUOUS
10
1.5178309448818896
20
0.7071893307086614
11
1.516490748031496
21
0.707344842519685
0
LINE
8
BLACK
6
CONTINUOUS
10
1.516490748031496
20
0.707344842519685
11
1.5160328346456693
21
0.7075470078740157
0
LINE
8
BLACK
6
CONTINUOUS
10
1.5160328346456693
20
0.7075470078740157
11
1.515136338582677
21
0.7077253543307086
0
LINE
8
BLACK
6
CONTINUOUS
10
1.515136338582677
20
0.7077253543307086
11
1.5141765354330707
21
0.7083666535433071
0
LINE
8
BLACK
6
CONTINUOUS
10
1.5141765354330707
20
0.7083666535433071
11
1.5137382677165354
21
0.7085601968503937
0
LINE
8
BLACK
6
CONTINUOUS
10
1.5137382677165354
20
0.7085601968503937
11
1.5134388582677165
21
0.7088595669291339
0
LINE
8
BLACK
6
CONTINUOUS
10
1.5134388582677165
20
0.7088595669291339
11
1.5125818503937007
21
0.7094322440944881
0
LINE
8
BLACK
6
CONTINUOUS
10
1.5125818503937007
20
0.7094322440944881
11
1.5120091732283465
21
0.7102892519685039
0
LINE
8
BLACK
6
CONTINUOUS
10
1.5120091732283465
20
0.7102892519685039
11
1.5117098031496063
21
0.7105886614173228
0
LINE
8
BLACK
6
CONTINUOUS
10
1.5117098031496063
20
0.7105886614173228
11
1.5115162598425196
21
0.7110269291338582
0
LINE
8
BLACK
6
CONTINUOUS
10
1.5115162598425196
20
0.7110269291338582
11
1.5108749606299212
21
0.7119867322834645
0
LINE
8
BLACK
6
CONTINUOUS
10
1.5108749606299212
20
0.7119867322834645
11
1.5106966141732283
21
0.7128832283464567
0
LINE
8
BLACK
6
CONTINUOUS
10
1.5106966141732283
20
0.7128832283464567
11
1.5104944488188976
21
0.7133411417322835
0
LINE
8
BLACK
6
CONTINUOUS
10
1.5104944488188976
20
0.7133411417322835
11
1.5103389370078739
21
0.7146814173228346
0
LINE
8
BLACK
6
CONTINUOUS
10
1.5103389370078739
20
0.7146814173228346
11
1.5102755905511811
21
0.715
0
LINE
8
BLACK
6
CONTINUOUS
10
1.5102755905511811
20
0.715
11
1.5102755905511811
21
0.865
0
LINE
8
BLACK
6
CONTINUOUS
10
1.5102755905511811
20
0.865
11
1.5103389763779527
21
0.8653187007874016
0
LINE
8
BLACK
6
CONTINUOUS
10
1.5103389763779527
20
0.8653187007874016
11
1.5104944488188976
21
0.8666588188976377
0
LINE
8
BLACK
6
CONTINUOUS
10
1.5104944488188976
20
0.8666588188976377
11
1.5106966141732283
21
0.8671166929133858
0
LINE
8
BLACK
6
CONTINUOUS
10
1.5106966141732283
20
0.8671166929133858
11
1.5108749606299212
21
0.8680132677165354
0
LINE
8
BLACK
6
CONTINUOUS
10
1.5108749606299212
20
0.8680132677165354
11
1.5115162992125983
21
0.8689731102362205
0
LINE
8
BLACK
6
CONTINUOUS
10
1.5115162992125983
20
0.8689731102362205
11
1.5117098031496063
21
0.8694112992125984
0
LINE
8
BLACK
6
CONTINUOUS
10
1.5117098031496063
20
0.8694112992125984
11
1.512009094488189
21
0.8697105905511811
0
LINE
8
BLACK
6
CONTINUOUS
10
1.512009094488189
20
0.8697105905511811
11
1.5125818503937007
21
0.8705677559055118
0
LINE
8
BLACK
6
CONTINUOUS
10
1.5125818503937007
20
0.8705677559055118
11
1.5134389763779528
21
0.8711404724409448
0
LINE
8
BLACK
6
CONTINUOUS
10
1.5134389763779528
20
0.8711404724409448
11
1.5137382677165354
21
0.8714397637795276
0
LINE
8
BLACK
6
CONTINUOUS
10
1.5137382677165354
20
0.8714397637795276
11
1.5141763779527559
21
0.871633188976378
0
LINE
8
BLACK
6
CONTINUOUS
10
1.5141763779527559
20
0.871633188976378
11
1.515136338582677
21
0.8722746456692914
0
LINE
8
BLACK
6
CONTINUOUS
10
1.515136338582677
20
0.8722746456692914
11
1.5160329921259843
21
0.8724529921259843
0
LINE
8
BLACK
6
CONTINUOUS
10
1.5160329921259843
20
0.8724529921259843
11
1.516490748031496
21
0.8726551181102362
0
LINE
8
BLACK
6
CONTINUOUS
10
1.516490748031496
20
0.8726551181102362
11
1.5178305511811023
21
0.8728105511811023
0
LINE
8
BLACK
6
CONTINUOUS
10
1.5178305511811023
20
0.8728105511811023
11
1.5181496062992126
21
0.8728740157480315
0
LINE
8
BLACK
6
CONTINUOUS
10
1.5181496062992126
20
0.8728740157480315
11
1.6681496062992125
21
0.8728740157480315
0
LINE
8
BLACK
6
CONTINUOUS
10
1.6681496062992125
20
0.8728740157480315
11
1.668468779527559
21
0.8728105118110236
0
LINE
8
BLACK
6
CONTINUOUS
10
1.8653191732283465
20
0.8728105118110236
11
1.8666588188976379
21
0.8726551181102362
0
LINE
8
BLACK
6
CONTINUOUS
10
1.8666588188976379
20
0.8726551181102362
11
1.867116496062992
21
0.8724529921259843
0
LINE
8
BLACK
6
CONTINUOUS
10
1.867116496062992
20
0.8724529921259843
11
1.8680132677165353
21
0.8722746456692914
0
LINE
8
BLACK
6
CONTINUOUS
10
1.8680132677165353
20
0.8722746456692914
11
1.8689732677165354
21
0.8716331496062992
0
LINE
8
BLACK
6
CONTINUOUS
10
1.8689732677165354
20
0.8716331496062992
11
1.8694112992125984
21
0.8714397637795276
0
LINE
8
BLACK
6
CONTINUOUS
10
1.8694112992125984
20
0.8714397637795276
11
1.8697104724409448
21
0.8711405511811023
0
LINE
8
BLACK
6
CONTINUOUS
10
1.8697104724409448
20
0.8711405511811023
11
1.8705677559055118
21
0.8705677559055118
0
LINE
8
BLACK
6
CONTINUOUS
10
1.8705677559055118
20
0.8705677559055118
11
1.8711405511811023
21
0.8697104724409449
0
LINE
8
BLACK
6
CONTINUOUS
10
1.8711405511811023
20
0.8697104724409449
11
1.8714397637795275
21
0.8694112992125984
0
LINE
8
BLACK
6
CONTINUOUS
10
1.8714397637795275
20
0.8694112992125984
11
1.8716331496062992
21
0.8689732677165354
0
LINE
8
BLACK
6
CONTINUOUS
10
1.8716331496062992
20
0.8689732677165354
11
1.8722746456692914
21
0.8680132677165354
0
LINE
8
BLACK
6
CONTINUOUS
10
1.8722746456692914
20
0.8680132677165354
11
1.8724529921259843
21
0.8671164960629921
0
LINE
8
BLACK
6
CONTINUOUS
10
1.8724529921259843
20
0.8671164960629921
11
1.8726551181102362
21
0.8666588188976377
0
LINE
8
BLACK
6
CONTINUOUS
10
1.8726551181102362
20
0.8666588188976377
11
1.8728105118110236
21
0.865319094488189
0
LINE
8
BLACK
6
CONTINUOUS
10
1.8728105118110236
20
0.865319094488189
11
1.8728740157480315
21
0.865
0
LINE
8
BLACK
6
CONTINUOUS
10
1.8728740157480315
20
0.865
11
1.8728740157480315
21
0.715
0
LINE
8
BLACK
6
CONTINUOUS
10
1.8728740157480315
20
0.715
11
1.8728105118110236
21
0.7146808661417323
0
LINE
8
BLACK
6
CONTINUOUS
10
1.8728105118110236
20
0.7146808661417323
11
1.8726551181102362
21
0.7133411417322835
0
LINE
8
BLACK
6
CONTINUOUS
10
1.8726551181102362
20
0.7133411417322835
11
1.8724529921259843
21
0.7128833858267717
0
LINE
8
BLACK
6
CONTINUOUS
10
1.8724529921259843
20
0.7128833858267717
11
1.8722746456692914
21
0.7119867322834645
0
LINE
8
BLACK
6
CONTINUOUS
10
1.8722746456692914
20
0.7119867322834645
11
1.871633188976378
21
0.7110267716535433
0
LINE
8
BLACK
6
CONTINUOUS
10
1.871633188976378
20
0.7110267716535433
11
1.8714397637795275
21
0.7105886614173228
0
LINE
8
BLACK
6
CONTINUOUS
10
1.8714397637795275
20
0.7105886614173228
11
1.8711404724409448
21
0.7102893700787402
0
LINE
8
BLACK
6
CONTINUOUS
10
1.8711404724409448
20
0.7102893700787402
11
1.8705677559055118
21
0.7094322440944881
0
LINE
8
BLACK
6
CONTINUOUS
10
1.8705677559055118
20
0.7094322440944881
11
1.8697105905511811
21
0.7088594881889764
0
LINE
8
BLACK
6
CONTINUOUS
10
1.8697105905511811
20
0.7088594881889764
11
1.8694112992125984
21
0.7085601968503937
0
LINE
8
BLACK
6
CONTINUOUS
10
1.8694112992125984
20
0.7085601968503937
11
1.8689731102362204
21
0.7083666929133858
0
LINE
8
BLACK
6
CONTINUOUS
10
1.8689731102362204
20
0.7083666929133858
11
1.8680132677165353
21
0.7077253543307086
0
LINE
8
BLACK
6
CONTINUOUS
10
1.8680132677165353
20
0.7077253543307086
11
1.8671166929133858
21
0.7075470078740157
0
LINE
8
BLACK
6
CONTINUOUS
10
1.8671166929133858
20
0.7075470078740157
11
1.8666588188976379
21
0.707344842519685
0
LINE
8
BLACK
6
CONTINUOUS
10
1.8666588188976379
20
0.707344842519685
11
1.865318622047244
21
0.7071893307086614
0
LINE
8
BLACK
6
CONTINUOUS
10
1.865318622047244
20
0.7071893307086614
11
1.865
21
0.7071259842519685
0
LINE
8
BLACK
6
CONTINUOUS
10
1.865
20
0.7071259842519685
11
1.8647723228346456
21
0.7071259842519685
0
LINE
8
BLACK
6
CONTINUOUS
10
1.8647723228346456
20
0.7071259842519685
11
1.715227716535433
21
0.7071259842519685
0
LINE
8
BLACK
6
CONTINUOUS
10
1.715227716535433
20
0.7071259842519685
11
1.7149999999999999
21
0.7071259842519685
0
LINE
8
BLACK
6
CONTINUOUS
10
1.7149999999999999
20
0.7071259842519685
11
1.7146813385826771
21
0.7071893307086614
0
LINE
8
BLACK
6
CONTINUOUS
10
1.7146813385826771
20
0.7071893307086614
11
1.7133411417322835
21
0.707344842519685
0
LINE
8
BLACK
6
CONTINUOUS
10
1.7133411417322835
20
0.707344842519685
11
1.7128832283464566
21
0.7075470078740157
0
LINE
8
BLACK
6
CONTINUOUS
10
1.7128832283464566
20
0.7075470078740157
11
1.7119867322834645
21
0.7077253543307086
0
LINE
8
BLACK
6
CONTINUOUS
10
1.7119867322834645
20
0.7077253543307086
11
1.7110269291338582
21
0.7083666535433071
0
LINE
8
BLACK
6
CONTINUOUS
10
1.7110269291338582
20
0.7083666535433071
11
1.7105886614173227
21
0.7085601968503937
0
LINE
8
BLACK
6
CONTINUOUS
10
1.7105886614173227
20
0.7085601968503937
11
1.7102892519685038
21
0.7088595669291339
0
LINE
8
BLACK
6
CONTINUOUS
10
1.7102892519685038
20
0.7088595669291339
11
1.7094322440944882
21
0.7094322440944881
0
LINE
8
BLACK
6
CONTINUOUS
10
1.7094322440944882
20
0.7094322440944881
11
1.7088595669291338
21
0.7102892519685039
0
LINE
8
BLACK
6
CONTINUOUS
10
1.7088595669291338
20
0.7102892519685039
11
1.7085601968503936
21
0.7105886614173228
0
LINE
8
BLACK
6
CONTINUOUS
10
1.7085601968503936
20
0.7105886614173228
11
1.7083666535433071
21
0.7110269291338582
0
LINE
8
BLACK
6
CONTINUOUS
10
1.7083666535433071
20
0.7110269291338582
11
1.7077253543307087
21
0.7119867322834645
0
LINE
8
BLACK
6
CONTINUOUS
10
1.7077253543307087
20
0.7119867322834645
11
1.7075470078740158
21
0.7128832283464567
0
LINE
8
BLACK
6
CONTINUOUS
10
1.7075470078740158
20
0.7128832283464567
11
1.7073448425196851
21
0.7133411417322835
0
LINE
8
BLACK
6
CONTINUOUS
10
1.7073448425196851
20
0.7133411417322835
11
1.7071893307086614
21
0.7146814173228346
0
LINE
8
BLACK
6
CONTINUOUS
10
1.7071893307086614
20
0.7146814173228346
11
1.7071259842519684
21
0.715
0
LINE
8
BLACK
6
CONTINUOUS
10
1.7071259842519684
20
0.715
11
1.7071259842519684
21
0.865
0
LINE
8
BLACK
6
CONTINUOUS
10
1.7071259842519684
20
0.865
11
1.7071893700787402
21
0.8653187007874016
0
LINE
8
BLACK
6
CONTINUOUS
10
1.7071893700787402
20
0.8653187007874016
11
1.7073448425196851
21
0.8666588188976377
0
LINE
8
BLACK
6
CONTINUOUS
10
1.7073448425196851
20
0.8666588188976377
11
1.7075470078740158
21
0.8671166929133858
0
LINE
8
BLACK
6
CONTINUOUS
10
1.7075470078740158
20
0.8671166929133858
11
1.7077253543307087
21
0.8680132677165354
0
LINE
8
BLACK
6
CONTINUOUS
10
1.7077253543307087
20
0.8680132677165354
11
1.7083666929133858
21
0.8689731102362205
0
LINE
8
BLACK
6
CONTINUOUS
10
1.7083666929133858
20
0.8689731102362205
11
1.7085601968503936
21
0.8694112992125984
0
LINE
8
BLACK
6
CONTINUOUS
10
1.7085601968503936
20
0.8694112992125984
11
1.7088594881889763
21
0.8697105905511811
0
LINE
8
BLACK
6
CONTINUOUS
10
1.7088594881889763
20
0.8697105905511811
11
1.7094322440944882
21
0.8705677559055118
0
LINE
8
BLACK
6
CONTINUOUS
10
1.7094322440944882
20
0.8705677559055118
11
1.71028937007874
21
0.8711404724409448
0
LINE
8
BLACK
6
CONTINUOUS
10
1.71028937007874
20
0.8711404724409448
11
1.7105886614173227
21
0.8714397637795276
0
LINE
8
BLACK
6
CONTINUOUS
10
1.7105886614173227
20
0.8714397637795276
11
1.7110267716535432
21
0.871633188976378
0
LINE
8
BLACK
6
CONTINUOUS
10
1.7110267716535432
20
0.871633188976378
11
1.7119867322834645
21
0.8722746456692914
0
LINE
8
BLACK
6
CONTINUOUS
10
1.7119867322834645
20
0.8722746456692914
11
1.7128833858267716
21
0.8724529921259843
0
LINE
8
BLACK
6
CONTINUOUS
10
1.7128833858267716
20
0.8724529921259843
11
1.7133411417322835
21
0.8726551181102362
0
LINE
8
BLACK
6
CONTINUOUS
10
1.7133411417322835
20
0.8726551181102362
11
1.7146809448818898
21
0.8728105511811023
0
LINE
8
BLACK
6
CONTINUOUS
10
1.7146809448818898
20
0.8728105511811023
11
1.7149999999999999
21
0.8728740157480315
0
LINE
8
BLACK
6
CONTINUOUS
10
1.7149999999999999
20
0.8728740157480315
11
1.865
21
0.8728740157480315
0
LINE
8
BLACK
6
CONTINUOUS
10
1.865
20
0.8728740157480315
11
1.8653191732283465
21
0.8728105118110236
0
LINE
8
BLACK
6
CONTINUOUS
10
0.1303191732283465
20
1.0178105118110237
11
0.1316588188976378
21
1.0176551181102362
0
LINE
8
BLACK
6
CONTINUOUS
10
0.1316588188976378
20
1.0176551181102362
11
0.1321164960629921
21
1.0174529921259843
0
LINE
8
BLACK
6
CONTINUOUS
10
0.1321164960629921
20
1.0174529921259843
11
0.1330132677165354
21
1.0172746456692914
0
LINE
8
BLACK
6
CONTINUOUS
10
0.1330132677165354
20
1.0172746456692914
11
0.1339732677165354
21
1.0166331496062992
0
LINE
8
BLACK
6
CONTINUOUS
10
0.1339732677165354
20
1.0166331496062992
11
0.1344112992125984
21
1.0164397637795275
0
LINE
8
BLACK
6
CONTINUOUS
10
0.1344112992125984
20
1.0164397637795275
11
0.1347104724409449
21
1.0161405511811024
0
LINE
8
BLACK
6
CONTINUOUS
10
0.1347104724409449
20
1.0161405511811024
11
0.1355677559055118
21
1.0155677559055118
0
LINE
8
BLACK
6
CONTINUOUS
10
0.1355677559055118
20
1.0155677559055118
11
0.1361405511811024
21
1.0147104724409448
0
LINE
8
BLACK
6
CONTINUOUS
10
0.1361405511811024
20
1.0147104724409448
11
0.1364397637795275
21
1.0144112992125984
0
LINE
8
BLACK
6
CONTINUOUS
10
0.1364397637795275
20
1.0144112992125984
11
0.1366331496062992
21
1.0139732677165354
0
LINE
8
BLACK
6
CONTINUOUS
10
0.1366331496062992
20
1.0139732677165354
11
0.1372746456692913
21
1.0130132677165353
0
LINE
8
BLACK
6
CONTINUOUS
10
0.1372746456692913
20
1.0130132677165353
11
0.1374529921259842
21
1.012116496062992
0
LINE
8
BLACK
6
CONTINUOUS
10
0.1374529921259842
20
1.012116496062992
11
0.1376551181102362
21
1.0116588188976379
0
LINE
8
BLACK
6
CONTINUOUS
10
0.1376551181102362
20
1.0116588188976379
11
0.1378105118110236
21
1.010319094488189
0
LINE
8
BLACK
6
CONTINUOUS
10
0.1378105118110236
20
1.010319094488189
11
0.1378740157480315
21
1.01
0
LINE
8
BLACK
6
CONTINUOUS
10
0.1378740157480315
20
1.01
11
0.1378740157480315
21
0.95
0
LINE
8
BLACK
6
CONTINUOUS
10
0.1378740157480315
20
0.95
11
0.1378105118110236
21
0.9496808661417323
0
LINE
8
BLACK
6
CONTINUOUS
10
0.1378105118110236
20
0.9496808661417323
11
0.1376551181102362
21
0.9483411417322835
0
LINE
8
BLACK
6
CONTINUOUS
10
0.1376551181102362
20
0.9483411417322835
11
0.1374529921259842
21
0.9478833858267717
0
LINE
8
BLACK
6
CONTINUOUS
10
0.1374529921259842
20
0.9478833858267717
11
0.1372746456692913
21
0.9469867322834645
0
LINE
8
BLACK
6
CONTINUOUS
10
0.1372746456692913
20
0.9469867322834645
11
0.1366331889763779
21
0.9460267716535433
0
LINE
8
BLACK
6
CONTINUOUS
10
0.1366331889763779
20
0.9460267716535433
11
0.1364397637795275
21
0.9455886614173228
0
LINE
8
BLACK
6
CONTINUOUS
10
0.1364397637795275
20
0.9455886614173228
11
0.1361404724409449
21
0.9452893700787401
0
LINE
8
BLACK
6
CONTINUOUS
10
0.1361404724409449
20
0.9452893700787401
11
0.1355677559055118
21
0.9444322440944881
0
LINE
8
BLACK
6
CONTINUOUS
10
0.1355677559055118
20
0.9444322440944881
11
0.1347105905511811
21
0.9438594881889764
0
LINE
8
BLACK
6
CONTINUOUS
10
0.1347105905511811
20
0.9438594881889764
11
0.1344112992125984
21
0.9435601968503937
0
LINE
8
BLACK
6
CONTINUOUS
10
0.1344112992125984
20
0.9435601968503937
11
0.1339731102362205
21
0.9433666929133858
0
LINE
8
BLACK
6
CONTINUOUS
10
0.1339731102362205
20
0.9433666929133858
11
0.1330132677165354
21
0.9427253543307086
0
LINE
8
BLACK
6
CONTINUOUS
10
0.1330132677165354
20
0.9427253543307086
11
0.1321166929133858
21
0.9425470078740157
0
LINE
8
BLACK
6
CONTINUOUS
10
0.1321166929133858
20
0.9425470078740157
11
0.1316588188976378
21
0.942344842519685
0
LINE
8
BLACK
6
CONTINUOUS
10
0.1316588188976378
20
0.942344842519685
11
0.1303186220472441
21
0.9421893307086614
0
LINE
8
BLACK
6
CONTINUOUS
10
0.1303186220472441
20
0.9421893307086614
11
0.13
21
0.9421259842519685
0
LINE
8
BLACK
6
CONTINUOUS
10
0.13
20
0.9421259842519685
11
0.1297723228346457
21
0.9421259842519685
0
LINE
8
BLACK
6
CONTINUOUS
10
0.1297723228346457
20
0.9421259842519685
11
0.0702277165354331
21
0.9421259842519685
0
LINE
8
BLACK
6
CONTINUOUS
10
0.0702277165354331
20
0.9421259842519685
11
0.07
21
0.9421259842519685
0
LINE
8
BLACK
6
CONTINUOUS
10
0.07
20
0.9421259842519685
11
0.0696813385826772
21
0.9421893307086614
0
LINE
8
BLACK
6
CONTINUOUS
10
0.0696813385826772
20
0.9421893307086614
11
0.0683411417322835
21
0.942344842519685
0
LINE
8
BLACK
6
CONTINUOUS
10
0.0683411417322835
20
0.942344842519685
11
0.0678832283464567
21
0.9425470078740157
0
LINE
8
BLACK
6
CONTINUOUS
10
0.0678832283464567
20
0.9425470078740157
11
0.0669867322834646
21
0.9427253543307086
0
LINE
8
BLACK
6
CONTINUOUS
10
0.0669867322834646
20
0.9427253543307086
11
0.0660269291338583
21
0.9433666535433071
0
LINE
8
BLACK
6
CONTINUOUS
10
0.0660269291338583
20
0.9433666535433071
11
0.0655886614173228
21
0.9435601968503937
0
LINE
8
BLACK
6
CONTINUOUS
10
0.0655886614173228
20
0.9435601968503937
11
0.0652892519685039
21
0.9438595669291339
0
LINE
8
BLACK
6
CONTINUOUS
10
0.0652892519685039
20
0.9438595669291339
11
0.0644322440944882
21
0.9444322440944881
0
LINE
8
BLACK
6
CONTINUOUS
10
0.0644322440944882
20
0.9444322440944881
11
0.0638595669291339
21
0.9452892519685039
0
LINE
8
BLACK
6
CONTINUOUS
10
0.0638595669291339
20
0.9452892519685039
11
0.0635601968503937
21
0.9455886614173228
0
LINE
8
BLACK
6
CONTINUOUS
10
0.0635601968503937
20
0.9455886614173228
11
0.0633666535433071
21
0.9460269291338582
0
LINE
8
BLACK
6
CONTINUOUS
10
0.0633666535433071
20
0.9460269291338582
11
0.0627253543307087
21
0.9469867322834645
0
LINE
8
BLACK
6
CONTINUOUS
10
0.0627253543307087
20
0.9469867322834645
11
0.0625470078740158
21
0.9478832283464567
0
LINE
8
BLACK
6
CONTINUOUS
10
0.0625470078740158
20
0.9478832283464567
11
0.062344842519685
21
0.9483411417322835
0
LINE
8
BLACK
6
CONTINUOUS
10
0.062344842519685
20
0.9483411417322835
11
0.0621893307086614
21
0.9496814173228346
0
LINE
8
BLACK
6
CONTINUOUS
10
0.0621893307086614
20
0.9496814173228346
11
0.0621259842519685
21
0.95
0
LINE
8
BLACK
6
CONTINUOUS
10
0.0621259842519685
20
0.95
11
0.0621259842519685
21
1.01
0
LINE
8
BLACK
6
CONTINUOUS
10
0.0621259842519685
20
1.01
11
0.0621893700787402
21
1.0103187007874015
0
LINE
8
BLACK
6
CONTINUOUS
10
0.0621893700787402
20
1.0103187007874015
11
0.062344842519685
21
1.0116588188976379
0
LINE
8
BLACK
6
CONTINUOUS
10
0.062344842519685
20
1.0116588188976379
11
0.0625470078740158
21
1.0121166929133858
0
LINE
8
BLACK
6
CONTINUOUS
10
0.0625470078740158
20
1.0121166929133858
11
0.0627253543307087
21
1.0130132677165353
0
LINE
8
BLACK
6
CONTINUOUS
10
0.0627253543307087
20
1.0130132677165353
11
0.0633666929133858
21
1.0139731102362204
0
LINE
8
BLACK
6
CONTINUOUS
10
0.0633666929133858
20
1.0139731102362204
11
0.0635601968503937
21
1.0144112992125984
0
LINE
8
BLACK
6
CONTINUOUS
10
0.0635601968503937
20
1.0144112992125984
11
0.0638594881889764
21
1.0147105905511811
0
LINE
8
BLACK
6
CONTINUOUS
10
0.0638594881889764
20
1.0147105905511811
11
0.0644322440944882
21
1.0155677559055118
0
LINE
8
BLACK
6
CONTINUOUS
10
0.0644322440944882
20
1.0155677559055118
11
0.0652893700787402
21
1.0161404724409449
0
LINE
8
BLACK
6
CONTINUOUS
10
0.0652893700787402
20
1.0161404724409449
11
0.0655886614173228
21
1.0164397637795275
0
LINE
8
BLACK
6
CONTINUOUS
10
0.0655886614173228
20
1.0164397637795275
11
0.0660267716535433
21
1.016633188976378
0
LINE
8
BLACK
6
CONTINUOUS
10
0.0660267716535433
20
1.016633188976378
11
0.0669867322834646
21
1.0172746456692914
0
LINE
8
BLACK
6
CONTINUOUS
10
0.0669867322834646
20
1.0172746456692914
11
0.0678833858267717
21
1.0174529921259843
0
LINE
8
BLACK
6
CONTINUOUS
10
0.0678833858267717
20
1.0174529921259843
11
0.0683411417322835
21
1.0176551181102362
0
LINE
8
BLACK
6
CONTINUOUS
10
0.0683411417322835
20
1.0176551181102362
11
0.0696809448818898
21
1.0178105511811024
0
LINE
8
BLACK
6
CONTINUOUS
10
0.0696809448818898
20
1.0178105511811024
11
0.07
21
1.0178740157480315
0
LINE
8
BLACK
6
CONTINUOUS
10
0.07
20
1.0178740157480315
11
0.13
21
1.0178740157480315
0
LINE
8
BLACK
6
CONTINUOUS
10
0.13
20
1.0178740157480315
11
0.1303191732283465
21
1.0178105118110237
0
LINE
8
BLACK
6
CONTINUOUS
10
0.2303191732283464
20
1.0178105118110237
11
0.2316588188976378
21
1.0176551181102362
0
LINE
8
BLACK
6
CONTINUOUS
10
0.2316588188976378
20
1.0176551181102362
11
0.2321164960629921
21
1.0174529921259843
0
LINE
8
BLACK
6
CONTINUOUS
10
0.2321164960629921
20
1.0174529921259843
11
0.2330132677165354
21
1.0172746456692914
0
LINE
8
BLACK
6
CONTINUOUS
10
0.2330132677165354
20
1.0172746456692914
11
0.2339732677165354
21
1.0166331496062992
0
LINE
8
BLACK
6
CONTINUOUS
10
0.2339732677165354
20
1.0166331496062992
11
0.2344112992125984
21
1.0164397637795275
0
LINE
8
BLACK
6
CONTINUOUS
10
0.2344112992125984
20
1.0164397637795275
11
0.2347104724409449
21
1.0161405511811024
0
LINE
8
BLACK
6
CONTINUOUS
10
0.2347104724409449
20
1.0161405511811024
11
0.2355677559055118
21
1.0155677559055118
0
LINE
8
BLACK
6
CONTINUOUS
10
0.2355677559055118
20
1.0155677559055118
11
0.2361405511811024
21
1.0147104724409448
0
LINE
8
BLACK
6
CONTINUOUS
10
0.2361405511811024
20
1.0147104724409448
11
0.2364397637795276
21
1.0144112992125984
0
LINE
8
BLACK
6
CONTINUOUS
10
0.2364397637795276
20
1.0144112992125984
11
0.2366331496062992
21
1.0139732677165354
0
LINE
8
BLACK
6
CONTINUOUS
10
0.2366331496062992
20
1.0139732677165354
11
0.2372746456692913
21
1.0130132677165353
0
LINE
8
BLACK
6
CONTINUOUS
10
0.2372746456692913
20
1.0130132677165353
11
0.2374529921259843
21
1.012116496062992
0
LINE
8
BLACK
6
CONTINUOUS
10
0.2374529921259843
20
1.012116496062992
11
0.2376551181102362
21
1.0116588188976379
0
LINE
8
BLACK
6
CONTINUOUS
10
0.2376551181102362
20
1.0116588188976379
11
0.2378105118110236
21
1.010319094488189
0
LINE
8
BLACK
6
CONTINUOUS
10
0.2378105118110236
20
1.010319094488189
11
0.2378740157480315
21
1.01
0
LINE
8
BLACK
6
CONTINUOUS
10
0.2378740157480315
20
1.01
11
0.2378740157480315
21
0.95
0
LINE
8
BLACK
6
CONTINUOUS
10
0.2378740157480315
20
0.95
11
0.2378105118110236
21
0.9496808661417323
0
LINE
8
BLACK
6
CONTINUOUS
10
0.2378105118110236
20
0.9496808661417323
11
0.2376551181102362
21
0.9483411417322835
0
LINE
8
BLACK
6
CONTINUOUS
10
0.2376551181102362
20
0.9483411417322835
11
0.2374529921259843
21
0.9478833858267717
0
LINE
8
BLACK
6
CONTINUOUS
10
0.2374529921259843
20
0.9478833858267717
11
0.2372746456692913
21
0.9469867322834645
0
LINE
8
BLACK
6
CONTINUOUS
10
0.2372746456692913
20
0.9469867322834645
11
0.2366331889763779
21
0.9460267716535433
0
LINE
8
BLACK
6
CONTINUOUS
10
0.2366331889763779
20
0.9460267716535433
11
0.2364397637795276
21
0.9455886614173228
0
LINE
8
BLACK
6
CONTINUOUS
10
0.2364397637795276
20
0.9455886614173228
11
0.2361404724409449
21
0.9452893700787401
0
LINE
8
BLACK
6
CONTINUOUS
10
0.2361404724409449
20
0.9452893700787401
11
0.2355677559055118
21
0.9444322440944881
0
LINE
8
BLACK
6
CONTINUOUS
10
0.2355677559055118
20
0.9444322440944881
11
0.2347105905511811
21
0.9438594881889764
0
LINE
8
BLACK
6
CONTINUOUS
10
0.2347105905511811
20
0.9438594881889764
11
0.2344112992125984
21
0.9435601968503937
0
LINE
8
BLACK
6
CONTINUOUS
10
0.2344112992125984
20
0.9435601968503937
11
0.2339731102362205
21
0.9433666929133858
0
LINE
8
BLACK
6
CONTINUOUS
10
0.2339731102362205
20
0.9433666929133858
11
0.2330132677165354
21
0.9427253543307086
0
LINE
8
BLACK
6
CONTINUOUS
10
0.2330132677165354
20
0.9427253543307086
11
0.2321166929133858
21
0.9425470078740157
0
LINE
8
BLACK
6
CONTINUOUS
10
0.2321166929133858
20
0.9425470078740157
11
0.2316588188976378
21
0.942344842519685
0
LINE
8
BLACK
6
CONTINUOUS
10
0.2316588188976378
20
0.942344842519685
11
0.2303186220472441
21
0.9421893307086614
0
LINE
8
BLACK
6
CONTINUOUS
10
0.2303186220472441
20
0.9421893307086614
11
0.23
21
0.9421259842519685
0
LINE
8
BLACK
6
CONTINUOUS
10
0.23
20
0.9421259842519685
11
0.2297723228346457
21
0.9421259842519685
0
LINE
8
BLACK
6
CONTINUOUS
10
0.2297723228346457
20
0.9421259842519685
11
0.1702277165354331
21
0.9421259842519685
0
LINE
8
BLACK
6
CONTINUOUS
10
0.1702277165354331
20
0.9421259842519685
11
0.17
21
0.9421259842519685
0
LINE
8
BLACK
6
CONTINUOUS
10
0.17
20
0.9421259842519685
11
0.1696813385826772
21
0.9421893307086614
0
LINE
8
BLACK
6
CONTINUOUS
10
0.1696813385826772
20
0.9421893307086614
11
0.1683411417322835
21
0.942344842519685
0
LINE
8
BLACK
6
CONTINUOUS
10
0.1683411417322835
20
0.942344842519685
11
0.1678832283464567
21
0.9425470078740157
0
LINE
8
BLACK
6
CONTINUOUS
10
0.1678832283464567
20
0.9425470078740157
11
0.1669867322834646
21
0.9427253543307086
0
LINE
8
BLACK
6
CONTINUOUS
10
0.1669867322834646
20
0.9427253543307086
11
0.1660269291338583
21
0.9433666535433071
0
LINE
8
BLACK
6
CONTINUOUS
10
0.1660269291338583
20
0.9433666535433071
11
0.1655886614173228
21
0.9435601968503937
0
LINE
8
BLACK
6
CONTINUOUS
10
0.1655886614173228
20
0.9435601968503937
11
0.1652892519685039
21
0.9438595669291339
0
LINE
8
BLACK
6
CONTINUOUS
10
0.1652892519685039
20
0.9438595669291339
11
0.1644322440944882
21
0.9444322440944881
0
LINE
8
BLACK
6
CONTINUOUS
10
0.1644322440944882
20
0.9444322440944881
11
0.1638595669291339
21
0.9452892519685039
0
LINE
8
BLACK
6
CONTINUOUS
10
0.1638595669291339
20
0.9452892519685039
11
0.1635601968503937
21
0.9455886614173228
0
LINE
8
BLACK
6
CONTINUOUS
10
0.1635601968503937
20
0.9455886614173228
11
0.1633666535433071
21
0.9460269291338582
0
LINE
8
BLACK
6
CONTINUOUS
10
0.1633666535433071
20
0.9460269291338582
11
0.1627253543307087
21
0.9469867322834645
0
LINE
8
BLACK
6
CONTINUOUS
10
0.1627253543307087
20
0.9469867322834645
11
0.1625470078740157
21
0.9478832283464567
0
LINE
8
BLACK
6
CONTINUOUS
10
0.1625470078740157
20
0.9478832283464567
11
0.162344842519685
21
0.9483411417322835
0
LINE
8
BLACK
6
CONTINUOUS
10
0.162344842519685
20
0.9483411417322835
11
0.1621893307086614
21
0.9496814173228346
0
LINE
8
BLACK
6
CONTINUOUS
10
0.1621893307086614
20
0.9496814173228346
11
0.1621259842519685
21
0.95
0
LINE
8
BLACK
6
CONTINUOUS
10
0.1621259842519685
20
0.95
11
0.1621259842519685
21
1.01
0
LINE
8
BLACK
6
CONTINUOUS
10
0.1621259842519685
20
1.01
11
0.1621893700787402
21
1.0103187007874015
0
LINE
8
BLACK
6
CONTINUOUS
10
0.1621893700787402
20
1.0103187007874015
11
0.162344842519685
21
1.0116588188976379
0
LINE
8
BLACK
6
CONTINUOUS
10
0.162344842519685
20
1.0116588188976379
11
0.1625470078740157
21
1.0121166929133858
0
LINE
8
BLACK
6
CONTINUOUS
10
0.1625470078740157
20
1.0121166929133858
11
0.1627253543307087
21
1.0130132677165353
0
LINE
8
BLACK
6
CONTINUOUS
10
0.1627253543307087
20
1.0130132677165353
11
0.1633666929133858
21
1.0139731102362204
0
LINE
8
BLACK
6
CONTINUOUS
10
0.1633666929133858
20
1.0139731102362204
11
0.1635601968503937
21
1.0144112992125984
0
LINE
8
BLACK
6
CONTINUOUS
10
0.1635601968503937
20
1.0144112992125984
11
0.1638594881889764
21
1.0147105905511811
0
LINE
8
BLACK
6
CONTINUOUS
10
0.1638594881889764
20
1.0147105905511811
11
0.1644322440944882
21
1.0155677559055118
0
LINE
8
BLACK
6
CONTINUOUS
10
0.1644322440944882
20
1.0155677559055118
11
0.1652893700787401
21
1.0161404724409449
0
LINE
8
BLACK
6
CONTINUOUS
10
0.1652893700787401
20
1.0161404724409449
11
0.1655886614173228
21
1.0164397637795275
0
LINE
8
BLACK
6
CONTINUOUS
10
0.1655886614173228
20
1.0164397637795275
11
0.1660267716535433
21
1.016633188976378
0
LINE
8
BLACK
6
CONTINUOUS
10
0.1660267716535433
20
1.016633188976378
11
0.1669867322834646
21
1.0172746456692914
0
LINE
8
BLACK
6
CONTINUOUS
10
0.1669867322834646
20
1.0172746456692914
11
0.1678833858267716
21
1.0174529921259843
0
LINE
8
BLACK
6
CONTINUOUS
10
0.1678833858267716
20
1.0174529921259843
11
0.1683411417322835
21
1.0176551181102362
0
LINE
8
BLACK
6
CONTINUOUS
10
0.1683411417322835
20
1.0176551181102362
11
0.1696809448818898
21
1.0178105511811024
0
LINE
8
BLACK
6
CONTINUOUS
10
0.1696809448818898
20
1.0178105511811024
11
0.17
21
1.0178740157480315
0
LINE
8
BLACK
6
CONTINUOUS
10
0.17
20
1.0178740157480315
11
0.23
21
1.0178740157480315
0
LINE
8
BLACK
6
CONTINUOUS
10
0.23
20
1.0178740157480315
11
0.2303191732283464
21
1.0178105118110237
0
LINE
8
BLACK
6
CONTINUOUS
10
1.3803191732283464
20
1.0678105118110235
11
1.3816588188976378
21
1.0676551181102363
0
LINE
8
BLACK
6
CONTINUOUS
10
1.3816588188976378
20
1.0676551181102363
11
1.3821164960629921
21
1.0674529921259843
0
LINE
8
BLACK
6
CONTINUOUS
10
1.3821164960629921
20
1.0674529921259843
11
1.3830132677165354
21
1.0672746456692914
0
LINE
8
BLACK
6
CONTINUOUS
10
1.3830132677165354
20
1.0672746456692914
11
1.3839732677165355
21
1.0666331496062993
0
LINE
8
BLACK
6
CONTINUOUS
10
1.3839732677165355
20
1.0666331496062993
11
1.3844112992125983
21
1.0664397637795275
0
LINE
8
BLACK
6
CONTINUOUS
10
1.3844112992125983
20
1.0664397637795275
11
1.3847104724409449
21
1.0661405511811024
0
LINE
8
BLACK
6
CONTINUOUS
10
1.3847104724409449
20
1.0661405511811024
11
1.3855677559055117
21
1.0655677559055119
0
LINE
8
BLACK
6
CONTINUOUS
10
1.3855677559055117
20
1.0655677559055119
11
1.3861405511811022
21
1.0647104724409449
0
LINE
8
BLACK
6
CONTINUOUS
10
1.3861405511811022
20
1.0647104724409449
11
1.3864397637795276
21
1.0644112992125985
0
LINE
8
BLACK
6
CONTINUOUS
10
1.3864397637795276
20
1.0644112992125985
11
1.3866331496062991
21
1.0639732677165354
0
LINE
8
BLACK
6
CONTINUOUS
10
1.3866331496062991
20
1.0639732677165354
11
1.3872746456692913
21
1.0630132677165354
0
LINE
8
BLACK
6
CONTINUOUS
10
1.3872746456692913
20
1.0630132677165354
11
1.3874529921259842
21
1.0621164960629921
0
LINE
8
BLACK
6
CONTINUOUS
10
1.3874529921259842
20
1.0621164960629921
11
1.3876551181102361
21
1.0616588188976377
0
LINE
8
BLACK
6
CONTINUOUS
10
1.3876551181102361
20
1.0616588188976377
11
1.3878105118110236
21
1.0603190944881891
0
LINE
8
BLACK
6
CONTINUOUS
10
1.3878105118110236
20
1.0603190944881891
11
1.3878740157480314
21
1.0600000000000001
0
LINE
8
BLACK
6
CONTINUOUS
10
1.3878740157480314
20
1.0600000000000001
11
1.3878740157480314
21
1.
0
LINE
8
BLACK
6
CONTINUOUS
10
1.3878740157480314
20
1.
11
1.3878105118110236
21
0.9996808661417322
0
LINE
8
BLACK
6
CONTINUOUS
10
1.3878105118110236
20
0.9996808661417322
11
1.3876551181102361
21
0.9983411417322834
0
LINE
8
BLACK
6
CONTINUOUS
10
1.3876551181102361
20
0.9983411417322834
11
1.3874529921259842
21
0.9978833858267716
0
LINE
8
BLACK
6
CONTINUOUS
10
1.3874529921259842
20
0.9978833858267716
11
1.3872746456692913
21
0.9969867322834646
0
LINE
8
BLACK
6
CONTINUOUS
10
1.3872746456692913
20
0.9969867322834646
11
1.3866331889763779
21
0.9960267716535433
0
LINE
8
BLACK
6
CONTINUOUS
10
1.3866331889763779
20
0.9960267716535433
11
1.3864397637795276
21
0.9955886614173228
0
LINE
8
BLACK
6
CONTINUOUS
10
1.3864397637795276
20
0.9955886614173228
11
1.386140472440945
21
0.9952893700787402
0
LINE
8
BLACK
6
CONTINUOUS
10
1.386140472440945
20
0.9952893700787402
11
1.3855677559055117
21
0.9944322440944882
0
LINE
8
BLACK
6
CONTINUOUS
10
1.3855677559055117
20
0.9944322440944882
11
1.3847105905511812
21
0.9938594881889764
0
LINE
8
BLACK
6
CONTINUOUS
10
1.3847105905511812
20
0.9938594881889764
11
1.3844112992125983
21
0.9935601968503937
0
LINE
8
BLACK
6
CONTINUOUS
10
1.3844112992125983
20
0.9935601968503937
11
1.3839731102362205
21
0.9933666929133858
0
LINE
8
BLACK
6
CONTINUOUS
10
1.3839731102362205
20
0.9933666929133858
11
1.3830132677165354
21
0.9927253543307086
0
LINE
8
BLACK
6
CONTINUOUS
10
1.3830132677165354
20
0.9927253543307086
11
1.3821166929133859
21
0.9925470078740157
0
LINE
8
BLACK
6
CONTINUOUS
10
1.3821166929133859
20
0.9925470078740157
11
1.3816588188976378
21
0.992344842519685
0
LINE
8
BLACK
6
CONTINUOUS
10
1.3816588188976378
20
0.992344842519685
11
1.3803186220472441
21
0.9921893307086614
0
LINE
8
BLACK
6
CONTINUOUS
10
1.3803186220472441
20
0.9921893307086614
11
1.3799999999999999
21
0.9921259842519685
0
LINE
8
BLACK
6
CONTINUOUS
10
1.3799999999999999
20
0.9921259842519685
11
1.3797723228346457
21
0.9921259842519685
0
LINE
8
BLACK
6
CONTINUOUS
10
1.3797723228346457
20
0.9921259842519685
11
1.320227716535433
21
0.9921259842519685
0
LINE
8
BLACK
6
CONTINUOUS
10
1.320227716535433
20
0.9921259842519685
11
1.3200000000000001
21
0.9921259842519685
0
LINE
8
BLACK
6
CONTINUOUS
10
1.3200000000000001
20
0.9921259842519685
11
1.3196813385826771
21
0.9921893307086614
0
LINE
8
BLACK
6
CONTINUOUS
10
1.3196813385826771
20
0.9921893307086614
11
1.3183411417322835
21
0.992344842519685
0
LINE
8
BLACK
6
CONTINUOUS
10
1.3183411417322835
20
0.992344842519685
11
1.3178832283464568
21
0.9925470078740157
0
LINE
8
BLACK
6
CONTINUOUS
10
1.3178832283464568
20
0.9925470078740157
11
1.3169867322834645
21
0.9927253543307086
0
LINE
8
BLACK
6
CONTINUOUS
10
1.3169867322834645
20
0.9927253543307086
11
1.3160269291338582
21
0.9933666535433071
0
LINE
8
BLACK
6
CONTINUOUS
10
1.3160269291338582
20
0.9933666535433071
11
1.3155886614173229
21
0.9935601968503937
0
LINE
8
BLACK
6
CONTINUOUS
10
1.3155886614173229
20
0.9935601968503937
11
1.315289251968504
21
0.9938595669291338
0
LINE
8
BLACK
6
CONTINUOUS
10
1.315289251968504
20
0.9938595669291338
11
1.3144322440944882
21
0.9944322440944882
0
LINE
8
BLACK
6
CONTINUOUS
10
1.3144322440944882
20
0.9944322440944882
11
1.3138595669291337
21
0.9952892519685039
0
LINE
8
BLACK
6
CONTINUOUS
10
1.3138595669291337
20
0.9952892519685039
11
1.3135601968503936
21
0.9955886614173228
0
LINE
8
BLACK
6
CONTINUOUS
10
1.3135601968503936
20
0.9955886614173228
11
1.3133666535433071
21
0.9960269291338583
0
LINE
8
BLACK
6
CONTINUOUS
10
1.3133666535433071
20
0.9960269291338583
11
1.3127253543307087
21
0.9969867322834646
0
LINE
8
BLACK
6
CONTINUOUS
10
1.3127253543307087
20
0.9969867322834646
11
1.3125470078740158
21
0.9978832283464567
0
LINE
8
BLACK
6
CONTINUOUS
10
1.3125470078740158
20
0.9978832283464567
11
1.3123448425196851
21
0.9983411417322834
0
LINE
8
BLACK
6
CONTINUOUS
10
1.3123448425196851
20
0.9983411417322834
11
1.3121893307086614
21
0.9996814173228347
0
LINE
8
BLACK
6
CONTINUOUS
10
1.3121893307086614
20
0.9996814173228347
11
1.3121259842519686
21
1.
0
LINE
8
BLACK
6
CONTINUOUS
10
1.3121259842519686
20
1.
11
1.3121259842519686
21
1.0600000000000001
0
LINE
8
BLACK
6
CONTINUOUS
10
1.3121259842519686
20
1.0600000000000001
11
1.3121893700787401
21
1.0603187007874015
0
LINE
8
BLACK
6
CONTINUOUS
10
1.3121893700787401
20
1.0603187007874015
11
1.3123448425196851
21
1.0616588188976377
0
LINE
8
BLACK
6
CONTINUOUS
10
1.3123448425196851
20
1.0616588188976377
11
1.3125470078740158
21
1.0621166929133858
0
LINE
8
BLACK
6
CONTINUOUS
10
1.3125470078740158
20
1.0621166929133858
11
1.3127253543307087
21
1.0630132677165354
0
LINE
8
BLACK
6
CONTINUOUS
10
1.3127253543307087
20
1.0630132677165354
11
1.3133666929133858
21
1.0639731102362204
0
LINE
8
BLACK
6
CONTINUOUS
10
1.3133666929133858
20
1.0639731102362204
11
1.3135601968503936
21
1.0644112992125985
0
LINE
8
BLACK
6
CONTINUOUS
10
1.3135601968503936
20
1.0644112992125985
11
1.3138594881889762
21
1.0647105905511811
0
LINE
8
BLACK
6
CONTINUOUS
10
1.3138594881889762
20
1.0647105905511811
11
1.3144322440944882
21
1.0655677559055119
0
LINE
8
BLACK
6
CONTINUOUS
10
1.3144322440944882
20
1.0655677559055119
11
1.31528937007874
21
1.0661404724409449
0
LINE
8
BLACK
6
CONTINUOUS
10
1.31528937007874
20
1.0661404724409449
11
1.3155886614173229
21
1.0664397637795275
0
LINE
8
BLACK
6
CONTINUOUS
10
1.3155886614173229
20
1.0664397637795275
11
1.3160267716535432
21
1.0666331889763778
0
LINE
8
BLACK
6
CONTINUOUS
10
1.3160267716535432
20
1.0666331889763778
11
1.3169867322834645
21
1.0672746456692914
0
LINE
8
BLACK
6
CONTINUOUS
10
1.3169867322834645
20
1.0672746456692914
11
1.3178833858267716
21
1.0674529921259843
0
LINE
8
BLACK
6
CONTINUOUS
10
1.3178833858267716
20
1.0674529921259843
11
1.3183411417322835
21
1.0676551181102363
0
LINE
8
BLACK
6
CONTINUOUS
10
1.3183411417322835
20
1.0676551181102363
11
1.3196809448818898
21
1.0678105511811022
0
LINE
8
BLACK
6
CONTINUOUS
10
1.3196809448818898
20
1.0678105511811022
11
1.3200000000000001
21
1.0678740157480315
0
LINE
8
BLACK
6
CONTINUOUS
10
1.3200000000000001
20
1.0678740157480315
11
1.3799999999999999
21
1.0678740157480315
0
LINE
8
BLACK
6
CONTINUOUS
10
1.3799999999999999
20
1.0678740157480315
11
1.3803191732283464
21
1.0678105118110235
0
LINE
8
BLACK
6
CONTINUOUS
10
1.4803191732283465
20
1.0678105118110235
11
1.4816588188976378
21
1.0676551181102363
0
LINE
8
BLACK
6
CONTINUOUS
10
1.4816588188976378
20
1.0676551181102363
11
1.482116496062992
21
1.0674529921259843
0
LINE
8
BLACK
6
CONTINUOUS
10
1.482116496062992
20
1.0674529921259843
11
1.4830132677165353
21
1.0672746456692914
0
LINE
8
BLACK
6
CONTINUOUS
10
1.4830132677165353
20
1.0672746456692914
11
1.4839732677165354
21
1.0666331496062993
0
LINE
8
BLACK
6
CONTINUOUS
10
1.4839732677165354
20
1.0666331496062993
11
1.4844112992125984
21
1.0664397637795275
0
LINE
8
BLACK
6
CONTINUOUS
10
1.4844112992125984
20
1.0664397637795275
11
1.4847104724409448
21
1.0661405511811024
0
LINE
8
BLACK
6
CONTINUOUS
10
1.4847104724409448
20
1.0661405511811024
11
1.4855677559055118
21
1.0655677559055119
0
LINE
8
BLACK
6
CONTINUOUS
10
1.4855677559055118
20
1.0655677559055119
11
1.4861405511811023
21
1.0647104724409449
0
LINE
8
BLACK
6
CONTINUOUS
10
1.4861405511811023
20
1.0647104724409449
11
1.4864397637795275
21
1.0644112992125985
0
LINE
8
BLACK
6
CONTINUOUS
10
1.4864397637795275
20
1.0644112992125985
11
1.4866331496062992
21
1.0639732677165354
0
LINE
8
BLACK
6
CONTINUOUS
10
1.4866331496062992
20
1.0639732677165354
11
1.4872746456692914
21
1.0630132677165354
0
LINE
8
BLACK
6
CONTINUOUS
10
1.4872746456692914
20
1.0630132677165354
11
1.4874529921259843
21
1.0621164960629921
0
LINE
8
BLACK
6
CONTINUOUS
10
1.4874529921259843
20
1.0621164960629921
11
1.4876551181102362
21
1.0616588188976377
0
LINE
8
BLACK
6
CONTINUOUS
10
1.4876551181102362
20
1.0616588188976377
11
1.4878105118110236
21
1.0603190944881891
0
LINE
8
BLACK
6
CONTINUOUS
10
1.4878105118110236
20
1.0603190944881891
11
1.4878740157480315
21
1.0600000000000001
0
LINE
8
BLACK
6
CONTINUOUS
10
1.4878740157480315
20
1.0600000000000001
11
1.4878740157480315
21
1.
0
LINE
8
BLACK
6
CONTINUOUS
10
1.4878740157480315
20
1.
11
1.4878105118110236
21
0.9996808661417322
0
LINE
8
BLACK
6
CONTINUOUS
10
1.4878105118110236
20
0.9996808661417322
11
1.4876551181102362
21
0.9983411417322834
0
LINE
8
BLACK
6
CONTINUOUS
10
1.4876551181102362
20
0.9983411417322834
11
1.4874529921259843
21
0.9978833858267716
0
LINE
8
BLACK
6
CONTINUOUS
10
1.4874529921259843
20
0.9978833858267716
11
1.4872746456692914
21
0.9969867322834646
0
LINE
8
BLACK
6
CONTINUOUS
10
1.4872746456692914
20
0.9969867322834646
11
1.486633188976378
21
0.9960267716535433
0
LINE
8
BLACK
6
CONTINUOUS
10
1.486633188976378
20
0.9960267716535433
11
1.4864397637795275
21
0.9955886614173228
0
LINE
8
BLACK
6
CONTINUOUS
10
1.4864397637795275
20
0.9955886614173228
11
1.4861404724409448
21
0.9952893700787402
0
LINE
8
BLACK
6
CONTINUOUS
10
1.4861404724409448
20
0.9952893700787402
11
1.4855677559055118
21
0.9944322440944882
0
LINE
8
BLACK
6
CONTINUOUS
10
1.4855677559055118
20
0.9944322440944882
11
1.484710590551181
21
0.9938594881889764
0
LINE
8
BLACK
6
CONTINUOUS
10
1.484710590551181
20
0.9938594881889764
11
1.4844112992125984
21
0.9935601968503937
0
LINE
8
BLACK
6
CONTINUOUS
10
1.4844112992125984
20
0.9935601968503937
11
1.4839731102362204
21
0.9933666929133858
0
LINE
8
BLACK
6
CONTINUOUS
10
1.4839731102362204
20
0.9933666929133858
11
1.4830132677165353
21
0.9927253543307086
0
LINE
8
BLACK
6
CONTINUOUS
10
1.4830132677165353
20
0.9927253543307086
11
1.4821166929133858
21
0.9925470078740157
0
LINE
8
BLACK
6
CONTINUOUS
10
1.4821166929133858
20
0.9925470078740157
11
1.4816588188976378
21
0.992344842519685
0
LINE
8
BLACK
6
CONTINUOUS
10
1.4816588188976378
20
0.992344842519685
11
1.480318622047244
21
0.9921893307086614
0
LINE
8
BLACK
6
CONTINUOUS
10
1.480318622047244
20
0.9921893307086614
11
1.48
21
0.9921259842519685
0
LINE
8
BLACK
6
CONTINUOUS
10
1.48
20
0.9921259842519685
11
1.4797723228346455
21
0.9921259842519685
0
LINE
8
BLACK
6
CONTINUOUS
10
1.4797723228346455
20
0.9921259842519685
11
1.4202277165354331
21
0.9921259842519685
0
LINE
8
BLACK
6
CONTINUOUS
10
1.4202277165354331
20
0.9921259842519685
11
1.4199999999999999
21
0.9921259842519685
0
LINE
8
BLACK
6
CONTINUOUS
10
1.4199999999999999
20
0.9921259842519685
11
1.4196813385826772
21
0.9921893307086614
0
LINE
8
BLACK
6
CONTINUOUS
10
1.4196813385826772
20
0.9921893307086614
11
1.4183411417322835
21
0.992344842519685
0
LINE
8
BLACK
6
CONTINUOUS
10
1.4183411417322835
20
0.992344842519685
11
1.4178832283464566
21
0.9925470078740157
0
LINE
8
BLACK
6
CONTINUOUS
10
1.4178832283464566
20
0.9925470078740157
11
1.4169867322834646
21
0.9927253543307086
0
LINE
8
BLACK
6
CONTINUOUS
10
1.4169867322834646
20
0.9927253543307086
11
1.4160269291338583
21
0.9933666535433071
0
LINE
8
BLACK
6
CONTINUOUS
10
1.4160269291338583
20
0.9933666535433071
11
1.4155886614173228
21
0.9935601968503937
0
LINE
8
BLACK
6
CONTINUOUS
10
1.4155886614173228
20
0.9935601968503937
11
1.4152892519685039
21
0.9938595669291338
0
LINE
8
BLACK
6
CONTINUOUS
10
1.4152892519685039
20
0.9938595669291338
11
1.4144322440944881
21
0.9944322440944882
0
LINE
8
BLACK
6
CONTINUOUS
10
1.4144322440944881
20
0.9944322440944882
11
1.4138595669291338
21
0.9952892519685039
0
LINE
8
BLACK
6
CONTINUOUS
10
1.4138595669291338
20
0.9952892519685039
11
1.4135601968503937
21
0.9955886614173228
0
LINE
8
BLACK
6
CONTINUOUS
10
1.4135601968503937
20
0.9955886614173228
11
1.4133666535433071
21
0.9960269291338583
0
LINE
8
BLACK
6
CONTINUOUS
10
1.4133666535433071
20
0.9960269291338583
11
1.4127253543307086
21
0.9969867322834646
0
LINE
8
BLACK
6
CONTINUOUS
10
1.4127253543307086
20
0.9969867322834646
11
1.4125470078740157
21
0.9978832283464567
0
LINE
8
BLACK
6
CONTINUOUS
10
1.4125470078740157
20
0.9978832283464567
11
1.412344842519685
21
0.9983411417322834
0
LINE
8
BLACK
6
CONTINUOUS
10
1.412344842519685
20
0.9983411417322834
11
1.4121893307086615
21
0.9996814173228347
0
LINE
8
BLACK
6
CONTINUOUS
10
1.4121893307086615
20
0.9996814173228347
11
1.4121259842519684
21
1.
0
LINE
8
BLACK
6
CONTINUOUS
10
1.4121259842519684
20
1.
11
1.4121259842519684
21
1.0600000000000001
0
LINE
8
BLACK
6
CONTINUOUS
10
1.4121259842519684
20
1.0600000000000001
11
1.4121893700787402
21
1.0603187007874015
0
LINE
8
BLACK
6
CONTINUOUS
10
1.4121893700787402
20
1.0603187007874015
11
1.412344842519685
21
1.0616588188976377
0
LINE
8
BLACK
6
CONTINUOUS
10
1.412344842519685
20
1.0616588188976377
11
1.4125470078740157
21
1.0621166929133858
0
LINE
8
BLACK
6
CONTINUOUS
10
1.4125470078740157
20
1.0621166929133858
11
1.4127253543307086
21
1.0630132677165354
0
LINE
8
BLACK
6
CONTINUOUS
10
1.4127253543307086
20
1.0630132677165354
11
1.4133666929133859
21
1.0639731102362204
0
LINE
8
BLACK
6
CONTINUOUS
10
1.4133666929133859
20
1.0639731102362204
11
1.4135601968503937
21
1.0644112992125985
0
LINE
8
BLACK
6
CONTINUOUS
10
1.4135601968503937
20
1.0644112992125985
11
1.4138594881889763
21
1.0647105905511811
0
LINE
8
BLACK
6
CONTINUOUS
10
1.4138594881889763
20
1.0647105905511811
11
1.4144322440944881
21
1.0655677559055119
0
LINE
8
BLACK
6
CONTINUOUS
10
1.4144322440944881
20
1.0655677559055119
11
1.4152893700787401
21
1.0661404724409449
0
LINE
8
BLACK
6
CONTINUOUS
10
1.4152893700787401
20
1.0661404724409449
11
1.4155886614173228
21
1.0664397637795275
0
LINE
8
BLACK
6
CONTINUOUS
10
1.4155886614173228
20
1.0664397637795275
11
1.4160267716535433
21
1.0666331889763778
0
LINE
8
BLACK
6
CONTINUOUS
10
1.4160267716535433
20
1.0666331889763778
11
1.4169867322834646
21
1.0672746456692914
0
LINE
8
BLACK
6
CONTINUOUS
10
1.4169867322834646
20
1.0672746456692914
11
1.4178833858267716
21
1.0674529921259843
0
LINE
8
BLACK
6
CONTINUOUS
10
1.4178833858267716
20
1.0674529921259843
11
1.4183411417322835
21
1.0676551181102363
0
LINE
8
BLACK
6
CONTINUOUS
10
1.4183411417322835
20
1.0676551181102363
11
1.4196809448818897
21
1.0678105511811022
0
LINE
8
BLACK
6
CONTINUOUS
10
1.4196809448818897
20
1.0678105511811022
11
1.4199999999999999
21
1.0678740157480315
0
LINE
8
BLACK
6
CONTINUOUS
10
1.4199999999999999
20
1.0678740157480315
11
1.48
21
1.0678740157480315
0
LINE
8
BLACK
6
CONTINUOUS
10
1.48
20
1.0678740157480315
11
1.4803191732283465
21
1.0678105118110235
0
LINE
8
BLACK
6
CONTINUOUS
10
1.7803191732283463
20
1.1078105118110235
11
1.7816588188976377
21
1.1076551181102361
0
LINE
8
BLACK
6
CONTINUOUS
10
1.7816588188976377
20
1.1076551181102361
11
1.7821164960629921
21
1.1074529921259841
0
LINE
8
BLACK
6
CONTINUOUS
10
1.7821164960629921
20
1.1074529921259841
11
1.7830132677165353
21
1.1072746456692912
0
LINE
8
BLACK
6
CONTINUOUS
10
1.7830132677165353
20
1.1072746456692912
11
1.7839732677165354
21
1.1066331496062991
0
LINE
8
BLACK
6
CONTINUOUS
10
1.7839732677165354
20
1.1066331496062991
11
1.7844112992125984
21
1.1064397637795276
0
LINE
8
BLACK
6
CONTINUOUS
10
1.7844112992125984
20
1.1064397637795276
11
1.7847104724409448
21
1.1061405511811024
0
LINE
8
BLACK
6
CONTINUOUS
10
1.7847104724409448
20
1.1061405511811024
11
1.7855677559055119
21
1.1055677559055117
0
LINE
8
BLACK
6
CONTINUOUS
10
1.7855677559055119
20
1.1055677559055117
11
1.7861405511811024
21
1.1047104724409449
0
LINE
8
BLACK
6
CONTINUOUS
10
1.7861405511811024
20
1.1047104724409449
11
1.7864397637795275
21
1.1044112992125985
0
LINE
8
BLACK
6
CONTINUOUS
10
1.7864397637795275
20
1.1044112992125985
11
1.7866331496062993
21
1.1039732677165355
0
LINE
8
BLACK
6
CONTINUOUS
10
1.7866331496062993
20
1.1039732677165355
11
1.7872746456692914
21
1.1030132677165354
0
LINE
8
BLACK
6
CONTINUOUS
10
1.7872746456692914
20
1.1030132677165354
11
1.7874529921259843
21
1.1021164960629921
0
LINE
8
BLACK
6
CONTINUOUS
10
1.7874529921259843
20
1.1021164960629921
11
1.7876551181102363
21
1.1016588188976377
0
LINE
8
BLACK
6
CONTINUOUS
10
1.7876551181102363
20
1.1016588188976377
11
1.7878105118110237
21
1.1003190944881889
0
LINE
8
BLACK
6
CONTINUOUS
10
1.7878105118110237
20
1.1003190944881889
11
1.7878740157480315
21
1.0999999999999999
0
LINE
8
BLACK
6
CONTINUOUS
10
1.7878740157480315
20
1.0999999999999999
11
1.7878740157480315
21
1.04
0
LINE
8
BLACK
6
CONTINUOUS
10
1.7878740157480315
20
1.04
11
1.7878105118110237
21
1.0396808661417323
0
LINE
8
BLACK
6
CONTINUOUS
10
1.7878105118110237
20
1.0396808661417323
11
1.7876551181102363
21
1.0383411417322834
0
LINE
8
BLACK
6
CONTINUOUS
10
1.7876551181102363
20
1.0383411417322834
11
1.7874529921259843
21
1.0378833858267715
0
LINE
8
BLACK
6
CONTINUOUS
10
1.7874529921259843
20
1.0378833858267715
11
1.7872746456692914
21
1.0369867322834645
0
LINE
8
BLACK
6
CONTINUOUS
10
1.7872746456692914
20
1.0369867322834645
11
1.786633188976378
21
1.0360267716535432
0
LINE
8
BLACK
6
CONTINUOUS
10
1.786633188976378
20
1.0360267716535432
11
1.7864397637795275
21
1.0355886614173229
0
LINE
8
BLACK
6
CONTINUOUS
10
1.7864397637795275
20
1.0355886614173229
11
1.7861404724409449
21
1.0352893700787402
0
LINE
8
BLACK
6
CONTINUOUS
10
1.7861404724409449
20
1.0352893700787402
11
1.7855677559055119
21
1.0344322440944882
0
LINE
8
BLACK
6
CONTINUOUS
10
1.7855677559055119
20
1.0344322440944882
11
1.7847105905511811
21
1.0338594881889764
0
LINE
8
BLACK
6
CONTINUOUS
10
1.7847105905511811
20
1.0338594881889764
11
1.7844112992125984
21
1.0335601968503936
0
LINE
8
BLACK
6
CONTINUOUS
10
1.7844112992125984
20
1.0335601968503936
11
1.7839731102362204
21
1.0333666929133858
0
LINE
8
BLACK
6
CONTINUOUS
10
1.7839731102362204
20
1.0333666929133858
11
1.7830132677165353
21
1.0327253543307087
0
LINE
8
BLACK
6
CONTINUOUS
10
1.7830132677165353
20
1.0327253543307087
11
1.7821166929133858
21
1.0325470078740158
0
LINE
8
BLACK
6
CONTINUOUS
10
1.7821166929133858
20
1.0325470078740158
11
1.7816588188976377
21
1.0323448425196851
0
LINE
8
BLACK
6
CONTINUOUS
10
1.7816588188976377
20
1.0323448425196851
11
1.780318622047244
21
1.0321893307086614
0
LINE
8
BLACK
6
CONTINUOUS
10
1.780318622047244
20
1.0321893307086614
11
1.78
21
1.0321259842519686
0
LINE
8
BLACK
6
CONTINUOUS
10
1.78
20
1.0321259842519686
11
1.7797723228346456
21
1.0321259842519686
0
LINE
8
BLACK
6
CONTINUOUS
10
1.7797723228346456
20
1.0321259842519686
11
1.7202277165354329
21
1.0321259842519686
0
LINE
8
BLACK
6
CONTINUOUS
10
1.7202277165354329
20
1.0321259842519686
11
1.72
21
1.0321259842519686
0
LINE
8
BLACK
6
CONTINUOUS
10
1.72
20
1.0321259842519686
11
1.719681338582677
21
1.0321893307086614
0
LINE
8
BLACK
6
CONTINUOUS
10
1.719681338582677
20
1.0321893307086614
11
1.7183411417322834
21
1.0323448425196851
0
LINE
8
BLACK
6
CONTINUOUS
10
1.7183411417322834
20
1.0323448425196851
11
1.7178832283464567
21
1.0325470078740158
0
LINE
8
BLACK
6
CONTINUOUS
10
1.7178832283464567
20
1.0325470078740158
11
1.7169867322834644
21
1.0327253543307087
0
LINE
8
BLACK
6
CONTINUOUS
10
1.7169867322834644
20
1.0327253543307087
11
1.7160269291338581
21
1.033366653543307
0
LINE
8
BLACK
6
CONTINUOUS
10
1.7160269291338581
20
1.033366653543307
11
1.7155886614173228
21
1.0335601968503936
0
LINE
8
BLACK
6
CONTINUOUS
10
1.7155886614173228
20
1.0335601968503936
11
1.7152892519685039
21
1.0338595669291339
0
LINE
8
BLACK
6
CONTINUOUS
10
1.7152892519685039
20
1.0338595669291339
11
1.7144322440944881
21
1.0344322440944882
0
LINE
8
BLACK
6
CONTINUOUS
10
1.7144322440944881
20
1.0344322440944882
11
1.7138595669291339
21
1.035289251968504
0
LINE
8
BLACK
6
CONTINUOUS
10
1.7138595669291339
20
1.035289251968504
11
1.7135601968503937
21
1.0355886614173229
0
LINE
8
BLACK
6
CONTINUOUS
10
1.7135601968503937
20
1.0355886614173229
11
1.713366653543307
21
1.0360269291338582
0
LINE
8
BLACK
6
CONTINUOUS
10
1.713366653543307
20
1.0360269291338582
11
1.7127253543307086
21
1.0369867322834645
0
LINE
8
BLACK
6
CONTINUOUS
10
1.7127253543307086
20
1.0369867322834645
11
1.7125470078740157
21
1.0378832283464567
0
LINE
8
BLACK
6
CONTINUOUS
10
1.7125470078740157
20
1.0378832283464567
11
1.712344842519685
21
1.0383411417322834
0
LINE
8
BLACK
6
CONTINUOUS
10
1.712344842519685
20
1.0383411417322834
11
1.7121893307086613
21
1.0396814173228346
0
LINE
8
BLACK
6
CONTINUOUS
10
1.7121893307086613
20
1.0396814173228346
11
1.7121259842519685
21
1.04
0
LINE
8
BLACK
6
CONTINUOUS
10
1.7121259842519685
20
1.04
11
1.7121259842519685
21
1.0999999999999999
0
LINE
8
BLACK
6
CONTINUOUS
10
1.7121259842519685
20
1.0999999999999999
11
1.7121893700787401
21
1.1003187007874016
0
LINE
8
BLACK
6
CONTINUOUS
10
1.7121893700787401
20
1.1003187007874016
11
1.712344842519685
21
1.1016588188976377
0
LINE
8
BLACK
6
CONTINUOUS
10
1.712344842519685
20
1.1016588188976377
11
1.7125470078740157
21
1.1021166929133859
0
LINE
8
BLACK
6
CONTINUOUS
10
1.7125470078740157
20
1.1021166929133859
11
1.7127253543307086
21
1.1030132677165354
0
LINE
8
BLACK
6
CONTINUOUS
10
1.7127253543307086
20
1.1030132677165354
11
1.7133666929133857
21
1.1039731102362205
0
LINE
8
BLACK
6
CONTINUOUS
10
1.7133666929133857
20
1.1039731102362205
11
1.7135601968503937
21
1.1044112992125985
0
LINE
8
BLACK
6
CONTINUOUS
10
1.7135601968503937
20
1.1044112992125985
11
1.7138594881889764
21
1.1047105905511811
0
LINE
8
BLACK
6
CONTINUOUS
10
1.7138594881889764
20
1.1047105905511811
11
1.7144322440944881
21
1.1055677559055117
0
LINE
8
BLACK
6
CONTINUOUS
10
1.7144322440944881
20
1.1055677559055117
11
1.7152893700787402
21
1.1061404724409449
0
LINE
8
BLACK
6
CONTINUOUS
10
1.7152893700787402
20
1.1061404724409449
11
1.7155886614173228
21
1.1064397637795276
0
LINE
8
BLACK
6
CONTINUOUS
10
1.7155886614173228
20
1.1064397637795276
11
1.7160267716535433
21
1.1066331889763779
0
LINE
8
BLACK
6
CONTINUOUS
10
1.7160267716535433
20
1.1066331889763779
11
1.7169867322834644
21
1.1072746456692912
0
LINE
8
BLACK
6
CONTINUOUS
10
1.7169867322834644
20
1.1072746456692912
11
1.7178833858267717
21
1.1074529921259841
0
LINE
8
BLACK
6
CONTINUOUS
10
1.7178833858267717
20
1.1074529921259841
11
1.7183411417322834
21
1.1076551181102361
0
LINE
8
BLACK
6
CONTINUOUS
10
1.7183411417322834
20
1.1076551181102361
11
1.7196809448818897
21
1.1078105511811023
0
LINE
8
BLACK
6
CONTINUOUS
10
1.7196809448818897
20
1.1078105511811023
11
1.72
21
1.1078740157480316
0
LINE
8
BLACK
6
CONTINUOUS
10
1.72
20
1.1078740157480316
11
1.78
21
1.1078740157480316
0
LINE
8
BLACK
6
CONTINUOUS
10
1.78
20
1.1078740157480316
11
1.7803191732283463
21
1.1078105118110235
0
LINE
8
BLACK
6
CONTINUOUS
10
1.8803191732283464
20
1.1078105118110235
11
1.8816588188976378
21
1.1076551181102361
0
LINE
8
BLACK
6
CONTINUOUS
10
1.8816588188976378
20
1.1076551181102361
11
1.8821164960629921
21
1.1074529921259841
0
LINE
8
BLACK
6
CONTINUOUS
10
1.8821164960629921
20
1.1074529921259841
11
1.8830132677165354
21
1.1072746456692912
0
LINE
8
BLACK
6
CONTINUOUS
10
1.8830132677165354
20
1.1072746456692912
11
1.8839732677165353
21
1.1066331496062991
0
LINE
8
BLACK
6
CONTINUOUS
10
1.8839732677165353
20
1.1066331496062991
11
1.8844112992125983
21
1.1064397637795276
0
LINE
8
BLACK
6
CONTINUOUS
10
1.8844112992125983
20
1.1064397637795276
11
1.8847104724409449
21
1.1061405511811024
0
LINE
8
BLACK
6
CONTINUOUS
10
1.8847104724409449
20
1.1061405511811024
11
1.8855677559055117
21
1.1055677559055117
0
LINE
8
BLACK
6
CONTINUOUS
10
1.8855677559055117
20
1.1055677559055117
11
1.8861405511811022
21
1.1047104724409449
0
LINE
8
BLACK
6
CONTINUOUS
10
1.8861405511811022
20
1.1047104724409449
11
1.8864397637795276
21
1.1044112992125985
0
LINE
8
BLACK
6
CONTINUOUS
10
1.8864397637795276
20
1.1044112992125985
11
1.8866331496062991
21
1.1039732677165355
0
LINE
8
BLACK
6
CONTINUOUS
10
1.8866331496062991
20
1.1039732677165355
11
1.8872746456692913
21
1.1030132677165354
0
LINE
8
BLACK
6
CONTINUOUS
10
1.8872746456692913
20
1.1030132677165354
11
1.8874529921259842
21
1.1021164960629921
0
LINE
8
BLACK
6
CONTINUOUS
10
1.8874529921259842
20
1.1021164960629921
11
1.8876551181102361
21
1.1016588188976377
0
LINE
8
BLACK
6
CONTINUOUS
10
1.8876551181102361
20
1.1016588188976377
11
1.8878105118110236
21
1.1003190944881889
0
LINE
8
BLACK
6
CONTINUOUS
10
1.8878105118110236
20
1.1003190944881889
11
1.8878740157480314
21
1.0999999999999999
0
LINE
8
BLACK
6
CONTINUOUS
10
1.8878740157480314
20
1.0999999999999999
11
1.8878740157480314
21
1.04
0
LINE
8
BLACK
6
CONTINUOUS
10
1.8878740157480314
20
1.04
11
1.8878105118110236
21
1.0396808661417323
0
LINE
8
BLACK
6
CONTINUOUS
10
1.8878105118110236
20
1.0396808661417323
11
1.8876551181102361
21
1.0383411417322834
0
LINE
8
BLACK
6
CONTINUOUS
10
1.8876551181102361
20
1.0383411417322834
11
1.8874529921259842
21
1.0378833858267715
0
LINE
8
BLACK
6
CONTINUOUS
10
1.8874529921259842
20
1.0378833858267715
11
1.8872746456692913
21
1.0369867322834645
0
LINE
8
BLACK
6
CONTINUOUS
10
1.8872746456692913
20
1.0369867322834645
11
1.8866331889763779
21
1.0360267716535432
0
LINE
8
BLACK
6
CONTINUOUS
10
1.8866331889763779
20
1.0360267716535432
11
1.8864397637795276
21
1.0355886614173229
0
LINE
8
BLACK
6
CONTINUOUS
10
1.8864397637795276
20
1.0355886614173229
11
1.8861404724409447
21
1.0352893700787402
0
LINE
8
BLACK
6
CONTINUOUS
10
1.8861404724409447
20
1.0352893700787402
11
1.8855677559055117
21
1.0344322440944882
0
LINE
8
BLACK
6
CONTINUOUS
10
1.8855677559055117
20
1.0344322440944882
11
1.884710590551181
21
1.0338594881889764
0
LINE
8
BLACK
6
CONTINUOUS
10
1.884710590551181
20
1.0338594881889764
11
1.8844112992125983
21
1.0335601968503936
0
LINE
8
BLACK
6
CONTINUOUS
10
1.8844112992125983
20
1.0335601968503936
11
1.8839731102362205
21
1.0333666929133858
0
LINE
8
BLACK
6
CONTINUOUS
10
1.8839731102362205
20
1.0333666929133858
11
1.8830132677165354
21
1.0327253543307087
0
LINE
8
BLACK
6
CONTINUOUS
10
1.8830132677165354
20
1.0327253543307087
11
1.8821166929133857
21
1.0325470078740158
0
LINE
8
BLACK
6
CONTINUOUS
10
1.8821166929133857
20
1.0325470078740158
11
1.8816588188976378
21
1.0323448425196851
0
LINE
8
BLACK
6
CONTINUOUS
10
1.8816588188976378
20
1.0323448425196851
11
1.8803186220472441
21
1.0321893307086614
0
LINE
8
BLACK
6
CONTINUOUS
10
1.8803186220472441
20
1.0321893307086614
11
1.8799999999999999
21
1.0321259842519686
0
LINE
8
BLACK
6
CONTINUOUS
10
1.8799999999999999
20
1.0321259842519686
11
1.8797723228346457
21
1.0321259842519686
0
LINE
8
BLACK
6
CONTINUOUS
10
1.8797723228346457
20
1.0321259842519686
11
1.820227716535433
21
1.0321259842519686
0
LINE
8
BLACK
6
CONTINUOUS
10
1.820227716535433
20
1.0321259842519686
11
1.8200000000000001
21
1.0321259842519686
0
LINE
8
BLACK
6
CONTINUOUS
10
1.8200000000000001
20
1.0321259842519686
11
1.8196813385826771
21
1.0321893307086614
0
LINE
8
BLACK
6
CONTINUOUS
10
1.8196813385826771
20
1.0321893307086614
11
1.8183411417322835
21
1.0323448425196851
0
LINE
8
BLACK
6
CONTINUOUS
10
1.8183411417322835
20
1.0323448425196851
11
1.8178832283464565
21
1.0325470078740158
0
LINE
8
BLACK
6
CONTINUOUS
10
1.8178832283464565
20
1.0325470078740158
11
1.8169867322834645
21
1.0327253543307087
0
LINE
8
BLACK
6
CONTINUOUS
10
1.8169867322834645
20
1.0327253543307087
11
1.8160269291338582
21
1.033366653543307
0
LINE
8
BLACK
6
CONTINUOUS
10
1.8160269291338582
20
1.033366653543307
11
1.8155886614173229
21
1.0335601968503936
0
LINE
8
BLACK
6
CONTINUOUS
10
1.8155886614173229
20
1.0335601968503936
11
1.815289251968504
21
1.0338595669291339
0
LINE
8
BLACK
6
CONTINUOUS
10
1.815289251968504
20
1.0338595669291339
11
1.8144322440944882
21
1.0344322440944882
0
LINE
8
BLACK
6
CONTINUOUS
10
1.8144322440944882
20
1.0344322440944882
11
1.8138595669291337
21
1.035289251968504
0
LINE
8
BLACK
6
CONTINUOUS
10
1.8138595669291337
20
1.035289251968504
11
1.8135601968503936
21
1.0355886614173229
0
LINE
8
BLACK
6
CONTINUOUS
10
1.8135601968503936
20
1.0355886614173229
11
1.8133666535433071
21
1.0360269291338582
0
LINE
8
BLACK
6
CONTINUOUS
10
1.8133666535433071
20
1.0360269291338582
11
1.8127253543307087
21
1.0369867322834645
0
LINE
8
BLACK
6
CONTINUOUS
10
1.8127253543307087
20
1.0369867322834645
11
1.8125470078740158
21
1.0378832283464567
0
LINE
8
BLACK
6
CONTINUOUS
10
1.8125470078740158
20
1.0378832283464567
11
1.8123448425196851
21
1.0383411417322834
0
LINE
8
BLACK
6
CONTINUOUS
10
1.8123448425196851
20
1.0383411417322834
11
1.8121893307086614
21
1.0396814173228346
0
LINE
8
BLACK
6
CONTINUOUS
10
1.8121893307086614
20
1.0396814173228346
11
1.8121259842519684
21
1.04
0
LINE
8
BLACK
6
CONTINUOUS
10
1.8121259842519684
20
1.04
11
1.8121259842519684
21
1.0999999999999999
0
LINE
8
BLACK
6
CONTINUOUS
10
1.8121259842519684
20
1.0999999999999999
11
1.8121893700787401
21
1.1003187007874016
0
LINE
8
BLACK
6
CONTINUOUS
10
1.8121893700787401
20
1.1003187007874016
11
1.8123448425196851
21
1.1016588188976377
0
LINE
8
BLACK
6
CONTINUOUS
10
1.8123448425196851
20
1.1016588188976377
11
1.8125470078740158
21
1.1021166929133859
0
LINE
8
BLACK
6
CONTINUOUS
10
1.8125470078740158
20
1.1021166929133859
11
1.8127253543307087
21
1.1030132677165354
0
LINE
8
BLACK
6
CONTINUOUS
10
1.8127253543307087
20
1.1030132677165354
11
1.8133666929133858
21
1.1039731102362205
0
LINE
8
BLACK
6
CONTINUOUS
10
1.8133666929133858
20
1.1039731102362205
11
1.8135601968503936
21
1.1044112992125985
0
LINE
8
BLACK
6
CONTINUOUS
10
1.8135601968503936
20
1.1044112992125985
11
1.8138594881889762
21
1.1047105905511811
0
LINE
8
BLACK
6
CONTINUOUS
10
1.8138594881889762
20
1.1047105905511811
11
1.8144322440944882
21
1.1055677559055117
0
LINE
8
BLACK
6
CONTINUOUS
10
1.8144322440944882
20
1.1055677559055117
11
1.81528937007874
21
1.1061404724409449
0
LINE
8
BLACK
6
CONTINUOUS
10
1.81528937007874
20
1.1061404724409449
11
1.8155886614173229
21
1.1064397637795276
0
LINE
8
BLACK
6
CONTINUOUS
10
1.8155886614173229
20
1.1064397637795276
11
1.8160267716535432
21
1.1066331889763779
0
LINE
8
BLACK
6
CONTINUOUS
10
1.8160267716535432
20
1.1066331889763779
11
1.8169867322834645
21
1.1072746456692912
0
LINE
8
BLACK
6
CONTINUOUS
10
1.8169867322834645
20
1.1072746456692912
11
1.8178833858267716
21
1.1074529921259841
0
LINE
8
BLACK
6
CONTINUOUS
10
1.8178833858267716
20
1.1074529921259841
11
1.8183411417322835
21
1.1076551181102361
0
LINE
8
BLACK
6
CONTINUOUS
10
1.8183411417322835
20
1.1076551181102361
11
1.8196809448818898
21
1.1078105511811023
0
LINE
8
BLACK
6
CONTINUOUS
10
1.8196809448818898
20
1.1078105511811023
11
1.8200000000000001
21
1.1078740157480316
0
LINE
8
BLACK
6
CONTINUOUS
10
1.8200000000000001
20
1.1078740157480316
11
1.8799999999999999
21
1.1078740157480316
0
LINE
8
BLACK
6
CONTINUOUS
10
1.8799999999999999
20
1.1078740157480316
11
1.8803191732283464
21
1.1078105118110235
0
LINE
8
BLACK
6
CONTINUOUS
10
0.1303191732283465
20
1.1178105118110235
11
0.1316588188976378
21
1.1176551181102361
0
LINE
8
BLACK
6
CONTINUOUS
10
0.1316588188976378
20
1.1176551181102361
11
0.1321164960629921
21
1.1174529921259841
0
LINE
8
BLACK
6
CONTINUOUS
10
0.1321164960629921
20
1.1174529921259841
11
0.1330132677165354
21
1.1172746456692912
0
LINE
8
BLACK
6
CONTINUOUS
10
0.1330132677165354
20
1.1172746456692912
11
0.1339732677165354
21
1.1166331496062991
0
LINE
8
BLACK
6
CONTINUOUS
10
0.1339732677165354
20
1.1166331496062991
11
0.1344112992125984
21
1.1164397637795276
0
LINE
8
BLACK
6
CONTINUOUS
10
0.1344112992125984
20
1.1164397637795276
11
0.1347104724409449
21
1.1161405511811024
0
LINE
8
BLACK
6
CONTINUOUS
10
0.1347104724409449
20
1.1161405511811024
11
0.1355677559055118
21
1.1155677559055117
0
LINE
8
BLACK
6
CONTINUOUS
10
0.1355677559055118
20
1.1155677559055117
11
0.1361405511811024
21
1.1147104724409449
0
LINE
8
BLACK
6
CONTINUOUS
10
0.1361405511811024
20
1.1147104724409449
11
0.1364397637795275
21
1.1144112992125983
0
LINE
8
BLACK
6
CONTINUOUS
10
0.1364397637795275
20
1.1144112992125983
11
0.1366331496062992
21
1.1139732677165355
0
LINE
8
BLACK
6
CONTINUOUS
10
0.1366331496062992
20
1.1139732677165355
11
0.1372746456692913
21
1.1130132677165354
0
LINE
8
BLACK
6
CONTINUOUS
10
0.1372746456692913
20
1.1130132677165354
11
0.1374529921259842
21
1.1121164960629921
0
LINE
8
BLACK
6
CONTINUOUS
10
0.1374529921259842
20
1.1121164960629921
11
0.1376551181102362
21
1.1116588188976377
0
LINE
8
BLACK
6
CONTINUOUS
10
0.1376551181102362
20
1.1116588188976377
11
0.1378105118110236
21
1.1103190944881889
0
LINE
8
BLACK
6
CONTINUOUS
10
0.1378105118110236
20
1.1103190944881889
11
0.1378740157480315
21
1.1099999999999999
0
LINE
8
BLACK
6
CONTINUOUS
10
0.1378740157480315
20
1.1099999999999999
11
0.1378740157480315
21
1.05
0
LINE
8
BLACK
6
CONTINUOUS
10
0.1378740157480315
20
1.05
11
0.1378105118110236
21
1.0496808661417323
0
LINE
8
BLACK
6
CONTINUOUS
10
0.1378105118110236
20
1.0496808661417323
11
0.1376551181102362
21
1.0483411417322834
0
LINE
8
BLACK
6
CONTINUOUS
10
0.1376551181102362
20
1.0483411417322834
11
0.1374529921259842
21
1.0478833858267715
0
LINE
8
BLACK
6
CONTINUOUS
10
0.1374529921259842
20
1.0478833858267715
11
0.1372746456692913
21
1.0469867322834645
0
LINE
8
BLACK
6
CONTINUOUS
10
0.1372746456692913
20
1.0469867322834645
11
0.1366331889763779
21
1.0460267716535432
0
LINE
8
BLACK
6
CONTINUOUS
10
0.1366331889763779
20
1.0460267716535432
11
0.1364397637795275
21
1.0455886614173229
0
LINE
8
BLACK
6
CONTINUOUS
10
0.1364397637795275
20
1.0455886614173229
11
0.1361404724409449
21
1.0452893700787402
0
LINE
8
BLACK
6
CONTINUOUS
10
0.1361404724409449
20
1.0452893700787402
11
0.1355677559055118
21
1.0444322440944882
0
LINE
8
BLACK
6
CONTINUOUS
10
0.1355677559055118
20
1.0444322440944882
11
0.1347105905511811
21
1.0438594881889764
0
LINE
8
BLACK
6
CONTINUOUS
10
0.1347105905511811
20
1.0438594881889764
11
0.1344112992125984
21
1.0435601968503936
0
LINE
8
BLACK
6
CONTINUOUS
10
0.1344112992125984
20
1.0435601968503936
11
0.1339731102362205
21
1.0433666929133858
0
LINE
8
BLACK
6
CONTINUOUS
10
0.1339731102362205
20
1.0433666929133858
11
0.1330132677165354
21
1.0427253543307087
0
LINE
8
BLACK
6
CONTINUOUS
10
0.1330132677165354
20
1.0427253543307087
11
0.1321166929133858
21
1.0425470078740158
0
LINE
8
BLACK
6
CONTINUOUS
10
0.1321166929133858
20
1.0425470078740158
11
0.1316588188976378
21
1.0423448425196851
0
LINE
8
BLACK
6
CONTINUOUS
10
0.1316588188976378
20
1.0423448425196851
11
0.1303186220472441
21
1.0421893307086614
0
LINE
8
BLACK
6
CONTINUOUS
10
0.1303186220472441
20
1.0421893307086614
11
0.13
21
1.0421259842519686
0
LINE
8
BLACK
6
CONTINUOUS
10
0.13
20
1.0421259842519686
11
0.1297723228346457
21
1.0421259842519686
0
LINE
8
BLACK
6
CONTINUOUS
10
0.1297723228346457
20
1.0421259842519686
11
0.0702277165354331
21
1.0421259842519686
0
LINE
8
BLACK
6
CONTINUOUS
10
0.0702277165354331
20
1.0421259842519686
11
0.07
21
1.0421259842519686
0
LINE
8
BLACK
6
CONTINUOUS
10
0.07
20
1.0421259842519686
11
0.0696813385826772
21
1.0421893307086614
0
LINE
8
BLACK
6
CONTINUOUS
10
0.0696813385826772
20
1.0421893307086614
11
0.0683411417322835
21
1.0423448425196851
0
LINE
8
BLACK
6
CONTINUOUS
10
0.0683411417322835
20
1.0423448425196851
11
0.0678832283464567
21
1.0425470078740158
0
LINE
8
BLACK
6
CONTINUOUS
10
0.0678832283464567
20
1.0425470078740158
11
0.0669867322834646
21
1.0427253543307087
0
LINE
8
BLACK
6
CONTINUOUS
10
0.0669867322834646
20
1.0427253543307087
11
0.0660269291338583
21
1.043366653543307
0
LINE
8
BLACK
6
CONTINUOUS
10
0.0660269291338583
20
1.043366653543307
11
0.0655886614173228
21
1.0435601968503936
0
LINE
8
BLACK
6
CONTINUOUS
10
0.0655886614173228
20
1.0435601968503936
11
0.0652892519685039
21
1.0438595669291337
0
LINE
8
BLACK
6
CONTINUOUS
10
0.0652892519685039
20
1.0438595669291337
11
0.0644322440944882
21
1.0444322440944882
0
LINE
8
BLACK
6
CONTINUOUS
10
0.0644322440944882
20
1.0444322440944882
11
0.0638595669291339
21
1.045289251968504
0
LINE
8
BLACK
6
CONTINUOUS
10
0.0638595669291339
20
1.045289251968504
11
0.0635601968503937
21
1.0455886614173229
0
LINE
8
BLACK
6
CONTINUOUS
10
0.0635601968503937
20
1.0455886614173229
11
0.0633666535433071
21
1.0460269291338582
0
LINE
8
BLACK
6
CONTINUOUS
10
0.0633666535433071
20
1.0460269291338582
11
0.0627253543307087
21
1.0469867322834645
0
LINE
8
BLACK
6
CONTINUOUS
10
0.0627253543307087
20
1.0469867322834645
11
0.0625470078740158
21
1.0478832283464568
0
LINE
8
BLACK
6
CONTINUOUS
10
0.0625470078740158
20
1.0478832283464568
11
0.062344842519685
21
1.0483411417322834
0
LINE
8
BLACK
6
CONTINUOUS
10
0.062344842519685
20
1.0483411417322834
11
0.0621893307086614
21
1.0496814173228346
0
LINE
8
BLACK
6
CONTINUOUS
10
0.0621893307086614
20
1.0496814173228346
11
0.0621259842519685
21
1.05
0
LINE
8
BLACK
6
CONTINUOUS
10
0.0621259842519685
20
1.05
11
0.0621259842519685
21
1.1099999999999999
0
LINE
8
BLACK
6
CONTINUOUS
10
0.0621259842519685
20
1.1099999999999999
11
0.0621893700787402
21
1.1103187007874016
0
LINE
8
BLACK
6
CONTINUOUS
10
0.0621893700787402
20
1.1103187007874016
11
0.062344842519685
21
1.1116588188976377
0
LINE
8
BLACK
6
CONTINUOUS
10
0.062344842519685
20
1.1116588188976377
11
0.0625470078740158
21
1.1121166929133859
0
LINE
8
BLACK
6
CONTINUOUS
10
0.0625470078740158
20
1.1121166929133859
11
0.0627253543307087
21
1.1130132677165354
0
LINE
8
BLACK
6
CONTINUOUS
10
0.0627253543307087
20
1.1130132677165354
11
0.0633666929133858
21
1.1139731102362205
0
LINE
8
BLACK
6
CONTINUOUS
10
0.0633666929133858
20
1.1139731102362205
11
0.0635601968503937
21
1.1144112992125983
0
LINE
8
BLACK
6
CONTINUOUS
10
0.0635601968503937
20
1.1144112992125983
11
0.0638594881889764
21
1.1147105905511812
0
LINE
8
BLACK
6
CONTINUOUS
10
0.0638594881889764
20
1.1147105905511812
11
0.0644322440944882
21
1.1155677559055117
0
LINE
8
BLACK
6
CONTINUOUS
10
0.0644322440944882
20
1.1155677559055117
11
0.0652893700787402
21
1.1161404724409449
0
LINE
8
BLACK
6
CONTINUOUS
10
0.0652893700787402
20
1.1161404724409449
11
0.0655886614173228
21
1.1164397637795276
0
LINE
8
BLACK
6
CONTINUOUS
10
0.0655886614173228
20
1.1164397637795276
11
0.0660267716535433
21
1.1166331889763779
0
LINE
8
BLACK
6
CONTINUOUS
10
0.0660267716535433
20
1.1166331889763779
11
0.0669867322834646
21
1.1172746456692912
0
LINE
8
BLACK
6
CONTINUOUS
10
0.0669867322834646
20
1.1172746456692912
11
0.0678833858267717
21
1.1174529921259841
0
LINE
8
BLACK
6
CONTINUOUS
10
0.0678833858267717
20
1.1174529921259841
11
0.0683411417322835
21
1.1176551181102361
0
LINE
8
BLACK
6
CONTINUOUS
10
0.0683411417322835
20
1.1176551181102361
11
0.0696809448818898
21
1.1178105511811023
0
LINE
8
BLACK
6
CONTINUOUS
10
0.0696809448818898
20
1.1178105511811023
11
0.07
21
1.1178740157480316
0
LINE
8
BLACK
6
CONTINUOUS
10
0.07
20
1.1178740157480316
11
0.13
21
1.1178740157480316
0
LINE
8
BLACK
6
CONTINUOUS
10
0.13
20
1.1178740157480316
11
0.1303191732283465
21
1.1178105118110235
0
LINE
8
BLACK
6
CONTINUOUS
10
0.2303191732283464
20
1.1178105118110235
11
0.2316588188976378
21
1.1176551181102361
0
LINE
8
BLACK
6
CONTINUOUS
10
0.2316588188976378
20
1.1176551181102361
11
0.2321164960629921
21
1.1174529921259841
0
LINE
8
BLACK
6
CONTINUOUS
10
0.2321164960629921
20
1.1174529921259841
11
0.2330132677165354
21
1.1172746456692912
0
LINE
8
BLACK
6
CONTINUOUS
10
0.2330132677165354
20
1.1172746456692912
11
0.2339732677165354
21
1.1166331496062991
0
LINE
8
BLACK
6
CONTINUOUS
10
0.2339732677165354
20
1.1166331496062991
11
0.2344112992125984
21
1.1164397637795276
0
LINE
8
BLACK
6
CONTINUOUS
10
0.2344112992125984
20
1.1164397637795276
11
0.2347104724409449
21
1.1161405511811024
0
LINE
8
BLACK
6
CONTINUOUS
10
0.2347104724409449
20
1.1161405511811024
11
0.2355677559055118
21
1.1155677559055117
0
LINE
8
BLACK
6
CONTINUOUS
10
0.2355677559055118
20
1.1155677559055117
11
0.2361405511811024
21
1.1147104724409449
0
LINE
8
BLACK
6
CONTINUOUS
10
0.2361405511811024
20
1.1147104724409449
11
0.2364397637795276
21
1.1144112992125983
0
LINE
8
BLACK
6
CONTINUOUS
10
0.2364397637795276
20
1.1144112992125983
11
0.2366331496062992
21
1.1139732677165355
0
LINE
8
BLACK
6
CONTINUOUS
10
0.2366331496062992
20
1.1139732677165355
11
0.2372746456692913
21
1.1130132677165354
0
LINE
8
BLACK
6
CONTINUOUS
10
0.2372746456692913
20
1.1130132677165354
11
0.2374529921259843
21
1.1121164960629921
0
LINE
8
BLACK
6
CONTINUOUS
10
0.2374529921259843
20
1.1121164960629921
11
0.2376551181102362
21
1.1116588188976377
0
LINE
8
BLACK
6
CONTINUOUS
10
0.2376551181102362
20
1.1116588188976377
11
0.2378105118110236
21
1.1103190944881889
0
LINE
8
BLACK
6
CONTINUOUS
10
0.2378105118110236
20
1.1103190944881889
11
0.2378740157480315
21
1.1099999999999999
0
LINE
8
BLACK
6
CONTINUOUS
10
0.2378740157480315
20
1.1099999999999999
11
0.2378740157480315
21
1.05
0
LINE
8
BLACK
6
CONTINUOUS
10
0.2378740157480315
20
1.05
11
0.2378105118110236
21
1.0496808661417323
0
LINE
8
BLACK
6
CONTINUOUS
10
0.2378105118110236
20
1.0496808661417323
11
0.2376551181102362
21
1.0483411417322834
0
LINE
8
BLACK
6
CONTINUOUS
10
0.2376551181102362
20
1.0483411417322834
11
0.2374529921259843
21
1.0478833858267715
0
LINE
8
BLACK
6
CONTINUOUS
10
0.2374529921259843
20
1.0478833858267715
11
0.2372746456692913
21
1.0469867322834645
0
LINE
8
BLACK
6
CONTINUOUS
10
0.2372746456692913
20
1.0469867322834645
11
0.2366331889763779
21
1.0460267716535432
0
LINE
8
BLACK
6
CONTINUOUS
10
0.2366331889763779
20
1.0460267716535432
11
0.2364397637795276
21
1.0455886614173229
0
LINE
8
BLACK
6
CONTINUOUS
10
0.2364397637795276
20
1.0455886614173229
11
0.2361404724409449
21
1.0452893700787402
0
LINE
8
BLACK
6
CONTINUOUS
10
0.2361404724409449
20
1.0452893700787402
11
0.2355677559055118
21
1.0444322440944882
0
LINE
8
BLACK
6
CONTINUOUS
10
0.2355677559055118
20
1.0444322440944882
11
0.2347105905511811
21
1.0438594881889764
0
LINE
8
BLACK
6
CONTINUOUS
10
0.2347105905511811
20
1.0438594881889764
11
0.2344112992125984
21
1.0435601968503936
0
LINE
8
BLACK
6
CONTINUOUS
10
0.2344112992125984
20
1.0435601968503936
11
0.2339731102362205
21
1.0433666929133858
0
LINE
8
BLACK
6
CONTINUOUS
10
0.2339731102362205
20
1.0433666929133858
11
0.2330132677165354
21
1.0427253543307087
0
LINE
8
BLACK
6
CONTINUOUS
10
0.2330132677165354
20
1.0427253543307087
11
0.2321166929133858
21
1.0425470078740158
0
LINE
8
BLACK
6
CONTINUOUS
10
0.2321166929133858
20
1.0425470078740158
11
0.2316588188976378
21
1.0423448425196851
0
LINE
8
BLACK
6
CONTINUOUS
10
0.2316588188976378
20
1.0423448425196851
11
0.2303186220472441
21
1.0421893307086614
0
LINE
8
BLACK
6
CONTINUOUS
10
0.2303186220472441
20
1.0421893307086614
11
0.23
21
1.0421259842519686
0
LINE
8
BLACK
6
CONTINUOUS
10
0.23
20
1.0421259842519686
11
0.2297723228346457
21
1.0421259842519686
0
LINE
8
BLACK
6
CONTINUOUS
10
0.2297723228346457
20
1.0421259842519686
11
0.1702277165354331
21
1.0421259842519686
0
LINE
8
BLACK
6
CONTINUOUS
10
0.1702277165354331
20
1.0421259842519686
11
0.17
21
1.0421259842519686
0
LINE
8
BLACK
6
CONTINUOUS
10
0.17
20
1.0421259842519686
11
0.1696813385826772
21
1.0421893307086614
0
LINE
8
BLACK
6
CONTINUOUS
10
0.1696813385826772
20
1.0421893307086614
11
0.1683411417322835
21
1.0423448425196851
0
LINE
8
BLACK
6
CONTINUOUS
10
0.1683411417322835
20
1.0423448425196851
11
0.1678832283464567
21
1.0425470078740158
0
LINE
8
BLACK
6
CONTINUOUS
10
0.1678832283464567
20
1.0425470078740158
11
0.1669867322834646
21
1.0427253543307087
0
LINE
8
BLACK
6
CONTINUOUS
10
0.1669867322834646
20
1.0427253543307087
11
0.1660269291338583
21
1.043366653543307
0
LINE
8
BLACK
6
CONTINUOUS
10
0.1660269291338583
20
1.043366653543307
11
0.1655886614173228
21
1.0435601968503936
0
LINE
8
BLACK
6
CONTINUOUS
10
0.1655886614173228
20
1.0435601968503936
11
0.1652892519685039
21
1.0438595669291337
0
LINE
8
BLACK
6
CONTINUOUS
10
0.1652892519685039
20
1.0438595669291337
11
0.1644322440944882
21
1.0444322440944882
0
LINE
8
BLACK
6
CONTINUOUS
10
0.1644322440944882
20
1.0444322440944882
11
0.1638595669291339
21
1.045289251968504
0
LINE
8
BLACK
6
CONTINUOUS
10
0.1638595669291339
20
1.045289251968504
11
0.1635601968503937
21
1.0455886614173229
0
LINE
8
BLACK
6
CONTINUOUS
10
0.1635601968503937
20
1.0455886614173229
11
0.1633666535433071
21
1.0460269291338582
0
LINE
8
BLACK
6
CONTINUOUS
10
0.1633666535433071
20
1.0460269291338582
11
0.1627253543307087
21
1.0469867322834645
0
LINE
8
BLACK
6
CONTINUOUS
10
0.1627253543307087
20
1.0469867322834645
11
0.1625470078740157
21
1.0478832283464568
0
LINE
8
BLACK
6
CONTINUOUS
10
0.1625470078740157
20
1.0478832283464568
11
0.162344842519685
21
1.0483411417322834
0
LINE
8
BLACK
6
CONTINUOUS
10
0.162344842519685
20
1.0483411417322834
11
0.1621893307086614
21
1.0496814173228346
0
LINE
8
BLACK
6
CONTINUOUS
10
0.1621893307086614
20
1.0496814173228346
11
0.1621259842519685
21
1.05
0
LINE
8
BLACK
6
CONTINUOUS
10
0.1621259842519685
20
1.05
11
0.1621259842519685
21
1.1099999999999999
0
LINE
8
BLACK
6
CONTINUOUS
10
0.1621259842519685
20
1.1099999999999999
11
0.1621893700787402
21
1.1103187007874016
0
LINE
8
BLACK
6
CONTINUOUS
10
0.1621893700787402
20
1.1103187007874016
11
0.162344842519685
21
1.1116588188976377
0
LINE
8
BLACK
6
CONTINUOUS
10
0.162344842519685
20
1.1116588188976377
11
0.1625470078740157
21
1.1121166929133859
0
LINE
8
BLACK
6
CONTINUOUS
10
0.1625470078740157
20
1.1121166929133859
11
0.1627253543307087
21
1.1130132677165354
0
LINE
8
BLACK
6
CONTINUOUS
10
0.1627253543307087
20
1.1130132677165354
11
0.1633666929133858
21
1.1139731102362205
0
LINE
8
BLACK
6
CONTINUOUS
10
0.1633666929133858
20
1.1139731102362205
11
0.1635601968503937
21
1.1144112992125983
0
LINE
8
BLACK
6
CONTINUOUS
10
0.1635601968503937
20
1.1144112992125983
11
0.1638594881889764
21
1.1147105905511812
0
LINE
8
BLACK
6
CONTINUOUS
10
0.1638594881889764
20
1.1147105905511812
11
0.1644322440944882
21
1.1155677559055117
0
LINE
8
BLACK
6
CONTINUOUS
10
0.1644322440944882
20
1.1155677559055117
11
0.1652893700787401
21
1.1161404724409449
0
LINE
8
BLACK
6
CONTINUOUS
10
0.1652893700787401
20
1.1161404724409449
11
0.1655886614173228
21
1.1164397637795276
0
LINE
8
BLACK
6
CONTINUOUS
10
0.1655886614173228
20
1.1164397637795276
11
0.1660267716535433
21
1.1166331889763779
0
LINE
8
BLACK
6
CONTINUOUS
10
0.1660267716535433
20
1.1166331889763779
11
0.1669867322834646
21
1.1172746456692912
0
LINE
8
BLACK
6
CONTINUOUS
10
0.1669867322834646
20
1.1172746456692912
11
0.1678833858267716
21
1.1174529921259841
0
LINE
8
BLACK
6
CONTINUOUS
10
0.1678833858267716
20
1.1174529921259841
11
0.1683411417322835
21
1.1176551181102361
0
LINE
8
BLACK
6
CONTINUOUS
10
0.1683411417322835
20
1.1176551181102361
11
0.1696809448818898
21
1.1178105511811023
0
LINE
8
BLACK
6
CONTINUOUS
10
0.1696809448818898
20
1.1178105511811023
11
0.17
21
1.1178740157480316
0
LINE
8
BLACK
6
CONTINUOUS
10
0.17
20
1.1178740157480316
11
0.23
21
1.1178740157480316
0
LINE
8
BLACK
6
CONTINUOUS
10
0.23
20
1.1178740157480316
11
0.2303191732283464
21
1.1178105118110235
0
LINE
8
BLACK
6
CONTINUOUS
10
1.3803191732283464
20
1.1678105118110236
11
1.3816588188976378
21
1.1676551181102361
0
LINE
8
BLACK
6
CONTINUOUS
10
1.3816588188976378
20
1.1676551181102361
11
1.3821164960629921
21
1.1674529921259842
0
LINE
8
BLACK
6
CONTINUOUS
10
1.3821164960629921
20
1.1674529921259842
11
1.3830132677165354
21
1.1672746456692913
0
LINE
8
BLACK
6
CONTINUOUS
10
1.3830132677165354
20
1.1672746456692913
11
1.3839732677165355
21
1.1666331496062992
0
LINE
8
BLACK
6
CONTINUOUS
10
1.3839732677165355
20
1.1666331496062992
11
1.3844112992125983
21
1.1664397637795276
0
LINE
8
BLACK
6
CONTINUOUS
10
1.3844112992125983
20
1.1664397637795276
11
1.3847104724409449
21
1.1661405511811023
0
LINE
8
BLACK
6
CONTINUOUS
10
1.3847104724409449
20
1.1661405511811023
11
1.3855677559055117
21
1.1655677559055118
0
LINE
8
BLACK
6
CONTINUOUS
10
1.3855677559055117
20
1.1655677559055118
11
1.3861405511811022
21
1.1647104724409449
0
LINE
8
BLACK
6
CONTINUOUS
10
1.3861405511811022
20
1.1647104724409449
11
1.3864397637795276
21
1.1644112992125983
0
LINE
8
BLACK
6
CONTINUOUS
10
1.3864397637795276
20
1.1644112992125983
11
1.3866331496062991
21
1.1639732677165353
0
LINE
8
BLACK
6
CONTINUOUS
10
1.3866331496062991
20
1.1639732677165353
11
1.3872746456692913
21
1.1630132677165355
0
LINE
8
BLACK
6
CONTINUOUS
10
1.3872746456692913
20
1.1630132677165355
11
1.3874529921259842
21
1.1621164960629922
0
LINE
8
BLACK
6
CONTINUOUS
10
1.3874529921259842
20
1.1621164960629922
11
1.3876551181102361
21
1.1616588188976378
0
LINE
8
BLACK
6
CONTINUOUS
10
1.3876551181102361
20
1.1616588188976378
11
1.3878105118110236
21
1.1603190944881889
0
LINE
8
BLACK
6
CONTINUOUS
10
1.3878105118110236
20
1.1603190944881889
11
1.3878740157480314
21
1.1599999999999999
0
LINE
8
BLACK
6
CONTINUOUS
10
1.3878740157480314
20
1.1599999999999999
11
1.3878740157480314
21
1.0999999999999999
0
LINE
8
BLACK
6
CONTINUOUS
10
1.3878740157480314
20
1.0999999999999999
11
1.3878105118110236
21
1.0996808661417323
0
LINE
8
BLACK
6
CONTINUOUS
10
1.3878105118110236
20
1.0996808661417323
11
1.3876551181102361
21
1.0983411417322835
0
LINE
8
BLACK
6
CONTINUOUS
10
1.3876551181102361
20
1.0983411417322835
11
1.3874529921259842
21
1.0978833858267716
0
LINE
8
BLACK
6
CONTINUOUS
10
1.3874529921259842
20
1.0978833858267716
11
1.3872746456692913
21
1.0969867322834645
0
LINE
8
BLACK
6
CONTINUOUS
10
1.3872746456692913
20
1.0969867322834645
11
1.3866331889763779
21
1.0960267716535432
0
LINE
8
BLACK
6
CONTINUOUS
10
1.3866331889763779
20
1.0960267716535432
11
1.3864397637795276
21
1.0955886614173229
0
LINE
8
BLACK
6
CONTINUOUS
10
1.3864397637795276
20
1.0955886614173229
11
1.386140472440945
21
1.0952893700787401
0
LINE
8
BLACK
6
CONTINUOUS
10
1.386140472440945
20
1.0952893700787401
11
1.3855677559055117
21
1.0944322440944882
0
LINE
8
BLACK
6
CONTINUOUS
10
1.3855677559055117
20
1.0944322440944882
11
1.3847105905511812
21
1.0938594881889763
0
LINE
8
BLACK
6
CONTINUOUS
10
1.3847105905511812
20
1.0938594881889763
11
1.3844112992125983
21
1.0935601968503936
0
LINE
8
BLACK
6
CONTINUOUS
10
1.3844112992125983
20
1.0935601968503936
11
1.3839731102362205
21
1.0933666929133858
0
LINE
8
BLACK
6
CONTINUOUS
10
1.3839731102362205
20
1.0933666929133858
11
1.3830132677165354
21
1.0927253543307087
0
LINE
8
BLACK
6
CONTINUOUS
10
1.3830132677165354
20
1.0927253543307087
11
1.3821166929133859
21
1.0925470078740158
0
LINE
8
BLACK
6
CONTINUOUS
10
1.3821166929133859
20
1.0925470078740158
11
1.3816588188976378
21
1.0923448425196851
0
LINE
8
BLACK
6
CONTINUOUS
10
1.3816588188976378
20
1.0923448425196851
11
1.3803186220472441
21
1.0921893307086614
0
LINE
8
BLACK
6
CONTINUOUS
10
1.3803186220472441
20
1.0921893307086614
11
1.3799999999999999
21
1.0921259842519684
0
LINE
8
BLACK
6
CONTINUOUS
10
1.3799999999999999
20
1.0921259842519684
11
1.3797723228346457
21
1.0921259842519684
0
LINE
8
BLACK
6
CONTINUOUS
10
1.3797723228346457
20
1.0921259842519684
11
1.320227716535433
21
1.0921259842519684
0
LINE
8
BLACK
6
CONTINUOUS
10
1.320227716535433
20
1.0921259842519684
11
1.3200000000000001
21
1.0921259842519684
0
LINE
8
BLACK
6
CONTINUOUS
10
1.3200000000000001
20
1.0921259842519684
11
1.3196813385826771
21
1.0921893307086614
0
LINE
8
BLACK
6
CONTINUOUS
10
1.3196813385826771
20
1.0921893307086614
11
1.3183411417322835
21
1.0923448425196851
0
LINE
8
BLACK
6
CONTINUOUS
10
1.3183411417322835
20
1.0923448425196851
11
1.3178832283464568
21
1.0925470078740158
0
LINE
8
BLACK
6
CONTINUOUS
10
1.3178832283464568
20
1.0925470078740158
11
1.3169867322834645
21
1.0927253543307087
0
LINE
8
BLACK
6
CONTINUOUS
10
1.3169867322834645
20
1.0927253543307087
11
1.3160269291338582
21
1.0933666535433071
0
LINE
8
BLACK
6
CONTINUOUS
10
1.3160269291338582
20
1.0933666535433071
11
1.3155886614173229
21
1.0935601968503936
0
LINE
8
BLACK
6
CONTINUOUS
10
1.3155886614173229
20
1.0935601968503936
11
1.315289251968504
21
1.0938595669291338
0
LINE
8
BLACK
6
CONTINUOUS
10
1.315289251968504
20
1.0938595669291338
11
1.3144322440944882
21
1.0944322440944882
0
LINE
8
BLACK
6
CONTINUOUS
10
1.3144322440944882
20
1.0944322440944882
11
1.3138595669291337
21
1.095289251968504
0
LINE
8
BLACK
6
CONTINUOUS
10
1.3138595669291337
20
1.095289251968504
11
1.3135601968503936
21
1.0955886614173229
0
LINE
8
BLACK
6
CONTINUOUS
10
1.3135601968503936
20
1.0955886614173229
11
1.3133666535433071
21
1.0960269291338582
0
LINE
8
BLACK
6
CONTINUOUS
10
1.3133666535433071
20
1.0960269291338582
11
1.3127253543307087
21
1.0969867322834645
0
LINE
8
BLACK
6
CONTINUOUS
10
1.3127253543307087
20
1.0969867322834645
11
1.3125470078740158
21
1.0978832283464566
0
LINE
8
BLACK
6
CONTINUOUS
10
1.3125470078740158
20
1.0978832283464566
11
1.3123448425196851
21
1.0983411417322835
0
LINE
8
BLACK
6
CONTINUOUS
10
1.3123448425196851
20
1.0983411417322835
11
1.3121893307086614
21
1.0996814173228346
0
LINE
8
BLACK
6
CONTINUOUS
10
1.3121893307086614
20
1.0996814173228346
11
1.3121259842519686
21
1.0999999999999999
0
LINE
8
BLACK
6
CONTINUOUS
10
1.3121259842519686
20
1.0999999999999999
11
1.3121259842519686
21
1.1599999999999999
0
LINE
8
BLACK
6
CONTINUOUS
10
1.3121259842519686
20
1.1599999999999999
11
1.3121893700787401
21
1.1603187007874016
0
LINE
8
BLACK
6
CONTINUOUS
10
1.3121893700787401
20
1.1603187007874016
11
1.3123448425196851
21
1.1616588188976378
0
LINE
8
BLACK
6
CONTINUOUS
10
1.3123448425196851
20
1.1616588188976378
11
1.3125470078740158
21
1.1621166929133857
0
LINE
8
BLACK
6
CONTINUOUS
10
1.3125470078740158
20
1.1621166929133857
11
1.3127253543307087
21
1.1630132677165355
0
LINE
8
BLACK
6
CONTINUOUS
10
1.3127253543307087
20
1.1630132677165355
11
1.3133666929133858
21
1.1639731102362205
0
LINE
8
BLACK
6
CONTINUOUS
10
1.3133666929133858
20
1.1639731102362205
11
1.3135601968503936
21
1.1644112992125983
0
LINE
8
BLACK
6
CONTINUOUS
10
1.3135601968503936
20
1.1644112992125983
11
1.3138594881889762
21
1.164710590551181
0
LINE
8
BLACK
6
CONTINUOUS
10
1.3138594881889762
20
1.164710590551181
11
1.3144322440944882
21
1.1655677559055118
0
LINE
8
BLACK
6
CONTINUOUS
10
1.3144322440944882
20
1.1655677559055118
11
1.31528937007874
21
1.1661404724409448
0
LINE
8
BLACK
6
CONTINUOUS
10
1.31528937007874
20
1.1661404724409448
11
1.3155886614173229
21
1.1664397637795276
0
LINE
8
BLACK
6
CONTINUOUS
10
1.3155886614173229
20
1.1664397637795276
11
1.3160267716535432
21
1.1666331889763779
0
LINE
8
BLACK
6
CONTINUOUS
10
1.3160267716535432
20
1.1666331889763779
11
1.3169867322834645
21
1.1672746456692913
0
LINE
8
BLACK
6
CONTINUOUS
10
1.3169867322834645
20
1.1672746456692913
11
1.3178833858267716
21
1.1674529921259842
0
LINE
8
BLACK
6
CONTINUOUS
10
1.3178833858267716
20
1.1674529921259842
11
1.3183411417322835
21
1.1676551181102361
0
LINE
8
BLACK
6
CONTINUOUS
10
1.3183411417322835
20
1.1676551181102361
11
1.3196809448818898
21
1.1678105511811023
0
LINE
8
BLACK
6
CONTINUOUS
10
1.3196809448818898
20
1.1678105511811023
11
1.3200000000000001
21
1.1678740157480314
0
LINE
8
BLACK
6
CONTINUOUS
10
1.3200000000000001
20
1.1678740157480314
11
1.3799999999999999
21
1.1678740157480314
0
LINE
8
BLACK
6
CONTINUOUS
10
1.3799999999999999
20
1.1678740157480314
11
1.3803191732283464
21
1.1678105118110236
0
LINE
8
BLACK
6
CONTINUOUS
10
1.4803191732283465
20
1.1678105118110236
11
1.4816588188976378
21
1.1676551181102361
0
LINE
8
BLACK
6
CONTINUOUS
10
1.4816588188976378
20
1.1676551181102361
11
1.482116496062992
21
1.1674529921259842
0
LINE
8
BLACK
6
CONTINUOUS
10
1.482116496062992
20
1.1674529921259842
11
1.4830132677165353
21
1.1672746456692913
0
LINE
8
BLACK
6
CONTINUOUS
10
1.4830132677165353
20
1.1672746456692913
11
1.4839732677165354
21
1.1666331496062992
0
LINE
8
BLACK
6
CONTINUOUS
10
1.4839732677165354
20
1.1666331496062992
11
1.4844112992125984
21
1.1664397637795276
0
LINE
8
BLACK
6
CONTINUOUS
10
1.4844112992125984
20
1.1664397637795276
11
1.4847104724409448
21
1.1661405511811023
0
LINE
8
BLACK
6
CONTINUOUS
10
1.4847104724409448
20
1.1661405511811023
11
1.4855677559055118
21
1.1655677559055118
0
LINE
8
BLACK
6
CONTINUOUS
10
1.4855677559055118
20
1.1655677559055118
11
1.4861405511811023
21
1.1647104724409449
0
LINE
8
BLACK
6
CONTINUOUS
10
1.4861405511811023
20
1.1647104724409449
11
1.4864397637795275
21
1.1644112992125983
0
LINE
8
BLACK
6
CONTINUOUS
10
1.4864397637795275
20
1.1644112992125983
11
1.4866331496062992
21
1.1639732677165353
0
LINE
8
BLACK
6
CONTINUOUS
10
1.4866331496062992
20
1.1639732677165353
11
1.4872746456692914
21
1.1630132677165355
0
LINE
8
BLACK
6
CONTINUOUS
10
1.4872746456692914
20
1.1630132677165355
11
1.4874529921259843
21
1.1621164960629922
0
LINE
8
BLACK
6
CONTINUOUS
10
1.4874529921259843
20
1.1621164960629922
11
1.4876551181102362
21
1.1616588188976378
0
LINE
8
BLACK
6
CONTINUOUS
10
1.4876551181102362
20
1.1616588188976378
11
1.4878105118110236
21
1.1603190944881889
0
LINE
8
BLACK
6
CONTINUOUS
10
1.4878105118110236
20
1.1603190944881889
11
1.4878740157480315
21
1.1599999999999999
0
LINE
8
BLACK
6
CONTINUOUS
10
1.4878740157480315
20
1.1599999999999999
11
1.4878740157480315
21
1.0999999999999999
0
LINE
8
BLACK
6
CONTINUOUS
10
1.4878740157480315
20
1.0999999999999999
11
1.4878105118110236
21
1.0996808661417323
0
LINE
8
BLACK
6
CONTINUOUS
10
1.4878105118110236
20
1.0996808661417323
11
1.4876551181102362
21
1.0983411417322835
0
LINE
8
BLACK
6
CONTINUOUS
10
1.4876551181102362
20
1.0983411417322835
11
1.4874529921259843
21
1.0978833858267716
0
LINE
8
BLACK
6
CONTINUOUS
10
1.4874529921259843
20
1.0978833858267716
11
1.4872746456692914
21
1.0969867322834645
0
LINE
8
BLACK
6
CONTINUOUS
10
1.4872746456692914
20
1.0969867322834645
11
1.486633188976378
21
1.0960267716535432
0
LINE
8
BLACK
6
CONTINUOUS
10
1.486633188976378
20
1.0960267716535432
11
1.4864397637795275
21
1.0955886614173229
0
LINE
8
BLACK
6
CONTINUOUS
10
1.4864397637795275
20
1.0955886614173229
11
1.4861404724409448
21
1.0952893700787401
0
LINE
8
BLACK
6
CONTINUOUS
10
1.4861404724409448
20
1.0952893700787401
11
1.4855677559055118
21
1.0944322440944882
0
LINE
8
BLACK
6
CONTINUOUS
10
1.4855677559055118
20
1.0944322440944882
11
1.484710590551181
21
1.0938594881889763
0
LINE
8
BLACK
6
CONTINUOUS
10
1.484710590551181
20
1.0938594881889763
11
1.4844112992125984
21
1.0935601968503936
0
LINE
8
BLACK
6
CONTINUOUS
10
1.4844112992125984
20
1.0935601968503936
11
1.4839731102362204
21
1.0933666929133858
0
LINE
8
BLACK
6
CONTINUOUS
10
1.4839731102362204
20
1.0933666929133858
11
1.4830132677165353
21
1.0927253543307087
0
LINE
8
BLACK
6
CONTINUOUS
10
1.4830132677165353
20
1.0927253543307087
11
1.4821166929133858
21
1.0925470078740158
0
LINE
8
BLACK
6
CONTINUOUS
10
1.4821166929133858
20
1.0925470078740158
11
1.4816588188976378
21
1.0923448425196851
0
LINE
8
BLACK
6
CONTINUOUS
10
1.4816588188976378
20
1.0923448425196851
11
1.480318622047244
21
1.0921893307086614
0
LINE
8
BLACK
6
CONTINUOUS
10
1.480318622047244
20
1.0921893307086614
11
1.48
21
1.0921259842519684
0
LINE
8
BLACK
6
CONTINUOUS
10
1.48
20
1.0921259842519684
11
1.4797723228346455
21
1.0921259842519684
0
LINE
8
BLACK
6
CONTINUOUS
10
1.4797723228346455
20
1.0921259842519684
11
1.4202277165354331
21
1.0921259842519684
0
LINE
8
BLACK
6
CONTINUOUS
10
1.4202277165354331
20
1.0921259842519684
11
1.4199999999999999
21
1.0921259842519684
0
LINE
8
BLACK
6
CONTINUOUS
10
1.4199999999999999
20
1.0921259842519684
11
1.4196813385826772
21
1.0921893307086614
0
LINE
8
BLACK
6
CONTINUOUS
10
1.4196813385826772
20
1.0921893307086614
11
1.4183411417322835
21
1.0923448425196851
0
LINE
8
BLACK
6
CONTINUOUS
10
1.4183411417322835
20
1.0923448425196851
11
1.4178832283464566
21
1.0925470078740158
0
LINE
8
BLACK
6
CONTINUOUS
10
1.4178832283464566
20
1.0925470078740158
11
1.4169867322834646
21
1.0927253543307087
0
LINE
8
BLACK
6
CONTINUOUS
10
1.4169867322834646
20
1.0927253543307087
11
1.4160269291338583
21
1.0933666535433071
0
LINE
8
BLACK
6
CONTINUOUS
10
1.4160269291338583
20
1.0933666535433071
11
1.4155886614173228
21
1.0935601968503936
0
LINE
8
BLACK
6
CONTINUOUS
10
1.4155886614173228
20
1.0935601968503936
11
1.4152892519685039
21
1.0938595669291338
0
LINE
8
BLACK
6
CONTINUOUS
10
1.4152892519685039
20
1.0938595669291338
11
1.4144322440944881
21
1.0944322440944882
0
LINE
8
BLACK
6
CONTINUOUS
10
1.4144322440944881
20
1.0944322440944882
11
1.4138595669291338
21
1.095289251968504
0
LINE
8
BLACK
6
CONTINUOUS
10
1.4138595669291338
20
1.095289251968504
11
1.4135601968503937
21
1.0955886614173229
0
LINE
8
BLACK
6
CONTINUOUS
10
1.4135601968503937
20
1.0955886614173229
11
1.4133666535433071
21
1.0960269291338582
0
LINE
8
BLACK
6
CONTINUOUS
10
1.4133666535433071
20
1.0960269291338582
11
1.4127253543307086
21
1.0969867322834645
0
LINE
8
BLACK
6
CONTINUOUS
10
1.4127253543307086
20
1.0969867322834645
11
1.4125470078740157
21
1.0978832283464566
0
LINE
8
BLACK
6
CONTINUOUS
10
1.4125470078740157
20
1.0978832283464566
11
1.412344842519685
21
1.0983411417322835
0
LINE
8
BLACK
6
CONTINUOUS
10
1.412344842519685
20
1.0983411417322835
11
1.4121893307086615
21
1.0996814173228346
0
LINE
8
BLACK
6
CONTINUOUS
10
1.4121893307086615
20
1.0996814173228346
11
1.4121259842519684
21
1.0999999999999999
0
LINE
8
BLACK
6
CONTINUOUS
10
1.4121259842519684
20
1.0999999999999999
11
1.4121259842519684
21
1.1599999999999999
0
LINE
8
BLACK
6
CONTINUOUS
10
1.4121259842519684
20
1.1599999999999999
11
1.4121893700787402
21
1.1603187007874016
0
LINE
8
BLACK
6
CONTINUOUS
10
1.4121893700787402
20
1.1603187007874016
11
1.412344842519685
21
1.1616588188976378
0
LINE
8
BLACK
6
CONTINUOUS
10
1.412344842519685
20
1.1616588188976378
11
1.4125470078740157
21
1.1621166929133857
0
LINE
8
BLACK
6
CONTINUOUS
10
1.4125470078740157
20
1.1621166929133857
11
1.4127253543307086
21
1.1630132677165355
0
LINE
8
BLACK
6
CONTINUOUS
10
1.4127253543307086
20
1.1630132677165355
11
1.4133666929133859
21
1.1639731102362205
0
LINE
8
BLACK
6
CONTINUOUS
10
1.4133666929133859
20
1.1639731102362205
11
1.4135601968503937
21
1.1644112992125983
0
LINE
8
BLACK
6
CONTINUOUS
10
1.4135601968503937
20
1.1644112992125983
11
1.4138594881889763
21
1.164710590551181
0
LINE
8
BLACK
6
CONTINUOUS
10
1.4138594881889763
20
1.164710590551181
11
1.4144322440944881
21
1.1655677559055118
0
LINE
8
BLACK
6
CONTINUOUS
10
1.4144322440944881
20
1.1655677559055118
11
1.4152893700787401
21
1.1661404724409448
0
LINE
8
BLACK
6
CONTINUOUS
10
1.4152893700787401
20
1.1661404724409448
11
1.4155886614173228
21
1.1664397637795276
0
LINE
8
BLACK
6
CONTINUOUS
10
1.4155886614173228
20
1.1664397637795276
11
1.4160267716535433
21
1.1666331889763779
0
LINE
8
BLACK
6
CONTINUOUS
10
1.4160267716535433
20
1.1666331889763779
11
1.4169867322834646
21
1.1672746456692913
0
LINE
8
BLACK
6
CONTINUOUS
10
1.4169867322834646
20
1.1672746456692913
11
1.4178833858267716
21
1.1674529921259842
0
LINE
8
BLACK
6
CONTINUOUS
10
1.4178833858267716
20
1.1674529921259842
11
1.4183411417322835
21
1.1676551181102361
0
LINE
8
BLACK
6
CONTINUOUS
10
1.4183411417322835
20
1.1676551181102361
11
1.4196809448818897
21
1.1678105511811023
0
LINE
8
BLACK
6
CONTINUOUS
10
1.4196809448818897
20
1.1678105511811023
11
1.4199999999999999
21
1.1678740157480314
0
LINE
8
BLACK
6
CONTINUOUS
10
1.4199999999999999
20
1.1678740157480314
11
1.48
21
1.1678740157480314
0
LINE
8
BLACK
6
CONTINUOUS
10
1.48
20
1.1678740157480314
11
1.4803191732283465
21
1.1678105118110236
0
LINE
8
BLACK
6
CONTINUOUS
10
0.6153191732283464
20
1.2728105118110236
11
0.6166588188976377
21
1.2726551181102361
0
LINE
8
BLACK
6
CONTINUOUS
10
0.6166588188976377
20
1.2726551181102361
11
0.6171164960629921
21
1.2724529921259842
0
LINE
8
BLACK
6
CONTINUOUS
10
0.6171164960629921
20
1.2724529921259842
11
0.6180132677165354
21
1.2722746456692913
0
LINE
8
BLACK
6
CONTINUOUS
10
0.6180132677165354
20
1.2722746456692913
11
0.6189732677165354
21
1.2716331496062991
0
LINE
8
BLACK
6
CONTINUOUS
10
0.6189732677165354
20
1.2716331496062991
11
0.6194112992125984
21
1.2714397637795276
0
LINE
8
BLACK
6
CONTINUOUS
10
0.6194112992125984
20
1.2714397637795276
11
0.6197104724409449
21
1.2711405511811023
0
LINE
8
BLACK
6
CONTINUOUS
10
0.6197104724409449
20
1.2711405511811023
11
0.6205677559055118
21
1.2705677559055117
0
LINE
8
BLACK
6
CONTINUOUS
10
0.6205677559055118
20
1.2705677559055117
11
0.6211405511811023
21
1.2697104724409449
0
LINE
8
BLACK
6
CONTINUOUS
10
0.6211405511811023
20
1.2697104724409449
11
0.6214397637795276
21
1.2694112992125983
0
LINE
8
BLACK
6
CONTINUOUS
10
0.6214397637795276
20
1.2694112992125983
11
0.6216331496062992
21
1.2689732677165355
0
LINE
8
BLACK
6
CONTINUOUS
10
0.6216331496062992
20
1.2689732677165355
11
0.6222746456692914
21
1.2680132677165354
0
LINE
8
BLACK
6
CONTINUOUS
10
0.6222746456692914
20
1.2680132677165354
11
0.6224529921259843
21
1.2671164960629921
0
LINE
8
BLACK
6
CONTINUOUS
10
0.6224529921259843
20
1.2671164960629921
11
0.6226551181102362
21
1.2666588188976378
0
LINE
8
BLACK
6
CONTINUOUS
10
0.6226551181102362
20
1.2666588188976378
11
0.6228105118110236
21
1.2653190944881889
0
LINE
8
BLACK
6
CONTINUOUS
10
0.6228105118110236
20
1.2653190944881889
11
0.6228740157480315
21
1.2649999999999999
0
LINE
8
BLACK
6
CONTINUOUS
10
0.6228740157480315
20
1.2649999999999999
11
0.6228740157480315
21
1.115
0
LINE
8
BLACK
6
CONTINUOUS
10
0.6228740157480315
20
1.115
11
0.6228105118110236
21
1.1146808661417322
0
LINE
8
BLACK
6
CONTINUOUS
10
0.6228105118110236
20
1.1146808661417322
11
0.6226551181102362
21
1.1133411417322834
0
LINE
8
BLACK
6
CONTINUOUS
10
0.6226551181102362
20
1.1133411417322834
11
0.6224529921259843
21
1.1128833858267717
0
LINE
8
BLACK
6
CONTINUOUS
10
0.6224529921259843
20
1.1128833858267717
11
0.6222746456692914
21
1.1119867322834645
0
LINE
8
BLACK
6
CONTINUOUS
10
0.6222746456692914
20
1.1119867322834645
11
0.621633188976378
21
1.1110267716535434
0
LINE
8
BLACK
6
CONTINUOUS
10
0.621633188976378
20
1.1110267716535434
11
0.6214397637795276
21
1.1105886614173228
0
LINE
8
BLACK
6
CONTINUOUS
10
0.6214397637795276
20
1.1105886614173228
11
0.6211404724409448
21
1.1102893700787402
0
LINE
8
BLACK
6
CONTINUOUS
10
0.6211404724409448
20
1.1102893700787402
11
0.6205677559055118
21
1.1094322440944882
0
LINE
8
BLACK
6
CONTINUOUS
10
0.6205677559055118
20
1.1094322440944882
11
0.6197105905511811
21
1.1088594881889764
0
LINE
8
BLACK
6
CONTINUOUS
10
0.6197105905511811
20
1.1088594881889764
11
0.6194112992125984
21
1.1085601968503938
0
LINE
8
BLACK
6
CONTINUOUS
10
0.6194112992125984
20
1.1085601968503938
11
0.6189731102362205
21
1.1083666929133857
0
LINE
8
BLACK
6
CONTINUOUS
10
0.6189731102362205
20
1.1083666929133857
11
0.6180132677165354
21
1.1077253543307086
0
LINE
8
BLACK
6
CONTINUOUS
10
0.6180132677165354
20
1.1077253543307086
11
0.6171166929133858
21
1.1075470078740157
0
LINE
8
BLACK
6
CONTINUOUS
10
0.6171166929133858
20
1.1075470078740157
11
0.6166588188976377
21
1.107344842519685
0
LINE
8
BLACK
6
CONTINUOUS
10
0.6166588188976377
20
1.107344842519685
11
0.6153186220472441
21
1.1071893307086613
0
LINE
8
BLACK
6
CONTINUOUS
10
0.6153186220472441
20
1.1071893307086613
11
0.615
21
1.1071259842519685
0
LINE
8
BLACK
6
CONTINUOUS
10
0.615
20
1.1071259842519685
11
0.6147723228346457
21
1.1071259842519685
0
LINE
8
BLACK
6
CONTINUOUS
10
0.6147723228346457
20
1.1071259842519685
11
0.465227716535433
21
1.1071259842519685
0
LINE
8
BLACK
6
CONTINUOUS
10
0.465227716535433
20
1.1071259842519685
11
0.465
21
1.1071259842519685
0
LINE
8
BLACK
6
CONTINUOUS
10
0.465
20
1.1071259842519685
11
0.4646813385826771
21
1.1071893307086613
0
LINE
8
BLACK
6
CONTINUOUS
10
0.4646813385826771
20
1.1071893307086613
11
0.4633411417322835
21
1.107344842519685
0
LINE
8
BLACK
6
CONTINUOUS
10
0.4633411417322835
20
1.107344842519685
11
0.4628832283464567
21
1.1075470078740157
0
LINE
8
BLACK
6
CONTINUOUS
10
0.4628832283464567
20
1.1075470078740157
11
0.4619867322834645
21
1.1077253543307086
0
LINE
8
BLACK
6
CONTINUOUS
10
0.4619867322834645
20
1.1077253543307086
11
0.4610269291338582
21
1.108366653543307
0
LINE
8
BLACK
6
CONTINUOUS
10
0.4610269291338582
20
1.108366653543307
11
0.4605886614173228
21
1.1085601968503938
0
LINE
8
BLACK
6
CONTINUOUS
10
0.4605886614173228
20
1.1085601968503938
11
0.460289251968504
21
1.1088595669291339
0
LINE
8
BLACK
6
CONTINUOUS
10
0.460289251968504
20
1.1088595669291339
11
0.4594322440944882
21
1.1094322440944882
0
LINE
8
BLACK
6
CONTINUOUS
10
0.4594322440944882
20
1.1094322440944882
11
0.4588595669291338
21
1.1102892519685039
0
LINE
8
BLACK
6
CONTINUOUS
10
0.4588595669291338
20
1.1102892519685039
11
0.4585601968503937
21
1.1105886614173228
0
LINE
8
BLACK
6
CONTINUOUS
10
0.4585601968503937
20
1.1105886614173228
11
0.4583666535433071
21
1.1110269291338581
0
LINE
8
BLACK
6
CONTINUOUS
10
0.4583666535433071
20
1.1110269291338581
11
0.4577253543307087
21
1.1119867322834645
0
LINE
8
BLACK
6
CONTINUOUS
10
0.4577253543307087
20
1.1119867322834645
11
0.4575470078740158
21
1.1128832283464567
0
LINE
8
BLACK
6
CONTINUOUS
10
0.4575470078740158
20
1.1128832283464567
11
0.457344842519685
21
1.1133411417322834
0
LINE
8
BLACK
6
CONTINUOUS
10
0.457344842519685
20
1.1133411417322834
11
0.4571893307086614
21
1.1146814173228345
0
LINE
8
BLACK
6
CONTINUOUS
10
0.4571893307086614
20
1.1146814173228345
11
0.4571259842519685
21
1.115
0
LINE
8
BLACK
6
CONTINUOUS
10
0.4571259842519685
20
1.115
11
0.4571259842519685
21
1.2649999999999999
0
LINE
8
BLACK
6
CONTINUOUS
10
0.4571259842519685
20
1.2649999999999999
11
0.4571893700787402
21
1.2653187007874016
0
LINE
8
BLACK
6
CONTINUOUS
10
0.4571893700787402
20
1.2653187007874016
11
0.457344842519685
21
1.2666588188976378
0
LINE
8
BLACK
6
CONTINUOUS
10
0.457344842519685
20
1.2666588188976378
11
0.4575470078740158
21
1.2671166929133857
0
LINE
8
BLACK
6
CONTINUOUS
10
0.4575470078740158
20
1.2671166929133857
11
0.4577253543307087
21
1.2680132677165354
0
LINE
8
BLACK
6
CONTINUOUS
10
0.4577253543307087
20
1.2680132677165354
11
0.4583666929133858
21
1.2689731102362205
0
LINE
8
BLACK
6
CONTINUOUS
10
0.4583666929133858
20
1.2689731102362205
11
0.4585601968503937
21
1.2694112992125983
0
LINE
8
BLACK
6
CONTINUOUS
10
0.4585601968503937
20
1.2694112992125983
11
0.4588594881889764
21
1.2697105905511812
0
LINE
8
BLACK
6
CONTINUOUS
10
0.4588594881889764
20
1.2697105905511812
11
0.4594322440944882
21
1.2705677559055117
0
LINE
8
BLACK
6
CONTINUOUS
10
0.4594322440944882
20
1.2705677559055117
11
0.4602893700787402
21
1.2711404724409447
0
LINE
8
BLACK
6
CONTINUOUS
10
0.4602893700787402
20
1.2711404724409447
11
0.4605886614173228
21
1.2714397637795276
0
LINE
8
BLACK
6
CONTINUOUS
10
0.4605886614173228
20
1.2714397637795276
11
0.4610267716535433
21
1.2716331889763779
0
LINE
8
BLACK
6
CONTINUOUS
10
0.4610267716535433
20
1.2716331889763779
11
0.4619867322834645
21
1.2722746456692913
0
LINE
8
BLACK
6
CONTINUOUS
10
0.4619867322834645
20
1.2722746456692913
11
0.4628833858267716
21
1.2724529921259842
0
LINE
8
BLACK
6
CONTINUOUS
10
0.4628833858267716
20
1.2724529921259842
11
0.4633411417322835
21
1.2726551181102361
0
LINE
8
BLACK
6
CONTINUOUS
10
0.4633411417322835
20
1.2726551181102361
11
0.4646809448818898
21
1.2728105511811023
0
LINE
8
BLACK
6
CONTINUOUS
10
0.4646809448818898
20
1.2728105511811023
11
0.465
21
1.2728740157480314
0
LINE
8
BLACK
6
CONTINUOUS
10
0.465
20
1.2728740157480314
11
0.615
21
1.2728740157480314
0
LINE
8
BLACK
6
CONTINUOUS
10
0.615
20
1.2728740157480314
11
0.6153191732283464
21
1.2728105118110236
0
LINE
8
BLACK
6
CONTINUOUS
10
0.8153191732283465
20
1.2728105118110236
11
0.8166588188976378
21
1.2726551181102361
0
LINE
8
BLACK
6
CONTINUOUS
10
0.8166588188976378
20
1.2726551181102361
11
0.8171164960629921
21
1.2724529921259842
0
LINE
8
BLACK
6
CONTINUOUS
10
0.8171164960629921
20
1.2724529921259842
11
0.8180132677165354
21
1.2722746456692913
0
LINE
8
BLACK
6
CONTINUOUS
10
0.8180132677165354
20
1.2722746456692913
11
0.8189732677165354
21
1.2716331496062991
0
LINE
8
BLACK
6
CONTINUOUS
10
0.8189732677165354
20
1.2716331496062991
11
0.8194112992125984
21
1.2714397637795276
0
LINE
8
BLACK
6
CONTINUOUS
10
0.8194112992125984
20
1.2714397637795276
11
0.8197104724409449
21
1.2711405511811023
0
LINE
8
BLACK
6
CONTINUOUS
10
0.8197104724409449
20
1.2711405511811023
11
0.8205677559055118
21
1.2705677559055117
0
LINE
8
BLACK
6
CONTINUOUS
10
0.8205677559055118
20
1.2705677559055117
11
0.8211405511811023
21
1.2697104724409449
0
LINE
8
BLACK
6
CONTINUOUS
10
0.8211405511811023
20
1.2697104724409449
11
0.8214397637795275
21
1.2694112992125983
0
LINE
8
BLACK
6
CONTINUOUS
10
0.8214397637795275
20
1.2694112992125983
11
0.8216331496062992
21
1.2689732677165355
0
LINE
8
BLACK
6
CONTINUOUS
10
0.8216331496062992
20
1.2689732677165355
11
0.8222746456692913
21
1.2680132677165354
0
LINE
8
BLACK
6
CONTINUOUS
10
0.8222746456692913
20
1.2680132677165354
11
0.8224529921259842
21
1.2671164960629921
0
LINE
8
BLACK
6
CONTINUOUS
10
0.8224529921259842
20
1.2671164960629921
11
0.8226551181102362
21
1.2666588188976378
0
LINE
8
BLACK
6
CONTINUOUS
10
0.8226551181102362
20
1.2666588188976378
11
0.8228105118110236
21
1.2653190944881889
0
LINE
8
BLACK
6
CONTINUOUS
10
0.8228105118110236
20
1.2653190944881889
11
0.8228740157480314
21
1.2649999999999999
0
LINE
8
BLACK
6
CONTINUOUS
10
0.8228740157480314
20
1.2649999999999999
11
0.8228740157480314
21
1.115
0
LINE
8
BLACK
6
CONTINUOUS
10
0.8228740157480314
20
1.115
11
0.8228105118110236
21
1.1146808661417322
0
LINE
8
BLACK
6
CONTINUOUS
10
0.8228105118110236
20
1.1146808661417322
11
0.8226551181102362
21
1.1133411417322834
0
LINE
8
BLACK
6
CONTINUOUS
10
0.8226551181102362
20
1.1133411417322834
11
0.8224529921259842
21
1.1128833858267717
0
LINE
8
BLACK
6
CONTINUOUS
10
0.8224529921259842
20
1.1128833858267717
11
0.8222746456692913
21
1.1119867322834645
0
LINE
8
BLACK
6
CONTINUOUS
10
0.8222746456692913
20
1.1119867322834645
11
0.8216331889763779
21
1.1110267716535434
0
LINE
8
BLACK
6
CONTINUOUS
10
0.8216331889763779
20
1.1110267716535434
11
0.8214397637795275
21
1.1105886614173228
0
LINE
8
BLACK
6
CONTINUOUS
10
0.8214397637795275
20
1.1105886614173228
11
0.8211404724409449
21
1.1102893700787402
0
LINE
8
BLACK
6
CONTINUOUS
10
0.8211404724409449
20
1.1102893700787402
11
0.8205677559055118
21
1.1094322440944882
0
LINE
8
BLACK
6
CONTINUOUS
10
0.8205677559055118
20
1.1094322440944882
11
0.8197105905511811
21
1.1088594881889764
0
LINE
8
BLACK
6
CONTINUOUS
10
0.8197105905511811
20
1.1088594881889764
11
0.8194112992125984
21
1.1085601968503938
0
LINE
8
BLACK
6
CONTINUOUS
10
0.8194112992125984
20
1.1085601968503938
11
0.8189731102362204
21
1.1083666929133857
0
LINE
8
BLACK
6
CONTINUOUS
10
0.8189731102362204
20
1.1083666929133857
11
0.8180132677165354
21
1.1077253543307086
0
LINE
8
BLACK
6
CONTINUOUS
10
0.8180132677165354
20
1.1077253543307086
11
0.8171166929133858
21
1.1075470078740157
0
LINE
8
BLACK
6
CONTINUOUS
10
0.8171166929133858
20
1.1075470078740157
11
0.8166588188976378
21
1.107344842519685
0
LINE
8
BLACK
6
CONTINUOUS
10
0.8166588188976378
20
1.107344842519685
11
0.815318622047244
21
1.1071893307086613
0
LINE
8
BLACK
6
CONTINUOUS
10
0.815318622047244
20
1.1071893307086613
11
0.8149999999999999
21
1.1071259842519685
0
LINE
8
BLACK
6
CONTINUOUS
10
0.8149999999999999
20
1.1071259842519685
11
0.8147723228346456
21
1.1071259842519685
0
LINE
8
BLACK
6
CONTINUOUS
10
0.8147723228346456
20
1.1071259842519685
11
0.6652277165354331
21
1.1071259842519685
0
LINE
8
BLACK
6
CONTINUOUS
10
0.6652277165354331
20
1.1071259842519685
11
0.665
21
1.1071259842519685
0
LINE
8
BLACK
6
CONTINUOUS
10
0.665
20
1.1071259842519685
11
0.6646813385826772
21
1.1071893307086613
0
LINE
8
BLACK
6
CONTINUOUS
10
0.6646813385826772
20
1.1071893307086613
11
0.6633411417322834
21
1.107344842519685
0
LINE
8
BLACK
6
CONTINUOUS
10
0.6633411417322834
20
1.107344842519685
11
0.6628832283464566
21
1.1075470078740157
0
LINE
8
BLACK
6
CONTINUOUS
10
0.6628832283464566
20
1.1075470078740157
11
0.6619867322834646
21
1.1077253543307086
0
LINE
8
BLACK
6
CONTINUOUS
10
0.6619867322834646
20
1.1077253543307086
11
0.6610269291338583
21
1.108366653543307
0
LINE
8
BLACK
6
CONTINUOUS
10
0.6610269291338583
20
1.108366653543307
11
0.6605886614173229
21
1.1085601968503938
0
LINE
8
BLACK
6
CONTINUOUS
10
0.6605886614173229
20
1.1085601968503938
11
0.660289251968504
21
1.1088595669291339
0
LINE
8
BLACK
6
CONTINUOUS
10
0.660289251968504
20
1.1088595669291339
11
0.6594322440944882
21
1.1094322440944882
0
LINE
8
BLACK
6
CONTINUOUS
10
0.6594322440944882
20
1.1094322440944882
11
0.6588595669291338
21
1.1102892519685039
0
LINE
8
BLACK
6
CONTINUOUS
10
0.6588595669291338
20
1.1102892519685039
11
0.6585601968503937
21
1.1105886614173228
0
LINE
8
BLACK
6
CONTINUOUS
10
0.6585601968503937
20
1.1105886614173228
11
0.658366653543307
21
1.1110269291338581
0
LINE
8
BLACK
6
CONTINUOUS
10
0.658366653543307
20
1.1110269291338581
11
0.6577253543307087
21
1.1119867322834645
0
LINE
8
BLACK
6
CONTINUOUS
10
0.6577253543307087
20
1.1119867322834645
11
0.6575470078740158
21
1.1128832283464567
0
LINE
8
BLACK
6
CONTINUOUS
10
0.6575470078740158
20
1.1128832283464567
11
0.6573448425196851
21
1.1133411417322834
0
LINE
8
BLACK
6
CONTINUOUS
10
0.6573448425196851
20
1.1133411417322834
11
0.6571893307086614
21
1.1146814173228345
0
LINE
8
BLACK
6
CONTINUOUS
10
0.6571893307086614
20
1.1146814173228345
11
0.6571259842519684
21
1.115
0
LINE
8
BLACK
6
CONTINUOUS
10
0.6571259842519684
20
1.115
11
0.6571259842519684
21
1.2649999999999999
0
LINE
8
BLACK
6
CONTINUOUS
10
0.6571259842519684
20
1.2649999999999999
11
0.6571893700787401
21
1.2653187007874016
0
LINE
8
BLACK
6
CONTINUOUS
10
0.6571893700787401
20
1.2653187007874016
11
0.6573448425196851
21
1.2666588188976378
0
LINE
8
BLACK
6
CONTINUOUS
10
0.6573448425196851
20
1.2666588188976378
11
0.6575470078740158
21
1.2671166929133857
0
LINE
8
BLACK
6
CONTINUOUS
10
0.6575470078740158
20
1.2671166929133857
11
0.6577253543307087
21
1.2680132677165354
0
LINE
8
BLACK
6
CONTINUOUS
10
0.6577253543307087
20
1.2680132677165354
11
0.6583666929133858
21
1.2689731102362205
0
LINE
8
BLACK
6
CONTINUOUS
10
0.6583666929133858
20
1.2689731102362205
11
0.6585601968503937
21
1.2694112992125983
0
LINE
8
BLACK
6
CONTINUOUS
10
0.6585601968503937
20
1.2694112992125983
11
0.6588594881889763
21
1.2697105905511812
0
LINE
8
BLACK
6
CONTINUOUS
10
0.6588594881889763
20
1.2697105905511812
11
0.6594322440944882
21
1.2705677559055117
0
LINE
8
BLACK
6
CONTINUOUS
10
0.6594322440944882
20
1.2705677559055117
11
0.6602893700787401
21
1.2711404724409447
0
LINE
8
BLACK
6
CONTINUOUS
10
0.6602893700787401
20
1.2711404724409447
11
0.6605886614173229
21
1.2714397637795276
0
LINE
8
BLACK
6
CONTINUOUS
10
0.6605886614173229
20
1.2714397637795276
11
0.6610267716535433
21
1.2716331889763779
0
LINE
8
BLACK
6
CONTINUOUS
10
0.6610267716535433
20
1.2716331889763779
11
0.6619867322834646
21
1.2722746456692913
0
LINE
8
BLACK
6
CONTINUOUS
10
0.6619867322834646
20
1.2722746456692913
11
0.6628833858267716
21
1.2724529921259842
0
LINE
8
BLACK
6
CONTINUOUS
10
0.6628833858267716
20
1.2724529921259842
11
0.6633411417322834
21
1.2726551181102361
0
LINE
8
BLACK
6
CONTINUOUS
10
0.6633411417322834
20
1.2726551181102361
11
0.6646809448818898
21
1.2728105511811023
0
LINE
8
BLACK
6
CONTINUOUS
10
0.6646809448818898
20
1.2728105511811023
11
0.665
21
1.2728740157480314
0
LINE
8
BLACK
6
CONTINUOUS
10
0.665
20
1.2728740157480314
11
0.8149999999999999
21
1.2728740157480314
0
LINE
8
BLACK
6
CONTINUOUS
10
0.8149999999999999
20
1.2728740157480314
11
0.8153191732283465
21
1.2728105118110236
0
LINE
8
BLACK
6
CONTINUOUS
10
1.7803191732283463
20
1.2078105118110236
11
1.7816588188976377
21
1.2076551181102362
0
LINE
8
BLACK
6
CONTINUOUS
10
1.7816588188976377
20
1.2076551181102362
11
1.7821164960629921
21
1.2074529921259842
0
LINE
8
BLACK
6
CONTINUOUS
10
1.7821164960629921
20
1.2074529921259842
11
1.7830132677165353
21
1.2072746456692913
0
LINE
8
BLACK
6
CONTINUOUS
10
1.7830132677165353
20
1.2072746456692913
11
1.7839732677165354
21
1.2066331496062992
0
LINE
8
BLACK
6
CONTINUOUS
10
1.7839732677165354
20
1.2066331496062992
11
1.7844112992125984
21
1.2064397637795274
0
LINE
8
BLACK
6
CONTINUOUS
10
1.7844112992125984
20
1.2064397637795274
11
1.7847104724409448
21
1.2061405511811023
0
LINE
8
BLACK
6
CONTINUOUS
10
1.7847104724409448
20
1.2061405511811023
11
1.7855677559055119
21
1.2055677559055118
0
LINE
8
BLACK
6
CONTINUOUS
10
1.7855677559055119
20
1.2055677559055118
11
1.7861405511811024
21
1.2047104724409448
0
LINE
8
BLACK
6
CONTINUOUS
10
1.7861405511811024
20
1.2047104724409448
11
1.7864397637795275
21
1.2044112992125984
0
LINE
8
BLACK
6
CONTINUOUS
10
1.7864397637795275
20
1.2044112992125984
11
1.7866331496062993
21
1.2039732677165353
0
LINE
8
BLACK
6
CONTINUOUS
10
1.7866331496062993
20
1.2039732677165353
11
1.7872746456692914
21
1.2030132677165355
0
LINE
8
BLACK
6
CONTINUOUS
10
1.7872746456692914
20
1.2030132677165355
11
1.7874529921259843
21
1.2021164960629922
0
LINE
8
BLACK
6
CONTINUOUS
10
1.7874529921259843
20
1.2021164960629922
11
1.7876551181102363
21
1.2016588188976378
0
LINE
8
BLACK
6
CONTINUOUS
10
1.7876551181102363
20
1.2016588188976378
11
1.7878105118110237
21
1.200319094488189
0
LINE
8
BLACK
6
CONTINUOUS
10
1.7878105118110237
20
1.200319094488189
11
1.7878740157480315
21
1.2
0
LINE
8
BLACK
6
CONTINUOUS
10
1.7878740157480315
20
1.2
11
1.7878740157480315
21
1.1399999999999999
0
LINE
8
BLACK
6
CONTINUOUS
10
1.7878740157480315
20
1.1399999999999999
11
1.7878105118110237
21
1.1396808661417324
0
LINE
8
BLACK
6
CONTINUOUS
10
1.7878105118110237
20
1.1396808661417324
11
1.7876551181102363
21
1.1383411417322835
0
LINE
8
BLACK
6
CONTINUOUS
10
1.7876551181102363
20
1.1383411417322835
11
1.7874529921259843
21
1.1378833858267716
0
LINE
8
BLACK
6
CONTINUOUS
10
1.7874529921259843
20
1.1378833858267716
11
1.7872746456692914
21
1.1369867322834646
0
LINE
8
BLACK
6
CONTINUOUS
10
1.7872746456692914
20
1.1369867322834646
11
1.786633188976378
21
1.1360267716535433
0
LINE
8
BLACK
6
CONTINUOUS
10
1.786633188976378
20
1.1360267716535433
11
1.7864397637795275
21
1.1355886614173227
0
LINE
8
BLACK
6
CONTINUOUS
10
1.7864397637795275
20
1.1355886614173227
11
1.7861404724409449
21
1.1352893700787401
0
LINE
8
BLACK
6
CONTINUOUS
10
1.7861404724409449
20
1.1352893700787401
11
1.7855677559055119
21
1.1344322440944881
0
LINE
8
BLACK
6
CONTINUOUS
10
1.7855677559055119
20
1.1344322440944881
11
1.7847105905511811
21
1.1338594881889763
0
LINE
8
BLACK
6
CONTINUOUS
10
1.7847105905511811
20
1.1338594881889763
11
1.7844112992125984
21
1.1335601968503937
0
LINE
8
BLACK
6
CONTINUOUS
10
1.7844112992125984
20
1.1335601968503937
11
1.7839731102362204
21
1.1333666929133859
0
LINE
8
BLACK
6
CONTINUOUS
10
1.7839731102362204
20
1.1333666929133859
11
1.7830132677165353
21
1.1327253543307085
0
LINE
8
BLACK
6
CONTINUOUS
10
1.7830132677165353
20
1.1327253543307085
11
1.7821166929133858
21
1.1325470078740156
0
LINE
8
BLACK
6
CONTINUOUS
10
1.7821166929133858
20
1.1325470078740156
11
1.7816588188976377
21
1.1323448425196849
0
LINE
8
BLACK
6
CONTINUOUS
10
1.7816588188976377
20
1.1323448425196849
11
1.780318622047244
21
1.1321893307086615
0
LINE
8
BLACK
6
CONTINUOUS
10
1.780318622047244
20
1.1321893307086615
11
1.78
21
1.1321259842519684
0
LINE
8
BLACK
6
CONTINUOUS
10
1.78
20
1.1321259842519684
11
1.7797723228346456
21
1.1321259842519684
0
LINE
8
BLACK
6
CONTINUOUS
10
1.7797723228346456
20
1.1321259842519684
11
1.7202277165354329
21
1.1321259842519684
0
LINE
8
BLACK
6
CONTINUOUS
10
1.7202277165354329
20
1.1321259842519684
11
1.72
21
1.1321259842519684
0
LINE
8
BLACK
6
CONTINUOUS
10
1.72
20
1.1321259842519684
11
1.719681338582677
21
1.1321893307086615
0
LINE
8
BLACK
6
CONTINUOUS
10
1.719681338582677
20
1.1321893307086615
11
1.7183411417322834
21
1.1323448425196849
0
LINE
8
BLACK
6
CONTINUOUS
10
1.7183411417322834
20
1.1323448425196849
11
1.7178832283464567
21
1.1325470078740156
0
LINE
8
BLACK
6
CONTINUOUS
10
1.7178832283464567
20
1.1325470078740156
11
1.7169867322834644
21
1.1327253543307085
0
LINE
8
BLACK
6
CONTINUOUS
10
1.7169867322834644
20
1.1327253543307085
11
1.7160269291338581
21
1.1333666535433071
0
LINE
8
BLACK
6
CONTINUOUS
10
1.7160269291338581
20
1.1333666535433071
11
1.7155886614173228
21
1.1335601968503937
0
LINE
8
BLACK
6
CONTINUOUS
10
1.7155886614173228
20
1.1335601968503937
11
1.7152892519685039
21
1.1338595669291338
0
LINE
8
BLACK
6
CONTINUOUS
10
1.7152892519685039
20
1.1338595669291338
11
1.7144322440944881
21
1.1344322440944881
0
LINE
8
BLACK
6
CONTINUOUS
10
1.7144322440944881
20
1.1344322440944881
11
1.7138595669291339
21
1.1352892519685038
0
LINE
8
BLACK
6
CONTINUOUS
10
1.7138595669291339
20
1.1352892519685038
11
1.7135601968503937
21
1.1355886614173227
0
LINE
8
BLACK
6
CONTINUOUS
10
1.7135601968503937
20
1.1355886614173227
11
1.713366653543307
21
1.1360269291338583
0
LINE
8
BLACK
6
CONTINUOUS
10
1.713366653543307
20
1.1360269291338583
11
1.7127253543307086
21
1.1369867322834646
0
LINE
8
BLACK
6
CONTINUOUS
10
1.7127253543307086
20
1.1369867322834646
11
1.7125470078740157
21
1.1378832283464566
0
LINE
8
BLACK
6
CONTINUOUS
10
1.7125470078740157
20
1.1378832283464566
11
1.712344842519685
21
1.1383411417322835
0
LINE
8
BLACK
6
CONTINUOUS
10
1.712344842519685
20
1.1383411417322835
11
1.7121893307086613
21
1.1396814173228347
0
LINE
8
BLACK
6
CONTINUOUS
10
1.7121893307086613
20
1.1396814173228347
11
1.7121259842519685
21
1.1399999999999999
0
LINE
8
BLACK
6
CONTINUOUS
10
1.7121259842519685
20
1.1399999999999999
11
1.7121259842519685
21
1.2
0
LINE
8
BLACK
6
CONTINUOUS
10
1.7121259842519685
20
1.2
11
1.7121893700787401
21
1.2003187007874014
0
LINE
8
BLACK
6
CONTINUOUS
10
1.7121893700787401
20
1.2003187007874014
11
1.712344842519685
21
1.2016588188976378
0
LINE
8
BLACK
6
CONTINUOUS
10
1.712344842519685
20
1.2016588188976378
11
1.7125470078740157
21
1.2021166929133857
0
LINE
8
BLACK
6
CONTINUOUS
10
1.7125470078740157
20
1.2021166929133857
11
1.7127253543307086
21
1.2030132677165355
0
LINE
8
BLACK
6
CONTINUOUS
10
1.7127253543307086
20
1.2030132677165355
11
1.7133666929133857
21
1.2039731102362203
0
LINE
8
BLACK
6
CONTINUOUS
10
1.7133666929133857
20
1.2039731102362203
11
1.7135601968503937
21
1.2044112992125984
0
LINE
8
BLACK
6
CONTINUOUS
10
1.7135601968503937
20
1.2044112992125984
11
1.7138594881889764
21
1.204710590551181
0
LINE
8
BLACK
6
CONTINUOUS
10
1.7138594881889764
20
1.204710590551181
11
1.7144322440944881
21
1.2055677559055118
0
LINE
8
BLACK
6
CONTINUOUS
10
1.7144322440944881
20
1.2055677559055118
11
1.7152893700787402
21
1.2061404724409448
0
LINE
8
BLACK
6
CONTINUOUS
10
1.7152893700787402
20
1.2061404724409448
11
1.7155886614173228
21
1.2064397637795274
0
LINE
8
BLACK
6
CONTINUOUS
10
1.7155886614173228
20
1.2064397637795274
11
1.7160267716535433
21
1.2066331889763779
0
LINE
8
BLACK
6
CONTINUOUS
10
1.7160267716535433
20
1.2066331889763779
11
1.7169867322834644
21
1.2072746456692913
0
LINE
8
BLACK
6
CONTINUOUS
10
1.7169867322834644
20
1.2072746456692913
11
1.7178833858267717
21
1.2074529921259842
0
LINE
8
BLACK
6
CONTINUOUS
10
1.7178833858267717
20
1.2074529921259842
11
1.7183411417322834
21
1.2076551181102362
0
LINE
8
BLACK
6
CONTINUOUS
10
1.7183411417322834
20
1.2076551181102362
11
1.7196809448818897
21
1.2078105511811024
0
LINE
8
BLACK
6
CONTINUOUS
10
1.7196809448818897
20
1.2078105511811024
11
1.72
21
1.2078740157480314
0
LINE
8
BLACK
6
CONTINUOUS
10
1.72
20
1.2078740157480314
11
1.78
21
1.2078740157480314
0
LINE
8
BLACK
6
CONTINUOUS
10
1.78
20
1.2078740157480314
11
1.7803191732283463
21
1.2078105118110236
0
LINE
8
BLACK
6
CONTINUOUS
10
1.8803191732283464
20
1.2078105118110236
11
1.8816588188976378
21
1.2076551181102362
0
LINE
8
BLACK
6
CONTINUOUS
10
1.8816588188976378
20
1.2076551181102362
11
1.8821164960629921
21
1.2074529921259842
0
LINE
8
BLACK
6
CONTINUOUS
10
1.8821164960629921
20
1.2074529921259842
11
1.8830132677165354
21
1.2072746456692913
0
LINE
8
BLACK
6
CONTINUOUS
10
1.8830132677165354
20
1.2072746456692913
11
1.8839732677165353
21
1.2066331496062992
0
LINE
8
BLACK
6
CONTINUOUS
10
1.8839732677165353
20
1.2066331496062992
11
1.8844112992125983
21
1.2064397637795274
0
LINE
8
BLACK
6
CONTINUOUS
10
1.8844112992125983
20
1.2064397637795274
11
1.8847104724409449
21
1.2061405511811023
0
LINE
8
BLACK
6
CONTINUOUS
10
1.8847104724409449
20
1.2061405511811023
11
1.8855677559055117
21
1.2055677559055118
0
LINE
8
BLACK
6
CONTINUOUS
10
1.8855677559055117
20
1.2055677559055118
11
1.8861405511811022
21
1.2047104724409448
0
LINE
8
BLACK
6
CONTINUOUS
10
1.8861405511811022
20
1.2047104724409448
11
1.8864397637795276
21
1.2044112992125984
0
LINE
8
BLACK
6
CONTINUOUS
10
1.8864397637795276
20
1.2044112992125984
11
1.8866331496062991
21
1.2039732677165353
0
LINE
8
BLACK
6
CONTINUOUS
10
1.8866331496062991
20
1.2039732677165353
11
1.8872746456692913
21
1.2030132677165355
0
LINE
8
BLACK
6
CONTINUOUS
10
1.8872746456692913
20
1.2030132677165355
11
1.8874529921259842
21
1.2021164960629922
0
LINE
8
BLACK
6
CONTINUOUS
10
1.8874529921259842
20
1.2021164960629922
11
1.8876551181102361
21
1.2016588188976378
0
LINE
8
BLACK
6
CONTINUOUS
10
1.8876551181102361
20
1.2016588188976378
11
1.8878105118110236
21
1.200319094488189
0
LINE
8
BLACK
6
CONTINUOUS
10
1.8878105118110236
20
1.200319094488189
11
1.8878740157480314
21
1.2
0
LINE
8
BLACK
6
CONTINUOUS
10
1.8878740157480314
20
1.2
11
1.8878740157480314
21
1.1399999999999999
0
LINE
8
BLACK
6
CONTINUOUS
10
1.8878740157480314
20
1.1399999999999999
11
1.8878105118110236
21
1.1396808661417324
0
LINE
8
BLACK
6
CONTINUOUS
10
1.8878105118110236
20
1.1396808661417324
11
1.8876551181102361
21
1.1383411417322835
0
LINE
8
BLACK
6
CONTINUOUS
10
1.8876551181102361
20
1.1383411417322835
11
1.8874529921259842
21
1.1378833858267716
0
LINE
8
BLACK
6
CONTINUOUS
10
1.8874529921259842
20
1.1378833858267716
11
1.8872746456692913
21
1.1369867322834646
0
LINE
8
BLACK
6
CONTINUOUS
10
1.8872746456692913
20
1.1369867322834646
11
1.8866331889763779
21
1.1360267716535433
0
LINE
8
BLACK
6
CONTINUOUS
10
1.8866331889763779
20
1.1360267716535433
11
1.8864397637795276
21
1.1355886614173227
0
LINE
8
BLACK
6
CONTINUOUS
10
1.8864397637795276
20
1.1355886614173227
11
1.8861404724409447
21
1.1352893700787401
0
LINE
8
BLACK
6
CONTINUOUS
10
1.8861404724409447
20
1.1352893700787401
11
1.8855677559055117
21
1.1344322440944881
0
LINE
8
BLACK
6
CONTINUOUS
10
1.8855677559055117
20
1.1344322440944881
11
1.884710590551181
21
1.1338594881889763
0
LINE
8
BLACK
6
CONTINUOUS
10
1.884710590551181
20
1.1338594881889763
11
1.8844112992125983
21
1.1335601968503937
0
LINE
8
BLACK
6
CONTINUOUS
10
1.8844112992125983
20
1.1335601968503937
11
1.8839731102362205
21
1.1333666929133859
0
LINE
8
BLACK
6
CONTINUOUS
10
1.8839731102362205
20
1.1333666929133859
11
1.8830132677165354
21
1.1327253543307085
0
LINE
8
BLACK
6
CONTINUOUS
10
1.8830132677165354
20
1.1327253543307085
11
1.8821166929133857
21
1.1325470078740156
0
LINE
8
BLACK
6
CONTINUOUS
10
1.8821166929133857
20
1.1325470078740156
11
1.8816588188976378
21
1.1323448425196849
0
LINE
8
BLACK
6
CONTINUOUS
10
1.8816588188976378
20
1.1323448425196849
11
1.8803186220472441
21
1.1321893307086615
0
LINE
8
BLACK
6
CONTINUOUS
10
1.8803186220472441
20
1.1321893307086615
11
1.8799999999999999
21
1.1321259842519684
0
LINE
8
BLACK
6
CONTINUOUS
10
1.8799999999999999
20
1.1321259842519684
11
1.8797723228346457
21
1.1321259842519684
0
LINE
8
BLACK
6
CONTINUOUS
10
1.8797723228346457
20
1.1321259842519684
11
1.820227716535433
21
1.1321259842519684
0
LINE
8
BLACK
6
CONTINUOUS
10
1.820227716535433
20
1.1321259842519684
11
1.8200000000000001
21
1.1321259842519684
0
LINE
8
BLACK
6
CONTINUOUS
10
1.8200000000000001
20
1.1321259842519684
11
1.8196813385826771
21
1.1321893307086615
0
LINE
8
BLACK
6
CONTINUOUS
10
1.8196813385826771
20
1.1321893307086615
11
1.8183411417322835
21
1.1323448425196849
0
LINE
8
BLACK
6
CONTINUOUS
10
1.8183411417322835
20
1.1323448425196849
11
1.8178832283464565
21
1.1325470078740156
0
LINE
8
BLACK
6
CONTINUOUS
10
1.8178832283464565
20
1.1325470078740156
11
1.8169867322834645
21
1.1327253543307085
0
LINE
8
BLACK
6
CONTINUOUS
10
1.8169867322834645
20
1.1327253543307085
11
1.8160269291338582
21
1.1333666535433071
0
LINE
8
BLACK
6
CONTINUOUS
10
1.8160269291338582
20
1.1333666535433071
11
1.8155886614173229
21
1.1335601968503937
0
LINE
8
BLACK
6
CONTINUOUS
10
1.8155886614173229
20
1.1335601968503937
11
1.815289251968504
21
1.1338595669291338
0
LINE
8
BLACK
6
CONTINUOUS
10
1.815289251968504
20
1.1338595669291338
11
1.8144322440944882
21
1.1344322440944881
0
LINE
8
BLACK
6
CONTINUOUS
10
1.8144322440944882
20
1.1344322440944881
11
1.8138595669291337
21
1.1352892519685038
0
LINE
8
BLACK
6
CONTINUOUS
10
1.8138595669291337
20
1.1352892519685038
11
1.8135601968503936
21
1.1355886614173227
0
LINE
8
BLACK
6
CONTINUOUS
10
1.8135601968503936
20
1.1355886614173227
11
1.8133666535433071
21
1.1360269291338583
0
LINE
8
BLACK
6
CONTINUOUS
10
1.8133666535433071
20
1.1360269291338583
11
1.8127253543307087
21
1.1369867322834646
0
LINE
8
BLACK
6
CONTINUOUS
10
1.8127253543307087
20
1.1369867322834646
11
1.8125470078740158
21
1.1378832283464566
0
LINE
8
BLACK
6
CONTINUOUS
10
1.8125470078740158
20
1.1378832283464566
11
1.8123448425196851
21
1.1383411417322835
0
LINE
8
BLACK
6
CONTINUOUS
10
1.8123448425196851
20
1.1383411417322835
11
1.8121893307086614
21
1.1396814173228347
0
LINE
8
BLACK
6
CONTINUOUS
10
1.8121893307086614
20
1.1396814173228347
11
1.8121259842519684
21
1.1399999999999999
0
LINE
8
BLACK
6
CONTINUOUS
10
1.8121259842519684
20
1.1399999999999999
11
1.8121259842519684
21
1.2
0
LINE
8
BLACK
6
CONTINUOUS
10
1.8121259842519684
20
1.2
11
1.8121893700787401
21
1.2003187007874014
0
LINE
8
BLACK
6
CONTINUOUS
10
1.8121893700787401
20
1.2003187007874014
11
1.8123448425196851
21
1.2016588188976378
0
LINE
8
BLACK
6
CONTINUOUS
10
1.8123448425196851
20
1.2016588188976378
11
1.8125470078740158
21
1.2021166929133857
0
LINE
8
BLACK
6
CONTINUOUS
10
1.8125470078740158
20
1.2021166929133857
11
1.8127253543307087
21
1.2030132677165355
0
LINE
8
BLACK
6
CONTINUOUS
10
1.8127253543307087
20
1.2030132677165355
11
1.8133666929133858
21
1.2039731102362203
0
LINE
8
BLACK
6
CONTINUOUS
10
1.8133666929133858
20
1.2039731102362203
11
1.8135601968503936
21
1.2044112992125984
0
LINE
8
BLACK
6
CONTINUOUS
10
1.8135601968503936
20
1.2044112992125984
11
1.8138594881889762
21
1.204710590551181
0
LINE
8
BLACK
6
CONTINUOUS
10
1.8138594881889762
20
1.204710590551181
11
1.8144322440944882
21
1.2055677559055118
0
LINE
8
BLACK
6
CONTINUOUS
10
1.8144322440944882
20
1.2055677559055118
11
1.81528937007874
21
1.2061404724409448
0
LINE
8
BLACK
6
CONTINUOUS
10
1.81528937007874
20
1.2061404724409448
11
1.8155886614173229
21
1.2064397637795274
0
LINE
8
BLACK
6
CONTINUOUS
10
1.8155886614173229
20
1.2064397637795274
11
1.8160267716535432
21
1.2066331889763779
0
LINE
8
BLACK
6
CONTINUOUS
10
1.8160267716535432
20
1.2066331889763779
11
1.8169867322834645
21
1.2072746456692913
0
LINE
8
BLACK
6
CONTINUOUS
10
1.8169867322834645
20
1.2072746456692913
11
1.8178833858267716
21
1.2074529921259842
0
LINE
8
BLACK
6
CONTINUOUS
10
1.8178833858267716
20
1.2074529921259842
11
1.8183411417322835
21
1.2076551181102362
0
LINE
8
BLACK
6
CONTINUOUS
10
1.8183411417322835
20
1.2076551181102362
11
1.8196809448818898
21
1.2078105511811024
0
LINE
8
BLACK
6
CONTINUOUS
10
1.8196809448818898
20
1.2078105511811024
11
1.8200000000000001
21
1.2078740157480314
0
LINE
8
BLACK
6
CONTINUOUS
10
1.8200000000000001
20
1.2078740157480314
11
1.8799999999999999
21
1.2078740157480314
0
LINE
8
BLACK
6
CONTINUOUS
10
1.8799999999999999
20
1.2078740157480314
11
1.8803191732283464
21
1.2078105118110236
0
LINE
8
BLACK
6
CONTINUOUS
10
0.1303191732283465
20
1.2178105118110236
11
0.1316588188976378
21
1.2176551181102362
0
LINE
8
BLACK
6
CONTINUOUS
10
0.1316588188976378
20
1.2176551181102362
11
0.1321164960629921
21
1.2174529921259842
0
LINE
8
BLACK
6
CONTINUOUS
10
0.1321164960629921
20
1.2174529921259842
11
0.1330132677165354
21
1.2172746456692913
0
LINE
8
BLACK
6
CONTINUOUS
10
0.1330132677165354
20
1.2172746456692913
11
0.1339732677165354
21
1.2166331496062992
0
LINE
8
BLACK
6
CONTINUOUS
10
0.1339732677165354
20
1.2166331496062992
11
0.1344112992125984
21
1.2164397637795274
0
LINE
8
BLACK
6
CONTINUOUS
10
0.1344112992125984
20
1.2164397637795274
11
0.1347104724409449
21
1.2161405511811023
0
LINE
8
BLACK
6
CONTINUOUS
10
0.1347104724409449
20
1.2161405511811023
11
0.1355677559055118
21
1.2155677559055118
0
LINE
8
BLACK
6
CONTINUOUS
10
0.1355677559055118
20
1.2155677559055118
11
0.1361405511811024
21
1.2147104724409448
0
LINE
8
BLACK
6
CONTINUOUS
10
0.1361405511811024
20
1.2147104724409448
11
0.1364397637795275
21
1.2144112992125984
0
LINE
8
BLACK
6
CONTINUOUS
10
0.1364397637795275
20
1.2144112992125984
11
0.1366331496062992
21
1.2139732677165354
0
LINE
8
BLACK
6
CONTINUOUS
10
0.1366331496062992
20
1.2139732677165354
11
0.1372746456692913
21
1.2130132677165355
0
LINE
8
BLACK
6
CONTINUOUS
10
0.1372746456692913
20
1.2130132677165355
11
0.1374529921259842
21
1.212116496062992
0
LINE
8
BLACK
6
CONTINUOUS
10
0.1374529921259842
20
1.212116496062992
11
0.1376551181102362
21
1.2116588188976378
0
LINE
8
BLACK
6
CONTINUOUS
10
0.1376551181102362
20
1.2116588188976378
11
0.1378105118110236
21
1.210319094488189
0
LINE
8
BLACK
6
CONTINUOUS
10
0.1378105118110236
20
1.210319094488189
11
0.1378740157480315
21
1.21
0
LINE
8
BLACK
6
CONTINUOUS
10
0.1378740157480315
20
1.21
11
0.1378740157480315
21
1.1499999999999999
0
LINE
8
BLACK
6
CONTINUOUS
10
0.1378740157480315
20
1.1499999999999999
11
0.1378105118110236
21
1.1496808661417321
0
LINE
8
BLACK
6
CONTINUOUS
10
0.1378105118110236
20
1.1496808661417321
11
0.1376551181102362
21
1.1483411417322835
0
LINE
8
BLACK
6
CONTINUOUS
10
0.1376551181102362
20
1.1483411417322835
11
0.1374529921259842
21
1.1478833858267716
0
LINE
8
BLACK
6
CONTINUOUS
10
0.1374529921259842
20
1.1478833858267716
11
0.1372746456692913
21
1.1469867322834646
0
LINE
8
BLACK
6
CONTINUOUS
10
0.1372746456692913
20
1.1469867322834646
11
0.1366331889763779
21
1.1460267716535433
0
LINE
8
BLACK
6
CONTINUOUS
10
0.1366331889763779
20
1.1460267716535433
11
0.1364397637795275
21
1.1455886614173227
0
LINE
8
BLACK
6
CONTINUOUS
10
0.1364397637795275
20
1.1455886614173227
11
0.1361404724409449
21
1.1452893700787401
0
LINE
8
BLACK
6
CONTINUOUS
10
0.1361404724409449
20
1.1452893700787401
11
0.1355677559055118
21
1.1444322440944881
0
LINE
8
BLACK
6
CONTINUOUS
10
0.1355677559055118
20
1.1444322440944881
11
0.1347105905511811
21
1.1438594881889763
0
LINE
8
BLACK
6
CONTINUOUS
10
0.1347105905511811
20
1.1438594881889763
11
0.1344112992125984
21
1.1435601968503937
0
LINE
8
BLACK
6
CONTINUOUS
10
0.1344112992125984
20
1.1435601968503937
11
0.1339731102362205
21
1.1433666929133859
0
LINE
8
BLACK
6
CONTINUOUS
10
0.1339731102362205
20
1.1433666929133859
11
0.1330132677165354
21
1.1427253543307085
0
LINE
8
BLACK
6
CONTINUOUS
10
0.1330132677165354
20
1.1427253543307085
11
0.1321166929133858
21
1.1425470078740156
0
LINE
8
BLACK
6
CONTINUOUS
10
0.1321166929133858
20
1.1425470078740156
11
0.1316588188976378
21
1.1423448425196849
0
LINE
8
BLACK
6
CONTINUOUS
10
0.1316588188976378
20
1.1423448425196849
11
0.1303186220472441
21
1.1421893307086615
0
LINE
8
BLACK
6
CONTINUOUS
10
0.1303186220472441
20
1.1421893307086615
11
0.13
21
1.1421259842519684
0
LINE
8
BLACK
6
CONTINUOUS
10
0.13
20
1.1421259842519684
11
0.1297723228346457
21
1.1421259842519684
0
LINE
8
BLACK
6
CONTINUOUS
10
0.1297723228346457
20
1.1421259842519684
11
0.0702277165354331
21
1.1421259842519684
0
LINE
8
BLACK
6
CONTINUOUS
10
0.0702277165354331
20
1.1421259842519684
11
0.07
21
1.1421259842519684
0
LINE
8
BLACK
6
CONTINUOUS
10
0.07
20
1.1421259842519684
11
0.0696813385826772
21
1.1421893307086615
0
LINE
8
BLACK
6
CONTINUOUS
10
0.0696813385826772
20
1.1421893307086615
11
0.0683411417322835
21
1.1423448425196849
0
LINE
8
BLACK
6
CONTINUOUS
10
0.0683411417322835
20
1.1423448425196849
11
0.0678832283464567
21
1.1425470078740156
0
LINE
8
BLACK
6
CONTINUOUS
10
0.0678832283464567
20
1.1425470078740156
11
0.0669867322834646
21
1.1427253543307085
0
LINE
8
BLACK
6
CONTINUOUS
10
0.0669867322834646
20
1.1427253543307085
11
0.0660269291338583
21
1.1433666535433071
0
LINE
8
BLACK
6
CONTINUOUS
10
0.0660269291338583
20
1.1433666535433071
11
0.0655886614173228
21
1.1435601968503937
0
LINE
8
BLACK
6
CONTINUOUS
10
0.0655886614173228
20
1.1435601968503937
11
0.0652892519685039
21
1.1438595669291338
0
LINE
8
BLACK
6
CONTINUOUS
10
0.0652892519685039
20
1.1438595669291338
11
0.0644322440944882
21
1.1444322440944881
0
LINE
8
BLACK
6
CONTINUOUS
10
0.0644322440944882
20
1.1444322440944881
11
0.0638595669291339
21
1.1452892519685038
0
LINE
8
BLACK
6
CONTINUOUS
10
0.0638595669291339
20
1.1452892519685038
11
0.0635601968503937
21
1.1455886614173227
0
LINE
8
BLACK
6
CONTINUOUS
10
0.0635601968503937
20
1.1455886614173227
11
0.0633666535433071
21
1.1460269291338583
0
LINE
8
BLACK
6
CONTINUOUS
10
0.0633666535433071
20
1.1460269291338583
11
0.0627253543307087
21
1.1469867322834646
0
LINE
8
BLACK
6
CONTINUOUS
10
0.0627253543307087
20
1.1469867322834646
11
0.0625470078740158
21
1.1478832283464566
0
LINE
8
BLACK
6
CONTINUOUS
10
0.0625470078740158
20
1.1478832283464566
11
0.062344842519685
21
1.1483411417322835
0
LINE
8
BLACK
6
CONTINUOUS
10
0.062344842519685
20
1.1483411417322835
11
0.0621893307086614
21
1.1496814173228347
0
LINE
8
BLACK
6
CONTINUOUS
10
0.0621893307086614
20
1.1496814173228347
11
0.0621259842519685
21
1.1499999999999999
0
LINE
8
BLACK
6
CONTINUOUS
10
0.0621259842519685
20
1.1499999999999999
11
0.0621259842519685
21
1.21
0
LINE
8
BLACK
6
CONTINUOUS
10
0.0621259842519685
20
1.21
11
0.0621893700787402
21
1.2103187007874014
0
LINE
8
BLACK
6
CONTINUOUS
10
0.0621893700787402
20
1.2103187007874014
11
0.062344842519685
21
1.2116588188976378
0
LINE
8
BLACK
6
CONTINUOUS
10
0.062344842519685
20
1.2116588188976378
11
0.0625470078740158
21
1.2121166929133858
0
LINE
8
BLACK
6
CONTINUOUS
10
0.0625470078740158
20
1.2121166929133858
11
0.0627253543307087
21
1.2130132677165355
0
LINE
8
BLACK
6
CONTINUOUS
10
0.0627253543307087
20
1.2130132677165355
11
0.0633666929133858
21
1.2139731102362203
0
LINE
8
BLACK
6
CONTINUOUS
10
0.0633666929133858
20
1.2139731102362203
11
0.0635601968503937
21
1.2144112992125984
0
LINE
8
BLACK
6
CONTINUOUS
10
0.0635601968503937
20
1.2144112992125984
11
0.0638594881889764
21
1.214710590551181
0
LINE
8
BLACK
6
CONTINUOUS
10
0.0638594881889764
20
1.214710590551181
11
0.0644322440944882
21
1.2155677559055118
0
LINE
8
BLACK
6
CONTINUOUS
10
0.0644322440944882
20
1.2155677559055118
11
0.0652893700787402
21
1.2161404724409448
0
LINE
8
BLACK
6
CONTINUOUS
10
0.0652893700787402
20
1.2161404724409448
11
0.0655886614173228
21
1.2164397637795274
0
LINE
8
BLACK
6
CONTINUOUS
10
0.0655886614173228
20
1.2164397637795274
11
0.0660267716535433
21
1.216633188976378
0
LINE
8
BLACK
6
CONTINUOUS
10
0.0660267716535433
20
1.216633188976378
11
0.0669867322834646
21
1.2172746456692913
0
LINE
8
BLACK
6
CONTINUOUS
10
0.0669867322834646
20
1.2172746456692913
11
0.0678833858267717
21
1.2174529921259842
0
LINE
8
BLACK
6
CONTINUOUS
10
0.0678833858267717
20
1.2174529921259842
11
0.0683411417322835
21
1.2176551181102362
0
LINE
8
BLACK
6
CONTINUOUS
10
0.0683411417322835
20
1.2176551181102362
11
0.0696809448818898
21
1.2178105511811024
0
LINE
8
BLACK
6
CONTINUOUS
10
0.0696809448818898
20
1.2178105511811024
11
0.07
21
1.2178740157480314
0
LINE
8
BLACK
6
CONTINUOUS
10
0.07
20
1.2178740157480314
11
0.13
21
1.2178740157480314
0
LINE
8
BLACK
6
CONTINUOUS
10
0.13
20
1.2178740157480314
11
0.1303191732283465
21
1.2178105118110236
0
LINE
8
BLACK
6
CONTINUOUS
10
0.2303191732283464
20
1.2178105118110236
11
0.2316588188976378
21
1.2176551181102362
0
LINE
8
BLACK
6
CONTINUOUS
10
0.2316588188976378
20
1.2176551181102362
11
0.2321164960629921
21
1.2174529921259842
0
LINE
8
BLACK
6
CONTINUOUS
10
0.2321164960629921
20
1.2174529921259842
11
0.2330132677165354
21
1.2172746456692913
0
LINE
8
BLACK
6
CONTINUOUS
10
0.2330132677165354
20
1.2172746456692913
11
0.2339732677165354
21
1.2166331496062992
0
LINE
8
BLACK
6
CONTINUOUS
10
0.2339732677165354
20
1.2166331496062992
11
0.2344112992125984
21
1.2164397637795274
0
LINE
8
BLACK
6
CONTINUOUS
10
0.2344112992125984
20
1.2164397637795274
11
0.2347104724409449
21
1.2161405511811023
0
LINE
8
BLACK
6
CONTINUOUS
10
0.2347104724409449
20
1.2161405511811023
11
0.2355677559055118
21
1.2155677559055118
0
LINE
8
BLACK
6
CONTINUOUS
10
0.2355677559055118
20
1.2155677559055118
11
0.2361405511811024
21
1.2147104724409448
0
LINE
8
BLACK
6
CONTINUOUS
10
0.2361405511811024
20
1.2147104724409448
11
0.2364397637795276
21
1.2144112992125984
0
LINE
8
BLACK
6
CONTINUOUS
10
0.2364397637795276
20
1.2144112992125984
11
0.2366331496062992
21
1.2139732677165354
0
LINE
8
BLACK
6
CONTINUOUS
10
0.2366331496062992
20
1.2139732677165354
11
0.2372746456692913
21
1.2130132677165355
0
LINE
8
BLACK
6
CONTINUOUS
10
0.2372746456692913
20
1.2130132677165355
11
0.2374529921259843
21
1.212116496062992
0
LINE
8
BLACK
6
CONTINUOUS
10
0.2374529921259843
20
1.212116496062992
11
0.2376551181102362
21
1.2116588188976378
0
LINE
8
BLACK
6
CONTINUOUS
10
0.2376551181102362
20
1.2116588188976378
11
0.2378105118110236
21
1.210319094488189
0
LINE
8
BLACK
6
CONTINUOUS
10
0.2378105118110236
20
1.210319094488189
11
0.2378740157480315
21
1.21
0
LINE
8
BLACK
6
CONTINUOUS
10
0.2378740157480315
20
1.21
11
0.2378740157480315
21
1.1499999999999999
0
LINE
8
BLACK
6
CONTINUOUS
10
0.2378740157480315
20
1.1499999999999999
11
0.2378105118110236
21
1.1496808661417321
0
LINE
8
BLACK
6
CONTINUOUS
10
0.2378105118110236
20
1.1496808661417321
11
0.2376551181102362
21
1.1483411417322835
0
LINE
8
BLACK
6
CONTINUOUS
10
0.2376551181102362
20
1.1483411417322835
11
0.2374529921259843
21
1.1478833858267716
0
LINE
8
BLACK
6
CONTINUOUS
10
0.2374529921259843
20
1.1478833858267716
11
0.2372746456692913
21
1.1469867322834646
0
LINE
8
BLACK
6
CONTINUOUS
10
0.2372746456692913
20
1.1469867322834646
11
0.2366331889763779
21
1.1460267716535433
0
LINE
8
BLACK
6
CONTINUOUS
10
0.2366331889763779
20
1.1460267716535433
11
0.2364397637795276
21
1.1455886614173227
0
LINE
8
BLACK
6
CONTINUOUS
10
0.2364397637795276
20
1.1455886614173227
11
0.2361404724409449
21
1.1452893700787401
0
LINE
8
BLACK
6
CONTINUOUS
10
0.2361404724409449
20
1.1452893700787401
11
0.2355677559055118
21
1.1444322440944881
0
LINE
8
BLACK
6
CONTINUOUS
10
0.2355677559055118
20
1.1444322440944881
11
0.2347105905511811
21
1.1438594881889763
0
LINE
8
BLACK
6
CONTINUOUS
10
0.2347105905511811
20
1.1438594881889763
11
0.2344112992125984
21
1.1435601968503937
0
LINE
8
BLACK
6
CONTINUOUS
10
0.2344112992125984
20
1.1435601968503937
11
0.2339731102362205
21
1.1433666929133859
0
LINE
8
BLACK
6
CONTINUOUS
10
0.2339731102362205
20
1.1433666929133859
11
0.2330132677165354
21
1.1427253543307085
0
LINE
8
BLACK
6
CONTINUOUS
10
0.2330132677165354
20
1.1427253543307085
11
0.2321166929133858
21
1.1425470078740156
0
LINE
8
BLACK
6
CONTINUOUS
10
0.2321166929133858
20
1.1425470078740156
11
0.2316588188976378
21
1.1423448425196849
0
LINE
8
BLACK
6
CONTINUOUS
10
0.2316588188976378
20
1.1423448425196849
11
0.2303186220472441
21
1.1421893307086615
0
LINE
8
BLACK
6
CONTINUOUS
10
0.2303186220472441
20
1.1421893307086615
11
0.23
21
1.1421259842519684
0
LINE
8
BLACK
6
CONTINUOUS
10
0.23
20
1.1421259842519684
11
0.2297723228346457
21
1.1421259842519684
0
LINE
8
BLACK
6
CONTINUOUS
10
0.2297723228346457
20
1.1421259842519684
11
0.1702277165354331
21
1.1421259842519684
0
LINE
8
BLACK
6
CONTINUOUS
10
0.1702277165354331
20
1.1421259842519684
11
0.17
21
1.1421259842519684
0
LINE
8
BLACK
6
CONTINUOUS
10
0.17
20
1.1421259842519684
11
0.1696813385826772
21
1.1421893307086615
0
LINE
8
BLACK
6
CONTINUOUS
10
0.1696813385826772
20
1.1421893307086615
11
0.1683411417322835
21
1.1423448425196849
0
LINE
8
BLACK
6
CONTINUOUS
10
0.1683411417322835
20
1.1423448425196849
11
0.1678832283464567
21
1.1425470078740156
0
LINE
8
BLACK
6
CONTINUOUS
10
0.1678832283464567
20
1.1425470078740156
11
0.1669867322834646
21
1.1427253543307085
0
LINE
8
BLACK
6
CONTINUOUS
10
0.1669867322834646
20
1.1427253543307085
11
0.1660269291338583
21
1.1433666535433071
0
LINE
8
BLACK
6
CONTINUOUS
10
0.1660269291338583
20
1.1433666535433071
11
0.1655886614173228
21
1.1435601968503937
0
LINE
8
BLACK
6
CONTINUOUS
10
0.1655886614173228
20
1.1435601968503937
11
0.1652892519685039
21
1.1438595669291338
0
LINE
8
BLACK
6
CONTINUOUS
10
0.1652892519685039
20
1.1438595669291338
11
0.1644322440944882
21
1.1444322440944881
0
LINE
8
BLACK
6
CONTINUOUS
10
0.1644322440944882
20
1.1444322440944881
11
0.1638595669291339
21
1.1452892519685038
0
LINE
8
BLACK
6
CONTINUOUS
10
0.1638595669291339
20
1.1452892519685038
11
0.1635601968503937
21
1.1455886614173227
0
LINE
8
BLACK
6
CONTINUOUS
10
0.1635601968503937
20
1.1455886614173227
11
0.1633666535433071
21
1.1460269291338583
0
LINE
8
BLACK
6
CONTINUOUS
10
0.1633666535433071
20
1.1460269291338583
11
0.1627253543307087
21
1.1469867322834646
0
LINE
8
BLACK
6
CONTINUOUS
10
0.1627253543307087
20
1.1469867322834646
11
0.1625470078740157
21
1.1478832283464566
0
LINE
8
BLACK
6
CONTINUOUS
10
0.1625470078740157
20
1.1478832283464566
11
0.162344842519685
21
1.1483411417322835
0
LINE
8
BLACK
6
CONTINUOUS
10
0.162344842519685
20
1.1483411417322835
11
0.1621893307086614
21
1.1496814173228347
0
LINE
8
BLACK
6
CONTINUOUS
10
0.1621893307086614
20
1.1496814173228347
11
0.1621259842519685
21
1.1499999999999999
0
LINE
8
BLACK
6
CONTINUOUS
10
0.1621259842519685
20
1.1499999999999999
11
0.1621259842519685
21
1.21
0
LINE
8
BLACK
6
CONTINUOUS
10
0.1621259842519685
20
1.21
11
0.1621893700787402
21
1.2103187007874014
0
LINE
8
BLACK
6
CONTINUOUS
10
0.1621893700787402
20
1.2103187007874014
11
0.162344842519685
21
1.2116588188976378
0
LINE
8
BLACK
6
CONTINUOUS
10
0.162344842519685
20
1.2116588188976378
11
0.1625470078740157
21
1.2121166929133858
0
LINE
8
BLACK
6
CONTINUOUS
10
0.1625470078740157
20
1.2121166929133858
11
0.1627253543307087
21
1.2130132677165355
0
LINE
8
BLACK
6
CONTINUOUS
10
0.1627253543307087
20
1.2130132677165355
11
0.1633666929133858
21
1.2139731102362203
0
LINE
8
BLACK
6
CONTINUOUS
10
0.1633666929133858
20
1.2139731102362203
11
0.1635601968503937
21
1.2144112992125984
0
LINE
8
BLACK
6
CONTINUOUS
10
0.1635601968503937
20
1.2144112992125984
11
0.1638594881889764
21
1.214710590551181
0
LINE
8
BLACK
6
CONTINUOUS
10
0.1638594881889764
20
1.214710590551181
11
0.1644322440944882
21
1.2155677559055118
0
LINE
8
BLACK
6
CONTINUOUS
10
0.1644322440944882
20
1.2155677559055118
11
0.1652893700787401
21
1.2161404724409448
0
LINE
8
BLACK
6
CONTINUOUS
10
0.1652893700787401
20
1.2161404724409448
11
0.1655886614173228
21
1.2164397637795274
0
LINE
8
BLACK
6
CONTINUOUS
10
0.1655886614173228
20
1.2164397637795274
11
0.1660267716535433
21
1.216633188976378
0
LINE
8
BLACK
6
CONTINUOUS
10
0.1660267716535433
20
1.216633188976378
11
0.1669867322834646
21
1.2172746456692913
0
LINE
8
BLACK
6
CONTINUOUS
10
0.1669867322834646
20
1.2172746456692913
11
0.1678833858267716
21
1.2174529921259842
0
LINE
8
BLACK
6
CONTINUOUS
10
0.1678833858267716
20
1.2174529921259842
11
0.1683411417322835
21
1.2176551181102362
0
LINE
8
BLACK
6
CONTINUOUS
10
0.1683411417322835
20
1.2176551181102362
11
0.1696809448818898
21
1.2178105511811024
0
LINE
8
BLACK
6
CONTINUOUS
10
0.1696809448818898
20
1.2178105511811024
11
0.17
21
1.2178740157480314
0
LINE
8
BLACK
6
CONTINUOUS
10
0.17
20
1.2178740157480314
11
0.23
21
1.2178740157480314
0
LINE
8
BLACK
6
CONTINUOUS
10
0.23
20
1.2178740157480314
11
0.2303191732283464
21
1.2178105118110236
0
LINE
8
BLACK
6
CONTINUOUS
10
1.3803191732283464
20
1.2678105118110237
11
1.3816588188976378
21
1.2676551181102362
0
LINE
8
BLACK
6
CONTINUOUS
10
1.3816588188976378
20
1.2676551181102362
11
1.3821164960629921
21
1.2674529921259843
0
LINE
8
BLACK
6
CONTINUOUS
10
1.3821164960629921
20
1.2674529921259843
11
1.3830132677165354
21
1.2672746456692914
0
LINE
8
BLACK
6
CONTINUOUS
10
1.3830132677165354
20
1.2672746456692914
11
1.3839732677165355
21
1.2666331496062992
0
LINE
8
BLACK
6
CONTINUOUS
10
1.3839732677165355
20
1.2666331496062992
11
1.3844112992125983
21
1.2664397637795275
0
LINE
8
BLACK
6
CONTINUOUS
10
1.3844112992125983
20
1.2664397637795275
11
1.3847104724409449
21
1.2661405511811024
0
LINE
8
BLACK
6
CONTINUOUS
10
1.3847104724409449
20
1.2661405511811024
11
1.3855677559055117
21
1.2655677559055118
0
LINE
8
BLACK
6
CONTINUOUS
10
1.3855677559055117
20
1.2655677559055118
11
1.3861405511811022
21
1.2647104724409448
0
LINE
8
BLACK
6
CONTINUOUS
10
1.3861405511811022
20
1.2647104724409448
11
1.3864397637795276
21
1.2644112992125984
0
LINE
8
BLACK
6
CONTINUOUS
10
1.3864397637795276
20
1.2644112992125984
11
1.3866331496062991
21
1.2639732677165354
0
LINE
8
BLACK
6
CONTINUOUS
10
1.3866331496062991
20
1.2639732677165354
11
1.3872746456692913
21
1.2630132677165353
0
LINE
8
BLACK
6
CONTINUOUS
10
1.3872746456692913
20
1.2630132677165353
11
1.3874529921259842
21
1.262116496062992
0
LINE
8
BLACK
6
CONTINUOUS
10
1.3874529921259842
20
1.262116496062992
11
1.3876551181102361
21
1.2616588188976379
0
LINE
8
BLACK
6
CONTINUOUS
10
1.3876551181102361
20
1.2616588188976379
11
1.3878105118110236
21
1.260319094488189
0
LINE
8
BLACK
6
CONTINUOUS
10
1.3878105118110236
20
1.260319094488189
11
1.3878740157480314
21
1.26
0
LINE
8
BLACK
6
CONTINUOUS
10
1.3878740157480314
20
1.26
11
1.3878740157480314
21
1.2
0
LINE
8
BLACK
6
CONTINUOUS
10
1.3878740157480314
20
1.2
11
1.3878105118110236
21
1.1996808661417322
0
LINE
8
BLACK
6
CONTINUOUS
10
1.3878105118110236
20
1.1996808661417322
11
1.3876551181102361
21
1.1983411417322833
0
LINE
8
BLACK
6
CONTINUOUS
10
1.3876551181102361
20
1.1983411417322833
11
1.3874529921259842
21
1.1978833858267717
0
LINE
8
BLACK
6
CONTINUOUS
10
1.3874529921259842
20
1.1978833858267717
11
1.3872746456692913
21
1.1969867322834646
0
LINE
8
BLACK
6
CONTINUOUS
10
1.3872746456692913
20
1.1969867322834646
11
1.3866331889763779
21
1.1960267716535433
0
LINE
8
BLACK
6
CONTINUOUS
10
1.3866331889763779
20
1.1960267716535433
11
1.3864397637795276
21
1.1955886614173228
0
LINE
8
BLACK
6
CONTINUOUS
10
1.3864397637795276
20
1.1955886614173228
11
1.386140472440945
21
1.1952893700787401
0
LINE
8
BLACK
6
CONTINUOUS
10
1.386140472440945
20
1.1952893700787401
11
1.3855677559055117
21
1.1944322440944881
0
LINE
8
BLACK
6
CONTINUOUS
10
1.3855677559055117
20
1.1944322440944881
11
1.3847105905511812
21
1.1938594881889764
0
LINE
8
BLACK
6
CONTINUOUS
10
1.3847105905511812
20
1.1938594881889764
11
1.3844112992125983
21
1.1935601968503937
0
LINE
8
BLACK
6
CONTINUOUS
10
1.3844112992125983
20
1.1935601968503937
11
1.3839731102362205
21
1.1933666929133857
0
LINE
8
BLACK
6
CONTINUOUS
10
1.3839731102362205
20
1.1933666929133857
11
1.3830132677165354
21
1.1927253543307086
0
LINE
8
BLACK
6
CONTINUOUS
10
1.3830132677165354
20
1.1927253543307086
11
1.3821166929133859
21
1.1925470078740157
0
LINE
8
BLACK
6
CONTINUOUS
10
1.3821166929133859
20
1.1925470078740157
11
1.3816588188976378
21
1.192344842519685
0
LINE
8
BLACK
6
CONTINUOUS
10
1.3816588188976378
20
1.192344842519685
11
1.3803186220472441
21
1.1921893307086613
0
LINE
8
BLACK
6
CONTINUOUS
10
1.3803186220472441
20
1.1921893307086613
11
1.3799999999999999
21
1.1921259842519685
0
LINE
8
BLACK
6
CONTINUOUS
10
1.3799999999999999
20
1.1921259842519685
11
1.3797723228346457
21
1.1921259842519685
0
LINE
8
BLACK
6
CONTINUOUS
10
1.3797723228346457
20
1.1921259842519685
11
1.320227716535433
21
1.1921259842519685
0
LINE
8
BLACK
6
CONTINUOUS
10
1.320227716535433
20
1.1921259842519685
11
1.3200000000000001
21
1.1921259842519685
0
LINE
8
BLACK
6
CONTINUOUS
10
1.3200000000000001
20
1.1921259842519685
11
1.3196813385826771
21
1.1921893307086613
0
LINE
8
BLACK
6
CONTINUOUS
10
1.3196813385826771
20
1.1921893307086613
11
1.3183411417322835
21
1.192344842519685
0
LINE
8
BLACK
6
CONTINUOUS
10
1.3183411417322835
20
1.192344842519685
11
1.3178832283464568
21
1.1925470078740157
0
LINE
8
BLACK
6
CONTINUOUS
10
1.3178832283464568
20
1.1925470078740157
11
1.3169867322834645
21
1.1927253543307086
0
LINE
8
BLACK
6
CONTINUOUS
10
1.3169867322834645
20
1.1927253543307086
11
1.3160269291338582
21
1.193366653543307
0
LINE
8
BLACK
6
CONTINUOUS
10
1.3160269291338582
20
1.193366653543307
11
1.3155886614173229
21
1.1935601968503937
0
LINE
8
BLACK
6
CONTINUOUS
10
1.3155886614173229
20
1.1935601968503937
11
1.315289251968504
21
1.1938595669291339
0
LINE
8
BLACK
6
CONTINUOUS
10
1.315289251968504
20
1.1938595669291339
11
1.3144322440944882
21
1.1944322440944881
0
LINE
8
BLACK
6
CONTINUOUS
10
1.3144322440944882
20
1.1944322440944881
11
1.3138595669291337
21
1.1952892519685039
0
LINE
8
BLACK
6
CONTINUOUS
10
1.3138595669291337
20
1.1952892519685039
11
1.3135601968503936
21
1.1955886614173228
0
LINE
8
BLACK
6
CONTINUOUS
10
1.3135601968503936
20
1.1955886614173228
11
1.3133666535433071
21
1.1960269291338583
0
LINE
8
BLACK
6
CONTINUOUS
10
1.3133666535433071
20
1.1960269291338583
11
1.3127253543307087
21
1.1969867322834646
0
LINE
8
BLACK
6
CONTINUOUS
10
1.3127253543307087
20
1.1969867322834646
11
1.3125470078740158
21
1.1978832283464567
0
LINE
8
BLACK
6
CONTINUOUS
10
1.3125470078740158
20
1.1978832283464567
11
1.3123448425196851
21
1.1983411417322833
0
LINE
8
BLACK
6
CONTINUOUS
10
1.3123448425196851
20
1.1983411417322833
11
1.3121893307086614
21
1.1996814173228345
0
LINE
8
BLACK
6
CONTINUOUS
10
1.3121893307086614
20
1.1996814173228345
11
1.3121259842519686
21
1.2
0
LINE
8
BLACK
6
CONTINUOUS
10
1.3121259842519686
20
1.2
11
1.3121259842519686
21
1.26
0
LINE
8
BLACK
6
CONTINUOUS
10
1.3121259842519686
20
1.26
11
1.3121893700787401
21
1.2603187007874015
0
LINE
8
BLACK
6
CONTINUOUS
10
1.3121893700787401
20
1.2603187007874015
11
1.3123448425196851
21
1.2616588188976379
0
LINE
8
BLACK
6
CONTINUOUS
10
1.3123448425196851
20
1.2616588188976379
11
1.3125470078740158
21
1.2621166929133858
0
LINE
8
BLACK
6
CONTINUOUS
10
1.3125470078740158
20
1.2621166929133858
11
1.3127253543307087
21
1.2630132677165353
0
LINE
8
BLACK
6
CONTINUOUS
10
1.3127253543307087
20
1.2630132677165353
11
1.3133666929133858
21
1.2639731102362204
0
LINE
8
BLACK
6
CONTINUOUS
10
1.3133666929133858
20
1.2639731102362204
11
1.3135601968503936
21
1.2644112992125984
0
LINE
8
BLACK
6
CONTINUOUS
10
1.3135601968503936
20
1.2644112992125984
11
1.3138594881889762
21
1.2647105905511811
0
LINE
8
BLACK
6
CONTINUOUS
10
1.3138594881889762
20
1.2647105905511811
11
1.3144322440944882
21
1.2655677559055118
0
LINE
8
BLACK
6
CONTINUOUS
10
1.3144322440944882
20
1.2655677559055118
11
1.31528937007874
21
1.2661404724409449
0
LINE
8
BLACK
6
CONTINUOUS
10
1.31528937007874
20
1.2661404724409449
11
1.3155886614173229
21
1.2664397637795275
0
LINE
8
BLACK
6
CONTINUOUS
10
1.3155886614173229
20
1.2664397637795275
11
1.3160267716535432
21
1.266633188976378
0
LINE
8
BLACK
6
CONTINUOUS
10
1.3160267716535432
20
1.266633188976378
11
1.3169867322834645
21
1.2672746456692914
0
LINE
8
BLACK
6
CONTINUOUS
10
1.3169867322834645
20
1.2672746456692914
11
1.3178833858267716
21
1.2674529921259843
0
LINE
8
BLACK
6
CONTINUOUS
10
1.3178833858267716
20
1.2674529921259843
11
1.3183411417322835
21
1.2676551181102362
0
LINE
8
BLACK
6
CONTINUOUS
10
1.3183411417322835
20
1.2676551181102362
11
1.3196809448818898
21
1.2678105511811024
0
LINE
8
BLACK
6
CONTINUOUS
10
1.3196809448818898
20
1.2678105511811024
11
1.3200000000000001
21
1.2678740157480315
0
LINE
8
BLACK
6
CONTINUOUS
10
1.3200000000000001
20
1.2678740157480315
11
1.3799999999999999
21
1.2678740157480315
0
LINE
8
BLACK
6
CONTINUOUS
10
1.3799999999999999
20
1.2678740157480315
11
1.3803191732283464
21
1.2678105118110237
0
LINE
8
BLACK
6
CONTINUOUS
10
1.4803191732283465
20
1.2678105118110237
11
1.4816588188976378
21
1.2676551181102362
0
LINE
8
BLACK
6
CONTINUOUS
10
1.4816588188976378
20
1.2676551181102362
11
1.482116496062992
21
1.2674529921259843
0
LINE
8
BLACK
6
CONTINUOUS
10
1.482116496062992
20
1.2674529921259843
11
1.4830132677165353
21
1.2672746456692914
0
LINE
8
BLACK
6
CONTINUOUS
10
1.4830132677165353
20
1.2672746456692914
11
1.4839732677165354
21
1.2666331496062992
0
LINE
8
BLACK
6
CONTINUOUS
10
1.4839732677165354
20
1.2666331496062992
11
1.4844112992125984
21
1.2664397637795275
0
LINE
8
BLACK
6
CONTINUOUS
10
1.4844112992125984
20
1.2664397637795275
11
1.4847104724409448
21
1.2661405511811024
0
LINE
8
BLACK
6
CONTINUOUS
10
1.4847104724409448
20
1.2661405511811024
11
1.4855677559055118
21
1.2655677559055118
0
LINE
8
BLACK
6
CONTINUOUS
10
1.4855677559055118
20
1.2655677559055118
11
1.4861405511811023
21
1.2647104724409448
0
LINE
8
BLACK
6
CONTINUOUS
10
1.4861405511811023
20
1.2647104724409448
11
1.4864397637795275
21
1.2644112992125984
0
LINE
8
BLACK
6
CONTINUOUS
10
1.4864397637795275
20
1.2644112992125984
11
1.4866331496062992
21
1.2639732677165354
0
LINE
8
BLACK
6
CONTINUOUS
10
1.4866331496062992
20
1.2639732677165354
11
1.4872746456692914
21
1.2630132677165353
0
LINE
8
BLACK
6
CONTINUOUS
10
1.4872746456692914
20
1.2630132677165353
11
1.4874529921259843
21
1.262116496062992
0
LINE
8
BLACK
6
CONTINUOUS
10
1.4874529921259843
20
1.262116496062992
11
1.4876551181102362
21
1.2616588188976379
0
LINE
8
BLACK
6
CONTINUOUS
10
1.4876551181102362
20
1.2616588188976379
11
1.4878105118110236
21
1.260319094488189
0
LINE
8
BLACK
6
CONTINUOUS
10
1.4878105118110236
20
1.260319094488189
11
1.4878740157480315
21
1.26
0
LINE
8
BLACK
6
CONTINUOUS
10
1.4878740157480315
20
1.26
11
1.4878740157480315
21
1.2
0
LINE
8
BLACK
6
CONTINUOUS
10
1.4878740157480315
20
1.2
11
1.4878105118110236
21
1.1996808661417322
0
LINE
8
BLACK
6
CONTINUOUS
10
1.4878105118110236
20
1.1996808661417322
11
1.4876551181102362
21
1.1983411417322833
0
LINE
8
BLACK
6
CONTINUOUS
10
1.4876551181102362
20
1.1983411417322833
11
1.4874529921259843
21
1.1978833858267717
0
LINE
8
BLACK
6
CONTINUOUS
10
1.4874529921259843
20
1.1978833858267717
11
1.4872746456692914
21
1.1969867322834646
0
LINE
8
BLACK
6
CONTINUOUS
10
1.4872746456692914
20
1.1969867322834646
11
1.486633188976378
21
1.1960267716535433
0
LINE
8
BLACK
6
CONTINUOUS
10
1.486633188976378
20
1.1960267716535433
11
1.4864397637795275
21
1.1955886614173228
0
LINE
8
BLACK
6
CONTINUOUS
10
1.4864397637795275
20
1.1955886614173228
11
1.4861404724409448
21
1.1952893700787401
0
LINE
8
BLACK
6
CONTINUOUS
10
1.4861404724409448
20
1.1952893700787401
11
1.4855677559055118
21
1.1944322440944881
0
LINE
8
BLACK
6
CONTINUOUS
10
1.4855677559055118
20
1.1944322440944881
11
1.484710590551181
21
1.1938594881889764
0
LINE
8
BLACK
6
CONTINUOUS
10
1.484710590551181
20
1.1938594881889764
11
1.4844112992125984
21
1.1935601968503937
0
LINE
8
BLACK
6
CONTINUOUS
10
1.4844112992125984
20
1.1935601968503937
11
1.4839731102362204
21
1.1933666929133857
0
LINE
8
BLACK
6
CONTINUOUS
10
1.4839731102362204
20
1.1933666929133857
11
1.4830132677165353
21
1.1927253543307086
0
LINE
8
BLACK
6
CONTINUOUS
10
1.4830132677165353
20
1.1927253543307086
11
1.4821166929133858
21
1.1925470078740157
0
LINE
8
BLACK
6
CONTINUOUS
10
1.4821166929133858
20
1.1925470078740157
11
1.4816588188976378
21
1.192344842519685
0
LINE
8
BLACK
6
CONTINUOUS
10
1.4816588188976378
20
1.192344842519685
11
1.480318622047244
21
1.1921893307086613
0
LINE
8
BLACK
6
CONTINUOUS
10
1.480318622047244
20
1.1921893307086613
11
1.48
21
1.1921259842519685
0
LINE
8
BLACK
6
CONTINUOUS
10
1.48
20
1.1921259842519685
11
1.4797723228346455
21
1.1921259842519685
0
LINE
8
BLACK
6
CONTINUOUS
10
1.4797723228346455
20
1.1921259842519685
11
1.4202277165354331
21
1.1921259842519685
0
LINE
8
BLACK
6
CONTINUOUS
10
1.4202277165354331
20
1.1921259842519685
11
1.4199999999999999
21
1.1921259842519685
0
LINE
8
BLACK
6
CONTINUOUS
10
1.4199999999999999
20
1.1921259842519685
11
1.4196813385826772
21
1.1921893307086613
0
LINE
8
BLACK
6
CONTINUOUS
10
1.4196813385826772
20
1.1921893307086613
11
1.4183411417322835
21
1.192344842519685
0
LINE
8
BLACK
6
CONTINUOUS
10
1.4183411417322835
20
1.192344842519685
11
1.4178832283464566
21
1.1925470078740157
0
LINE
8
BLACK
6
CONTINUOUS
10
1.4178832283464566
20
1.1925470078740157
11
1.4169867322834646
21
1.1927253543307086
0
LINE
8
BLACK
6
CONTINUOUS
10
1.4169867322834646
20
1.1927253543307086
11
1.4160269291338583
21
1.193366653543307
0
LINE
8
BLACK
6
CONTINUOUS
10
1.4160269291338583
20
1.193366653543307
11
1.4155886614173228
21
1.1935601968503937
0
LINE
8
BLACK
6
CONTINUOUS
10
1.4155886614173228
20
1.1935601968503937
11
1.4152892519685039
21
1.1938595669291339
0
LINE
8
BLACK
6
CONTINUOUS
10
1.4152892519685039
20
1.1938595669291339
11
1.4144322440944881
21
1.1944322440944881
0
LINE
8
BLACK
6
CONTINUOUS
10
1.4144322440944881
20
1.1944322440944881
11
1.4138595669291338
21
1.1952892519685039
0
LINE
8
BLACK
6
CONTINUOUS
10
1.4138595669291338
20
1.1952892519685039
11
1.4135601968503937
21
1.1955886614173228
0
LINE
8
BLACK
6
CONTINUOUS
10
1.4135601968503937
20
1.1955886614173228
11
1.4133666535433071
21
1.1960269291338583
0
LINE
8
BLACK
6
CONTINUOUS
10
1.4133666535433071
20
1.1960269291338583
11
1.4127253543307086
21
1.1969867322834646
0
LINE
8
BLACK
6
CONTINUOUS
10
1.4127253543307086
20
1.1969867322834646
11
1.4125470078740157
21
1.1978832283464567
0
LINE
8
BLACK
6
CONTINUOUS
10
1.4125470078740157
20
1.1978832283464567
11
1.412344842519685
21
1.1983411417322833
0
LINE
8
BLACK
6
CONTINUOUS
10
1.412344842519685
20
1.1983411417322833
11
1.4121893307086615
21
1.1996814173228345
0
LINE
8
BLACK
6
CONTINUOUS
10
1.4121893307086615
20
1.1996814173228345
11
1.4121259842519684
21
1.2
0
LINE
8
BLACK
6
CONTINUOUS
10
1.4121259842519684
20
1.2
11
1.4121259842519684
21
1.26
0
LINE
8
BLACK
6
CONTINUOUS
10
1.4121259842519684
20
1.26
11
1.4121893700787402
21
1.2603187007874015
0
LINE
8
BLACK
6
CONTINUOUS
10
1.4121893700787402
20
1.2603187007874015
11
1.412344842519685
21
1.2616588188976379
0
LINE
8
BLACK
6
CONTINUOUS
10
1.412344842519685
20
1.2616588188976379
11
1.4125470078740157
21
1.2621166929133858
0
LINE
8
BLACK
6
CONTINUOUS
10
1.4125470078740157
20
1.2621166929133858
11
1.4127253543307086
21
1.2630132677165353
0
LINE
8
BLACK
6
CONTINUOUS
10
1.4127253543307086
20
1.2630132677165353
11
1.4133666929133859
21
1.2639731102362204
0
LINE
8
BLACK
6
CONTINUOUS
10
1.4133666929133859
20
1.2639731102362204
11
1.4135601968503937
21
1.2644112992125984
0
LINE
8
BLACK
6
CONTINUOUS
10
1.4135601968503937
20
1.2644112992125984
11
1.4138594881889763
21
1.2647105905511811
0
LINE
8
BLACK
6
CONTINUOUS
10
1.4138594881889763
20
1.2647105905511811
11
1.4144322440944881
21
1.2655677559055118
0
LINE
8
BLACK
6
CONTINUOUS
10
1.4144322440944881
20
1.2655677559055118
11
1.4152893700787401
21
1.2661404724409449
0
LINE
8
BLACK
6
CONTINUOUS
10
1.4152893700787401
20
1.2661404724409449
11
1.4155886614173228
21
1.2664397637795275
0
LINE
8
BLACK
6
CONTINUOUS
10
1.4155886614173228
20
1.2664397637795275
11
1.4160267716535433
21
1.266633188976378
0
LINE
8
BLACK
6
CONTINUOUS
10
1.4160267716535433
20
1.266633188976378
11
1.4169867322834646
21
1.2672746456692914
0
LINE
8
BLACK
6
CONTINUOUS
10
1.4169867322834646
20
1.2672746456692914
11
1.4178833858267716
21
1.2674529921259843
0
LINE
8
BLACK
6
CONTINUOUS
10
1.4178833858267716
20
1.2674529921259843
11
1.4183411417322835
21
1.2676551181102362
0
LINE
8
BLACK
6
CONTINUOUS
10
1.4183411417322835
20
1.2676551181102362
11
1.4196809448818897
21
1.2678105511811024
0
LINE
8
BLACK
6
CONTINUOUS
10
1.4196809448818897
20
1.2678105511811024
11
1.4199999999999999
21
1.2678740157480315
0
LINE
8
BLACK
6
CONTINUOUS
10
1.4199999999999999
20
1.2678740157480315
11
1.48
21
1.2678740157480315
0
LINE
8
BLACK
6
CONTINUOUS
10
1.48
20
1.2678740157480315
11
1.4803191732283465
21
1.2678105118110237
0
LINE
8
BLACK
6
CONTINUOUS
10
1.0607475196850393
20
1.3498297637795276
11
1.0674529921259843
21
1.3470522834645668
0
LINE
8
BLACK
6
CONTINUOUS
10
1.0674529921259843
20
1.3470522834645668
11
1.0734877952755906
21
1.3430199606299211
0
LINE
8
BLACK
6
CONTINUOUS
10
1.0734877952755906
20
1.3430199606299211
11
1.0786199606299212
21
1.3378877952755905
0
LINE
8
BLACK
6
CONTINUOUS
10
1.0786199606299212
20
1.3378877952755905
11
1.0826522834645669
21
1.3318529921259843
0
LINE
8
BLACK
6
CONTINUOUS
10
1.0826522834645669
20
1.3318529921259843
11
1.0854297637795276
21
1.3251475196850393
0
LINE
8
BLACK
6
CONTINUOUS
10
1.0854297637795276
20
1.3251475196850393
11
1.0868457480314961
21
1.3180289763779527
0
LINE
8
BLACK
6
CONTINUOUS
10
1.0868457480314961
20
1.3180289763779527
11
1.0868457480314961
21
1.3107710236220471
0
LINE
8
BLACK
6
CONTINUOUS
10
1.0868457480314961
20
1.3107710236220471
11
1.0854297637795276
21
1.3036524803149605
0
LINE
8
BLACK
6
CONTINUOUS
10
1.0854297637795276
20
1.3036524803149605
11
1.0826522834645669
21
1.2969470078740157
0
LINE
8
BLACK
6
CONTINUOUS
10
1.0826522834645669
20
1.2969470078740157
11
1.0786199606299212
21
1.2909122047244095
0
LINE
8
BLACK
6
CONTINUOUS
10
1.0786199606299212
20
1.2909122047244095
11
1.0734877952755906
21
1.2857800393700787
0
LINE
8
BLACK
6
CONTINUOUS
10
1.0734877952755906
20
1.2857800393700787
11
1.0674529921259843
21
1.281747716535433
0
LINE
8
BLACK
6
CONTINUOUS
10
1.0674529921259843
20
1.281747716535433
11
1.0607475196850393
21
1.2789702362204725
0
LINE
8
BLACK
6
CONTINUOUS
10
1.0607475196850393
20
1.2789702362204725
11
1.0569338582677166
21
1.2782116141732283
0
LINE
8
BLACK
6
CONTINUOUS
10
1.0569338582677166
20
1.2782116141732283
11
1.0569338582677166
21
1.2717883464566928
0
LINE
8
BLACK
6
CONTINUOUS
10
1.0569338582677166
20
1.2717883464566928
11
1.0607475196850393
21
1.2710297637795276
0
LINE
8
BLACK
6
CONTINUOUS
10
1.0607475196850393
20
1.2710297637795276
11
1.0674529921259843
21
1.2682522834645669
0
LINE
8
BLACK
6
CONTINUOUS
10
1.0674529921259843
20
1.2682522834645669
11
1.0734877952755906
21
1.2642199606299211
0
LINE
8
BLACK
6
CONTINUOUS
10
1.0734877952755906
20
1.2642199606299211
11
1.0786199606299212
21
1.2590877952755906
0
LINE
8
BLACK
6
CONTINUOUS
10
1.0786199606299212
20
1.2590877952755906
11
1.0826522834645669
21
1.2530529921259843
0
LINE
8
BLACK
6
CONTINUOUS
10
1.0826522834645669
20
1.2530529921259843
11
1.0854297637795276
21
1.2463475196850393
0
LINE
8
BLACK
6
CONTINUOUS
10
1.0854297637795276
20
1.2463475196850393
11
1.0868457480314961
21
1.2392289763779527
0
LINE
8
BLACK
6
CONTINUOUS
10
1.0868457480314961
20
1.2392289763779527
11
1.0868457480314961
21
1.2319710236220471
0
LINE
8
BLACK
6
CONTINUOUS
10
1.0868457480314961
20
1.2319710236220471
11
1.0854297637795276
21
1.2248524803149605
0
LINE
8
BLACK
6
CONTINUOUS
10
1.0854297637795276
20
1.2248524803149605
11
1.0826522834645669
21
1.2181470078740158
0
LINE
8
BLACK
6
CONTINUOUS
10
1.0826522834645669
20
1.2181470078740158
11
1.0786199606299212
21
1.2121122047244095
0
LINE
8
BLACK
6
CONTINUOUS
10
1.0786199606299212
20
1.2121122047244095
11
1.0734877952755906
21
1.2069800393700787
0
LINE
8
BLACK
6
CONTINUOUS
10
1.0734877952755906
20
1.2069800393700787
11
1.0674529921259843
21
1.202947716535433
0
LINE
8
BLACK
6
CONTINUOUS
10
1.0674529921259843
20
1.202947716535433
11
1.0607475196850393
21
1.2001702362204725
0
LINE
8
BLACK
6
CONTINUOUS
10
1.0607475196850393
20
1.2001702362204725
11
1.0536289763779527
21
1.1987542519685039
0
LINE
8
BLACK
6
CONTINUOUS
10
1.0536289763779527
20
1.1987542519685039
11
1.0463710236220471
21
1.1987542519685039
0
LINE
8
BLACK
6
CONTINUOUS
10
1.0463710236220471
20
1.1987542519685039
11
1.0392524803149605
21
1.2001702362204725
0
LINE
8
BLACK
6
CONTINUOUS
10
1.0392524803149605
20
1.2001702362204725
11
1.0325470078740158
21
1.202947716535433
0
LINE
8
BLACK
6
CONTINUOUS
10
1.0325470078740158
20
1.202947716535433
11
1.0265122047244095
21
1.2069800393700787
0
LINE
8
BLACK
6
CONTINUOUS
10
1.0265122047244095
20
1.2069800393700787
11
1.0213800393700787
21
1.2121122047244095
0
LINE
8
BLACK
6
CONTINUOUS
10
1.0213800393700787
20
1.2121122047244095
11
1.017347716535433
21
1.2181470078740158
0
LINE
8
BLACK
6
CONTINUOUS
10
1.017347716535433
20
1.2181470078740158
11
1.0145702362204725
21
1.2248524803149605
0
LINE
8
BLACK
6
CONTINUOUS
10
1.0145702362204725
20
1.2248524803149605
11
1.0131542519685039
21
1.2319710236220471
0
LINE
8
BLACK
6
CONTINUOUS
10
1.0131542519685039
20
1.2319710236220471
11
1.0131542519685039
21
1.2392289763779527
0
LINE
8
BLACK
6
CONTINUOUS
10
1.0131542519685039
20
1.2392289763779527
11
1.0145702362204725
21
1.2463475196850393
0
LINE
8
BLACK
6
CONTINUOUS
10
1.0145702362204725
20
1.2463475196850393
11
1.017347716535433
21
1.2530529921259843
0
LINE
8
BLACK
6
CONTINUOUS
10
1.017347716535433
20
1.2530529921259843
11
1.0213800393700787
21
1.2590877952755906
0
LINE
8
BLACK
6
CONTINUOUS
10
1.0213800393700787
20
1.2590877952755906
11
1.0265122047244095
21
1.2642199606299211
0
LINE
8
BLACK
6
CONTINUOUS
10
1.0265122047244095
20
1.2642199606299211
11
1.0325470078740158
21
1.2682522834645669
0
LINE
8
BLACK
6
CONTINUOUS
10
1.0325470078740158
20
1.2682522834645669
11
1.0392524803149605
21
1.2710297637795276
0
LINE
8
BLACK
6
CONTINUOUS
10
1.0392524803149605
20
1.2710297637795276
11
1.0430661023622048
21
1.2717883464566928
0
LINE
8
BLACK
6
CONTINUOUS
10
1.0430661023622048
20
1.2717883464566928
11
1.0430661023622048
21
1.2782116141732283
0
LINE
8
BLACK
6
CONTINUOUS
10
1.0430661023622048
20
1.2782116141732283
11
1.0392524803149605
21
1.2789702362204725
0
LINE
8
BLACK
6
CONTINUOUS
10
1.0392524803149605
20
1.2789702362204725
11
1.0325470078740158
21
1.281747716535433
0
LINE
8
BLACK
6
CONTINUOUS
10
1.0325470078740158
20
1.281747716535433
11
1.0265122047244095
21
1.2857800393700787
0
LINE
8
BLACK
6
CONTINUOUS
10
1.0265122047244095
20
1.2857800393700787
11
1.0213800393700787
21
1.2909122047244095
0
LINE
8
BLACK
6
CONTINUOUS
10
1.0213800393700787
20
1.2909122047244095
11
1.017347716535433
21
1.2969470078740157
0
LINE
8
BLACK
6
CONTINUOUS
10
1.017347716535433
20
1.2969470078740157
11
1.0145702362204725
21
1.3036524803149605
0
LINE
8
BLACK
6
CONTINUOUS
10
1.0145702362204725
20
1.3036524803149605
11
1.0131542519685039
21
1.3107710236220471
0
LINE
8
BLACK
6
CONTINUOUS
10
1.0131542519685039
20
1.3107710236220471
11
1.0131542519685039
21
1.3180289763779527
0
LINE
8
BLACK
6
CONTINUOUS
10
1.0131542519685039
20
1.3180289763779527
11
1.0145702362204725
21
1.3251475196850393
0
LINE
8
BLACK
6
CONTINUOUS
10
1.0145702362204725
20
1.3251475196850393
11
1.017347716535433
21
1.3318529921259843
0
LINE
8
BLACK
6
CONTINUOUS
10
1.017347716535433
20
1.3318529921259843
11
1.0213800393700787
21
1.3378877952755905
0
LINE
8
BLACK
6
CONTINUOUS
10
1.0213800393700787
20
1.3378877952755905
11
1.0265122047244095
21
1.3430199606299211
0
LINE
8
BLACK
6
CONTINUOUS
10
1.0265122047244095
20
1.3430199606299211
11
1.0325470078740158
21
1.3470522834645668
0
LINE
8
BLACK
6
CONTINUOUS
10
1.0325470078740158
20
1.3470522834645668
11
1.0392524803149605
21
1.3498297637795276
0
LINE
8
BLACK
6
CONTINUOUS
10
1.0392524803149605
20
1.3498297637795276
11
1.0463710236220471
21
1.3512457480314961
0
LINE
8
BLACK
6
CONTINUOUS
10
1.0463710236220471
20
1.3512457480314961
11
1.0536289763779527
21
1.3512457480314961
0
LINE
8
BLACK
6
CONTINUOUS
10
1.0536289763779527
20
1.3512457480314961
11
1.0607475196850393
21
1.3498297637795276
0
LINE
8
BLACK
6
CONTINUOUS
10
0.206605
20
1.525786062992126
11
0.2070639763779528
21
1.525786062992126
0
LINE
8
BLACK
6
CONTINUOUS
10
0.2070639763779528
20
1.525786062992126
11
0.210252125984252
21
1.525426811023622
0
LINE
8
BLACK
6
CONTINUOUS
10
0.210252125984252
20
1.525426811023622
11
0.2184846456692913
21
1.5246159842519684
0
LINE
8
BLACK
6
CONTINUOUS
10
0.2184846456692913
20
1.5246159842519684
11
0.2198382677165354
21
1.5243466929133858
0
LINE
8
BLACK
6
CONTINUOUS
10
0.2198382677165354
20
1.5243466929133858
11
0.2211031496062992
21
1.5242042125984252
0
LINE
8
BLACK
6
CONTINUOUS
10
0.2211031496062992
20
1.5242042125984252
11
0.2248217716535433
21
1.5233554330708661
0
LINE
8
BLACK
6
CONTINUOUS
10
0.2248217716535433
20
1.5233554330708661
11
0.2306107086614173
21
1.5222039763779527
0
LINE
8
BLACK
6
CONTINUOUS
10
0.2306107086614173
20
1.5222039763779527
11
0.2328716141732284
21
1.5215181102362205
0
LINE
8
BLACK
6
CONTINUOUS
10
0.2328716141732284
20
1.5215181102362205
11
0.2348769291338583
21
1.5210604330708661
0
LINE
8
BLACK
6
CONTINUOUS
10
0.2348769291338583
20
1.5210604330708661
11
0.2381112598425197
21
1.5199286614173229
0
LINE
8
BLACK
6
CONTINUOUS
10
0.2381112598425197
20
1.5199286614173229
11
0.2424411417322835
21
1.5186152362204723
0
LINE
8
BLACK
6
CONTINUOUS
10
0.2424411417322835
20
1.5186152362204723
11
0.2455767322834645
21
1.5173164173228346
0
LINE
8
BLACK
6
CONTINUOUS
10
0.2455767322834645
20
1.5173164173228346
11
0.2482120866141732
21
1.5163942913385826
0
LINE
8
BLACK
6
CONTINUOUS
10
0.2482120866141732
20
1.5163942913385826
11
0.2507274803149606
21
1.5151829133858268
0
LINE
8
BLACK
6
CONTINUOUS
10
0.2507274803149606
20
1.5151829133858268
11
0.2538632677165354
21
1.5138840551181103
0
LINE
8
BLACK
6
CONTINUOUS
10
0.2538632677165354
20
1.5138840551181103
11
0.257854094488189
21
1.511750905511811
0
LINE
8
BLACK
6
CONTINUOUS
10
0.257854094488189
20
1.511750905511811
11
0.2609409448818897
21
1.5102643700787401
0
LINE
8
BLACK
6
CONTINUOUS
10
0.2609409448818897
20
1.5102643700787401
11
0.2626822440944882
21
1.5091702362204724
0
LINE
8
BLACK
6
CONTINUOUS
10
0.2626822440944882
20
1.5091702362204724
11
0.2647662204724409
21
1.5080563385826771
0
LINE
8
BLACK
6
CONTINUOUS
10
0.2647662204724409
20
1.5080563385826771
11
0.269674094488189
21
1.5047769685039369
0
LINE
8
BLACK
6
CONTINUOUS
10
0.269674094488189
20
1.5047769685039369
11
0.2729034645669292
21
1.5027478346456693
0
LINE
8
BLACK
6
CONTINUOUS
10
0.2729034645669292
20
1.5027478346456693
11
0.2738986220472441
21
1.5019541732283463
0
LINE
8
BLACK
6
CONTINUOUS
10
0.2738986220472441
20
1.5019541732283463
11
0.2750459448818898
21
1.5011875984251968
0
LINE
8
BLACK
6
CONTINUOUS
10
0.2750459448818898
20
1.5011875984251968
11
0.2814388976377953
21
1.4959409842519684
0
LINE
8
BLACK
6
CONTINUOUS
10
0.2814388976377953
20
1.4959409842519684
11
0.2839491732283465
21
1.4939391732283465
0
LINE
8
BLACK
6
CONTINUOUS
10
0.2839491732283465
20
1.4939391732283465
11
0.284273937007874
21
1.4936143700787401
0
LINE
8
BLACK
6
CONTINUOUS
10
0.284273937007874
20
1.4936143700787401
11
0.2846026377952756
21
1.4933446456692914
0
LINE
8
BLACK
6
CONTINUOUS
10
0.2846026377952756
20
1.4933446456692914
11
0.2933446456692914
21
1.4846026377952755
0
LINE
8
BLACK
6
CONTINUOUS
10
0.2933446456692914
20
1.4846026377952755
11
0.2936143700787401
21
1.4842739370078739
0
LINE
8
BLACK
6
CONTINUOUS
10
0.2936143700787401
20
1.4842739370078739
11
0.2939391732283465
21
1.4839491732283465
0
LINE
8
BLACK
6
CONTINUOUS
10
0.2939391732283465
20
1.4839491732283465
11
0.2959409842519685
21
1.4814388976377952
0
LINE
8
BLACK
6
CONTINUOUS
10
0.2959409842519685
20
1.4814388976377952
11
0.3011875984251968
21
1.4750459448818898
0
LINE
8
BLACK
6
CONTINUOUS
10
0.3011875984251968
20
1.4750459448818898
11
0.3019541732283464
21
1.4738986220472441
0
LINE
8
BLACK
6
CONTINUOUS
10
0.3019541732283464
20
1.4738986220472441
11
0.3027478346456693
21
1.472903464566929
0
LINE
8
BLACK
6
CONTINUOUS
10
0.3027478346456693
20
1.472903464566929
11
0.304776968503937
21
1.469674094488189
0
LINE
8
BLACK
6
CONTINUOUS
10
0.304776968503937
20
1.469674094488189
11
0.3080563385826772
21
1.464766220472441
0
LINE
8
BLACK
6
CONTINUOUS
10
0.3080563385826772
20
1.464766220472441
11
0.3091702362204725
21
1.4626822440944882
0
LINE
8
BLACK
6
CONTINUOUS
10
0.3091702362204725
20
1.4626822440944882
11
0.3102643700787401
21
1.4609409448818897
0
LINE
8
BLACK
6
CONTINUOUS
10
0.3102643700787401
20
1.4609409448818897
11
0.311750905511811
21
1.457854094488189
0
LINE
8
BLACK
6
CONTINUOUS
10
0.311750905511811
20
1.457854094488189
11
0.3138840551181102
21
1.4538632677165353
0
LINE
8
BLACK
6
CONTINUOUS
10
0.3138840551181102
20
1.4538632677165353
11
0.3151829133858268
21
1.4507274803149606
0
LINE
8
BLACK
6
CONTINUOUS
10
0.3151829133858268
20
1.4507274803149606
11
0.3163942913385827
21
1.4482120866141732
0
LINE
8
BLACK
6
CONTINUOUS
10
0.3163942913385827
20
1.4482120866141732
11
0.3173164173228347
21
1.4455767322834645
0
LINE
8
BLACK
6
CONTINUOUS
10
0.3173164173228347
20
1.4455767322834645
11
0.3186152362204724
21
1.4424411417322833
0
LINE
8
BLACK
6
CONTINUOUS
10
0.3186152362204724
20
1.4424411417322833
11
0.3199286614173228
21
1.4381112598425196
0
LINE
8
BLACK
6
CONTINUOUS
10
0.3199286614173228
20
1.4381112598425196
11
0.3210604330708661
21
1.4348769291338583
0
LINE
8
BLACK
6
CONTINUOUS
10
0.3210604330708661
20
1.4348769291338583
11
0.3215181102362205
21
1.4328716141732283
0
LINE
8
BLACK
6
CONTINUOUS
10
0.3215181102362205
20
1.4328716141732283
11
0.3222039763779527
21
1.4306107086614173
0
LINE
8
BLACK
6
CONTINUOUS
10
0.3222039763779527
20
1.4306107086614173
11
0.3233554330708661
21
1.4248217716535432
0
LINE
8
BLACK
6
CONTINUOUS
10
0.3233554330708661
20
1.4248217716535432
11
0.3242042125984252
21
1.4211031496062991
0
LINE
8
BLACK
6
CONTINUOUS
10
0.3242042125984252
20
1.4211031496062991
11
0.3243466929133858
21
1.4198382677165353
0
LINE
8
BLACK
6
CONTINUOUS
10
0.3243466929133858
20
1.4198382677165353
11
0.3246159842519685
21
1.4184846456692912
0
LINE
8
BLACK
6
CONTINUOUS
10
0.3246159842519685
20
1.4184846456692912
11
0.325426811023622
21
1.410252283464567
0
LINE
8
BLACK
6
CONTINUOUS
10
0.325426811023622
20
1.410252283464567
11
0.325786062992126
21
1.4070639763779527
0
LINE
8
BLACK
6
CONTINUOUS
10
0.325786062992126
20
1.4070639763779527
11
0.325786062992126
21
1.4066049212598424
0
LINE
8
BLACK
6
CONTINUOUS
10
0.325786062992126
20
1.4066049212598424
11
0.3258277559055118
21
1.4061816535433072
0
LINE
8
BLACK
6
CONTINUOUS
10
0.3258277559055118
20
1.4061816535433072
11
0.3258277559055118
21
1.3938183070866141
0
LINE
8
BLACK
6
CONTINUOUS
10
0.3258277559055118
20
1.3938183070866141
11
0.325786062992126
21
1.3933949999999999
0
LINE
8
BLACK
6
CONTINUOUS
10
0.325786062992126
20
1.3933949999999999
11
0.325786062992126
21
1.3929360236220472
0
LINE
8
BLACK
6
CONTINUOUS
10
0.325786062992126
20
1.3929360236220472
11
0.325426811023622
21
1.3897479527559056
0
LINE
8
BLACK
6
CONTINUOUS
10
0.325426811023622
20
1.3897479527559056
11
0.3246159842519685
21
1.3815153149606298
0
LINE
8
BLACK
6
CONTINUOUS
10
0.3246159842519685
20
1.3815153149606298
11
0.3243466929133858
21
1.3801616141732282
0
LINE
8
BLACK
6
CONTINUOUS
10
0.3243466929133858
20
1.3801616141732282
11
0.3242042125984252
21
1.3788968503937007
0
LINE
8
BLACK
6
CONTINUOUS
10
0.3242042125984252
20
1.3788968503937007
11
0.3233555118110236
21
1.3751784645669292
0
LINE
8
BLACK
6
CONTINUOUS
10
0.3233555118110236
20
1.3751784645669292
11
0.3222039763779527
21
1.3693892519685038
0
LINE
8
BLACK
6
CONTINUOUS
10
0.3222039763779527
20
1.3693892519685038
11
0.3215180708661417
21
1.367128188976378
0
LINE
8
BLACK
6
CONTINUOUS
10
0.3215180708661417
20
1.367128188976378
11
0.3210604330708661
21
1.3651230708661417
0
LINE
8
BLACK
6
CONTINUOUS
10
0.3210604330708661
20
1.3651230708661417
11
0.3199287401574803
21
1.3618889370078739
0
LINE
8
BLACK
6
CONTINUOUS
10
0.3199287401574803
20
1.3618889370078739
11
0.3186152362204724
21
1.3575588188976377
0
LINE
8
BLACK
6
CONTINUOUS
10
0.3186152362204724
20
1.3575588188976377
11
0.3173162992125984
21
1.3544229527559055
0
LINE
8
BLACK
6
CONTINUOUS
10
0.3173162992125984
20
1.3544229527559055
11
0.3163942913385827
21
1.3517879133858268
0
LINE
8
BLACK
6
CONTINUOUS
10
0.3163942913385827
20
1.3517879133858268
11
0.315183031496063
21
1.349272716535433
0
LINE
8
BLACK
6
CONTINUOUS
10
0.315183031496063
20
1.349272716535433
11
0.3138840551181102
21
1.3461366929133858
0
LINE
8
BLACK
6
CONTINUOUS
10
0.3138840551181102
20
1.3461366929133858
11
0.3117507086614173
21
1.342145472440945
0
LINE
8
BLACK
6
CONTINUOUS
10
0.3117507086614173
20
1.342145472440945
11
0.3102643700787401
21
1.3390590551181103
0
LINE
8
BLACK
6
CONTINUOUS
10
0.3102643700787401
20
1.3390590551181103
11
0.3091703543307087
21
1.3373179527559056
0
LINE
8
BLACK
6
CONTINUOUS
10
0.3091703543307087
20
1.3373179527559056
11
0.3080563385826772
21
1.3352337401574803
0
LINE
8
BLACK
6
CONTINUOUS
10
0.3080563385826772
20
1.3352337401574803
11
0.3047765354330709
21
1.3303251968503937
0
LINE
8
BLACK
6
CONTINUOUS
10
0.3047765354330709
20
1.3303251968503937
11
0.3027478346456693
21
1.3270965354330708
0
LINE
8
BLACK
6
CONTINUOUS
10
0.3027478346456693
20
1.3270965354330708
11
0.3019543700787402
21
1.3261015354330707
0
LINE
8
BLACK
6
CONTINUOUS
10
0.3019543700787402
20
1.3261015354330707
11
0.3011875984251968
21
1.3249540157480315
0
LINE
8
BLACK
6
CONTINUOUS
10
0.3011875984251968
20
1.3249540157480315
11
0.2959398818897638
21
1.3185596456692914
0
LINE
8
BLACK
6
CONTINUOUS
10
0.2959398818897638
20
1.3185596456692914
11
0.2939391732283465
21
1.3160508267716535
0
LINE
8
BLACK
6
CONTINUOUS
10
0.2939391732283465
20
1.3160508267716535
11
0.2936145275590551
21
1.3157261811023622
0
LINE
8
BLACK
6
CONTINUOUS
10
0.2936145275590551
20
1.3157261811023622
11
0.2933446456692914
21
1.3153973228346456
0
LINE
8
BLACK
6
CONTINUOUS
10
0.2933446456692914
20
1.3153973228346456
11
0.2846026377952756
21
1.3066553149606299
0
LINE
8
BLACK
6
CONTINUOUS
10
0.2846026377952756
20
1.3066553149606299
11
0.2842737401574803
21
1.3063853937007874
0
LINE
8
BLACK
6
CONTINUOUS
10
0.2842737401574803
20
1.3063853937007874
11
0.2839491732283465
21
1.3060608267716536
0
LINE
8
BLACK
6
CONTINUOUS
10
0.2839491732283465
20
1.3060608267716536
11
0.2814406299212598
21
1.3040603149606298
0
LINE
8
BLACK
6
CONTINUOUS
10
0.2814406299212598
20
1.3040603149606298
11
0.2750459448818898
21
1.2988123622047243
0
LINE
8
BLACK
6
CONTINUOUS
10
0.2750459448818898
20
1.2988123622047243
11
0.2738983070866142
21
1.2980455118110237
0
LINE
8
BLACK
6
CONTINUOUS
10
0.2738983070866142
20
1.2980455118110237
11
0.2729034645669292
21
1.2972521653543307
0
LINE
8
BLACK
6
CONTINUOUS
10
0.2729034645669292
20
1.2972521653543307
11
0.2696750787401574
21
1.2952236220472442
0
LINE
8
BLACK
6
CONTINUOUS
10
0.2696750787401574
20
1.2952236220472442
11
0.2647662204724409
21
1.291943622047244
0
LINE
8
BLACK
6
CONTINUOUS
10
0.2647662204724409
20
1.291943622047244
11
0.262681811023622
21
1.2908294881889764
0
LINE
8
BLACK
6
CONTINUOUS
10
0.262681811023622
20
1.2908294881889764
11
0.2609409448818897
21
1.2897356299212599
0
LINE
8
BLACK
6
CONTINUOUS
10
0.2609409448818897
20
1.2897356299212599
11
0.257854842519685
21
1.2882494094488188
0
LINE
8
BLACK
6
CONTINUOUS
10
0.257854842519685
20
1.2882494094488188
11
0.2538632677165354
21
1.286115905511811
0
LINE
8
BLACK
6
CONTINUOUS
10
0.2538632677165354
20
1.286115905511811
11
0.2507268897637795
21
1.2848167716535432
0
LINE
8
BLACK
6
CONTINUOUS
10
0.2507268897637795
20
1.2848167716535432
11
0.2482120866141732
21
1.2836057086614172
0
LINE
8
BLACK
6
CONTINUOUS
10
0.2482120866141732
20
1.2836057086614172
11
0.2455773622047244
21
1.282683779527559
0
LINE
8
BLACK
6
CONTINUOUS
10
0.2455773622047244
20
1.282683779527559
11
0.2424411417322835
21
1.2813847244094487
0
LINE
8
BLACK
6
CONTINUOUS
10
0.2424411417322835
20
1.2813847244094487
11
0.2381104330708661
21
1.2800709842519684
0
LINE
8
BLACK
6
CONTINUOUS
10
0.2381104330708661
20
1.2800709842519684
11
0.2348769291338583
21
1.2789395669291339
0
LINE
8
BLACK
6
CONTINUOUS
10
0.2348769291338583
20
1.2789395669291339
11
0.232872125984252
21
1.278481968503937
0
LINE
8
BLACK
6
CONTINUOUS
10
0.232872125984252
20
1.278481968503937
11
0.2306107086614173
21
1.2777959842519684
0
LINE
8
BLACK
6
CONTINUOUS
10
0.2306107086614173
20
1.2777959842519684
11
0.2248204330708661
21
1.2766442125984252
0
LINE
8
BLACK
6
CONTINUOUS
10
0.2248204330708661
20
1.2766442125984252
11
0.2211031496062992
21
1.2757957874015748
0
LINE
8
BLACK
6
CONTINUOUS
10
0.2211031496062992
20
1.2757957874015748
11
0.2198387401574803
21
1.2756533070866141
0
LINE
8
BLACK
6
CONTINUOUS
10
0.2198387401574803
20
1.2756533070866141
11
0.2184846456692913
21
1.2753839763779526
0
LINE
8
BLACK
6
CONTINUOUS
10
0.2184846456692913
20
1.2753839763779526
11
0.2102511811023622
21
1.274573031496063
0
LINE
8
BLACK
6
CONTINUOUS
10
0.2102511811023622
20
1.274573031496063
11
0.2070639763779528
21
1.274213937007874
0
LINE
8
BLACK
6
CONTINUOUS
10
0.2070639763779528
20
1.274213937007874
11
0.206605
21
1.274213937007874
0
LINE
8
BLACK
6
CONTINUOUS
10
0.206605
20
1.274213937007874
11
0.2061816929133858
21
1.2741722440944883
0
LINE
8
BLACK
6
CONTINUOUS
10
0.2061816929133858
20
1.2741722440944883
11
0.1938183070866142
21
1.2741722440944883
0
LINE
8
BLACK
6
CONTINUOUS
10
0.1938183070866142
20
1.2741722440944883
11
0.193395
21
1.274213937007874
0
LINE
8
BLACK
6
CONTINUOUS
10
0.193395
20
1.274213937007874
11
0.1929360236220472
21
1.274213937007874
0
LINE
8
BLACK
6
CONTINUOUS
10
0.1929360236220472
20
1.274213937007874
11
0.1897488582677165
21
1.274573031496063
0
LINE
8
BLACK
6
CONTINUOUS
10
0.1897488582677165
20
1.274573031496063
11
0.1815153149606299
21
1.2753839763779526
0
LINE
8
BLACK
6
CONTINUOUS
10
0.1815153149606299
20
1.2753839763779526
11
0.1801611417322835
21
1.2756533070866141
0
LINE
8
BLACK
6
CONTINUOUS
10
0.1801611417322835
20
1.2756533070866141
11
0.1788968503937008
21
1.2757957874015748
0
LINE
8
BLACK
6
CONTINUOUS
10
0.1788968503937008
20
1.2757957874015748
11
0.1751798031496063
21
1.2766441732283464
0
LINE
8
BLACK
6
CONTINUOUS
10
0.1751798031496063
20
1.2766441732283464
11
0.1693892519685039
21
1.2777959842519684
0
LINE
8
BLACK
6
CONTINUOUS
10
0.1693892519685039
20
1.2777959842519684
11
0.1671276771653543
21
1.2784820078740158
0
LINE
8
BLACK
6
CONTINUOUS
10
0.1671276771653543
20
1.2784820078740158
11
0.1651230708661417
21
1.2789395669291339
0
LINE
8
BLACK
6
CONTINUOUS
10
0.1651230708661417
20
1.2789395669291339
11
0.1618898031496063
21
1.2800709055118109
0
LINE
8
BLACK
6
CONTINUOUS
10
0.1618898031496063
20
1.2800709055118109
11
0.1575588188976378
21
1.2813847244094487
0
LINE
8
BLACK
6
CONTINUOUS
10
0.1575588188976378
20
1.2813847244094487
11
0.1544223622047244
21
1.2826838582677165
0
LINE
8
BLACK
6
CONTINUOUS
10
0.1544223622047244
20
1.2826838582677165
11
0.1517879133858268
21
1.2836057086614172
0
LINE
8
BLACK
6
CONTINUOUS
10
0.1517879133858268
20
1.2836057086614172
11
0.1492733070866142
21
1.284816653543307
0
LINE
8
BLACK
6
CONTINUOUS
10
0.1492733070866142
20
1.284816653543307
11
0.1461366929133858
21
1.286115905511811
0
LINE
8
BLACK
6
CONTINUOUS
10
0.1461366929133858
20
1.286115905511811
11
0.1421447244094488
21
1.2882496062992126
0
LINE
8
BLACK
6
CONTINUOUS
10
0.1421447244094488
20
1.2882496062992126
11
0.1390590551181102
21
1.2897356299212599
0
LINE
8
BLACK
6
CONTINUOUS
10
0.1390590551181102
20
1.2897356299212599
11
0.1373183858267716
21
1.2908293307086613
0
LINE
8
BLACK
6
CONTINUOUS
10
0.1373183858267716
20
1.2908293307086613
11
0.1352337401574803
21
1.291943622047244
0
LINE
8
BLACK
6
CONTINUOUS
10
0.1352337401574803
20
1.291943622047244
11
0.1303242125984252
21
1.2952240551181102
0
LINE
8
BLACK
6
CONTINUOUS
10
0.1303242125984252
20
1.2952240551181102
11
0.1270965354330709
21
1.2972521653543307
0
LINE
8
BLACK
6
CONTINUOUS
10
0.1270965354330709
20
1.2972521653543307
11
0.1261018503937008
21
1.2980453543307087
0
LINE
8
BLACK
6
CONTINUOUS
10
0.1261018503937008
20
1.2980453543307087
11
0.1249540157480315
21
1.2988123622047243
0
LINE
8
BLACK
6
CONTINUOUS
10
0.1249540157480315
20
1.2988123622047243
11
0.1185579527559055
21
1.3040614173228346
0
LINE
8
BLACK
6
CONTINUOUS
10
0.1185579527559055
20
1.3040614173228346
11
0.1160508267716535
21
1.3060608267716536
0
LINE
8
BLACK
6
CONTINUOUS
10
0.1160508267716535
20
1.3060608267716536
11
0.1157264173228346
21
1.3063851968503937
0
LINE
8
BLACK
6
CONTINUOUS
10
0.1157264173228346
20
1.3063851968503937
11
0.1153973228346457
21
1.3066553149606299
0
LINE
8
BLACK
6
CONTINUOUS
10
0.1153973228346457
20
1.3066553149606299
11
0.1066553149606299
21
1.3153973228346456
0
LINE
8
BLACK
6
CONTINUOUS
10
0.1066553149606299
20
1.3153973228346456
11
0.1063851968503937
21
1.3157264173228347
0
LINE
8
BLACK
6
CONTINUOUS
10
0.1063851968503937
20
1.3157264173228347
11
0.1060608267716535
21
1.3160508267716535
0
LINE
8
BLACK
6
CONTINUOUS
10
0.1060608267716535
20
1.3160508267716535
11
0.1040614173228346
21
1.3185579527559055
0
LINE
8
BLACK
6
CONTINUOUS
10
0.1040614173228346
20
1.3185579527559055
11
0.0988123622047244
21
1.3249540157480315
0
LINE
8
BLACK
6
CONTINUOUS
10
0.0988123622047244
20
1.3249540157480315
11
0.0980453543307087
21
1.3261018503937008
0
LINE
8
BLACK
6
CONTINUOUS
10
0.0980453543307087
20
1.3261018503937008
11
0.0972521653543307
21
1.3270965354330708
0
LINE
8
BLACK
6
CONTINUOUS
10
0.0972521653543307
20
1.3270965354330708
11
0.0952240551181102
21
1.3303242125984251
0
LINE
8
BLACK
6
CONTINUOUS
10
0.0952240551181102
20
1.3303242125984251
11
0.0919436220472441
21
1.3352337401574803
0
LINE
8
BLACK
6
CONTINUOUS
10
0.0919436220472441
20
1.3352337401574803
11
0.0908293307086614
21
1.3373183858267716
0
LINE
8
BLACK
6
CONTINUOUS
10
0.0908293307086614
20
1.3373183858267716
11
0.0897356299212598
21
1.3390590551181103
0
LINE
8
BLACK
6
CONTINUOUS
10
0.0897356299212598
20
1.3390590551181103
11
0.0882496062992126
21
1.3421447244094489
0
LINE
8
BLACK
6
CONTINUOUS
10
0.0882496062992126
20
1.3421447244094489
11
0.086115905511811
21
1.3461366929133858
0
LINE
8
BLACK
6
CONTINUOUS
10
0.086115905511811
20
1.3461366929133858
11
0.0848166535433071
21
1.3492733070866141
0
LINE
8
BLACK
6
CONTINUOUS
10
0.0848166535433071
20
1.3492733070866141
11
0.0836057086614173
21
1.3517879133858268
0
LINE
8
BLACK
6
CONTINUOUS
10
0.0836057086614173
20
1.3517879133858268
11
0.0826838582677165
21
1.3544223622047245
0
LINE
8
BLACK
6
CONTINUOUS
10
0.0826838582677165
20
1.3544223622047245
11
0.0813847244094488
21
1.3575588188976377
0
LINE
8
BLACK
6
CONTINUOUS
10
0.0813847244094488
20
1.3575588188976377
11
0.080070905511811
21
1.3618898031496063
0
LINE
8
BLACK
6
CONTINUOUS
10
0.080070905511811
20
1.3618898031496063
11
0.0789395669291339
21
1.3651230708661417
0
LINE
8
BLACK
6
CONTINUOUS
10
0.0789395669291339
20
1.3651230708661417
11
0.0784820078740157
21
1.3671276771653542
0
LINE
8
BLACK
6
CONTINUOUS
10
0.0784820078740157
20
1.3671276771653542
11
0.0777959842519685
21
1.3693892519685038
0
LINE
8
BLACK
6
CONTINUOUS
10
0.0777959842519685
20
1.3693892519685038
11
0.0766441732283464
21
1.3751798031496063
0
LINE
8
BLACK
6
CONTINUOUS
10
0.0766441732283464
20
1.3751798031496063
11
0.0757957874015748
21
1.3788968503937007
0
LINE
8
BLACK
6
CONTINUOUS
10
0.0757957874015748
20
1.3788968503937007
11
0.0756533070866142
21
1.3801611417322834
0
LINE
8
BLACK
6
CONTINUOUS
10
0.0756533070866142
20
1.3801611417322834
11
0.0753839763779528
21
1.3815153149606298
0
LINE
8
BLACK
6
CONTINUOUS
10
0.0753839763779528
20
1.3815153149606298
11
0.074573031496063
21
1.3897488582677164
0
LINE
8
BLACK
6
CONTINUOUS
10
0.074573031496063
20
1.3897488582677164
11
0.074213937007874
21
1.3929360236220472
0
LINE
8
BLACK
6
CONTINUOUS
10
0.074213937007874
20
1.3929360236220472
11
0.074213937007874
21
1.3933949606299212
0
LINE
8
BLACK
6
CONTINUOUS
10
0.074213937007874
20
1.3933949606299212
11
0.0741722440944882
21
1.3938183070866141
0
LINE
8
BLACK
6
CONTINUOUS
10
0.0741722440944882
20
1.3938183070866141
11
0.0741722440944882
21
1.4061816535433072
0
LINE
8
BLACK
6
CONTINUOUS
10
0.0741722440944882
20
1.4061816535433072
11
0.074213937007874
21
1.4066049606299211
0
LINE
8
BLACK
6
CONTINUOUS
10
0.074213937007874
20
1.4066049606299211
11
0.074213937007874
21
1.4070639763779527
0
LINE
8
BLACK
6
CONTINUOUS
10
0.074213937007874
20
1.4070639763779527
11
0.0745730708661417
21
1.4102513779527559
0
LINE
8
BLACK
6
CONTINUOUS
10
0.0745730708661417
20
1.4102513779527559
11
0.0753839763779528
21
1.4184846456692912
0
LINE
8
BLACK
6
CONTINUOUS
10
0.0753839763779528
20
1.4184846456692912
11
0.0756533070866142
21
1.4198387401574804
0
LINE
8
BLACK
6
CONTINUOUS
10
0.0756533070866142
20
1.4198387401574804
11
0.0757957874015748
21
1.4211031496062991
0
LINE
8
BLACK
6
CONTINUOUS
10
0.0757957874015748
20
1.4211031496062991
11
0.0766442125984252
21
1.424820433070866
0
LINE
8
BLACK
6
CONTINUOUS
10
0.0766442125984252
20
1.424820433070866
11
0.0777959842519685
21
1.4306107086614173
0
LINE
8
BLACK
6
CONTINUOUS
10
0.0777959842519685
20
1.4306107086614173
11
0.078481968503937
21
1.4328721259842518
0
LINE
8
BLACK
6
CONTINUOUS
10
0.078481968503937
20
1.4328721259842518
11
0.0789395669291339
21
1.4348769291338583
0
LINE
8
BLACK
6
CONTINUOUS
10
0.0789395669291339
20
1.4348769291338583
11
0.0800709842519685
21
1.4381104330708661
0
LINE
8
BLACK
6
CONTINUOUS
10
0.0800709842519685
20
1.4381104330708661
11
0.0813847244094488
21
1.4424411417322833
0
LINE
8
BLACK
6
CONTINUOUS
10
0.0813847244094488
20
1.4424411417322833
11
0.0826837795275591
21
1.4455773622047243
0
LINE
8
BLACK
6
CONTINUOUS
10
0.0826837795275591
20
1.4455773622047243
11
0.0836057086614173
21
1.4482120866141732
0
LINE
8
BLACK
6
CONTINUOUS
10
0.0836057086614173
20
1.4482120866141732
11
0.0848167716535433
21
1.4507268897637795
0
LINE
8
BLACK
6
CONTINUOUS
10
0.0848167716535433
20
1.4507268897637795
11
0.086115905511811
21
1.4538632677165353
0
LINE
8
BLACK
6
CONTINUOUS
10
0.086115905511811
20
1.4538632677165353
11
0.0882494094488189
21
1.4578548425196851
0
LINE
8
BLACK
6
CONTINUOUS
10
0.0882494094488189
20
1.4578548425196851
11
0.0897356299212598
21
1.4609409448818897
0
LINE
8
BLACK
6
CONTINUOUS
10
0.0897356299212598
20
1.4609409448818897
11
0.0908294881889764
21
1.4626818110236219
0
LINE
8
BLACK
6
CONTINUOUS
10
0.0908294881889764
20
1.4626818110236219
11
0.0919436220472441
21
1.464766220472441
0
LINE
8
BLACK
6
CONTINUOUS
10
0.0919436220472441
20
1.464766220472441
11
0.0952236220472441
21
1.4696750787401573
0
LINE
8
BLACK
6
CONTINUOUS
10
0.0952236220472441
20
1.4696750787401573
11
0.0972521653543307
21
1.472903464566929
0
LINE
8
BLACK
6
CONTINUOUS
10
0.0972521653543307
20
1.472903464566929
11
0.0980455118110236
21
1.4738983070866141
0
LINE
8
BLACK
6
CONTINUOUS
10
0.0980455118110236
20
1.4738983070866141
11
0.0988123622047244
21
1.4750459448818898
0
LINE
8
BLACK
6
CONTINUOUS
10
0.0988123622047244
20
1.4750459448818898
11
0.1040603149606299
21
1.4814406299212599
0
LINE
8
BLACK
6
CONTINUOUS
10
0.1040603149606299
20
1.4814406299212599
11
0.1060608267716535
21
1.4839491732283465
0
LINE
8
BLACK
6
CONTINUOUS
10
0.1060608267716535
20
1.4839491732283465
11
0.1063853937007874
21
1.4842737401574804
0
LINE
8
BLACK
6
CONTINUOUS
10
0.1063853937007874
20
1.4842737401574804
11
0.1066553149606299
21
1.4846026377952755
0
LINE
8
BLACK
6
CONTINUOUS
10
0.1066553149606299
20
1.4846026377952755
11
0.1153973228346457
21
1.4933446456692914
0
LINE
8
BLACK
6
CONTINUOUS
10
0.1153973228346457
20
1.4933446456692914
11
0.1157261811023622
21
1.4936145275590551
0
LINE
8
BLACK
6
CONTINUOUS
10
0.1157261811023622
20
1.4936145275590551
11
0.1160508267716535
21
1.4939391732283465
0
LINE
8
BLACK
6
CONTINUOUS
10
0.1160508267716535
20
1.4939391732283465
11
0.1185596456692913
21
1.4959398818897638
0
LINE
8
BLACK
6
CONTINUOUS
10
0.1185596456692913
20
1.4959398818897638
11
0.1249540157480315
21
1.5011875984251968
0
LINE
8
BLACK
6
CONTINUOUS
10
0.1249540157480315
20
1.5011875984251968
11
0.1261015354330709
21
1.5019543700787401
0
LINE
8
BLACK
6
CONTINUOUS
10
0.1261015354330709
20
1.5019543700787401
11
0.1270965354330709
21
1.5027478346456693
0
LINE
8
BLACK
6
CONTINUOUS
10
0.1270965354330709
20
1.5027478346456693
11
0.1303251968503937
21
1.5047765354330709
0
LINE
8
BLACK
6
CONTINUOUS
10
0.1303251968503937
20
1.5047765354330709
11
0.1352337401574803
21
1.5080563385826771
0
LINE
8
BLACK
6
CONTINUOUS
10
0.1352337401574803
20
1.5080563385826771
11
0.1373179527559055
21
1.5091703543307087
0
LINE
8
BLACK
6
CONTINUOUS
10
0.1373179527559055
20
1.5091703543307087
11
0.1390590551181102
21
1.5102643700787401
0
LINE
8
BLACK
6
CONTINUOUS
10
0.1390590551181102
20
1.5102643700787401
11
0.1421454724409449
21
1.5117507086614173
0
LINE
8
BLACK
6
CONTINUOUS
10
0.1421454724409449
20
1.5117507086614173
11
0.1461366929133858
21
1.5138840551181103
0
LINE
8
BLACK
6
CONTINUOUS
10
0.1461366929133858
20
1.5138840551181103
11
0.1492727165354331
21
1.515183031496063
0
LINE
8
BLACK
6
CONTINUOUS
10
0.1492727165354331
20
1.515183031496063
11
0.1517879133858268
21
1.5163942913385826
0
LINE
8
BLACK
6
CONTINUOUS
10
0.1517879133858268
20
1.5163942913385826
11
0.1544229527559055
21
1.5173162992125984
0
LINE
8
BLACK
6
CONTINUOUS
10
0.1544229527559055
20
1.5173162992125984
11
0.1575588188976378
21
1.5186152362204723
0
LINE
8
BLACK
6
CONTINUOUS
10
0.1575588188976378
20
1.5186152362204723
11
0.161888937007874
21
1.5199287401574804
0
LINE
8
BLACK
6
CONTINUOUS
10
0.161888937007874
20
1.5199287401574804
11
0.1651230708661417
21
1.5210604330708661
0
LINE
8
BLACK
6
CONTINUOUS
10
0.1651230708661417
20
1.5210604330708661
11
0.167128188976378
21
1.5215180708661418
0
LINE
8
BLACK
6
CONTINUOUS
10
0.167128188976378
20
1.5215180708661418
11
0.1693892519685039
21
1.5222039763779527
0
LINE
8
BLACK
6
CONTINUOUS
10
0.1693892519685039
20
1.5222039763779527
11
0.1751784645669291
21
1.5233555118110236
0
LINE
8
BLACK
6
CONTINUOUS
10
0.1751784645669291
20
1.5233555118110236
11
0.1788968503937008
21
1.5242042125984252
0
LINE
8
BLACK
6
CONTINUOUS
10
0.1788968503937008
20
1.5242042125984252
11
0.1801616141732283
21
1.5243466929133858
0
LINE
8
BLACK
6
CONTINUOUS
10
0.1801616141732283
20
1.5243466929133858
11
0.1815153149606299
21
1.5246159842519684
0
LINE
8
BLACK
6
CONTINUOUS
10
0.1815153149606299
20
1.5246159842519684
11
0.1897479527559055
21
1.525426811023622
0
LINE
8
BLACK
6
CONTINUOUS
10
0.1897479527559055
20
1.525426811023622
11
0.1929360236220472
21
1.525786062992126
0
LINE
8
BLACK
6
CONTINUOUS
10
0.1929360236220472
20
1.525786062992126
11
0.193395
21
1.525786062992126
0
LINE
8
BLACK
6
CONTINUOUS
10
0.193395
20
1.525786062992126
11
0.1938183070866142
21
1.5258277559055118
0
LINE
8
BLACK
6
CONTINUOUS
10
0.1938183070866142
20
1.5258277559055118
11
0.2061816929133858
21
1.5258277559055118
0
LINE
8
BLACK
6
CONTINUOUS
10
0.2061816929133858
20
1.5258277559055118
11
0.206605
21
1.525786062992126
0
LINE
8
BLACK
6
CONTINUOUS
10
1.806605
20
1.525786062992126
11
1.8070639763779528
21
1.525786062992126
0
LINE
8
BLACK
6
CONTINUOUS
10
1.8070639763779528
20
1.525786062992126
11
1.8102521259842519
21
1.525426811023622
0
LINE
8
BLACK
6
CONTINUOUS
10
1.8102521259842519
20
1.525426811023622
11
1.8184846456692914
21
1.5246159842519684
0
LINE
8
BLACK
6
CONTINUOUS
10
1.8184846456692914
20
1.5246159842519684
11
1.8198382677165355
21
1.5243466929133858
0
LINE
8
BLACK
6
CONTINUOUS
10
1.8198382677165355
20
1.5243466929133858
11
1.8211031496062993
21
1.5242042125984252
0
LINE
8
BLACK
6
CONTINUOUS
10
1.8211031496062993
20
1.5242042125984252
11
1.8248217716535433
21
1.5233554330708661
0
LINE
8
BLACK
6
CONTINUOUS
10
1.8248217716535433
20
1.5233554330708661
11
1.8306107086614172
21
1.5222039763779527
0
LINE
8
BLACK
6
CONTINUOUS
10
1.8306107086614172
20
1.5222039763779527
11
1.8328716141732284
21
1.5215181102362205
0
LINE
8
BLACK
6
CONTINUOUS
10
1.8328716141732284
20
1.5215181102362205
11
1.8348769291338582
21
1.5210604330708661
0
LINE
8
BLACK
6
CONTINUOUS
10
1.8348769291338582
20
1.5210604330708661
11
1.8381112598425196
21
1.5199286614173229
0
LINE
8
BLACK
6
CONTINUOUS
10
1.8381112598425196
20
1.5199286614173229
11
1.8424411417322835
21
1.5186152362204723
0
LINE
8
BLACK
6
CONTINUOUS
10
1.8424411417322835
20
1.5186152362204723
11
1.8455767322834644
21
1.5173164173228346
0
LINE
8
BLACK
6
CONTINUOUS
10
1.8455767322834644
20
1.5173164173228346
11
1.8482120866141731
21
1.5163942913385826
0
LINE
8
BLACK
6
CONTINUOUS
10
1.8482120866141731
20
1.5163942913385826
11
1.8507274803149605
21
1.5151829133858268
0
LINE
8
BLACK
6
CONTINUOUS
10
1.8507274803149605
20
1.5151829133858268
11
1.8538632677165354
21
1.5138840551181103
0
LINE
8
BLACK
6
CONTINUOUS
10
1.8538632677165354
20
1.5138840551181103
11
1.8578540944881889
21
1.511750905511811
0
LINE
8
BLACK
6
CONTINUOUS
10
1.8578540944881889
20
1.511750905511811
11
1.8609409448818897
21
1.5102643700787401
0
LINE
8
BLACK
6
CONTINUOUS
10
1.8609409448818897
20
1.5102643700787401
11
1.8626822440944881
21
1.5091702362204724
0
LINE
8
BLACK
6
CONTINUOUS
10
1.8626822440944881
20
1.5091702362204724
11
1.8647662204724409
21
1.5080563385826771
0
LINE
8
BLACK
6
CONTINUOUS
10
1.8647662204724409
20
1.5080563385826771
11
1.8696740944881889
21
1.5047769685039369
0
LINE
8
BLACK
6
CONTINUOUS
10
1.8696740944881889
20
1.5047769685039369
11
1.8729034645669291
21
1.5027478346456693
0
LINE
8
BLACK
6
CONTINUOUS
10
1.8729034645669291
20
1.5027478346456693
11
1.873898622047244
21
1.5019541732283463
0
LINE
8
BLACK
6
CONTINUOUS
10
1.873898622047244
20
1.5019541732283463
11
1.8750459448818897
21
1.5011875984251968
0
LINE
8
BLACK
6
CONTINUOUS
10
1.8750459448818897
20
1.5011875984251968
11
1.8814388976377951
21
1.4959409842519684
0
LINE
8
BLACK
6
CONTINUOUS
10
1.8814388976377951
20
1.4959409842519684
11
1.8839491732283464
21
1.4939391732283465
0
LINE
8
BLACK
6
CONTINUOUS
10
1.8839491732283464
20
1.4939391732283465
11
1.884273937007874
21
1.4936143700787401
0
LINE
8
BLACK
6
CONTINUOUS
10
1.884273937007874
20
1.4936143700787401
11
1.8846026377952756
21
1.4933446456692914
0
LINE
8
BLACK
6
CONTINUOUS
10
1.8846026377952756
20
1.4933446456692914
11
1.8933446456692913
21
1.4846026377952755
0
LINE
8
BLACK
6
CONTINUOUS
10
1.8933446456692913
20
1.4846026377952755
11
1.89361437007874
21
1.4842739370078739
0
LINE
8
BLACK
6
CONTINUOUS
10
1.89361437007874
20
1.4842739370078739
11
1.8939391732283464
21
1.4839491732283465
0
LINE
8
BLACK
6
CONTINUOUS
10
1.8939391732283464
20
1.4839491732283465
11
1.8959409842519686
21
1.4814388976377952
0
LINE
8
BLACK
6
CONTINUOUS
10
1.8959409842519686
20
1.4814388976377952
11
1.9011875984251969
21
1.4750459448818898
0
LINE
8
BLACK
6
CONTINUOUS
10
1.9011875984251969
20
1.4750459448818898
11
1.9019541732283465
21
1.4738986220472441
0
LINE
8
BLACK
6
CONTINUOUS
10
1.9019541732283465
20
1.4738986220472441
11
1.9027478346456692
21
1.472903464566929
0
LINE
8
BLACK
6
CONTINUOUS
10
1.9027478346456692
20
1.472903464566929
11
1.9047769685039371
21
1.469674094488189
0
LINE
8
BLACK
6
CONTINUOUS
10
1.9047769685039371
20
1.469674094488189
11
1.9080563385826772
21
1.464766220472441
0
LINE
8
BLACK
6
CONTINUOUS
10
1.9080563385826772
20
1.464766220472441
11
1.9091702362204723
21
1.4626822440944882
0
LINE
8
BLACK
6
CONTINUOUS
10
1.9091702362204723
20
1.4626822440944882
11
1.9102643700787401
21
1.4609409448818897
0
LINE
8
BLACK
6
CONTINUOUS
10
1.9102643700787401
20
1.4609409448818897
11
1.9117509055118109
21
1.457854094488189
0
LINE
8
BLACK
6
CONTINUOUS
10
1.9117509055118109
20
1.457854094488189
11
1.9138840551181102
21
1.4538632677165353
0
LINE
8
BLACK
6
CONTINUOUS
10
1.9138840551181102
20
1.4538632677165353
11
1.9151829133858267
21
1.4507274803149606
0
LINE
8
BLACK
6
CONTINUOUS
10
1.9151829133858267
20
1.4507274803149606
11
1.9163942913385825
21
1.4482120866141732
0
LINE
8
BLACK
6
CONTINUOUS
10
1.9163942913385825
20
1.4482120866141732
11
1.9173164173228345
21
1.4455767322834645
0
LINE
8
BLACK
6
CONTINUOUS
10
1.9173164173228345
20
1.4455767322834645
11
1.9186152362204725
21
1.4424411417322833
0
LINE
8
BLACK
6
CONTINUOUS
10
1.9186152362204725
20
1.4424411417322833
11
1.9199286614173228
21
1.4381112598425196
0
LINE
8
BLACK
6
CONTINUOUS
10
1.9199286614173228
20
1.4381112598425196
11
1.921060433070866
21
1.4348769291338583
0
LINE
8
BLACK
6
CONTINUOUS
10
1.921060433070866
20
1.4348769291338583
11
1.9215181102362204
21
1.4328716141732283
0
LINE
8
BLACK
6
CONTINUOUS
10
1.9215181102362204
20
1.4328716141732283
11
1.9222039763779528
21
1.4306107086614173
0
LINE
8
BLACK
6
CONTINUOUS
10
1.9222039763779528
20
1.4306107086614173
11
1.9233554330708662
21
1.4248217716535432
0
LINE
8
BLACK
6
CONTINUOUS
10
1.9233554330708662
20
1.4248217716535432
11
1.9242042125984251
21
1.4211031496062991
0
LINE
8
BLACK
6
CONTINUOUS
10
1.9242042125984251
20
1.4211031496062991
11
1.9243466929133859
21
1.4198382677165353
0
LINE
8
BLACK
6
CONTINUOUS
10
1.9243466929133859
20
1.4198382677165353
11
1.9246159842519686
21
1.4184846456692912
0
LINE
8
BLACK
6
CONTINUOUS
10
1.9246159842519686
20
1.4184846456692912
11
1.9254268110236219
21
1.410252283464567
0
LINE
8
BLACK
6
CONTINUOUS
10
1.9254268110236219
20
1.410252283464567
11
1.925786062992126
21
1.4070639763779527
0
LINE
8
BLACK
6
CONTINUOUS
10
1.925786062992126
20
1.4070639763779527
11
1.925786062992126
21
1.4066049212598424
0
LINE
8
BLACK
6
CONTINUOUS
10
1.925786062992126
20
1.4066049212598424
11
1.9258277559055117
21
1.4061816535433072
0
LINE
8
BLACK
6
CONTINUOUS
10
1.9258277559055117
20
1.4061816535433072
11
1.9258277559055117
21
1.3938183070866141
0
LINE
8
BLACK
6
CONTINUOUS
10
1.9258277559055117
20
1.3938183070866141
11
1.925786062992126
21
1.3933949999999999
0
LINE
8
BLACK
6
CONTINUOUS
10
1.925786062992126
20
1.3933949999999999
11
1.925786062992126
21
1.3929360236220472
0
LINE
8
BLACK
6
CONTINUOUS
10
1.925786062992126
20
1.3929360236220472
11
1.9254268110236219
21
1.3897479527559056
0
LINE
8
BLACK
6
CONTINUOUS
10
1.9254268110236219
20
1.3897479527559056
11
1.9246159842519686
21
1.3815153149606298
0
LINE
8
BLACK
6
CONTINUOUS
10
1.9246159842519686
20
1.3815153149606298
11
1.9243466929133859
21
1.3801616141732282
0
LINE
8
BLACK
6
CONTINUOUS
10
1.9243466929133859
20
1.3801616141732282
11
1.9242042125984251
21
1.3788968503937007
0
LINE
8
BLACK
6
CONTINUOUS
10
1.9242042125984251
20
1.3788968503937007
11
1.9233555118110235
21
1.3751784645669292
0
LINE
8
BLACK
6
CONTINUOUS
10
1.9233555118110235
20
1.3751784645669292
11
1.9222039763779528
21
1.3693892519685038
0
LINE
8
BLACK
6
CONTINUOUS
10
1.9222039763779528
20
1.3693892519685038
11
1.9215180708661417
21
1.367128188976378
0
LINE
8
BLACK
6
CONTINUOUS
10
1.9215180708661417
20
1.367128188976378
11
1.921060433070866
21
1.3651230708661417
0
LINE
8
BLACK
6
CONTINUOUS
10
1.921060433070866
20
1.3651230708661417
11
1.9199287401574803
21
1.3618889370078739
0
LINE
8
BLACK
6
CONTINUOUS
10
1.9199287401574803
20
1.3618889370078739
11
1.9186152362204725
21
1.3575588188976377
0
LINE
8
BLACK
6
CONTINUOUS
10
1.9186152362204725
20
1.3575588188976377
11
1.9173162992125983
21
1.3544229527559055
0
LINE
8
BLACK
6
CONTINUOUS
10
1.9173162992125983
20
1.3544229527559055
11
1.9163942913385825
21
1.3517879133858268
0
LINE
8
BLACK
6
CONTINUOUS
10
1.9163942913385825
20
1.3517879133858268
11
1.9151830314960629
21
1.349272716535433
0
LINE
8
BLACK
6
CONTINUOUS
10
1.9151830314960629
20
1.349272716535433
11
1.9138840551181102
21
1.3461366929133858
0
LINE
8
BLACK
6
CONTINUOUS
10
1.9138840551181102
20
1.3461366929133858
11
1.9117507086614174
21
1.342145472440945
0
LINE
8
BLACK
6
CONTINUOUS
10
1.9117507086614174
20
1.342145472440945
11
1.9102643700787401
21
1.3390590551181103
0
LINE
8
BLACK
6
CONTINUOUS
10
1.9102643700787401
20
1.3390590551181103
11
1.9091703543307086
21
1.3373179527559056
0
LINE
8
BLACK
6
CONTINUOUS
10
1.9091703543307086
20
1.3373179527559056
11
1.9080563385826772
21
1.3352337401574803
0
LINE
8
BLACK
6
CONTINUOUS
10
1.9080563385826772
20
1.3352337401574803
11
1.9047765354330708
21
1.3303251968503937
0
LINE
8
BLACK
6
CONTINUOUS
10
1.9047765354330708
20
1.3303251968503937
11
1.9027478346456692
21
1.3270965354330708
0
LINE
8
BLACK
6
CONTINUOUS
10
1.9027478346456692
20
1.3270965354330708
11
1.90195437007874
21
1.3261015354330707
0
LINE
8
BLACK
6
CONTINUOUS
10
1.90195437007874
20
1.3261015354330707
11
1.9011875984251969
21
1.3249540157480315
0
LINE
8
BLACK
6
CONTINUOUS
10
1.9011875984251969
20
1.3249540157480315
11
1.8959398818897637
21
1.3185596456692914
0
LINE
8
BLACK
6
CONTINUOUS
10
1.8959398818897637
20
1.3185596456692914
11
1.8939391732283464
21
1.3160508267716535
0
LINE
8
BLACK
6
CONTINUOUS
10
1.8939391732283464
20
1.3160508267716535
11
1.893614527559055
21
1.3157261811023622
0
LINE
8
BLACK
6
CONTINUOUS
10
1.893614527559055
20
1.3157261811023622
11
1.8933446456692913
21
1.3153973228346456
0
LINE
8
BLACK
6
CONTINUOUS
10
1.8933446456692913
20
1.3153973228346456
11
1.8846026377952756
21
1.3066553149606299
0
LINE
8
BLACK
6
CONTINUOUS
10
1.8846026377952756
20
1.3066553149606299
11
1.8842737401574803
21
1.3063853937007874
0
LINE
8
BLACK
6
CONTINUOUS
10
1.8842737401574803
20
1.3063853937007874
11
1.8839491732283464
21
1.3060608267716536
0
LINE
8
BLACK
6
CONTINUOUS
10
1.8839491732283464
20
1.3060608267716536
11
1.8814406299212598
21
1.3040603149606298
0
LINE
8
BLACK
6
CONTINUOUS
10
1.8814406299212598
20
1.3040603149606298
11
1.8750459448818897
21
1.2988123622047243
0
LINE
8
BLACK
6
CONTINUOUS
10
1.8750459448818897
20
1.2988123622047243
11
1.8738983070866142
21
1.2980455118110237
0
LINE
8
BLACK
6
CONTINUOUS
10
1.8738983070866142
20
1.2980455118110237
11
1.8729034645669291
21
1.2972521653543307
0
LINE
8
BLACK
6
CONTINUOUS
10
1.8729034645669291
20
1.2972521653543307
11
1.8696750787401575
21
1.2952236220472442
0
LINE
8
BLACK
6
CONTINUOUS
10
1.8696750787401575
20
1.2952236220472442
11
1.8647662204724409
21
1.291943622047244
0
LINE
8
BLACK
6
CONTINUOUS
10
1.8647662204724409
20
1.291943622047244
11
1.8626818110236221
21
1.2908294881889764
0
LINE
8
BLACK
6
CONTINUOUS
10
1.8626818110236221
20
1.2908294881889764
11
1.8609409448818897
21
1.2897356299212599
0
LINE
8
BLACK
6
CONTINUOUS
10
1.8609409448818897
20
1.2897356299212599
11
1.857854842519685
21
1.2882494094488188
0
LINE
8
BLACK
6
CONTINUOUS
10
1.857854842519685
20
1.2882494094488188
11
1.8538632677165354
21
1.286115905511811
0
LINE
8
BLACK
6
CONTINUOUS
10
1.8538632677165354
20
1.286115905511811
11
1.8507268897637794
21
1.2848167716535432
0
LINE
8
BLACK
6
CONTINUOUS
10
1.8507268897637794
20
1.2848167716535432
11
1.8482120866141731
21
1.2836057086614172
0
LINE
8
BLACK
6
CONTINUOUS
10
1.8482120866141731
20
1.2836057086614172
11
1.8455773622047245
21
1.282683779527559
0
LINE
8
BLACK
6
CONTINUOUS
10
1.8455773622047245
20
1.282683779527559
11
1.8424411417322835
21
1.2813847244094487
0
LINE
8
BLACK
6
CONTINUOUS
10
1.8424411417322835
20
1.2813847244094487
11
1.8381104330708662
21
1.2800709842519684
0
LINE
8
BLACK
6
CONTINUOUS
10
1.8381104330708662
20
1.2800709842519684
11
1.8348769291338582
21
1.2789395669291339
0
LINE
8
BLACK
6
CONTINUOUS
10
1.8348769291338582
20
1.2789395669291339
11
1.832872125984252
21
1.278481968503937
0
LINE
8
BLACK
6
CONTINUOUS
10
1.832872125984252
20
1.278481968503937
11
1.8306107086614172
21
1.2777959842519684
0
LINE
8
BLACK
6
CONTINUOUS
10
1.8306107086614172
20
1.2777959842519684
11
1.8248204330708662
21
1.2766442125984252
0
LINE
8
BLACK
6
CONTINUOUS
10
1.8248204330708662
20
1.2766442125984252
11
1.8211031496062993
21
1.2757957874015748
0
LINE
8
BLACK
6
CONTINUOUS
10
1.8211031496062993
20
1.2757957874015748
11
1.8198387401574803
21
1.2756533070866141
0
LINE
8
BLACK
6
CONTINUOUS
10
1.8198387401574803
20
1.2756533070866141
11
1.8184846456692914
21
1.2753839763779526
0
LINE
8
BLACK
6
CONTINUOUS
10
1.8184846456692914
20
1.2753839763779526
11
1.8102511811023623
21
1.274573031496063
0
LINE
8
BLACK
6
CONTINUOUS
10
1.8102511811023623
20
1.274573031496063
11
1.8070639763779528
21
1.274213937007874
0
LINE
8
BLACK
6
CONTINUOUS
10
1.8070639763779528
20
1.274213937007874
11
1.806605
21
1.274213937007874
0
LINE
8
BLACK
6
CONTINUOUS
10
1.806605
20
1.274213937007874
11
1.8061816929133858
21
1.2741722440944883
0
LINE
8
BLACK
6
CONTINUOUS
10
1.8061816929133858
20
1.2741722440944883
11
1.7938183070866141
21
1.2741722440944883
0
LINE
8
BLACK
6
CONTINUOUS
10
1.7938183070866141
20
1.2741722440944883
11
1.7933949999999999
21
1.274213937007874
0
LINE
8
BLACK
6
CONTINUOUS
10
1.7933949999999999
20
1.274213937007874
11
1.7929360236220473
21
1.274213937007874
0
LINE
8
BLACK
6
CONTINUOUS
10
1.7929360236220473
20
1.274213937007874
11
1.7897488582677166
21
1.274573031496063
0
LINE
8
BLACK
6
CONTINUOUS
10
1.7897488582677166
20
1.274573031496063
11
1.78151531496063
21
1.2753839763779526
0
LINE
8
BLACK
6
CONTINUOUS
10
1.78151531496063
20
1.2753839763779526
11
1.7801611417322833
21
1.2756533070866141
0
LINE
8
BLACK
6
CONTINUOUS
10
1.7801611417322833
20
1.2756533070866141
11
1.7788968503937008
21
1.2757957874015748
0
LINE
8
BLACK
6
CONTINUOUS
10
1.7788968503937008
20
1.2757957874015748
11
1.7751798031496062
21
1.2766441732283464
0
LINE
8
BLACK
6
CONTINUOUS
10
1.7751798031496062
20
1.2766441732283464
11
1.7693892519685039
21
1.2777959842519684
0
LINE
8
BLACK
6
CONTINUOUS
10
1.7693892519685039
20
1.2777959842519684
11
1.7671276771653543
21
1.2784820078740158
0
LINE
8
BLACK
6
CONTINUOUS
10
1.7671276771653543
20
1.2784820078740158
11
1.7651230708661416
21
1.2789395669291339
0
LINE
8
BLACK
6
CONTINUOUS
10
1.7651230708661416
20
1.2789395669291339
11
1.7618898031496062
21
1.2800709055118109
0
LINE
8
BLACK
6
CONTINUOUS
10
1.7618898031496062
20
1.2800709055118109
11
1.7575588188976377
21
1.2813847244094487
0
LINE
8
BLACK
6
CONTINUOUS
10
1.7575588188976377
20
1.2813847244094487
11
1.7544223622047244
21
1.2826838582677165
0
LINE
8
BLACK
6
CONTINUOUS
10
1.7544223622047244
20
1.2826838582677165
11
1.7517879133858267
21
1.2836057086614172
0
LINE
8
BLACK
6
CONTINUOUS
10
1.7517879133858267
20
1.2836057086614172
11
1.7492733070866142
21
1.284816653543307
0
LINE
8
BLACK
6
CONTINUOUS
10
1.7492733070866142
20
1.284816653543307
11
1.7461366929133857
21
1.286115905511811
0
LINE
8
BLACK
6
CONTINUOUS
10
1.7461366929133857
20
1.286115905511811
11
1.7421447244094488
21
1.2882496062992126
0
LINE
8
BLACK
6
CONTINUOUS
10
1.7421447244094488
20
1.2882496062992126
11
1.7390590551181102
21
1.2897356299212599
0
LINE
8
BLACK
6
CONTINUOUS
10
1.7390590551181102
20
1.2897356299212599
11
1.7373183858267716
21
1.2908293307086613
0
LINE
8
BLACK
6
CONTINUOUS
10
1.7373183858267716
20
1.2908293307086613
11
1.7352337401574802
21
1.291943622047244
0
LINE
8
BLACK
6
CONTINUOUS
10
1.7352337401574802
20
1.291943622047244
11
1.7303242125984251
21
1.2952240551181102
0
LINE
8
BLACK
6
CONTINUOUS
10
1.7303242125984251
20
1.2952240551181102
11
1.7270965354330707
21
1.2972521653543307
0
LINE
8
BLACK
6
CONTINUOUS
10
1.7270965354330707
20
1.2972521653543307
11
1.7261018503937007
21
1.2980453543307087
0
LINE
8
BLACK
6
CONTINUOUS
10
1.7261018503937007
20
1.2980453543307087
11
1.7249540157480314
21
1.2988123622047243
0
LINE
8
BLACK
6
CONTINUOUS
10
1.7249540157480314
20
1.2988123622047243
11
1.7185579527559054
21
1.3040614173228346
0
LINE
8
BLACK
6
CONTINUOUS
10
1.7185579527559054
20
1.3040614173228346
11
1.7160508267716534
21
1.3060608267716536
0
LINE
8
BLACK
6
CONTINUOUS
10
1.7160508267716534
20
1.3060608267716536
11
1.7157264173228346
21
1.3063851968503937
0
LINE
8
BLACK
6
CONTINUOUS
10
1.7157264173228346
20
1.3063851968503937
11
1.7153973228346455
21
1.3066553149606299
0
LINE
8
BLACK
6
CONTINUOUS
10
1.7153973228346455
20
1.3066553149606299
11
1.7066553149606298
21
1.3153973228346456
0
LINE
8
BLACK
6
CONTINUOUS
10
1.7066553149606298
20
1.3153973228346456
11
1.7063851968503936
21
1.3157264173228347
0
LINE
8
BLACK
6
CONTINUOUS
10
1.7063851968503936
20
1.3157264173228347
11
1.7060608267716535
21
1.3160508267716535
0
LINE
8
BLACK
6
CONTINUOUS
10
1.7060608267716535
20
1.3160508267716535
11
1.7040614173228346
21
1.3185579527559055
0
LINE
8
BLACK
6
CONTINUOUS
10
1.7040614173228346
20
1.3185579527559055
11
1.6988123622047244
21
1.3249540157480315
0
LINE
8
BLACK
6
CONTINUOUS
10
1.6988123622047244
20
1.3249540157480315
11
1.6980453543307086
21
1.3261018503937008
0
LINE
8
BLACK
6
CONTINUOUS
10
1.6980453543307086
20
1.3261018503937008
11
1.6972521653543307
21
1.3270965354330708
0
LINE
8
BLACK
6
CONTINUOUS
10
1.6972521653543307
20
1.3270965354330708
11
1.6952240551181101
21
1.3303242125984251
0
LINE
8
BLACK
6
CONTINUOUS
10
1.6952240551181101
20
1.3303242125984251
11
1.6919436220472441
21
1.3352337401574803
0
LINE
8
BLACK
6
CONTINUOUS
10
1.6919436220472441
20
1.3352337401574803
11
1.6908293307086615
21
1.3373183858267716
0
LINE
8
BLACK
6
CONTINUOUS
10
1.6908293307086615
20
1.3373183858267716
11
1.6897356299212598
21
1.3390590551181103
0
LINE
8
BLACK
6
CONTINUOUS
10
1.6897356299212598
20
1.3390590551181103
11
1.6882496062992125
21
1.3421447244094489
0
LINE
8
BLACK
6
CONTINUOUS
10
1.6882496062992125
20
1.3421447244094489
11
1.6861159055118109
21
1.3461366929133858
0
LINE
8
BLACK
6
CONTINUOUS
10
1.6861159055118109
20
1.3461366929133858
11
1.6848166535433071
21
1.3492733070866141
0
LINE
8
BLACK
6
CONTINUOUS
10
1.6848166535433071
20
1.3492733070866141
11
1.6836057086614173
21
1.3517879133858268
0
LINE
8
BLACK
6
CONTINUOUS
10
1.6836057086614173
20
1.3517879133858268
11
1.6826838582677166
21
1.3544223622047245
0
LINE
8
BLACK
6
CONTINUOUS
10
1.6826838582677166
20
1.3544223622047245
11
1.6813847244094489
21
1.3575588188976377
0
LINE
8
BLACK
6
CONTINUOUS
10
1.6813847244094489
20
1.3575588188976377
11
1.680070905511811
21
1.3618898031496063
0
LINE
8
BLACK
6
CONTINUOUS
10
1.680070905511811
20
1.3618898031496063
11
1.6789395669291338
21
1.3651230708661417
0
LINE
8
BLACK
6
CONTINUOUS
10
1.6789395669291338
20
1.3651230708661417
11
1.6784820078740157
21
1.3671276771653542
0
LINE
8
BLACK
6
CONTINUOUS
10
1.6784820078740157
20
1.3671276771653542
11
1.6777959842519685
21
1.3693892519685038
0
LINE
8
BLACK
6
CONTINUOUS
10
1.6777959842519685
20
1.3693892519685038
11
1.6766441732283464
21
1.3751798031496063
0
LINE
8
BLACK
6
CONTINUOUS
10
1.6766441732283464
20
1.3751798031496063
11
1.6757957874015748
21
1.3788968503937007
0
LINE
8
BLACK
6
CONTINUOUS
10
1.6757957874015748
20
1.3788968503937007
11
1.6756533070866142
21
1.3801611417322834
0
LINE
8
BLACK
6
CONTINUOUS
10
1.6756533070866142
20
1.3801611417322834
11
1.6753839763779528
21
1.3815153149606298
0
LINE
8
BLACK
6
CONTINUOUS
10
1.6753839763779528
20
1.3815153149606298
11
1.674573031496063
21
1.3897488582677164
0
LINE
8
BLACK
6
CONTINUOUS
10
1.674573031496063
20
1.3897488582677164
11
1.6742139370078739
21
1.3929360236220472
0
LINE
8
BLACK
6
CONTINUOUS
10
1.6742139370078739
20
1.3929360236220472
11
1.6742139370078739
21
1.3933949606299212
0
LINE
8
BLACK
6
CONTINUOUS
10
1.6742139370078739
20
1.3933949606299212
11
1.6741722440944882
21
1.3938183070866141
0
LINE
8
BLACK
6
CONTINUOUS
10
1.6741722440944882
20
1.3938183070866141
11
1.6741722440944882
21
1.4061816535433072
0
LINE
8
BLACK
6
CONTINUOUS
10
1.6741722440944882
20
1.4061816535433072
11
1.6742139370078739
21
1.4066049606299211
0
LINE
8
BLACK
6
CONTINUOUS
10
1.6742139370078739
20
1.4066049606299211
11
1.6742139370078739
21
1.4070639763779527
0
LINE
8
BLACK
6
CONTINUOUS
10
1.6742139370078739
20
1.4070639763779527
11
1.6745730708661417
21
1.4102513779527559
0
LINE
8
BLACK
6
CONTINUOUS
10
1.6745730708661417
20
1.4102513779527559
11
1.6753839763779528
21
1.4184846456692912
0
LINE
8
BLACK
6
CONTINUOUS
10
1.6753839763779528
20
1.4184846456692912
11
1.6756533070866142
21
1.4198387401574804
0
LINE
8
BLACK
6
CONTINUOUS
10
1.6756533070866142
20
1.4198387401574804
11
1.6757957874015748
21
1.4211031496062991
0
LINE
8
BLACK
6
CONTINUOUS
10
1.6757957874015748
20
1.4211031496062991
11
1.6766442125984251
21
1.424820433070866
0
LINE
8
BLACK
6
CONTINUOUS
10
1.6766442125984251
20
1.424820433070866
11
1.6777959842519685
21
1.4306107086614173
0
LINE
8
BLACK
6
CONTINUOUS
10
1.6777959842519685
20
1.4306107086614173
11
1.6784819685039369
21
1.4328721259842518
0
LINE
8
BLACK
6
CONTINUOUS
10
1.6784819685039369
20
1.4328721259842518
11
1.6789395669291338
21
1.4348769291338583
0
LINE
8
BLACK
6
CONTINUOUS
10
1.6789395669291338
20
1.4348769291338583
11
1.6800709842519685
21
1.4381104330708661
0
LINE
8
BLACK
6
CONTINUOUS
10
1.6800709842519685
20
1.4381104330708661
11
1.6813847244094489
21
1.4424411417322833
0
LINE
8
BLACK
6
CONTINUOUS
10
1.6813847244094489
20
1.4424411417322833
11
1.6826837795275591
21
1.4455773622047243
0
LINE
8
BLACK
6
CONTINUOUS
10
1.6826837795275591
20
1.4455773622047243
11
1.6836057086614173
21
1.4482120866141732
0
LINE
8
BLACK
6
CONTINUOUS
10
1.6836057086614173
20
1.4482120866141732
11
1.6848167716535434
21
1.4507268897637795
0
LINE
8
BLACK
6
CONTINUOUS
10
1.6848167716535434
20
1.4507268897637795
11
1.6861159055118109
21
1.4538632677165353
0
LINE
8
BLACK
6
CONTINUOUS
10
1.6861159055118109
20
1.4538632677165353
11
1.688249409448819
21
1.4578548425196851
0
LINE
8
BLACK
6
CONTINUOUS
10
1.688249409448819
20
1.4578548425196851
11
1.6897356299212598
21
1.4609409448818897
0
LINE
8
BLACK
6
CONTINUOUS
10
1.6897356299212598
20
1.4609409448818897
11
1.6908294881889763
21
1.4626818110236219
0
LINE
8
BLACK
6
CONTINUOUS
10
1.6908294881889763
20
1.4626818110236219
11
1.6919436220472441
21
1.464766220472441
0
LINE
8
BLACK
6
CONTINUOUS
10
1.6919436220472441
20
1.464766220472441
11
1.6952236220472441
21
1.4696750787401573
0
LINE
8
BLACK
6
CONTINUOUS
10
1.6952236220472441
20
1.4696750787401573
11
1.6972521653543307
21
1.472903464566929
0
LINE
8
BLACK
6
CONTINUOUS
10
1.6972521653543307
20
1.472903464566929
11
1.6980455118110236
21
1.4738983070866141
0
LINE
8
BLACK
6
CONTINUOUS
10
1.6980455118110236
20
1.4738983070866141
11
1.6988123622047244
21
1.4750459448818898
0
LINE
8
BLACK
6
CONTINUOUS
10
1.6988123622047244
20
1.4750459448818898
11
1.7040603149606299
21
1.4814406299212599
0
LINE
8
BLACK
6
CONTINUOUS
10
1.7040603149606299
20
1.4814406299212599
11
1.7060608267716535
21
1.4839491732283465
0
LINE
8
BLACK
6
CONTINUOUS
10
1.7060608267716535
20
1.4839491732283465
11
1.7063853937007873
21
1.4842737401574804
0
LINE
8
BLACK
6
CONTINUOUS
10
1.7063853937007873
20
1.4842737401574804
11
1.7066553149606298
21
1.4846026377952755
0
LINE
8
BLACK
6
CONTINUOUS
10
1.7066553149606298
20
1.4846026377952755
11
1.7153973228346455
21
1.4933446456692914
0
LINE
8
BLACK
6
CONTINUOUS
10
1.7153973228346455
20
1.4933446456692914
11
1.7157261811023621
21
1.4936145275590551
0
LINE
8
BLACK
6
CONTINUOUS
10
1.7157261811023621
20
1.4936145275590551
11
1.7160508267716534
21
1.4939391732283465
0
LINE
8
BLACK
6
CONTINUOUS
10
1.7160508267716534
20
1.4939391732283465
11
1.7185596456692913
21
1.4959398818897638
0
LINE
8
BLACK
6
CONTINUOUS
10
1.7185596456692913
20
1.4959398818897638
11
1.7249540157480314
21
1.5011875984251968
0
LINE
8
BLACK
6
CONTINUOUS
10
1.7249540157480314
20
1.5011875984251968
11
1.7261015354330709
21
1.5019543700787401
0
LINE
8
BLACK
6
CONTINUOUS
10
1.7261015354330709
20
1.5019543700787401
11
1.7270965354330707
21
1.5027478346456693
0
LINE
8
BLACK
6
CONTINUOUS
10
1.7270965354330707
20
1.5027478346456693
11
1.7303251968503937
21
1.5047765354330709
0
LINE
8
BLACK
6
CONTINUOUS
10
1.7303251968503937
20
1.5047765354330709
11
1.7352337401574802
21
1.5080563385826771
0
LINE
8
BLACK
6
CONTINUOUS
10
1.7352337401574802
20
1.5080563385826771
11
1.7373179527559055
21
1.5091703543307087
0
LINE
8
BLACK
6
CONTINUOUS
10
1.7373179527559055
20
1.5091703543307087
11
1.7390590551181102
21
1.5102643700787401
0
LINE
8
BLACK
6
CONTINUOUS
10
1.7390590551181102
20
1.5102643700787401
11
1.7421454724409449
21
1.5117507086614173
0
LINE
8
BLACK
6
CONTINUOUS
10
1.7421454724409449
20
1.5117507086614173
11
1.7461366929133857
21
1.5138840551181103
0
LINE
8
BLACK
6
CONTINUOUS
10
1.7461366929133857
20
1.5138840551181103
11
1.7492727165354329
21
1.515183031496063
0
LINE
8
BLACK
6
CONTINUOUS
10
1.7492727165354329
20
1.515183031496063
11
1.7517879133858267
21
1.5163942913385826
0
LINE
8
BLACK
6
CONTINUOUS
10
1.7517879133858267
20
1.5163942913385826
11
1.7544229527559054
21
1.5173162992125984
0
LINE
8
BLACK
6
CONTINUOUS
10
1.7544229527559054
20
1.5173162992125984
11
1.7575588188976377
21
1.5186152362204723
0
LINE
8
BLACK
6
CONTINUOUS
10
1.7575588188976377
20
1.5186152362204723
11
1.7618889370078741
21
1.5199287401574804
0
LINE
8
BLACK
6
CONTINUOUS
10
1.7618889370078741
20
1.5199287401574804
11
1.7651230708661416
21
1.5210604330708661
0
LINE
8
BLACK
6
CONTINUOUS
10
1.7651230708661416
20
1.5210604330708661
11
1.7671281889763779
21
1.5215180708661418
0
LINE
8
BLACK
6
CONTINUOUS
10
1.7671281889763779
20
1.5215180708661418
11
1.7693892519685039
21
1.5222039763779527
0
LINE
8
BLACK
6
CONTINUOUS
10
1.7693892519685039
20
1.5222039763779527
11
1.7751784645669291
21
1.5233555118110236
0
LINE
8
BLACK
6
CONTINUOUS
10
1.7751784645669291
20
1.5233555118110236
11
1.7788968503937008
21
1.5242042125984252
0
LINE
8
BLACK
6
CONTINUOUS
10
1.7788968503937008
20
1.5242042125984252
11
1.7801616141732284
21
1.5243466929133858
0
LINE
8
BLACK
6
CONTINUOUS
10
1.7801616141732284
20
1.5243466929133858
11
1.78151531496063
21
1.5246159842519684
0
LINE
8
BLACK
6
CONTINUOUS
10
1.78151531496063
20
1.5246159842519684
11
1.7897479527559055
21
1.525426811023622
0
LINE
8
BLACK
6
CONTINUOUS
10
1.7897479527559055
20
1.525426811023622
11
1.7929360236220473
21
1.525786062992126
0
LINE
8
BLACK
6
CONTINUOUS
10
1.7929360236220473
20
1.525786062992126
11
1.7933949999999999
21
1.525786062992126
0
LINE
8
BLACK
6
CONTINUOUS
10
1.7933949999999999
20
1.525786062992126
11
1.7938183070866141
21
1.5258277559055118
0
LINE
8
BLACK
6
CONTINUOUS
10
1.7938183070866141
20
1.5258277559055118
11
1.8061816929133858
21
1.5258277559055118
0
LINE
8
BLACK
6
CONTINUOUS
10
1.8061816929133858
20
1.5258277559055118
11
1.806605
21
1.525786062992126
0
LINE
8
BLACK
6
CONTINUOUS
10
1.3803191732283464
20
1.3678105118110235
11
1.3816588188976378
21
1.3676551181102361
0
LINE
8
BLACK
6
CONTINUOUS
10
1.3816588188976378
20
1.3676551181102361
11
1.3821164960629921
21
1.3674529921259841
0
LINE
8
BLACK
6
CONTINUOUS
10
1.3821164960629921
20
1.3674529921259841
11
1.3830132677165354
21
1.3672746456692912
0
LINE
8
BLACK
6
CONTINUOUS
10
1.3830132677165354
20
1.3672746456692912
11
1.3839732677165355
21
1.3666331496062991
0
LINE
8
BLACK
6
CONTINUOUS
10
1.3839732677165355
20
1.3666331496062991
11
1.3844112992125983
21
1.3664397637795276
0
LINE
8
BLACK
6
CONTINUOUS
10
1.3844112992125983
20
1.3664397637795276
11
1.3847104724409449
21
1.3661405511811022
0
LINE
8
BLACK
6
CONTINUOUS
10
1.3847104724409449
20
1.3661405511811022
11
1.3855677559055117
21
1.3655677559055117
0
LINE
8
BLACK
6
CONTINUOUS
10
1.3855677559055117
20
1.3655677559055117
11
1.3861405511811022
21
1.3647104724409449
0
LINE
8
BLACK
6
CONTINUOUS
10
1.3861405511811022
20
1.3647104724409449
11
1.3864397637795276
21
1.3644112992125983
0
LINE
8
BLACK
6
CONTINUOUS
10
1.3864397637795276
20
1.3644112992125983
11
1.3866331496062991
21
1.3639732677165355
0
LINE
8
BLACK
6
CONTINUOUS
10
1.3866331496062991
20
1.3639732677165355
11
1.3872746456692913
21
1.3630132677165354
0
LINE
8
BLACK
6
CONTINUOUS
10
1.3872746456692913
20
1.3630132677165354
11
1.3874529921259842
21
1.3621164960629921
0
LINE
8
BLACK
6
CONTINUOUS
10
1.3874529921259842
20
1.3621164960629921
11
1.3876551181102361
21
1.3616588188976377
0
LINE
8
BLACK
6
CONTINUOUS
10
1.3876551181102361
20
1.3616588188976377
11
1.3878105118110236
21
1.3603190944881889
0
LINE
8
BLACK
6
CONTINUOUS
10
1.3878105118110236
20
1.3603190944881889
11
1.3878740157480314
21
1.3599999999999999
0
LINE
8
BLACK
6
CONTINUOUS
10
1.3878740157480314
20
1.3599999999999999
11
1.3878740157480314
21
1.3
0
LINE
8
BLACK
6
CONTINUOUS
10
1.3878740157480314
20
1.3
11
1.3878105118110236
21
1.2996808661417323
0
LINE
8
BLACK
6
CONTINUOUS
10
1.3878105118110236
20
1.2996808661417323
11
1.3876551181102361
21
1.2983411417322834
0
LINE
8
BLACK
6
CONTINUOUS
10
1.3876551181102361
20
1.2983411417322834
11
1.3874529921259842
21
1.2978833858267715
0
LINE
8
BLACK
6
CONTINUOUS
10
1.3874529921259842
20
1.2978833858267715
11
1.3872746456692913
21
1.2969867322834645
0
LINE
8
BLACK
6
CONTINUOUS
10
1.3872746456692913
20
1.2969867322834645
11
1.3866331889763779
21
1.2960267716535432
0
LINE
8
BLACK
6
CONTINUOUS
10
1.3866331889763779
20
1.2960267716535432
11
1.3864397637795276
21
1.2955886614173229
0
LINE
8
BLACK
6
CONTINUOUS
10
1.3864397637795276
20
1.2955886614173229
11
1.386140472440945
21
1.2952893700787402
0
LINE
8
BLACK
6
CONTINUOUS
10
1.386140472440945
20
1.2952893700787402
11
1.3855677559055117
21
1.2944322440944882
0
LINE
8
BLACK
6
CONTINUOUS
10
1.3855677559055117
20
1.2944322440944882
11
1.3847105905511812
21
1.2938594881889764
0
LINE
8
BLACK
6
CONTINUOUS
10
1.3847105905511812
20
1.2938594881889764
11
1.3844112992125983
21
1.2935601968503936
0
LINE
8
BLACK
6
CONTINUOUS
10
1.3844112992125983
20
1.2935601968503936
11
1.3839731102362205
21
1.2933666929133858
0
LINE
8
BLACK
6
CONTINUOUS
10
1.3839731102362205
20
1.2933666929133858
11
1.3830132677165354
21
1.2927253543307087
0
LINE
8
BLACK
6
CONTINUOUS
10
1.3830132677165354
20
1.2927253543307087
11
1.3821166929133859
21
1.2925470078740158
0
LINE
8
BLACK
6
CONTINUOUS
10
1.3821166929133859
20
1.2925470078740158
11
1.3816588188976378
21
1.2923448425196851
0
LINE
8
BLACK
6
CONTINUOUS
10
1.3816588188976378
20
1.2923448425196851
11
1.3803186220472441
21
1.2921893307086614
0
LINE
8
BLACK
6
CONTINUOUS
10
1.3803186220472441
20
1.2921893307086614
11
1.3799999999999999
21
1.2921259842519686
0
LINE
8
BLACK
6
CONTINUOUS
10
1.3799999999999999
20
1.2921259842519686
11
1.3797723228346457
21
1.2921259842519686
0
LINE
8
BLACK
6
CONTINUOUS
10
1.3797723228346457
20
1.2921259842519686
11
1.320227716535433
21
1.2921259842519686
0
LINE
8
BLACK
6
CONTINUOUS
10
1.320227716535433
20
1.2921259842519686
11
1.3200000000000001
21
1.2921259842519686
0
LINE
8
BLACK
6
CONTINUOUS
10
1.3200000000000001
20
1.2921259842519686
11
1.3196813385826771
21
1.2921893307086614
0
LINE
8
BLACK
6
CONTINUOUS
10
1.3196813385826771
20
1.2921893307086614
11
1.3183411417322835
21
1.2923448425196851
0
LINE
8
BLACK
6
CONTINUOUS
10
1.3183411417322835
20
1.2923448425196851
11
1.3178832283464568
21
1.2925470078740158
0
LINE
8
BLACK
6
CONTINUOUS
10
1.3178832283464568
20
1.2925470078740158
11
1.3169867322834645
21
1.2927253543307087
0
LINE
8
BLACK
6
CONTINUOUS
10
1.3169867322834645
20
1.2927253543307087
11
1.3160269291338582
21
1.293366653543307
0
LINE
8
BLACK
6
CONTINUOUS
10
1.3160269291338582
20
1.293366653543307
11
1.3155886614173229
21
1.2935601968503936
0
LINE
8
BLACK
6
CONTINUOUS
10
1.3155886614173229
20
1.2935601968503936
11
1.315289251968504
21
1.2938595669291337
0
LINE
8
BLACK
6
CONTINUOUS
10
1.315289251968504
20
1.2938595669291337
11
1.3144322440944882
21
1.2944322440944882
0
LINE
8
BLACK
6
CONTINUOUS
10
1.3144322440944882
20
1.2944322440944882
11
1.3138595669291337
21
1.295289251968504
0
LINE
8
BLACK
6
CONTINUOUS
10
1.3138595669291337
20
1.295289251968504
11
1.3135601968503936
21
1.2955886614173229
0
LINE
8
BLACK
6
CONTINUOUS
10
1.3135601968503936
20
1.2955886614173229
11
1.3133666535433071
21
1.2960269291338582
0
LINE
8
BLACK
6
CONTINUOUS
10
1.3133666535433071
20
1.2960269291338582
11
1.3127253543307087
21
1.2969867322834645
0
LINE
8
BLACK
6
CONTINUOUS
10
1.3127253543307087
20
1.2969867322834645
11
1.3125470078740158
21
1.2978832283464568
0
LINE
8
BLACK
6
CONTINUOUS
10
1.3125470078740158
20
1.2978832283464568
11
1.3123448425196851
21
1.2983411417322834
0
LINE
8
BLACK
6
CONTINUOUS
10
1.3123448425196851
20
1.2983411417322834
11
1.3121893307086614
21
1.2996814173228346
0
LINE
8
BLACK
6
CONTINUOUS
10
1.3121893307086614
20
1.2996814173228346
11
1.3121259842519686
21
1.3
0
LINE
8
BLACK
6
CONTINUOUS
10
1.3121259842519686
20
1.3
11
1.3121259842519686
21
1.3599999999999999
0
LINE
8
BLACK
6
CONTINUOUS
10
1.3121259842519686
20
1.3599999999999999
11
1.3121893700787401
21
1.3603187007874016
0
LINE
8
BLACK
6
CONTINUOUS
10
1.3121893700787401
20
1.3603187007874016
11
1.3123448425196851
21
1.3616588188976377
0
LINE
8
BLACK
6
CONTINUOUS
10
1.3123448425196851
20
1.3616588188976377
11
1.3125470078740158
21
1.3621166929133859
0
LINE
8
BLACK
6
CONTINUOUS
10
1.3125470078740158
20
1.3621166929133859
11
1.3127253543307087
21
1.3630132677165354
0
LINE
8
BLACK
6
CONTINUOUS
10
1.3127253543307087
20
1.3630132677165354
11
1.3133666929133858
21
1.3639731102362205
0
LINE
8
BLACK
6
CONTINUOUS
10
1.3133666929133858
20
1.3639731102362205
11
1.3135601968503936
21
1.3644112992125983
0
LINE
8
BLACK
6
CONTINUOUS
10
1.3135601968503936
20
1.3644112992125983
11
1.3138594881889762
21
1.3647105905511812
0
LINE
8
BLACK
6
CONTINUOUS
10
1.3138594881889762
20
1.3647105905511812
11
1.3144322440944882
21
1.3655677559055117
0
LINE
8
BLACK
6
CONTINUOUS
10
1.3144322440944882
20
1.3655677559055117
11
1.31528937007874
21
1.3661404724409449
0
LINE
8
BLACK
6
CONTINUOUS
10
1.31528937007874
20
1.3661404724409449
11
1.3155886614173229
21
1.3664397637795276
0
LINE
8
BLACK
6
CONTINUOUS
10
1.3155886614173229
20
1.3664397637795276
11
1.3160267716535432
21
1.3666331889763779
0
LINE
8
BLACK
6
CONTINUOUS
10
1.3160267716535432
20
1.3666331889763779
11
1.3169867322834645
21
1.3672746456692912
0
LINE
8
BLACK
6
CONTINUOUS
10
1.3169867322834645
20
1.3672746456692912
11
1.3178833858267716
21
1.3674529921259841
0
LINE
8
BLACK
6
CONTINUOUS
10
1.3178833858267716
20
1.3674529921259841
11
1.3183411417322835
21
1.3676551181102361
0
LINE
8
BLACK
6
CONTINUOUS
10
1.3183411417322835
20
1.3676551181102361
11
1.3196809448818898
21
1.3678105511811023
0
LINE
8
BLACK
6
CONTINUOUS
10
1.3196809448818898
20
1.3678105511811023
11
1.3200000000000001
21
1.3678740157480314
0
LINE
8
BLACK
6
CONTINUOUS
10
1.3200000000000001
20
1.3678740157480314
11
1.3799999999999999
21
1.3678740157480314
0
LINE
8
BLACK
6
CONTINUOUS
10
1.3799999999999999
20
1.3678740157480314
11
1.3803191732283464
21
1.3678105118110235
0
LINE
8
BLACK
6
CONTINUOUS
10
1.4803191732283465
20
1.3678105118110235
11
1.4816588188976378
21
1.3676551181102361
0
LINE
8
BLACK
6
CONTINUOUS
10
1.4816588188976378
20
1.3676551181102361
11
1.482116496062992
21
1.3674529921259841
0
LINE
8
BLACK
6
CONTINUOUS
10
1.482116496062992
20
1.3674529921259841
11
1.4830132677165353
21
1.3672746456692912
0
LINE
8
BLACK
6
CONTINUOUS
10
1.4830132677165353
20
1.3672746456692912
11
1.4839732677165354
21
1.3666331496062991
0
LINE
8
BLACK
6
CONTINUOUS
10
1.4839732677165354
20
1.3666331496062991
11
1.4844112992125984
21
1.3664397637795276
0
LINE
8
BLACK
6
CONTINUOUS
10
1.4844112992125984
20
1.3664397637795276
11
1.4847104724409448
21
1.3661405511811022
0
LINE
8
BLACK
6
CONTINUOUS
10
1.4847104724409448
20
1.3661405511811022
11
1.4855677559055118
21
1.3655677559055117
0
LINE
8
BLACK
6
CONTINUOUS
10
1.4855677559055118
20
1.3655677559055117
11
1.4861405511811023
21
1.3647104724409449
0
LINE
8
BLACK
6
CONTINUOUS
10
1.4861405511811023
20
1.3647104724409449
11
1.4864397637795275
21
1.3644112992125983
0
LINE
8
BLACK
6
CONTINUOUS
10
1.4864397637795275
20
1.3644112992125983
11
1.4866331496062992
21
1.3639732677165355
0
LINE
8
BLACK
6
CONTINUOUS
10
1.4866331496062992
20
1.3639732677165355
11
1.4872746456692914
21
1.3630132677165354
0
LINE
8
BLACK
6
CONTINUOUS
10
1.4872746456692914
20
1.3630132677165354
11
1.4874529921259843
21
1.3621164960629921
0
LINE
8
BLACK
6
CONTINUOUS
10
1.4874529921259843
20
1.3621164960629921
11
1.4876551181102362
21
1.3616588188976377
0
LINE
8
BLACK
6
CONTINUOUS
10
1.4876551181102362
20
1.3616588188976377
11
1.4878105118110236
21
1.3603190944881889
0
LINE
8
BLACK
6
CONTINUOUS
10
1.4878105118110236
20
1.3603190944881889
11
1.4878740157480315
21
1.3599999999999999
0
LINE
8
BLACK
6
CONTINUOUS
10
1.4878740157480315
20
1.3599999999999999
11
1.4878740157480315
21
1.3
0
LINE
8
BLACK
6
CONTINUOUS
10
1.4878740157480315
20
1.3
11
1.4878105118110236
21
1.2996808661417323
0
LINE
8
BLACK
6
CONTINUOUS
10
1.4878105118110236
20
1.2996808661417323
11
1.4876551181102362
21
1.2983411417322834
0
LINE
8
BLACK
6
CONTINUOUS
10
1.4876551181102362
20
1.2983411417322834
11
1.4874529921259843
21
1.2978833858267715
0
LINE
8
BLACK
6
CONTINUOUS
10
1.4874529921259843
20
1.2978833858267715
11
1.4872746456692914
21
1.2969867322834645
0
LINE
8
BLACK
6
CONTINUOUS
10
1.4872746456692914
20
1.2969867322834645
11
1.486633188976378
21
1.2960267716535432
0
LINE
8
BLACK
6
CONTINUOUS
10
1.486633188976378
20
1.2960267716535432
11
1.4864397637795275
21
1.2955886614173229
0
LINE
8
BLACK
6
CONTINUOUS
10
1.4864397637795275
20
1.2955886614173229
11
1.4861404724409448
21
1.2952893700787402
0
LINE
8
BLACK
6
CONTINUOUS
10
1.4861404724409448
20
1.2952893700787402
11
1.4855677559055118
21
1.2944322440944882
0
LINE
8
BLACK
6
CONTINUOUS
10
1.4855677559055118
20
1.2944322440944882
11
1.484710590551181
21
1.2938594881889764
0
LINE
8
BLACK
6
CONTINUOUS
10
1.484710590551181
20
1.2938594881889764
11
1.4844112992125984
21
1.2935601968503936
0
LINE
8
BLACK
6
CONTINUOUS
10
1.4844112992125984
20
1.2935601968503936
11
1.4839731102362204
21
1.2933666929133858
0
LINE
8
BLACK
6
CONTINUOUS
10
1.4839731102362204
20
1.2933666929133858
11
1.4830132677165353
21
1.2927253543307087
0
LINE
8
BLACK
6
CONTINUOUS
10
1.4830132677165353
20
1.2927253543307087
11
1.4821166929133858
21
1.2925470078740158
0
LINE
8
BLACK
6
CONTINUOUS
10
1.4821166929133858
20
1.2925470078740158
11
1.4816588188976378
21
1.2923448425196851
0
LINE
8
BLACK
6
CONTINUOUS
10
1.4816588188976378
20
1.2923448425196851
11
1.480318622047244
21
1.2921893307086614
0
LINE
8
BLACK
6
CONTINUOUS
10
1.480318622047244
20
1.2921893307086614
11
1.48
21
1.2921259842519686
0
LINE
8
BLACK
6
CONTINUOUS
10
1.48
20
1.2921259842519686
11
1.4797723228346455
21
1.2921259842519686
0
LINE
8
BLACK
6
CONTINUOUS
10
1.4797723228346455
20
1.2921259842519686
11
1.4202277165354331
21
1.2921259842519686
0
LINE
8
BLACK
6
CONTINUOUS
10
1.4202277165354331
20
1.2921259842519686
11
1.4199999999999999
21
1.2921259842519686
0
LINE
8
BLACK
6
CONTINUOUS
10
1.4199999999999999
20
1.2921259842519686
11
1.4196813385826772
21
1.2921893307086614
0
LINE
8
BLACK
6
CONTINUOUS
10
1.4196813385826772
20
1.2921893307086614
11
1.4183411417322835
21
1.2923448425196851
0
LINE
8
BLACK
6
CONTINUOUS
10
1.4183411417322835
20
1.2923448425196851
11
1.4178832283464566
21
1.2925470078740158
0
LINE
8
BLACK
6
CONTINUOUS
10
1.4178832283464566
20
1.2925470078740158
11
1.4169867322834646
21
1.2927253543307087
0
LINE
8
BLACK
6
CONTINUOUS
10
1.4169867322834646
20
1.2927253543307087
11
1.4160269291338583
21
1.293366653543307
0
LINE
8
BLACK
6
CONTINUOUS
10
1.4160269291338583
20
1.293366653543307
11
1.4155886614173228
21
1.2935601968503936
0
LINE
8
BLACK
6
CONTINUOUS
10
1.4155886614173228
20
1.2935601968503936
11
1.4152892519685039
21
1.2938595669291337
0
LINE
8
BLACK
6
CONTINUOUS
10
1.4152892519685039
20
1.2938595669291337
11
1.4144322440944881
21
1.2944322440944882
0
LINE
8
BLACK
6
CONTINUOUS
10
1.4144322440944881
20
1.2944322440944882
11
1.4138595669291338
21
1.295289251968504
0
LINE
8
BLACK
6
CONTINUOUS
10
1.4138595669291338
20
1.295289251968504
11
1.4135601968503937
21
1.2955886614173229
0
LINE
8
BLACK
6
CONTINUOUS
10
1.4135601968503937
20
1.2955886614173229
11
1.4133666535433071
21
1.2960269291338582
0
LINE
8
BLACK
6
CONTINUOUS
10
1.4133666535433071
20
1.2960269291338582
11
1.4127253543307086
21
1.2969867322834645
0
LINE
8
BLACK
6
CONTINUOUS
10
1.4127253543307086
20
1.2969867322834645
11
1.4125470078740157
21
1.2978832283464568
0
LINE
8
BLACK
6
CONTINUOUS
10
1.4125470078740157
20
1.2978832283464568
11
1.412344842519685
21
1.2983411417322834
0
LINE
8
BLACK
6
CONTINUOUS
10
1.412344842519685
20
1.2983411417322834
11
1.4121893307086615
21
1.2996814173228346
0
LINE
8
BLACK
6
CONTINUOUS
10
1.4121893307086615
20
1.2996814173228346
11
1.4121259842519684
21
1.3
0
LINE
8
BLACK
6
CONTINUOUS
10
1.4121259842519684
20
1.3
11
1.4121259842519684
21
1.3599999999999999
0
LINE
8
BLACK
6
CONTINUOUS
10
1.4121259842519684
20
1.3599999999999999
11
1.4121893700787402
21
1.3603187007874016
0
LINE
8
BLACK
6
CONTINUOUS
10
1.4121893700787402
20
1.3603187007874016
11
1.412344842519685
21
1.3616588188976377
0
LINE
8
BLACK
6
CONTINUOUS
10
1.412344842519685
20
1.3616588188976377
11
1.4125470078740157
21
1.3621166929133859
0
LINE
8
BLACK
6
CONTINUOUS
10
1.4125470078740157
20
1.3621166929133859
11
1.4127253543307086
21
1.3630132677165354
0
LINE
8
BLACK
6
CONTINUOUS
10
1.4127253543307086
20
1.3630132677165354
11
1.4133666929133859
21
1.3639731102362205
0
LINE
8
BLACK
6
CONTINUOUS
10
1.4133666929133859
20
1.3639731102362205
11
1.4135601968503937
21
1.3644112992125983
0
LINE
8
BLACK
6
CONTINUOUS
10
1.4135601968503937
20
1.3644112992125983
11
1.4138594881889763
21
1.3647105905511812
0
LINE
8
BLACK
6
CONTINUOUS
10
1.4138594881889763
20
1.3647105905511812
11
1.4144322440944881
21
1.3655677559055117
0
LINE
8
BLACK
6
CONTINUOUS
10
1.4144322440944881
20
1.3655677559055117
11
1.4152893700787401
21
1.3661404724409449
0
LINE
8
BLACK
6
CONTINUOUS
10
1.4152893700787401
20
1.3661404724409449
11
1.4155886614173228
21
1.3664397637795276
0
LINE
8
BLACK
6
CONTINUOUS
10
1.4155886614173228
20
1.3664397637795276
11
1.4160267716535433
21
1.3666331889763779
0
LINE
8
BLACK
6
CONTINUOUS
10
1.4160267716535433
20
1.3666331889763779
11
1.4169867322834646
21
1.3672746456692912
0
LINE
8
BLACK
6
CONTINUOUS
10
1.4169867322834646
20
1.3672746456692912
11
1.4178833858267716
21
1.3674529921259841
0
LINE
8
BLACK
6
CONTINUOUS
10
1.4178833858267716
20
1.3674529921259841
11
1.4183411417322835
21
1.3676551181102361
0
LINE
8
BLACK
6
CONTINUOUS
10
1.4183411417322835
20
1.3676551181102361
11
1.4196809448818897
21
1.3678105511811023
0
LINE
8
BLACK
6
CONTINUOUS
10
1.4196809448818897
20
1.3678105511811023
11
1.4199999999999999
21
1.3678740157480314
0
LINE
8
BLACK
6
CONTINUOUS
10
1.4199999999999999
20
1.3678740157480314
11
1.48
21
1.3678740157480314
0
LINE
8
BLACK
6
CONTINUOUS
10
1.48
20
1.3678740157480314
11
1.4803191732283465
21
1.3678105118110235
0
LINE
8
BLACK
6
CONTINUOUS
10
0.6153191732283464
20
1.4696609055118111
11
0.6166588188976377
21
1.4695055118110236
0
LINE
8
BLACK
6
CONTINUOUS
10
0.6166588188976377
20
1.4695055118110236
11
0.6171164960629921
21
1.4693033858267717
0
LINE
8
BLACK
6
CONTINUOUS
10
0.6171164960629921
20
1.4693033858267717
11
0.6180132677165354
21
1.4691250393700788
0
LINE
8
BLACK
6
CONTINUOUS
10
0.6180132677165354
20
1.4691250393700788
11
0.6189732677165354
21
1.4684835433070866
0
LINE
8
BLACK
6
CONTINUOUS
10
0.6189732677165354
20
1.4684835433070866
11
0.6194112992125984
21
1.4682901574803149
0
LINE
8
BLACK
6
CONTINUOUS
10
0.6194112992125984
20
1.4682901574803149
11
0.6197104724409449
21
1.4679909448818897
0
LINE
8
BLACK
6
CONTINUOUS
10
0.6197104724409449
20
1.4679909448818897
11
0.6205677559055118
21
1.4674181496062992
0
LINE
8
BLACK
6
CONTINUOUS
10
0.6205677559055118
20
1.4674181496062992
11
0.6211405511811023
21
1.4665608661417322
0
LINE
8
BLACK
6
CONTINUOUS
10
0.6211405511811023
20
1.4665608661417322
11
0.6214397637795276
21
1.4662616929133858
0
LINE
8
BLACK
6
CONTINUOUS
10
0.6214397637795276
20
1.4662616929133858
11
0.6216331496062992
21
1.4658236614173228
0
LINE
8
BLACK
6
CONTINUOUS
10
0.6216331496062992
20
1.4658236614173228
11
0.6222746456692914
21
1.4648636614173227
0
LINE
8
BLACK
6
CONTINUOUS
10
0.6222746456692914
20
1.4648636614173227
11
0.6224529921259843
21
1.4639668897637794
0
LINE
8
BLACK
6
CONTINUOUS
10
0.6224529921259843
20
1.4639668897637794
11
0.6226551181102362
21
1.4635092125984253
0
LINE
8
BLACK
6
CONTINUOUS
10
0.6226551181102362
20
1.4635092125984253
11
0.6228105118110236
21
1.4621694881889764
0
LINE
8
BLACK
6
CONTINUOUS
10
0.6228105118110236
20
1.4621694881889764
11
0.6228740157480315
21
1.4618503937007874
0
LINE
8
BLACK
6
CONTINUOUS
10
0.6228740157480315
20
1.4618503937007874
11
0.6228740157480315
21
1.3118503937007873
0
LINE
8
BLACK
6
CONTINUOUS
10
0.6228740157480315
20
1.3118503937007873
11
0.6228105118110236
21
1.3115312598425197
0
LINE
8
BLACK
6
CONTINUOUS
10
0.6228105118110236
20
1.3115312598425197
11
0.6226551181102362
21
1.3101915354330709
0
LINE
8
BLACK
6
CONTINUOUS
10
0.6226551181102362
20
1.3101915354330709
11
0.6224529921259843
21
1.309733779527559
0
LINE
8
BLACK
6
CONTINUOUS
10
0.6224529921259843
20
1.309733779527559
11
0.6222746456692914
21
1.3088371259842519
0
LINE
8
BLACK
6
CONTINUOUS
10
0.6222746456692914
20
1.3088371259842519
11
0.621633188976378
21
1.3078771653543306
0
LINE
8
BLACK
6
CONTINUOUS
10
0.621633188976378
20
1.3078771653543306
11
0.6214397637795276
21
1.3074390551181103
0
LINE
8
BLACK
6
CONTINUOUS
10
0.6214397637795276
20
1.3074390551181103
11
0.6211404724409448
21
1.3071397637795275
0
LINE
8
BLACK
6
CONTINUOUS
10
0.6211404724409448
20
1.3071397637795275
11
0.6205677559055118
21
1.3062826377952756
0
LINE
8
BLACK
6
CONTINUOUS
10
0.6205677559055118
20
1.3062826377952756
11
0.6197105905511811
21
1.3057098818897637
0
LINE
8
BLACK
6
CONTINUOUS
10
0.6197105905511811
20
1.3057098818897637
11
0.6194112992125984
21
1.305410590551181
0
LINE
8
BLACK
6
CONTINUOUS
10
0.6194112992125984
20
1.305410590551181
11
0.6189731102362205
21
1.3052170866141732
0
LINE
8
BLACK
6
CONTINUOUS
10
0.6189731102362205
20
1.3052170866141732
11
0.6180132677165354
21
1.3045757480314961
0
LINE
8
BLACK
6
CONTINUOUS
10
0.6180132677165354
20
1.3045757480314961
11
0.6171166929133858
21
1.3043974015748032
0
LINE
8
BLACK
6
CONTINUOUS
10
0.6171166929133858
20
1.3043974015748032
11
0.6166588188976377
21
1.3041952362204725
0
LINE
8
BLACK
6
CONTINUOUS
10
0.6166588188976377
20
1.3041952362204725
11
0.6153186220472441
21
1.3040397244094488
0
LINE
8
BLACK
6
CONTINUOUS
10
0.6153186220472441
20
1.3040397244094488
11
0.615
21
1.3039763779527558
0
LINE
8
BLACK
6
CONTINUOUS
10
0.615
20
1.3039763779527558
11
0.6147723228346457
21
1.3039763779527558
0
LINE
8
BLACK
6
CONTINUOUS
10
0.6147723228346457
20
1.3039763779527558
11
0.465227716535433
21
1.3039763779527558
0
LINE
8
BLACK
6
CONTINUOUS
10
0.465227716535433
20
1.3039763779527558
11
0.465
21
1.3039763779527558
0
LINE
8
BLACK
6
CONTINUOUS
10
0.465
20
1.3039763779527558
11
0.4646813385826771
21
1.3040397244094488
0
LINE
8
BLACK
6
CONTINUOUS
10
0.4646813385826771
20
1.3040397244094488
11
0.4633411417322835
21
1.3041952362204725
0
LINE
8
BLACK
6
CONTINUOUS
10
0.4633411417322835
20
1.3041952362204725
11
0.4628832283464567
21
1.3043974015748032
0
LINE
8
BLACK
6
CONTINUOUS
10
0.4628832283464567
20
1.3043974015748032
11
0.4619867322834645
21
1.3045757480314961
0
LINE
8
BLACK
6
CONTINUOUS
10
0.4619867322834645
20
1.3045757480314961
11
0.4610269291338582
21
1.3052170472440945
0
LINE
8
BLACK
6
CONTINUOUS
10
0.4610269291338582
20
1.3052170472440945
11
0.4605886614173228
21
1.305410590551181
0
LINE
8
BLACK
6
CONTINUOUS
10
0.4605886614173228
20
1.305410590551181
11
0.460289251968504
21
1.3057099606299212
0
LINE
8
BLACK
6
CONTINUOUS
10
0.460289251968504
20
1.3057099606299212
11
0.4594322440944882
21
1.3062826377952756
0
LINE
8
BLACK
6
CONTINUOUS
10
0.4594322440944882
20
1.3062826377952756
11
0.4588595669291338
21
1.3071396456692914
0
LINE
8
BLACK
6
CONTINUOUS
10
0.4588595669291338
20
1.3071396456692914
11
0.4585601968503937
21
1.3074390551181103
0
LINE
8
BLACK
6
CONTINUOUS
10
0.4585601968503937
20
1.3074390551181103
11
0.4583666535433071
21
1.3078773228346456
0
LINE
8
BLACK
6
CONTINUOUS
10
0.4583666535433071
20
1.3078773228346456
11
0.4577253543307087
21
1.3088371259842519
0
LINE
8
BLACK
6
CONTINUOUS
10
0.4577253543307087
20
1.3088371259842519
11
0.4575470078740158
21
1.309733622047244
0
LINE
8
BLACK
6
CONTINUOUS
10
0.4575470078740158
20
1.309733622047244
11
0.457344842519685
21
1.3101915354330709
0
LINE
8
BLACK
6
CONTINUOUS
10
0.457344842519685
20
1.3101915354330709
11
0.4571893307086614
21
1.311531811023622
0
LINE
8
BLACK
6
CONTINUOUS
10
0.4571893307086614
20
1.311531811023622
11
0.4571259842519685
21
1.3118503937007873
0
LINE
8
BLACK
6
CONTINUOUS
10
0.4571259842519685
20
1.3118503937007873
11
0.4571259842519685
21
1.4618503937007874
0
LINE
8
BLACK
6
CONTINUOUS
10
0.4571259842519685
20
1.4618503937007874
11
0.4571893700787402
21
1.4621690944881889
0
LINE
8
BLACK
6
CONTINUOUS
10
0.4571893700787402
20
1.4621690944881889
11
0.457344842519685
21
1.4635092125984253
0
LINE
8
BLACK
6
CONTINUOUS
10
0.457344842519685
20
1.4635092125984253
11
0.4575470078740158
21
1.4639670866141732
0
LINE
8
BLACK
6
CONTINUOUS
10
0.4575470078740158
20
1.4639670866141732
11
0.4577253543307087
21
1.4648636614173227
0
LINE
8
BLACK
6
CONTINUOUS
10
0.4577253543307087
20
1.4648636614173227
11
0.4583666929133858
21
1.4658235039370078
0
LINE
8
BLACK
6
CONTINUOUS
10
0.4583666929133858
20
1.4658235039370078
11
0.4585601968503937
21
1.4662616929133858
0
LINE
8
BLACK
6
CONTINUOUS
10
0.4585601968503937
20
1.4662616929133858
11
0.4588594881889764
21
1.4665609842519685
0
LINE
8
BLACK
6
CONTINUOUS
10
0.4588594881889764
20
1.4665609842519685
11
0.4594322440944882
21
1.4674181496062992
0
LINE
8
BLACK
6
CONTINUOUS
10
0.4594322440944882
20
1.4674181496062992
11
0.4602893700787402
21
1.4679908661417322
0
LINE
8
BLACK
6
CONTINUOUS
10
0.4602893700787402
20
1.4679908661417322
11
0.4605886614173228
21
1.4682901574803149
0
LINE
8
BLACK
6
CONTINUOUS
10
0.4605886614173228
20
1.4682901574803149
11
0.4610267716535433
21
1.4684835826771654
0
LINE
8
BLACK
6
CONTINUOUS
10
0.4610267716535433
20
1.4684835826771654
11
0.4619867322834645
21
1.4691250393700788
0
LINE
8
BLACK
6
CONTINUOUS
10
0.4619867322834645
20
1.4691250393700788
11
0.4628833858267716
21
1.4693033858267717
0
LINE
8
BLACK
6
CONTINUOUS
10
0.4628833858267716
20
1.4693033858267717
11
0.4633411417322835
21
1.4695055118110236
0
LINE
8
BLACK
6
CONTINUOUS
10
0.4633411417322835
20
1.4695055118110236
11
0.4646809448818898
21
1.4696609448818898
0
LINE
8
BLACK
6
CONTINUOUS
10
0.4646809448818898
20
1.4696609448818898
11
0.465
21
1.4697244094488189
0
LINE
8
BLACK
6
CONTINUOUS
10
0.465
20
1.4697244094488189
11
0.615
21
1.4697244094488189
0
LINE
8
BLACK
6
CONTINUOUS
10
0.615
20
1.4697244094488189
11
0.6153191732283464
21
1.4696609055118111
0
LINE
8
BLACK
6
CONTINUOUS
10
0.8153191732283465
20
1.4696609055118111
11
0.8166588188976378
21
1.4695055118110236
0
LINE
8
BLACK
6
CONTINUOUS
10
0.8166588188976378
20
1.4695055118110236
11
0.8171164960629921
21
1.4693033858267717
0
LINE
8
BLACK
6
CONTINUOUS
10
0.8171164960629921
20
1.4693033858267717
11
0.8180132677165354
21
1.4691250393700788
0
LINE
8
BLACK
6
CONTINUOUS
10
0.8180132677165354
20
1.4691250393700788
11
0.8189732677165354
21
1.4684835433070866
0
LINE
8
BLACK
6
CONTINUOUS
10
0.8189732677165354
20
1.4684835433070866
11
0.8194112992125984
21
1.4682901574803149
0
LINE
8
BLACK
6
CONTINUOUS
10
0.8194112992125984
20
1.4682901574803149
11
0.8197104724409449
21
1.4679909448818897
0
LINE
8
BLACK
6
CONTINUOUS
10
0.8197104724409449
20
1.4679909448818897
11
0.8205677559055118
21
1.4674181496062992
0
LINE
8
BLACK
6
CONTINUOUS
10
0.8205677559055118
20
1.4674181496062992
11
0.8211405511811023
21
1.4665608661417322
0
LINE
8
BLACK
6
CONTINUOUS
10
0.8211405511811023
20
1.4665608661417322
11
0.8214397637795275
21
1.4662616929133858
0
LINE
8
BLACK
6
CONTINUOUS
10
0.8214397637795275
20
1.4662616929133858
11
0.8216331496062992
21
1.4658236614173228
0
LINE
8
BLACK
6
CONTINUOUS
10
0.8216331496062992
20
1.4658236614173228
11
0.8222746456692913
21
1.4648636614173227
0
LINE
8
BLACK
6
CONTINUOUS
10
0.8222746456692913
20
1.4648636614173227
11
0.8224529921259842
21
1.4639668897637794
0
LINE
8
BLACK
6
CONTINUOUS
10
0.8224529921259842
20
1.4639668897637794
11
0.8226551181102362
21
1.4635092125984253
0
LINE
8
BLACK
6
CONTINUOUS
10
0.8226551181102362
20
1.4635092125984253
11
0.8228105118110236
21
1.4621694881889764
0
LINE
8
BLACK
6
CONTINUOUS
10
0.8228105118110236
20
1.4621694881889764
11
0.8228740157480314
21
1.4618503937007874
0
LINE
8
BLACK
6
CONTINUOUS
10
0.8228740157480314
20
1.4618503937007874
11
0.8228740157480314
21
1.3118503937007873
0
LINE
8
BLACK
6
CONTINUOUS
10
0.8228740157480314
20
1.3118503937007873
11
0.8228105118110236
21
1.3115312598425197
0
LINE
8
BLACK
6
CONTINUOUS
10
0.8228105118110236
20
1.3115312598425197
11
0.8226551181102362
21
1.3101915354330709
0
LINE
8
BLACK
6
CONTINUOUS
10
0.8226551181102362
20
1.3101915354330709
11
0.8224529921259842
21
1.309733779527559
0
LINE
8
BLACK
6
CONTINUOUS
10
0.8224529921259842
20
1.309733779527559
11
0.8222746456692913
21
1.3088371259842519
0
LINE
8
BLACK
6
CONTINUOUS
10
0.8222746456692913
20
1.3088371259842519
11
0.8216331889763779
21
1.3078771653543306
0
LINE
8
BLACK
6
CONTINUOUS
10
0.8216331889763779
20
1.3078771653543306
11
0.8214397637795275
21
1.3074390551181103
0
LINE
8
BLACK
6
CONTINUOUS
10
0.8214397637795275
20
1.3074390551181103
11
0.8211404724409449
21
1.3071397637795275
0
LINE
8
BLACK
6
CONTINUOUS
10
0.8211404724409449
20
1.3071397637795275
11
0.8205677559055118
21
1.3062826377952756
0
LINE
8
BLACK
6
CONTINUOUS
10
0.8205677559055118
20
1.3062826377952756
11
0.8197105905511811
21
1.3057098818897637
0
LINE
8
BLACK
6
CONTINUOUS
10
0.8197105905511811
20
1.3057098818897637
11
0.8194112992125984
21
1.305410590551181
0
LINE
8
BLACK
6
CONTINUOUS
10
0.8194112992125984
20
1.305410590551181
11
0.8189731102362204
21
1.3052170866141732
0
LINE
8
BLACK
6
CONTINUOUS
10
0.8189731102362204
20
1.3052170866141732
11
0.8180132677165354
21
1.3045757480314961
0
LINE
8
BLACK
6
CONTINUOUS
10
0.8180132677165354
20
1.3045757480314961
11
0.8171166929133858
21
1.3043974015748032
0
LINE
8
BLACK
6
CONTINUOUS
10
0.8171166929133858
20
1.3043974015748032
11
0.8166588188976378
21
1.3041952362204725
0
LINE
8
BLACK
6
CONTINUOUS
10
0.8166588188976378
20
1.3041952362204725
11
0.815318622047244
21
1.3040397244094488
0
LINE
8
BLACK
6
CONTINUOUS
10
0.815318622047244
20
1.3040397244094488
11
0.8149999999999999
21
1.3039763779527558
0
LINE
8
BLACK
6
CONTINUOUS
10
0.8149999999999999
20
1.3039763779527558
11
0.8147723228346456
21
1.3039763779527558
0
LINE
8
BLACK
6
CONTINUOUS
10
0.8147723228346456
20
1.3039763779527558
11
0.6652277165354331
21
1.3039763779527558
0
LINE
8
BLACK
6
CONTINUOUS
10
0.6652277165354331
20
1.3039763779527558
11
0.665
21
1.3039763779527558
0
LINE
8
BLACK
6
CONTINUOUS
10
0.665
20
1.3039763779527558
11
0.6646813385826772
21
1.3040397244094488
0
LINE
8
BLACK
6
CONTINUOUS
10
0.6646813385826772
20
1.3040397244094488
11
0.6633411417322834
21
1.3041952362204725
0
LINE
8
BLACK
6
CONTINUOUS
10
0.6633411417322834
20
1.3041952362204725
11
0.6628832283464566
21
1.3043974015748032
0
LINE
8
BLACK
6
CONTINUOUS
10
0.6628832283464566
20
1.3043974015748032
11
0.6619867322834646
21
1.3045757480314961
0
LINE
8
BLACK
6
CONTINUOUS
10
0.6619867322834646
20
1.3045757480314961
11
0.6610269291338583
21
1.3052170472440945
0
LINE
8
BLACK
6
CONTINUOUS
10
0.6610269291338583
20
1.3052170472440945
11
0.6605886614173229
21
1.305410590551181
0
LINE
8
BLACK
6
CONTINUOUS
10
0.6605886614173229
20
1.305410590551181
11
0.660289251968504
21
1.3057099606299212
0
LINE
8
BLACK
6
CONTINUOUS
10
0.660289251968504
20
1.3057099606299212
11
0.6594322440944882
21
1.3062826377952756
0
LINE
8
BLACK
6
CONTINUOUS
10
0.6594322440944882
20
1.3062826377952756
11
0.6588595669291338
21
1.3071396456692914
0
LINE
8
BLACK
6
CONTINUOUS
10
0.6588595669291338
20
1.3071396456692914
11
0.6585601968503937
21
1.3074390551181103
0
LINE
8
BLACK
6
CONTINUOUS
10
0.6585601968503937
20
1.3074390551181103
11
0.658366653543307
21
1.3078773228346456
0
LINE
8
BLACK
6
CONTINUOUS
10
0.658366653543307
20
1.3078773228346456
11
0.6577253543307087
21
1.3088371259842519
0
LINE
8
BLACK
6
CONTINUOUS
10
0.6577253543307087
20
1.3088371259842519
11
0.6575470078740158
21
1.309733622047244
0
LINE
8
BLACK
6
CONTINUOUS
10
0.6575470078740158
20
1.309733622047244
11
0.6573448425196851
21
1.3101915354330709
0
LINE
8
BLACK
6
CONTINUOUS
10
0.6573448425196851
20
1.3101915354330709
11
0.6571893307086614
21
1.311531811023622
0
LINE
8
BLACK
6
CONTINUOUS
10
0.6571893307086614
20
1.311531811023622
11
0.6571259842519684
21
1.3118503937007873
0
LINE
8
BLACK
6
CONTINUOUS
10
0.6571259842519684
20
1.3118503937007873
11
0.6571259842519684
21
1.4618503937007874
0
LINE
8
BLACK
6
CONTINUOUS
10
0.6571259842519684
20
1.4618503937007874
11
0.6571893700787401
21
1.4621690944881889
0
LINE
8
BLACK
6
CONTINUOUS
10
0.6571893700787401
20
1.4621690944881889
11
0.6573448425196851
21
1.4635092125984253
0
LINE
8
BLACK
6
CONTINUOUS
10
0.6573448425196851
20
1.4635092125984253
11
0.6575470078740158
21
1.4639670866141732
0
LINE
8
BLACK
6
CONTINUOUS
10
0.6575470078740158
20
1.4639670866141732
11
0.6577253543307087
21
1.4648636614173227
0
LINE
8
BLACK
6
CONTINUOUS
10
0.6577253543307087
20
1.4648636614173227
11
0.6583666929133858
21
1.4658235039370078
0
LINE
8
BLACK
6
CONTINUOUS
10
0.6583666929133858
20
1.4658235039370078
11
0.6585601968503937
21
1.4662616929133858
0
LINE
8
BLACK
6
CONTINUOUS
10
0.6585601968503937
20
1.4662616929133858
11
0.6588594881889763
21
1.4665609842519685
0
LINE
8
BLACK
6
CONTINUOUS
10
0.6588594881889763
20
1.4665609842519685
11
0.6594322440944882
21
1.4674181496062992
0
LINE
8
BLACK
6
CONTINUOUS
10
0.6594322440944882
20
1.4674181496062992
11
0.6602893700787401
21
1.4679908661417322
0
LINE
8
BLACK
6
CONTINUOUS
10
0.6602893700787401
20
1.4679908661417322
11
0.6605886614173229
21
1.4682901574803149
0
LINE
8
BLACK
6
CONTINUOUS
10
0.6605886614173229
20
1.4682901574803149
11
0.6610267716535433
21
1.4684835826771654
0
LINE
8
BLACK
6
CONTINUOUS
10
0.6610267716535433
20
1.4684835826771654
11
0.6619867322834646
21
1.4691250393700788
0
LINE
8
BLACK
6
CONTINUOUS
10
0.6619867322834646
20
1.4691250393700788
11
0.6628833858267716
21
1.4693033858267717
0
LINE
8
BLACK
6
CONTINUOUS
10
0.6628833858267716
20
1.4693033858267717
11
0.6633411417322834
21
1.4695055118110236
0
LINE
8
BLACK
6
CONTINUOUS
10
0.6633411417322834
20
1.4695055118110236
11
0.6646809448818898
21
1.4696609448818898
0
LINE
8
BLACK
6
CONTINUOUS
10
0.6646809448818898
20
1.4696609448818898
11
0.665
21
1.4697244094488189
0
LINE
8
BLACK
6
CONTINUOUS
10
0.665
20
1.4697244094488189
11
0.8149999999999999
21
1.4697244094488189
0
LINE
8
BLACK
6
CONTINUOUS
10
0.8149999999999999
20
1.4697244094488189
11
0.8153191732283465
21
1.4696609055118111
0
LINE
8
BLACK
6
CONTINUOUS
10
1.3803191732283464
20
1.4678105118110236
11
1.3816588188976378
21
1.4676551181102362
0
LINE
8
BLACK
6
CONTINUOUS
10
1.3816588188976378
20
1.4676551181102362
11
1.3821164960629921
21
1.4674529921259842
0
LINE
8
BLACK
6
CONTINUOUS
10
1.3821164960629921
20
1.4674529921259842
11
1.3830132677165354
21
1.4672746456692913
0
LINE
8
BLACK
6
CONTINUOUS
10
1.3830132677165354
20
1.4672746456692913
11
1.3839732677165355
21
1.4666331496062992
0
LINE
8
BLACK
6
CONTINUOUS
10
1.3839732677165355
20
1.4666331496062992
11
1.3844112992125983
21
1.4664397637795274
0
LINE
8
BLACK
6
CONTINUOUS
10
1.3844112992125983
20
1.4664397637795274
11
1.3847104724409449
21
1.4661405511811023
0
LINE
8
BLACK
6
CONTINUOUS
10
1.3847104724409449
20
1.4661405511811023
11
1.3855677559055117
21
1.4655677559055118
0
LINE
8
BLACK
6
CONTINUOUS
10
1.3855677559055117
20
1.4655677559055118
11
1.3861405511811022
21
1.4647104724409448
0
LINE
8
BLACK
6
CONTINUOUS
10
1.3861405511811022
20
1.4647104724409448
11
1.3864397637795276
21
1.4644112992125984
0
LINE
8
BLACK
6
CONTINUOUS
10
1.3864397637795276
20
1.4644112992125984
11
1.3866331496062991
21
1.4639732677165354
0
LINE
8
BLACK
6
CONTINUOUS
10
1.3866331496062991
20
1.4639732677165354
11
1.3872746456692913
21
1.4630132677165355
0
LINE
8
BLACK
6
CONTINUOUS
10
1.3872746456692913
20
1.4630132677165355
11
1.3874529921259842
21
1.462116496062992
0
LINE
8
BLACK
6
CONTINUOUS
10
1.3874529921259842
20
1.462116496062992
11
1.3876551181102361
21
1.4616588188976378
0
LINE
8
BLACK
6
CONTINUOUS
10
1.3876551181102361
20
1.4616588188976378
11
1.3878105118110236
21
1.460319094488189
0
LINE
8
BLACK
6
CONTINUOUS
10
1.3878105118110236
20
1.460319094488189
11
1.3878740157480314
21
1.46
0
LINE
8
BLACK
6
CONTINUOUS
10
1.3878740157480314
20
1.46
11
1.3878740157480314
21
1.3999999999999999
0
LINE
8
BLACK
6
CONTINUOUS
10
1.3878740157480314
20
1.3999999999999999
11
1.3878105118110236
21
1.3996808661417321
0
LINE
8
BLACK
6
CONTINUOUS
10
1.3878105118110236
20
1.3996808661417321
11
1.3876551181102361
21
1.3983411417322835
0
LINE
8
BLACK
6
CONTINUOUS
10
1.3876551181102361
20
1.3983411417322835
11
1.3874529921259842
21
1.3978833858267716
0
LINE
8
BLACK
6
CONTINUOUS
10
1.3874529921259842
20
1.3978833858267716
11
1.3872746456692913
21
1.3969867322834646
0
LINE
8
BLACK
6
CONTINUOUS
10
1.3872746456692913
20
1.3969867322834646
11
1.3866331889763779
21
1.3960267716535433
0
LINE
8
BLACK
6
CONTINUOUS
10
1.3866331889763779
20
1.3960267716535433
11
1.3864397637795276
21
1.3955886614173227
0
LINE
8
BLACK
6
CONTINUOUS
10
1.3864397637795276
20
1.3955886614173227
11
1.386140472440945
21
1.3952893700787401
0
LINE
8
BLACK
6
CONTINUOUS
10
1.386140472440945
20
1.3952893700787401
11
1.3855677559055117
21
1.3944322440944881
0
LINE
8
BLACK
6
CONTINUOUS
10
1.3855677559055117
20
1.3944322440944881
11
1.3847105905511812
21
1.3938594881889763
0
LINE
8
BLACK
6
CONTINUOUS
10
1.3847105905511812
20
1.3938594881889763
11
1.3844112992125983
21
1.3935601968503937
0
LINE
8
BLACK
6
CONTINUOUS
10
1.3844112992125983
20
1.3935601968503937
11
1.3839731102362205
21
1.3933666929133859
0
LINE
8
BLACK
6
CONTINUOUS
10
1.3839731102362205
20
1.3933666929133859
11
1.3830132677165354
21
1.3927253543307085
0
LINE
8
BLACK
6
CONTINUOUS
10
1.3830132677165354
20
1.3927253543307085
11
1.3821166929133859
21
1.3925470078740156
0
LINE
8
BLACK
6
CONTINUOUS
10
1.3821166929133859
20
1.3925470078740156
11
1.3816588188976378
21
1.3923448425196849
0
LINE
8
BLACK
6
CONTINUOUS
10
1.3816588188976378
20
1.3923448425196849
11
1.3803186220472441
21
1.3921893307086615
0
LINE
8
BLACK
6
CONTINUOUS
10
1.3803186220472441
20
1.3921893307086615
11
1.3799999999999999
21
1.3921259842519684
0
LINE
8
BLACK
6
CONTINUOUS
10
1.3799999999999999
20
1.3921259842519684
11
1.3797723228346457
21
1.3921259842519684
0
LINE
8
BLACK
6
CONTINUOUS
10
1.3797723228346457
20
1.3921259842519684
11
1.320227716535433
21
1.3921259842519684
0
LINE
8
BLACK
6
CONTINUOUS
10
1.320227716535433
20
1.3921259842519684
11
1.3200000000000001
21
1.3921259842519684
0
LINE
8
BLACK
6
CONTINUOUS
10
1.3200000000000001
20
1.3921259842519684
11
1.3196813385826771
21
1.3921893307086615
0
LINE
8
BLACK
6
CONTINUOUS
10
1.3196813385826771
20
1.3921893307086615
11
1.3183411417322835
21
1.3923448425196849
0
LINE
8
BLACK
6
CONTINUOUS
10
1.3183411417322835
20
1.3923448425196849
11
1.3178832283464568
21
1.3925470078740156
0
LINE
8
BLACK
6
CONTINUOUS
10
1.3178832283464568
20
1.3925470078740156
11
1.3169867322834645
21
1.3927253543307085
0
LINE
8
BLACK
6
CONTINUOUS
10
1.3169867322834645
20
1.3927253543307085
11
1.3160269291338582
21
1.3933666535433071
0
LINE
8
BLACK
6
CONTINUOUS
10
1.3160269291338582
20
1.3933666535433071
11
1.3155886614173229
21
1.3935601968503937
0
LINE
8
BLACK
6
CONTINUOUS
10
1.3155886614173229
20
1.3935601968503937
11
1.315289251968504
21
1.3938595669291338
0
LINE
8
BLACK
6
CONTINUOUS
10
1.315289251968504
20
1.3938595669291338
11
1.3144322440944882
21
1.3944322440944881
0
LINE
8
BLACK
6
CONTINUOUS
10
1.3144322440944882
20
1.3944322440944881
11
1.3138595669291337
21
1.3952892519685038
0
LINE
8
BLACK
6
CONTINUOUS
10
1.3138595669291337
20
1.3952892519685038
11
1.3135601968503936
21
1.3955886614173227
0
LINE
8
BLACK
6
CONTINUOUS
10
1.3135601968503936
20
1.3955886614173227
11
1.3133666535433071
21
1.3960269291338583
0
LINE
8
BLACK
6
CONTINUOUS
10
1.3133666535433071
20
1.3960269291338583
11
1.3127253543307087
21
1.3969867322834646
0
LINE
8
BLACK
6
CONTINUOUS
10
1.3127253543307087
20
1.3969867322834646
11
1.3125470078740158
21
1.3978832283464566
0
LINE
8
BLACK
6
CONTINUOUS
10
1.3125470078740158
20
1.3978832283464566
11
1.3123448425196851
21
1.3983411417322835
0
LINE
8
BLACK
6
CONTINUOUS
10
1.3123448425196851
20
1.3983411417322835
11
1.3121893307086614
21
1.3996814173228347
0
LINE
8
BLACK
6
CONTINUOUS
10
1.3121893307086614
20
1.3996814173228347
11
1.3121259842519686
21
1.3999999999999999
0
LINE
8
BLACK
6
CONTINUOUS
10
1.3121259842519686
20
1.3999999999999999
11
1.3121259842519686
21
1.46
0
LINE
8
BLACK
6
CONTINUOUS
10
1.3121259842519686
20
1.46
11
1.3121893700787401
21
1.4603187007874014
0
LINE
8
BLACK
6
CONTINUOUS
10
1.3121893700787401
20
1.4603187007874014
11
1.3123448425196851
21
1.4616588188976378
0
LINE
8
BLACK
6
CONTINUOUS
10
1.3123448425196851
20
1.4616588188976378
11
1.3125470078740158
21
1.4621166929133858
0
LINE
8
BLACK
6
CONTINUOUS
10
1.3125470078740158
20
1.4621166929133858
11
1.3127253543307087
21
1.4630132677165355
0
LINE
8
BLACK
6
CONTINUOUS
10
1.3127253543307087
20
1.4630132677165355
11
1.3133666929133858
21
1.4639731102362203
0
LINE
8
BLACK
6
CONTINUOUS
10
1.3133666929133858
20
1.4639731102362203
11
1.3135601968503936
21
1.4644112992125984
0
LINE
8
BLACK
6
CONTINUOUS
10
1.3135601968503936
20
1.4644112992125984
11
1.3138594881889762
21
1.464710590551181
0
LINE
8
BLACK
6
CONTINUOUS
10
1.3138594881889762
20
1.464710590551181
11
1.3144322440944882
21
1.4655677559055118
0
LINE
8
BLACK
6
CONTINUOUS
10
1.3144322440944882
20
1.4655677559055118
11
1.31528937007874
21
1.4661404724409448
0
LINE
8
BLACK
6
CONTINUOUS
10
1.31528937007874
20
1.4661404724409448
11
1.3155886614173229
21
1.4664397637795274
0
LINE
8
BLACK
6
CONTINUOUS
10
1.3155886614173229
20
1.4664397637795274
11
1.3160267716535432
21
1.466633188976378
0
LINE
8
BLACK
6
CONTINUOUS
10
1.3160267716535432
20
1.466633188976378
11
1.3169867322834645
21
1.4672746456692913
0
LINE
8
BLACK
6
CONTINUOUS
10
1.3169867322834645
20
1.4672746456692913
11
1.3178833858267716
21
1.4674529921259842
0
LINE
8
BLACK
6
CONTINUOUS
10
1.3178833858267716
20
1.4674529921259842
11
1.3183411417322835
21
1.4676551181102362
0
LINE
8
BLACK
6
CONTINUOUS
10
1.3183411417322835
20
1.4676551181102362
11
1.3196809448818898
21
1.4678105511811024
0
LINE
8
BLACK
6
CONTINUOUS
10
1.3196809448818898
20
1.4678105511811024
11
1.3200000000000001
21
1.4678740157480314
0
LINE
8
BLACK
6
CONTINUOUS
10
1.3200000000000001
20
1.4678740157480314
11
1.3799999999999999
21
1.4678740157480314
0
LINE
8
BLACK
6
CONTINUOUS
10
1.3799999999999999
20
1.4678740157480314
11
1.3803191732283464
21
1.4678105118110236
0
LINE
8
BLACK
6
CONTINUOUS
10
1.4803191732283465
20
1.4678105118110236
11
1.4816588188976378
21
1.4676551181102362
0
LINE
8
BLACK
6
CONTINUOUS
10
1.4816588188976378
20
1.4676551181102362
11
1.482116496062992
21
1.4674529921259842
0
LINE
8
BLACK
6
CONTINUOUS
10
1.482116496062992
20
1.4674529921259842
11
1.4830132677165353
21
1.4672746456692913
0
LINE
8
BLACK
6
CONTINUOUS
10
1.4830132677165353
20
1.4672746456692913
11
1.4839732677165354
21
1.4666331496062992
0
LINE
8
BLACK
6
CONTINUOUS
10
1.4839732677165354
20
1.4666331496062992
11
1.4844112992125984
21
1.4664397637795274
0
LINE
8
BLACK
6
CONTINUOUS
10
1.4844112992125984
20
1.4664397637795274
11
1.4847104724409448
21
1.4661405511811023
0
LINE
8
BLACK
6
CONTINUOUS
10
1.4847104724409448
20
1.4661405511811023
11
1.4855677559055118
21
1.4655677559055118
0
LINE
8
BLACK
6
CONTINUOUS
10
1.4855677559055118
20
1.4655677559055118
11
1.4861405511811023
21
1.4647104724409448
0
LINE
8
BLACK
6
CONTINUOUS
10
1.4861405511811023
20
1.4647104724409448
11
1.4864397637795275
21
1.4644112992125984
0
LINE
8
BLACK
6
CONTINUOUS
10
1.4864397637795275
20
1.4644112992125984
11
1.4866331496062992
21
1.4639732677165354
0
LINE
8
BLACK
6
CONTINUOUS
10
1.4866331496062992
20
1.4639732677165354
11
1.4872746456692914
21
1.4630132677165355
0
LINE
8
BLACK
6
CONTINUOUS
10
1.4872746456692914
20
1.4630132677165355
11
1.4874529921259843
21
1.462116496062992
0
LINE
8
BLACK
6
CONTINUOUS
10
1.4874529921259843
20
1.462116496062992
11
1.4876551181102362
21
1.4616588188976378
0
LINE
8
BLACK
6
CONTINUOUS
10
1.4876551181102362
20
1.4616588188976378
11
1.4878105118110236
21
1.460319094488189
0
LINE
8
BLACK
6
CONTINUOUS
10
1.4878105118110236
20
1.460319094488189
11
1.4878740157480315
21
1.46
0
LINE
8
BLACK
6
CONTINUOUS
10
1.4878740157480315
20
1.46
11
1.4878740157480315
21
1.3999999999999999
0
LINE
8
BLACK
6
CONTINUOUS
10
1.4878740157480315
20
1.3999999999999999
11
1.4878105118110236
21
1.3996808661417321
0
LINE
8
BLACK
6
CONTINUOUS
10
1.4878105118110236
20
1.3996808661417321
11
1.4876551181102362
21
1.3983411417322835
0
LINE
8
BLACK
6
CONTINUOUS
10
1.4876551181102362
20
1.3983411417322835
11
1.4874529921259843
21
1.3978833858267716
0
LINE
8
BLACK
6
CONTINUOUS
10
1.4874529921259843
20
1.3978833858267716
11
1.4872746456692914
21
1.3969867322834646
0
LINE
8
BLACK
6
CONTINUOUS
10
1.4872746456692914
20
1.3969867322834646
11
1.486633188976378
21
1.3960267716535433
0
LINE
8
BLACK
6
CONTINUOUS
10
1.486633188976378
20
1.3960267716535433
11
1.4864397637795275
21
1.3955886614173227
0
LINE
8
BLACK
6
CONTINUOUS
10
1.4864397637795275
20
1.3955886614173227
11
1.4861404724409448
21
1.3952893700787401
0
LINE
8
BLACK
6
CONTINUOUS
10
1.4861404724409448
20
1.3952893700787401
11
1.4855677559055118
21
1.3944322440944881
0
LINE
8
BLACK
6
CONTINUOUS
10
1.4855677559055118
20
1.3944322440944881
11
1.484710590551181
21
1.3938594881889763
0
LINE
8
BLACK
6
CONTINUOUS
10
1.484710590551181
20
1.3938594881889763
11
1.4844112992125984
21
1.3935601968503937
0
LINE
8
BLACK
6
CONTINUOUS
10
1.4844112992125984
20
1.3935601968503937
11
1.4839731102362204
21
1.3933666929133859
0
LINE
8
BLACK
6
CONTINUOUS
10
1.4839731102362204
20
1.3933666929133859
11
1.4830132677165353
21
1.3927253543307085
0
LINE
8
BLACK
6
CONTINUOUS
10
1.4830132677165353
20
1.3927253543307085
11
1.4821166929133858
21
1.3925470078740156
0
LINE
8
BLACK
6
CONTINUOUS
10
1.4821166929133858
20
1.3925470078740156
11
1.4816588188976378
21
1.3923448425196849
0
LINE
8
BLACK
6
CONTINUOUS
10
1.4816588188976378
20
1.3923448425196849
11
1.480318622047244
21
1.3921893307086615
0
LINE
8
BLACK
6
CONTINUOUS
10
1.480318622047244
20
1.3921893307086615
11
1.48
21
1.3921259842519684
0
LINE
8
BLACK
6
CONTINUOUS
10
1.48
20
1.3921259842519684
11
1.4797723228346455
21
1.3921259842519684
0
LINE
8
BLACK
6
CONTINUOUS
10
1.4797723228346455
20
1.3921259842519684
11
1.4202277165354331
21
1.3921259842519684
0
LINE
8
BLACK
6
CONTINUOUS
10
1.4202277165354331
20
1.3921259842519684
11
1.4199999999999999
21
1.3921259842519684
0
LINE
8
BLACK
6
CONTINUOUS
10
1.4199999999999999
20
1.3921259842519684
11
1.4196813385826772
21
1.3921893307086615
0
LINE
8
BLACK
6
CONTINUOUS
10
1.4196813385826772
20
1.3921893307086615
11
1.4183411417322835
21
1.3923448425196849
0
LINE
8
BLACK
6
CONTINUOUS
10
1.4183411417322835
20
1.3923448425196849
11
1.4178832283464566
21
1.3925470078740156
0
LINE
8
BLACK
6
CONTINUOUS
10
1.4178832283464566
20
1.3925470078740156
11
1.4169867322834646
21
1.3927253543307085
0
LINE
8
BLACK
6
CONTINUOUS
10
1.4169867322834646
20
1.3927253543307085
11
1.4160269291338583
21
1.3933666535433071
0
LINE
8
BLACK
6
CONTINUOUS
10
1.4160269291338583
20
1.3933666535433071
11
1.4155886614173228
21
1.3935601968503937
0
LINE
8
BLACK
6
CONTINUOUS
10
1.4155886614173228
20
1.3935601968503937
11
1.4152892519685039
21
1.3938595669291338
0
LINE
8
BLACK
6
CONTINUOUS
10
1.4152892519685039
20
1.3938595669291338
11
1.4144322440944881
21
1.3944322440944881
0
LINE
8
BLACK
6
CONTINUOUS
10
1.4144322440944881
20
1.3944322440944881
11
1.4138595669291338
21
1.3952892519685038
0
LINE
8
BLACK
6
CONTINUOUS
10
1.4138595669291338
20
1.3952892519685038
11
1.4135601968503937
21
1.3955886614173227
0
LINE
8
BLACK
6
CONTINUOUS
10
1.4135601968503937
20
1.3955886614173227
11
1.4133666535433071
21
1.3960269291338583
0
LINE
8
BLACK
6
CONTINUOUS
10
1.4133666535433071
20
1.3960269291338583
11
1.4127253543307086
21
1.3969867322834646
0
LINE
8
BLACK
6
CONTINUOUS
10
1.4127253543307086
20
1.3969867322834646
11
1.4125470078740157
21
1.3978832283464566
0
LINE
8
BLACK
6
CONTINUOUS
10
1.4125470078740157
20
1.3978832283464566
11
1.412344842519685
21
1.3983411417322835
0
LINE
8
BLACK
6
CONTINUOUS
10
1.412344842519685
20
1.3983411417322835
11
1.4121893307086615
21
1.3996814173228347
0
LINE
8
BLACK
6
CONTINUOUS
10
1.4121893307086615
20
1.3996814173228347
11
1.4121259842519684
21
1.3999999999999999
0
LINE
8
BLACK
6
CONTINUOUS
10
1.4121259842519684
20
1.3999999999999999
11
1.4121259842519684
21
1.46
0
LINE
8
BLACK
6
CONTINUOUS
10
1.4121259842519684
20
1.46
11
1.4121893700787402
21
1.4603187007874014
0
LINE
8
BLACK
6
CONTINUOUS
10
1.4121893700787402
20
1.4603187007874014
11
1.412344842519685
21
1.4616588188976378
0
LINE
8
BLACK
6
CONTINUOUS
10
1.412344842519685
20
1.4616588188976378
11
1.4125470078740157
21
1.4621166929133858
0
LINE
8
BLACK
6
CONTINUOUS
10
1.4125470078740157
20
1.4621166929133858
11
1.4127253543307086
21
1.4630132677165355
0
LINE
8
BLACK
6
CONTINUOUS
10
1.4127253543307086
20
1.4630132677165355
11
1.4133666929133859
21
1.4639731102362203
0
LINE
8
BLACK
6
CONTINUOUS
10
1.4133666929133859
20
1.4639731102362203
11
1.4135601968503937
21
1.4644112992125984
0
LINE
8
BLACK
6
CONTINUOUS
10
1.4135601968503937
20
1.4644112992125984
11
1.4138594881889763
21
1.464710590551181
0
LINE
8
BLACK
6
CONTINUOUS
10
1.4138594881889763
20
1.464710590551181
11
1.4144322440944881
21
1.4655677559055118
0
LINE
8
BLACK
6
CONTINUOUS
10
1.4144322440944881
20
1.4655677559055118
11
1.4152893700787401
21
1.4661404724409448
0
LINE
8
BLACK
6
CONTINUOUS
10
1.4152893700787401
20
1.4661404724409448
11
1.4155886614173228
21
1.4664397637795274
0
LINE
8
BLACK
6
CONTINUOUS
10
1.4155886614173228
20
1.4664397637795274
11
1.4160267716535433
21
1.466633188976378
0
LINE
8
BLACK
6
CONTINUOUS
10
1.4160267716535433
20
1.466633188976378
11
1.4169867322834646
21
1.4672746456692913
0
LINE
8
BLACK
6
CONTINUOUS
10
1.4169867322834646
20
1.4672746456692913
11
1.4178833858267716
21
1.4674529921259842
0
LINE
8
BLACK
6
CONTINUOUS
10
1.4178833858267716
20
1.4674529921259842
11
1.4183411417322835
21
1.4676551181102362
0
LINE
8
BLACK
6
CONTINUOUS
10
1.4183411417322835
20
1.4676551181102362
11
1.4196809448818897
21
1.4678105511811024
0
LINE
8
BLACK
6
CONTINUOUS
10
1.4196809448818897
20
1.4678105511811024
11
1.4199999999999999
21
1.4678740157480314
0
LINE
8
BLACK
6
CONTINUOUS
10
1.4199999999999999
20
1.4678740157480314
11
1.48
21
1.4678740157480314
0
LINE
8
BLACK
6
CONTINUOUS
10
1.48
20
1.4678740157480314
11
1.4803191732283465
21
1.4678105118110236
  0
ENDSEC
  0
EOF
