  0
SECTION
  2
HEADER
  9
$ANGBASE
  50
0.0
  9
$ANGDIR
  70
1
  9
$MEASUREMENT
  70
0
  0
ENDSEC
  0
SECTION
  2
TABLES
  0
TABLE
  2
LTYPE
  70
4
  0
LTYPE
  5
40F
  2
CONTINUOUS
  70
0
  3
Solid line
  72
65
  73
0
  40
0.0
  0
LTYPE
  5
410
  2
DASHDOT
 70
0
  3
Dash Dot ____ _ ____ _
 72
65
 73
4
 40
2.0
 49
1.25
 49
-0.25
 49
0.25
 49
-0.25
  0
LTYPE
  5
411
  2
DASHED
 70
0
  3
Dashed __ __ __ __ __
 72
65
 73
2
 40
0.75
 49
0.5
 49
-0.25
  0
LTYPE
  5
43B
  2
DOTTED
 70
0
  3
Dotted .  .  .  .
 72
65
 73
2
 40
0.2
 49
0.0
 49
-0.2
  0
ENDTAB
  0
TABLE
  2
STYLE
  70
4
  0
STYLE
  2
KICAD
  70
0
  40
0
  41
1
  42
1
  50
0
  71
0
  3
isocp.shx
  0
STYLE
  2
KICADB
  70
0
  40
0
  41
1
  42
1
  50
0
  71
0
  3
isocp.shx
  0
STYLE
  2
KICADI
  70
0
  40
0
  41
1
  42
1
  50
15
  71
0
  3
isocp.shx
  0
STYLE
  2
KICADBI
  70
0
  40
0
  41
1
  42
1
  50
15
  71
0
  3
isocp.shx
  0
ENDTAB
  0
TABLE
  2
LAYER
  70
1
  0
LAYER
  2
BLACK
  70
0
  62
7
  6
CONTINUOUS
  0
ENDTAB
  0
ENDSEC
  0
SECTION
  2
ENTITIES
0
LINE
8
BLACK
6
CONTINUOUS
10
0.8083933464566929
20
0.5392556299212599
11
0.809809251968504
21
0.537306811023622
0
LINE
8
BLACK
6
CONTINUOUS
10
0.809809251968504
20
0.537306811023622
11
0.8099999999999999
21
0.5361023622047244
0
LINE
8
BLACK
6
CONTINUOUS
10
0.8099999999999999
20
0.5361023622047244
11
0.8099999999999999
21
0.4925161417322835
0
LINE
8
BLACK
6
CONTINUOUS
10
0.8099999999999999
20
0.4925161417322835
11
0.8093431102362204
21
0.4903507874015748
0
LINE
8
BLACK
6
CONTINUOUS
10
0.8093431102362204
20
0.4903507874015748
11
0.8076116535433071
21
0.4877594881889764
0
LINE
8
BLACK
6
CONTINUOUS
10
0.8076116535433071
20
0.4877594881889764
11
0.8070303149606299
21
0.4848368503937008
0
LINE
8
BLACK
6
CONTINUOUS
10
0.8070303149606299
20
0.4848368503937008
11
0.8070303149606299
21
0.48385
0
LINE
8
BLACK
6
CONTINUOUS
10
0.8070303149606299
20
0.48385
11
0.80715
21
0.48385
0
LINE
8
BLACK
6
CONTINUOUS
10
0.80715
20
0.48385
11
0.80715
21
0.42875
0
LINE
8
BLACK
6
CONTINUOUS
10
0.80715
20
0.42875
11
0.8070303149606299
21
0.42875
0
LINE
8
BLACK
6
CONTINUOUS
10
0.8070303149606299
20
0.42875
11
0.8070303149606299
21
0.4277632283464567
0
LINE
8
BLACK
6
CONTINUOUS
10
0.8070303149606299
20
0.4277632283464567
11
0.8070303543307087
21
0.4277629527559055
0
LINE
8
BLACK
6
CONTINUOUS
10
0.8070303543307087
20
0.4277629527559055
11
0.8076479527559055
21
0.4246579921259843
0
LINE
8
BLACK
6
CONTINUOUS
10
0.8076479527559055
20
0.4246579921259843
11
0.8073648031496062
21
0.4222657874015748
0
LINE
8
BLACK
6
CONTINUOUS
10
0.8073648031496062
20
0.4222657874015748
11
0.8057296062992125
21
0.4204969291338583
0
LINE
8
BLACK
6
CONTINUOUS
10
0.8057296062992125
20
0.4204969291338583
11
0.8038251968503937
21
0.42
0
LINE
8
BLACK
6
CONTINUOUS
10
0.8038251968503937
20
0.42
11
0.7796055118110236
21
0.42
0
LINE
8
BLACK
6
CONTINUOUS
10
0.7796055118110236
20
0.42
11
0.7796055118110236
21
0.3718889763779528
0
LINE
8
BLACK
6
CONTINUOUS
10
0.7796055118110236
20
0.3718889763779528
11
0.7794920472440945
21
0.3707368897637795
0
LINE
8
BLACK
6
CONTINUOUS
10
0.7794920472440945
20
0.3707368897637795
11
0.7786102755905512
21
0.368608031496063
0
LINE
8
BLACK
6
CONTINUOUS
10
0.7786102755905512
20
0.368608031496063
11
0.7778758267716536
21
0.3677131496062992
0
LINE
8
BLACK
6
CONTINUOUS
10
0.7778758267716536
20
0.3677131496062992
11
0.7659868503937007
21
0.3558241732283465
0
LINE
8
BLACK
6
CONTINUOUS
10
0.7659868503937007
20
0.3558241732283465
11
0.7650919291338583
21
0.3550897244094488
0
LINE
8
BLACK
6
CONTINUOUS
10
0.7650919291338583
20
0.3550897244094488
11
0.7638449212598425
21
0.354573188976378
0
LINE
8
BLACK
6
CONTINUOUS
10
0.7638449212598425
20
0.354573188976378
11
0.7629631496062992
21
0.3542079527559055
0
LINE
8
BLACK
6
CONTINUOUS
10
0.7629631496062992
20
0.3542079527559055
11
0.7618110236220472
21
0.3540944881889764
0
LINE
8
BLACK
6
CONTINUOUS
10
0.7618110236220472
20
0.3540944881889764
11
0.75
21
0.3540944881889764
0
LINE
8
BLACK
6
CONTINUOUS
10
0.75
20
0.3540944881889764
11
0.75
21
0.3325
0
LINE
8
BLACK
6
CONTINUOUS
10
0.75
20
0.3325
11
0.715
21
0.3325
0
LINE
8
BLACK
6
CONTINUOUS
10
0.715
20
0.3325
11
0.715
21
0.3540944881889764
0
LINE
8
BLACK
6
CONTINUOUS
10
0.715
20
0.3540944881889764
11
0.6749999999999999
21
0.3540944881889764
0
LINE
8
BLACK
6
CONTINUOUS
10
0.6749999999999999
20
0.3540944881889764
11
0.6749999999999999
21
0.3325
0
LINE
8
BLACK
6
CONTINUOUS
10
0.6749999999999999
20
0.3325
11
0.6734055118110236
21
0.3325
0
LINE
8
BLACK
6
CONTINUOUS
10
0.6734055118110236
20
0.3325
11
0.6734055118110236
21
0.303
0
LINE
8
BLACK
6
CONTINUOUS
10
0.6734055118110236
20
0.303
11
0.68325
21
0.303
0
LINE
8
BLACK
6
CONTINUOUS
10
0.68325
20
0.303
11
0.68325
21
0.2636
0
LINE
8
BLACK
6
CONTINUOUS
10
0.68325
20
0.2636
11
0.6734055118110236
21
0.2636
0
LINE
8
BLACK
6
CONTINUOUS
10
0.6734055118110236
20
0.2636
11
0.6734055118110236
21
0.2517889763779528
0
LINE
8
BLACK
6
CONTINUOUS
10
0.6734055118110236
20
0.2517889763779528
11
0.6732920472440945
21
0.2506368503937008
0
LINE
8
BLACK
6
CONTINUOUS
10
0.6732920472440945
20
0.2506368503937008
11
0.6730363779527558
21
0.2500196456692914
0
LINE
8
BLACK
6
CONTINUOUS
10
0.6730363779527558
20
0.2500196456692914
11
0.6724102755905512
21
0.2485080708661417
0
LINE
8
BLACK
6
CONTINUOUS
10
0.6724102755905512
20
0.2485080708661417
11
0.6716758267716535
21
0.2476131496062992
0
LINE
8
BLACK
6
CONTINUOUS
10
0.6716758267716535
20
0.2476131496062992
11
0.6509055118110236
21
0.2268428346456693
0
LINE
8
BLACK
6
CONTINUOUS
10
0.6509055118110236
20
0.2268428346456693
11
0.6509055118110236
21
0.0602161417322835
0
LINE
8
BLACK
6
CONTINUOUS
10
0.6509055118110236
20
0.0602161417322835
11
0.6652161417322835
21
0.0459055118110236
0
LINE
8
BLACK
6
CONTINUOUS
10
0.6652161417322835
20
0.0459055118110236
11
0.9000538582677166
21
0.0459055118110236
0
LINE
8
BLACK
6
CONTINUOUS
10
0.9000538582677166
20
0.0459055118110236
11
0.9349999999999999
21
0.0808516535433071
0
LINE
8
BLACK
6
CONTINUOUS
10
0.9349999999999999
20
0.0808516535433071
11
0.9349999999999999
21
0.1275
0
LINE
8
BLACK
6
CONTINUOUS
10
0.9349999999999999
20
0.1275
11
0.97
21
0.1275
0
LINE
8
BLACK
6
CONTINUOUS
10
0.97
20
0.1275
11
0.97
21
0.0725
0
LINE
8
BLACK
6
CONTINUOUS
10
0.97
20
0.0725
11
0.9433516535433071
21
0.0725
0
LINE
8
BLACK
6
CONTINUOUS
10
0.9433516535433071
20
0.0725
11
0.9066758267716535
21
0.0358241732283465
0
LINE
8
BLACK
6
CONTINUOUS
10
0.9066758267716535
20
0.0358241732283465
11
0.905780905511811
21
0.0350897244094488
0
LINE
8
BLACK
6
CONTINUOUS
10
0.905780905511811
20
0.0350897244094488
11
0.9045338976377952
21
0.034573188976378
0
LINE
8
BLACK
6
CONTINUOUS
10
0.9045338976377952
20
0.034573188976378
11
0.9036521259842519
21
0.0342079527559055
0
LINE
8
BLACK
6
CONTINUOUS
10
0.9036521259842519
20
0.0342079527559055
11
0.9025
21
0.0340944881889764
0
LINE
8
BLACK
6
CONTINUOUS
10
0.9025
20
0.0340944881889764
11
0.66277
21
0.0340944881889764
0
LINE
8
BLACK
6
CONTINUOUS
10
0.66277
20
0.0340944881889764
11
0.661617874015748
21
0.0342079527559055
0
LINE
8
BLACK
6
CONTINUOUS
10
0.661617874015748
20
0.0342079527559055
11
0.6607361023622047
21
0.034573188976378
0
LINE
8
BLACK
6
CONTINUOUS
10
0.6607361023622047
20
0.034573188976378
11
0.6594890944881889
21
0.0350897244094488
0
LINE
8
BLACK
6
CONTINUOUS
10
0.6594890944881889
20
0.0350897244094488
11
0.6585941732283465
21
0.0358241732283465
0
LINE
8
BLACK
6
CONTINUOUS
10
0.6585941732283465
20
0.0358241732283465
11
0.6408241732283464
21
0.0535941732283465
0
LINE
8
BLACK
6
CONTINUOUS
10
0.6408241732283464
20
0.0535941732283465
11
0.6400897244094488
21
0.054489094488189
0
LINE
8
BLACK
6
CONTINUOUS
10
0.6400897244094488
20
0.054489094488189
11
0.6392079527559055
21
0.0566179133858268
0
LINE
8
BLACK
6
CONTINUOUS
10
0.6392079527559055
20
0.0566179133858268
11
0.6390944881889764
21
0.05777
0
LINE
8
BLACK
6
CONTINUOUS
10
0.6390944881889764
20
0.05777
11
0.6390944881889764
21
0.2292889763779528
0
LINE
8
BLACK
6
CONTINUOUS
10
0.6390944881889764
20
0.2292889763779528
11
0.6392079527559055
21
0.2304411023622047
0
LINE
8
BLACK
6
CONTINUOUS
10
0.6392079527559055
20
0.2304411023622047
11
0.6395991732283465
21
0.2313855511811024
0
LINE
8
BLACK
6
CONTINUOUS
10
0.6395991732283465
20
0.2313855511811024
11
0.6400897244094488
21
0.2325698818897638
0
LINE
8
BLACK
6
CONTINUOUS
10
0.6400897244094488
20
0.2325698818897638
11
0.6408241732283464
21
0.2334648031496063
0
LINE
8
BLACK
6
CONTINUOUS
10
0.6408241732283464
20
0.2334648031496063
11
0.6615944881889764
21
0.2542351181102362
0
LINE
8
BLACK
6
CONTINUOUS
10
0.6615944881889764
20
0.2542351181102362
11
0.6615944881889764
21
0.2636
0
LINE
8
BLACK
6
CONTINUOUS
10
0.6615944881889764
20
0.2636
11
0.6517499999999999
21
0.2636
0
LINE
8
BLACK
6
CONTINUOUS
10
0.6517499999999999
20
0.2636
11
0.6517499999999999
21
0.303
0
LINE
8
BLACK
6
CONTINUOUS
10
0.6517499999999999
20
0.303
11
0.6615944881889764
21
0.303
0
LINE
8
BLACK
6
CONTINUOUS
10
0.6615944881889764
20
0.303
11
0.6615944881889764
21
0.3325
0
LINE
8
BLACK
6
CONTINUOUS
10
0.6615944881889764
20
0.3325
11
0.64
21
0.3325
0
LINE
8
BLACK
6
CONTINUOUS
10
0.64
20
0.3325
11
0.64
21
0.3875
0
LINE
8
BLACK
6
CONTINUOUS
10
0.64
20
0.3875
11
0.6749999999999999
21
0.3875
0
LINE
8
BLACK
6
CONTINUOUS
10
0.6749999999999999
20
0.3875
11
0.6749999999999999
21
0.3659055118110236
0
LINE
8
BLACK
6
CONTINUOUS
10
0.6749999999999999
20
0.3659055118110236
11
0.715
21
0.3659055118110236
0
LINE
8
BLACK
6
CONTINUOUS
10
0.715
20
0.3659055118110236
11
0.715
21
0.3875
0
LINE
8
BLACK
6
CONTINUOUS
10
0.715
20
0.3875
11
0.75
21
0.3875
0
LINE
8
BLACK
6
CONTINUOUS
10
0.75
20
0.3875
11
0.75
21
0.3659055118110236
0
LINE
8
BLACK
6
CONTINUOUS
10
0.75
20
0.3659055118110236
11
0.7593648818897638
21
0.3659055118110236
0
LINE
8
BLACK
6
CONTINUOUS
10
0.7593648818897638
20
0.3659055118110236
11
0.7677944881889763
21
0.3743351181102362
0
LINE
8
BLACK
6
CONTINUOUS
10
0.7677944881889763
20
0.3743351181102362
11
0.7677944881889763
21
0.42875
0
LINE
8
BLACK
6
CONTINUOUS
10
0.7677944881889763
20
0.42875
11
0.76585
21
0.42875
0
LINE
8
BLACK
6
CONTINUOUS
10
0.76585
20
0.42875
11
0.76585
21
0.48385
0
LINE
8
BLACK
6
CONTINUOUS
10
0.76585
20
0.48385
11
0.77
21
0.48385
0
LINE
8
BLACK
6
CONTINUOUS
10
0.77
20
0.48385
11
0.77
21
0.5361023622047244
0
LINE
8
BLACK
6
CONTINUOUS
10
0.77
20
0.5361023622047244
11
0.7707443700787402
21
0.5383933464566929
0
LINE
8
BLACK
6
CONTINUOUS
10
0.7707443700787402
20
0.5383933464566929
11
0.772693188976378
21
0.5398092519685039
0
LINE
8
BLACK
6
CONTINUOUS
10
0.772693188976378
20
0.5398092519685039
11
0.7738976377952755
21
0.54
0
LINE
8
BLACK
6
CONTINUOUS
10
0.7738976377952755
20
0.54
11
0.8061023622047244
21
0.54
0
LINE
8
BLACK
6
CONTINUOUS
10
0.8061023622047244
20
0.54
11
0.8083933464566929
21
0.5392556299212599
0
LINE
8
BLACK
6
CONTINUOUS
10
1.22
20
0.18
11
1.1959055118110236
21
0.18
0
LINE
8
BLACK
6
CONTINUOUS
10
1.1959055118110236
20
0.18
11
1.1959055118110236
21
0.1706351181102362
0
LINE
8
BLACK
6
CONTINUOUS
10
1.1959055118110236
20
0.1706351181102362
11
1.3040406692913387
21
0.0624999606299213
0
LINE
8
BLACK
6
CONTINUOUS
10
1.3040406692913387
20
0.0624999606299213
11
1.4109593307086614
21
0.0624999606299213
0
LINE
8
BLACK
6
CONTINUOUS
10
1.4109593307086614
20
0.0624999606299213
11
1.4115944881889764
21
0.0631351181102362
0
LINE
8
BLACK
6
CONTINUOUS
10
1.4115944881889764
20
0.0631351181102362
11
1.4115944881889764
21
0.0725
0
LINE
8
BLACK
6
CONTINUOUS
10
1.4115944881889764
20
0.0725
11
1.3999999999999999
21
0.0725
0
LINE
8
BLACK
6
CONTINUOUS
10
1.3999999999999999
20
0.0725
11
1.3999999999999999
21
0.1275
0
LINE
8
BLACK
6
CONTINUOUS
10
1.3999999999999999
20
0.1275
11
1.4350000000000001
21
0.1275
0
LINE
8
BLACK
6
CONTINUOUS
10
1.4350000000000001
20
0.1275
11
1.4350000000000001
21
0.1059055118110236
0
LINE
8
BLACK
6
CONTINUOUS
10
1.4350000000000001
20
0.1059055118110236
11
1.4849999999999999
21
0.1059055118110236
0
LINE
8
BLACK
6
CONTINUOUS
10
1.4849999999999999
20
0.1059055118110236
11
1.4849999999999999
21
0.1275
0
LINE
8
BLACK
6
CONTINUOUS
10
1.4849999999999999
20
0.1275
11
1.52
21
0.1275
0
LINE
8
BLACK
6
CONTINUOUS
10
1.52
20
0.1275
11
1.52
21
0.0725
0
LINE
8
BLACK
6
CONTINUOUS
10
1.52
20
0.0725
11
1.4849999999999999
21
0.0725
0
LINE
8
BLACK
6
CONTINUOUS
10
1.4849999999999999
20
0.0725
11
1.4849999999999999
21
0.0940944881889764
0
LINE
8
BLACK
6
CONTINUOUS
10
1.4849999999999999
20
0.0940944881889764
11
1.4350000000000001
21
0.0940944881889764
0
LINE
8
BLACK
6
CONTINUOUS
10
1.4350000000000001
20
0.0940944881889764
11
1.4350000000000001
21
0.0725
0
LINE
8
BLACK
6
CONTINUOUS
10
1.4350000000000001
20
0.0725
11
1.4234055118110236
21
0.0725
0
LINE
8
BLACK
6
CONTINUOUS
10
1.4234055118110236
20
0.0725
11
1.4234055118110236
21
0.0606889763779528
0
LINE
8
BLACK
6
CONTINUOUS
10
1.4234055118110236
20
0.0606889763779528
11
1.4232920472440944
21
0.0595368897637795
0
LINE
8
BLACK
6
CONTINUOUS
10
1.4232920472440944
20
0.0595368897637795
11
1.4224102755905512
21
0.0574080708661417
0
LINE
8
BLACK
6
CONTINUOUS
10
1.4224102755905512
20
0.0574080708661417
11
1.4216758267716536
21
0.0565131496062992
0
LINE
8
BLACK
6
CONTINUOUS
10
1.4216758267716536
20
0.0565131496062992
11
1.4175812992125985
21
0.0524186220472441
0
LINE
8
BLACK
6
CONTINUOUS
10
1.4175812992125985
20
0.0524186220472441
11
1.4166863779527559
21
0.0516841732283465
0
LINE
8
BLACK
6
CONTINUOUS
10
1.4166863779527559
20
0.0516841732283465
11
1.4154393700787402
21
0.0511676377952756
0
LINE
8
BLACK
6
CONTINUOUS
10
1.4154393700787402
20
0.0511676377952756
11
1.4145575984251968
21
0.0508024015748031
0
LINE
8
BLACK
6
CONTINUOUS
10
1.4145575984251968
20
0.0508024015748031
11
1.4134054724409448
21
0.050688937007874
0
LINE
8
BLACK
6
CONTINUOUS
10
1.4134054724409448
20
0.050688937007874
11
1.301594527559055
21
0.050688937007874
0
LINE
8
BLACK
6
CONTINUOUS
10
1.301594527559055
20
0.050688937007874
11
1.3004424015748031
21
0.0508024015748031
0
LINE
8
BLACK
6
CONTINUOUS
10
1.3004424015748031
20
0.0508024015748031
11
1.2995606299212599
21
0.0511676377952756
0
LINE
8
BLACK
6
CONTINUOUS
10
1.2995606299212599
20
0.0511676377952756
11
1.298313622047244
21
0.0516841732283465
0
LINE
8
BLACK
6
CONTINUOUS
10
1.298313622047244
20
0.0516841732283465
11
1.2974187007874016
21
0.0524186220472441
0
LINE
8
BLACK
6
CONTINUOUS
10
1.2974187007874016
20
0.0524186220472441
11
1.1858241732283463
21
0.1640131496062992
0
LINE
8
BLACK
6
CONTINUOUS
10
1.1858241732283463
20
0.1640131496062992
11
1.1850897244094487
21
0.1649080708661417
0
LINE
8
BLACK
6
CONTINUOUS
10
1.1850897244094487
20
0.1649080708661417
11
1.1842313779527558
21
0.1669803149606299
0
LINE
8
BLACK
6
CONTINUOUS
10
1.1842313779527558
20
0.1669803149606299
11
1.1842079527559055
21
0.1670368503937008
0
LINE
8
BLACK
6
CONTINUOUS
10
1.1842079527559055
20
0.1670368503937008
11
1.1840944881889763
21
0.1681889763779527
0
LINE
8
BLACK
6
CONTINUOUS
10
1.1840944881889763
20
0.1681889763779527
11
1.1840944881889763
21
0.18
0
LINE
8
BLACK
6
CONTINUOUS
10
1.1840944881889763
20
0.18
11
1.1599999999999999
21
0.18
0
LINE
8
BLACK
6
CONTINUOUS
10
1.1599999999999999
20
0.18
11
1.1599999999999999
21
0.24
0
LINE
8
BLACK
6
CONTINUOUS
10
1.1599999999999999
20
0.24
11
1.22
21
0.24
0
LINE
8
BLACK
6
CONTINUOUS
10
1.22
20
0.24
11
1.22
21
0.18
0
LINE
8
BLACK
6
CONTINUOUS
10
1.02
20
0.18
11
0.9730044488188976
21
0.18
0
LINE
8
BLACK
6
CONTINUOUS
10
0.9730044488188976
20
0.18
11
0.8960447637795276
21
0.1030402755905512
0
LINE
8
BLACK
6
CONTINUOUS
10
0.8960447637795276
20
0.1030402755905512
11
0.8945534251968503
21
0.1018164173228346
0
LINE
8
BLACK
6
CONTINUOUS
10
0.8945534251968503
20
0.1018164173228346
11
0.8945532677165354
21
0.1018162598425197
0
LINE
8
BLACK
6
CONTINUOUS
10
0.8945532677165354
20
0.1018162598425197
11
0.8910052362204725
21
0.1003466141732283
0
LINE
8
BLACK
6
CONTINUOUS
10
0.8910052362204725
20
0.1003466141732283
11
0.8890850393700788
21
0.1001574803149606
0
LINE
8
BLACK
6
CONTINUOUS
10
0.8890850393700788
20
0.1001574803149606
11
0.8694
21
0.1001574803149606
0
LINE
8
BLACK
6
CONTINUOUS
10
0.8694
20
0.1001574803149606
11
0.8694
21
0.0608
0
LINE
8
BLACK
6
CONTINUOUS
10
0.8694
20
0.0608
11
0.7926
21
0.0608
0
LINE
8
BLACK
6
CONTINUOUS
10
0.7926
20
0.0608
11
0.7926
21
0.1592
0
LINE
8
BLACK
6
CONTINUOUS
10
0.7926
20
0.1592
11
0.8694
21
0.1592
0
LINE
8
BLACK
6
CONTINUOUS
10
0.8694
20
0.1592
11
0.8694
21
0.1198425196850394
0
LINE
8
BLACK
6
CONTINUOUS
10
0.8694
20
0.1198425196850394
11
0.8850081102362205
21
0.1198425196850394
0
LINE
8
BLACK
6
CONTINUOUS
10
0.8850081102362205
20
0.1198425196850394
11
0.96
21
0.1948343700787402
0
LINE
8
BLACK
6
CONTINUOUS
10
0.96
20
0.1948343700787402
11
0.96
21
0.24
0
LINE
8
BLACK
6
CONTINUOUS
10
0.96
20
0.24
11
1.02
21
0.24
0
LINE
8
BLACK
6
CONTINUOUS
10
1.02
20
0.24
11
1.02
21
0.18
0
LINE
8
BLACK
6
CONTINUOUS
10
1.1199999999999999
20
0.18
11
1.1184055118110237
21
0.18
0
LINE
8
BLACK
6
CONTINUOUS
10
1.1184055118110237
20
0.18
11
1.1184055118110237
21
0.1275
0
LINE
8
BLACK
6
CONTINUOUS
10
1.1184055118110237
20
0.1275
11
1.1299999999999999
21
0.1275
0
LINE
8
BLACK
6
CONTINUOUS
10
1.1299999999999999
20
0.1275
11
1.1299999999999999
21
0.0725
0
LINE
8
BLACK
6
CONTINUOUS
10
1.1299999999999999
20
0.0725
11
1.095
21
0.0725
0
LINE
8
BLACK
6
CONTINUOUS
10
1.095
20
0.0725
11
1.095
21
0.0940944881889764
0
LINE
8
BLACK
6
CONTINUOUS
10
1.095
20
0.0940944881889764
11
1.0449999999999999
21
0.0940944881889764
0
LINE
8
BLACK
6
CONTINUOUS
10
1.0449999999999999
20
0.0940944881889764
11
1.0449999999999999
21
0.0725
0
LINE
8
BLACK
6
CONTINUOUS
10
1.0449999999999999
20
0.0725
11
1.01
21
0.0725
0
LINE
8
BLACK
6
CONTINUOUS
10
1.01
20
0.0725
11
1.01
21
0.1275
0
LINE
8
BLACK
6
CONTINUOUS
10
1.01
20
0.1275
11
1.0449999999999999
21
0.1275
0
LINE
8
BLACK
6
CONTINUOUS
10
1.0449999999999999
20
0.1275
11
1.0449999999999999
21
0.1059055118110236
0
LINE
8
BLACK
6
CONTINUOUS
10
1.0449999999999999
20
0.1059055118110236
11
1.095
21
0.1059055118110236
0
LINE
8
BLACK
6
CONTINUOUS
10
1.095
20
0.1059055118110236
11
1.095
21
0.1275
0
LINE
8
BLACK
6
CONTINUOUS
10
1.095
20
0.1275
11
1.1065944881889764
21
0.1275
0
LINE
8
BLACK
6
CONTINUOUS
10
1.1065944881889764
20
0.1275
11
1.1065944881889764
21
0.18
0
LINE
8
BLACK
6
CONTINUOUS
10
1.1065944881889764
20
0.18
11
1.0600000000000001
21
0.18
0
LINE
8
BLACK
6
CONTINUOUS
10
1.0600000000000001
20
0.18
11
1.0600000000000001
21
0.24
0
LINE
8
BLACK
6
CONTINUOUS
10
1.0600000000000001
20
0.24
11
1.1199999999999999
21
0.24
0
LINE
8
BLACK
6
CONTINUOUS
10
1.1199999999999999
20
0.24
11
1.1199999999999999
21
0.18
0
LINE
8
BLACK
6
CONTINUOUS
10
1.4224999999999999
20
0.205
11
1.375851653543307
21
0.205
0
LINE
8
BLACK
6
CONTINUOUS
10
1.375851653543307
20
0.205
11
1.3484055118110236
21
0.1775538582677165
0
LINE
8
BLACK
6
CONTINUOUS
10
1.3484055118110236
20
0.1775538582677165
11
1.3484055118110236
21
0.1275
0
LINE
8
BLACK
6
CONTINUOUS
10
1.3484055118110236
20
0.1275
11
1.3599999999999999
21
0.1275
0
LINE
8
BLACK
6
CONTINUOUS
10
1.3599999999999999
20
0.1275
11
1.3599999999999999
21
0.0725
0
LINE
8
BLACK
6
CONTINUOUS
10
1.3599999999999999
20
0.0725
11
1.325
21
0.0725
0
LINE
8
BLACK
6
CONTINUOUS
10
1.325
20
0.0725
11
1.325
21
0.0901574803149606
0
LINE
8
BLACK
6
CONTINUOUS
10
1.325
20
0.0901574803149606
11
1.3243518110236221
21
0.0901574803149606
0
LINE
8
BLACK
6
CONTINUOUS
10
1.3243518110236221
20
0.0901574803149606
11
1.3238837007874016
21
0.0893466929133858
0
LINE
8
BLACK
6
CONTINUOUS
10
1.3238837007874016
20
0.0893466929133858
11
1.3206533070866142
21
0.0861162992125984
0
LINE
8
BLACK
6
CONTINUOUS
10
1.3206533070866142
20
0.0861162992125984
11
1.3166969685039369
21
0.083832125984252
0
LINE
8
BLACK
6
CONTINUOUS
10
1.3166969685039369
20
0.083832125984252
11
1.3122842125984251
21
0.0826497244094488
0
LINE
8
BLACK
6
CONTINUOUS
10
1.3122842125984251
20
0.0826497244094488
11
1.3077157874015748
21
0.0826497244094488
0
LINE
8
BLACK
6
CONTINUOUS
10
1.3077157874015748
20
0.0826497244094488
11
1.303303031496063
21
0.083832125984252
0
LINE
8
BLACK
6
CONTINUOUS
10
1.303303031496063
20
0.083832125984252
11
1.2993466929133859
21
0.0861162992125984
0
LINE
8
BLACK
6
CONTINUOUS
10
1.2993466929133859
20
0.0861162992125984
11
1.2961162992125983
21
0.0893466929133858
0
LINE
8
BLACK
6
CONTINUOUS
10
1.2961162992125983
20
0.0893466929133858
11
1.293832125984252
21
0.093303031496063
0
LINE
8
BLACK
6
CONTINUOUS
10
1.293832125984252
20
0.093303031496063
11
1.2926497244094488
21
0.0977157874015748
0
LINE
8
BLACK
6
CONTINUOUS
10
1.2926497244094488
20
0.0977157874015748
11
1.2926497244094488
21
0.1022842125984252
0
LINE
8
BLACK
6
CONTINUOUS
10
1.2926497244094488
20
0.1022842125984252
11
1.293832125984252
21
0.106696968503937
0
LINE
8
BLACK
6
CONTINUOUS
10
1.293832125984252
20
0.106696968503937
11
1.2961162992125983
21
0.1106533070866142
0
LINE
8
BLACK
6
CONTINUOUS
10
1.2961162992125983
20
0.1106533070866142
11
1.2993466929133859
21
0.1138837007874016
0
LINE
8
BLACK
6
CONTINUOUS
10
1.2993466929133859
20
0.1138837007874016
11
1.303303031496063
21
0.116167874015748
0
LINE
8
BLACK
6
CONTINUOUS
10
1.303303031496063
20
0.116167874015748
11
1.3077157874015748
21
0.1173502755905512
0
LINE
8
BLACK
6
CONTINUOUS
10
1.3077157874015748
20
0.1173502755905512
11
1.3122842125984251
21
0.1173502755905512
0
LINE
8
BLACK
6
CONTINUOUS
10
1.3122842125984251
20
0.1173502755905512
11
1.3166969685039369
21
0.116167874015748
0
LINE
8
BLACK
6
CONTINUOUS
10
1.3166969685039369
20
0.116167874015748
11
1.3206533070866142
21
0.1138837007874016
0
LINE
8
BLACK
6
CONTINUOUS
10
1.3206533070866142
20
0.1138837007874016
11
1.3238837007874016
21
0.1106533070866142
0
LINE
8
BLACK
6
CONTINUOUS
10
1.3238837007874016
20
0.1106533070866142
11
1.3243518110236221
21
0.1098425196850394
0
LINE
8
BLACK
6
CONTINUOUS
10
1.3243518110236221
20
0.1098425196850394
11
1.325
21
0.1098425196850394
0
LINE
8
BLACK
6
CONTINUOUS
10
1.325
20
0.1098425196850394
11
1.325
21
0.1275
0
LINE
8
BLACK
6
CONTINUOUS
10
1.325
20
0.1275
11
1.3365944881889764
21
0.1275
0
LINE
8
BLACK
6
CONTINUOUS
10
1.3365944881889764
20
0.1275
11
1.3365944881889764
21
0.18
0
LINE
8
BLACK
6
CONTINUOUS
10
1.3365944881889764
20
0.18
11
1.3367079527559054
21
0.181152125984252
0
LINE
8
BLACK
6
CONTINUOUS
10
1.3367079527559054
20
0.181152125984252
11
1.3373034251968503
21
0.1825897244094488
0
LINE
8
BLACK
6
CONTINUOUS
10
1.3373034251968503
20
0.1825897244094488
11
1.3375897244094488
21
0.183280905511811
0
LINE
8
BLACK
6
CONTINUOUS
10
1.3375897244094488
20
0.183280905511811
11
1.3383241732283464
21
0.1841758267716535
0
LINE
8
BLACK
6
CONTINUOUS
10
1.3383241732283464
20
0.1841758267716535
11
1.3674999999999999
21
0.2133516535433071
0
LINE
8
BLACK
6
CONTINUOUS
10
1.3674999999999999
20
0.2133516535433071
11
1.3674999999999999
21
0.24
0
LINE
8
BLACK
6
CONTINUOUS
10
1.3674999999999999
20
0.24
11
1.4224999999999999
21
0.24
0
LINE
8
BLACK
6
CONTINUOUS
10
1.4224999999999999
20
0.24
11
1.4224999999999999
21
0.205
0
LINE
8
BLACK
6
CONTINUOUS
10
1.3550972834645669
20
0.2478646062992126
11
1.3560641732283465
21
0.2476722834645669
0
LINE
8
BLACK
6
CONTINUOUS
10
1.3560641732283465
20
0.2476722834645669
11
1.3562251181102363
21
0.2474981496062992
0
LINE
8
BLACK
6
CONTINUOUS
10
1.3562251181102363
20
0.2474981496062992
11
1.3564506692913385
21
0.2474248818897638
0
LINE
8
BLACK
6
CONTINUOUS
10
1.3564506692913385
20
0.2474248818897638
11
1.3570301968503937
21
0.2466271653543307
0
LINE
8
BLACK
6
CONTINUOUS
10
1.3570301968503937
20
0.2466271653543307
11
1.3576992913385826
21
0.2459033858267717
0
LINE
8
BLACK
6
CONTINUOUS
10
1.3576992913385826
20
0.2459033858267717
11
1.357727125984252
21
0.2456679133858268
0
LINE
8
BLACK
6
CONTINUOUS
10
1.357727125984252
20
0.2456679133858268
11
1.3578665748031495
21
0.245476062992126
0
LINE
8
BLACK
6
CONTINUOUS
10
1.3578665748031495
20
0.245476062992126
11
1.357982440944882
21
0.2435112992125984
0
LINE
8
BLACK
6
CONTINUOUS
10
1.357982440944882
20
0.2435112992125984
11
1.3578603149606299
21
0.2428972440944882
0
LINE
8
BLACK
6
CONTINUOUS
10
1.3578603149606299
20
0.2428972440944882
11
1.3574803149606298
21
0.240986968503937
0
LINE
8
BLACK
6
CONTINUOUS
10
1.3574803149606298
20
0.240986968503937
11
1.3574803149606298
21
0.2191164173228346
0
LINE
8
BLACK
6
CONTINUOUS
10
1.3574803149606298
20
0.2191164173228346
11
1.3567359448818896
21
0.2168254330708661
0
LINE
8
BLACK
6
CONTINUOUS
10
1.3567359448818896
20
0.2168254330708661
11
1.356338937007874
21
0.2163605905511811
0
LINE
8
BLACK
6
CONTINUOUS
10
1.356338937007874
20
0.2163605905511811
11
1.3327216929133858
21
0.1927433070866142
0
LINE
8
BLACK
6
CONTINUOUS
10
1.3327216929133858
20
0.1927433070866142
11
1.3327216535433071
21
0.1927433070866142
0
LINE
8
BLACK
6
CONTINUOUS
10
1.3327216535433071
20
0.1927433070866142
11
1.3297566929133857
21
0.1897783070866142
0
LINE
8
BLACK
6
CONTINUOUS
10
1.3297566929133857
20
0.1897783070866142
11
1.3297565354330709
21
0.1897781102362205
0
LINE
8
BLACK
6
CONTINUOUS
10
1.3297565354330709
20
0.1897781102362205
11
1.3276601181102361
21
0.1861470472440945
0
LINE
8
BLACK
6
CONTINUOUS
10
1.3276601181102361
20
0.1861470472440945
11
1.3276600787401573
21
0.1861468897637795
0
LINE
8
BLACK
6
CONTINUOUS
10
1.3276600787401573
20
0.1861468897637795
11
1.3265748031496063
21
0.1820965748031496
0
LINE
8
BLACK
6
CONTINUOUS
10
1.3265748031496063
20
0.1820965748031496
11
1.3265748031496063
21
0.1820964960629921
0
LINE
8
BLACK
6
CONTINUOUS
10
1.3265748031496063
20
0.1820964960629921
11
1.3265748031496063
21
0.1412279133858268
0
LINE
8
BLACK
6
CONTINUOUS
10
1.3265748031496063
20
0.1412279133858268
11
1.3258304330708661
21
0.1389369291338583
0
LINE
8
BLACK
6
CONTINUOUS
10
1.3258304330708661
20
0.1389369291338583
11
1.3238816141732284
21
0.1375210236220472
0
LINE
8
BLACK
6
CONTINUOUS
10
1.3238816141732284
20
0.1375210236220472
11
1.3234374803149607
21
0.137405157480315
0
LINE
8
BLACK
6
CONTINUOUS
10
1.3234374803149607
20
0.137405157480315
11
1.3221338188976377
21
0.1371458267716535
0
LINE
8
BLACK
6
CONTINUOUS
10
1.3221338188976377
20
0.1371458267716535
11
1.3210905118110237
21
0.1369383464566929
0
LINE
8
BLACK
6
CONTINUOUS
10
1.3210905118110237
20
0.1369383464566929
11
1.3210904724409449
21
0.1369383070866142
0
LINE
8
BLACK
6
CONTINUOUS
10
1.3210904724409449
20
0.1369383070866142
11
1.3210904330708662
21
0.1369383070866142
0
LINE
8
BLACK
6
CONTINUOUS
10
1.3210904330708662
20
0.1369383070866142
11
1.3183058661417322
21
0.1350776771653543
0
LINE
8
BLACK
6
CONTINUOUS
10
1.3183058661417322
20
0.1350776771653543
11
1.3177762204724408
21
0.134723779527559
0
LINE
8
BLACK
6
CONTINUOUS
10
1.3177762204724408
20
0.134723779527559
11
1.3177761417322835
21
0.1347236614173228
0
LINE
8
BLACK
6
CONTINUOUS
10
1.3177761417322835
20
0.1347236614173228
11
1.315561653543307
21
0.1314094881889764
0
LINE
8
BLACK
6
CONTINUOUS
10
1.315561653543307
20
0.1314094881889764
11
1.3155616141732283
21
0.1314093307086614
0
LINE
8
BLACK
6
CONTINUOUS
10
1.3155616141732283
20
0.1314093307086614
11
1.3154119291338582
21
0.1306568503937008
0
LINE
8
BLACK
6
CONTINUOUS
10
1.3154119291338582
20
0.1306568503937008
11
1.3142348818897638
21
0.128555157480315
0
LINE
8
BLACK
6
CONTINUOUS
10
1.3142348818897638
20
0.128555157480315
11
1.3120472440944881
21
0.1275466929133858
0
LINE
8
BLACK
6
CONTINUOUS
10
1.3120472440944881
20
0.1275466929133858
11
1.3115892125984252
21
0.1275196850393701
0
LINE
8
BLACK
6
CONTINUOUS
10
1.3115892125984252
20
0.1275196850393701
11
1.3072895669291338
21
0.1275196850393701
0
LINE
8
BLACK
6
CONTINUOUS
10
1.3072895669291338
20
0.1275196850393701
11
1.3019727952755906
21
0.126462125984252
0
LINE
8
BLACK
6
CONTINUOUS
10
1.3019727952755906
20
0.126462125984252
11
1.3019727165354331
21
0.1264620866141732
0
LINE
8
BLACK
6
CONTINUOUS
10
1.3019727165354331
20
0.1264620866141732
11
1.2969646062992126
21
0.1243876771653543
0
LINE
8
BLACK
6
CONTINUOUS
10
1.2969646062992126
20
0.1243876771653543
11
1.2969645669291339
21
0.1243876771653543
0
LINE
8
BLACK
6
CONTINUOUS
10
1.2969645669291339
20
0.1243876771653543
11
1.2924572440944881
21
0.1213759448818898
0
LINE
8
BLACK
6
CONTINUOUS
10
1.2924572440944881
20
0.1213759448818898
11
1.2886240157480315
21
0.1175427165354331
0
LINE
8
BLACK
6
CONTINUOUS
10
1.2886240157480315
20
0.1175427165354331
11
1.2856122834645669
21
0.1130353937007874
0
LINE
8
BLACK
6
CONTINUOUS
10
1.2856122834645669
20
0.1130353937007874
11
1.2856122834645669
21
0.1130353543307087
0
LINE
8
BLACK
6
CONTINUOUS
10
1.2856122834645669
20
0.1130353543307087
11
1.2835378740157479
21
0.1080272440944882
0
LINE
8
BLACK
6
CONTINUOUS
10
1.2835378740157479
20
0.1080272440944882
11
1.2835377952755904
21
0.1080269291338583
0
LINE
8
BLACK
6
CONTINUOUS
10
1.2835377952755904
20
0.1080269291338583
11
1.283159527559055
21
0.1061253937007874
0
LINE
8
BLACK
6
CONTINUOUS
10
1.283159527559055
20
0.1061253937007874
11
1.2819824803149606
21
0.1040237007874016
0
LINE
8
BLACK
6
CONTINUOUS
10
1.2819824803149606
20
0.1040237007874016
11
1.2797948818897638
21
0.1030152362204724
0
LINE
8
BLACK
6
CONTINUOUS
10
1.2797948818897638
20
0.1030152362204724
11
1.2774322834645668
21
0.1034852362204724
0
LINE
8
BLACK
6
CONTINUOUS
10
1.2774322834645668
20
0.1034852362204724
11
1.2765808661417322
21
0.1041296850393701
0
LINE
8
BLACK
6
CONTINUOUS
10
1.2765808661417322
20
0.1041296850393701
11
1.2173838188976378
21
0.1633266929133858
0
LINE
8
BLACK
6
CONTINUOUS
10
1.2173838188976378
20
0.1633266929133858
11
1.2162903149606299
21
0.1654729527559055
0
LINE
8
BLACK
6
CONTINUOUS
10
1.2162903149606299
20
0.1654729527559055
11
1.2166671259842519
21
0.1678521653543307
0
LINE
8
BLACK
6
CONTINUOUS
10
1.2166671259842519
20
0.1678521653543307
11
1.2183704724409448
21
0.1695555118110236
0
LINE
8
BLACK
6
CONTINUOUS
10
1.2183704724409448
20
0.1695555118110236
11
1.2201398031496062
21
0.1699803149606299
0
LINE
8
BLACK
6
CONTINUOUS
10
1.2201398031496062
20
0.1699803149606299
11
1.2209866929133859
21
0.1699803149606299
0
LINE
8
BLACK
6
CONTINUOUS
10
1.2209866929133859
20
0.1699803149606299
11
1.2209870078740157
21
0.1699803543307087
0
LINE
8
BLACK
6
CONTINUOUS
10
1.2209870078740157
20
0.1699803543307087
11
1.2239094488188975
21
0.1705616141732283
0
LINE
8
BLACK
6
CONTINUOUS
10
1.2239094488188975
20
0.1705616141732283
11
1.223909527559055
21
0.1705616535433071
0
LINE
8
BLACK
6
CONTINUOUS
10
1.223909527559055
20
0.1705616535433071
11
1.2272236220472441
21
0.1727761023622047
0
LINE
8
BLACK
6
CONTINUOUS
10
1.2272236220472441
20
0.1727761023622047
11
1.2272236614173229
21
0.1727761417322835
0
LINE
8
BLACK
6
CONTINUOUS
10
1.2272236614173229
20
0.1727761417322835
11
1.2272237795275591
21
0.1727762204724409
0
LINE
8
BLACK
6
CONTINUOUS
10
1.2272237795275591
20
0.1727762204724409
11
1.2294383464566929
21
0.1760905118110236
0
LINE
8
BLACK
6
CONTINUOUS
10
1.2294383464566929
20
0.1760905118110236
11
1.2300196850393701
21
0.1790131102362205
0
LINE
8
BLACK
6
CONTINUOUS
10
1.2300196850393701
20
0.1790131102362205
11
1.2300196456692913
21
0.2409868503937008
0
LINE
8
BLACK
6
CONTINUOUS
10
1.2300196456692913
20
0.2409868503937008
11
1.2296637795275591
21
0.2427761417322835
0
LINE
8
BLACK
6
CONTINUOUS
10
1.2296637795275591
20
0.2427761417322835
11
1.2295175590551182
21
0.2435112992125984
0
LINE
8
BLACK
6
CONTINUOUS
10
1.2295175590551182
20
0.2435112992125984
11
1.2298007086614173
21
0.2459034645669291
0
LINE
8
BLACK
6
CONTINUOUS
10
1.2298007086614173
20
0.2459034645669291
11
1.2314359055118109
21
0.2476723228346457
0
LINE
8
BLACK
6
CONTINUOUS
10
1.2314359055118109
20
0.2476723228346457
11
1.2333403149606299
21
0.2481692519685039
0
LINE
8
BLACK
6
CONTINUOUS
10
1.2333403149606299
20
0.2481692519685039
11
1.35415968503937
21
0.2481692519685039
0
LINE
8
BLACK
6
CONTINUOUS
10
1.35415968503937
20
0.2481692519685039
11
1.3550972834645669
21
0.2478646062992126
0
LINE
8
BLACK
6
CONTINUOUS
10
0.98615
20
0.42875
11
0.9833
21
0.42875
0
LINE
8
BLACK
6
CONTINUOUS
10
0.9833
20
0.42875
11
0.9833
21
0.41875
0
LINE
8
BLACK
6
CONTINUOUS
10
0.9833
20
0.41875
11
0.9833
21
0.3837711023622047
0
LINE
8
BLACK
6
CONTINUOUS
10
0.9833
20
0.3837711023622047
11
1.007071062992126
21
0.3600000393700787
0
LINE
8
BLACK
6
CONTINUOUS
10
1.007071062992126
20
0.3600000393700787
11
1.0849999606299212
21
0.3600000393700787
0
LINE
8
BLACK
6
CONTINUOUS
10
1.0849999606299212
20
0.3600000393700787
11
1.0859753937007874
21
0.3599039763779527
0
LINE
8
BLACK
6
CONTINUOUS
10
1.0859753937007874
20
0.3599039763779527
11
1.0859754330708662
21
0.3599039763779527
0
LINE
8
BLACK
6
CONTINUOUS
10
1.0859754330708662
20
0.3599039763779527
11
1.0867220078740156
21
0.3595946850393701
0
LINE
8
BLACK
6
CONTINUOUS
10
1.0867220078740156
20
0.3595946850393701
11
1.0877777952755905
21
0.3591574015748031
0
LINE
8
BLACK
6
CONTINUOUS
10
1.0877777952755905
20
0.3591574015748031
11
1.0877778346456692
21
0.3591573622047244
0
LINE
8
BLACK
6
CONTINUOUS
10
1.0877778346456692
20
0.3591573622047244
11
1.0885355118110236
21
0.3585355905511811
0
LINE
8
BLACK
6
CONTINUOUS
10
1.0885355118110236
20
0.3585355905511811
11
1.0935355511811022
21
0.3535355118110236
0
LINE
8
BLACK
6
CONTINUOUS
10
1.0935355511811022
20
0.3535355118110236
11
1.0941573622047245
21
0.352777874015748
0
LINE
8
BLACK
6
CONTINUOUS
10
1.0941573622047245
20
0.352777874015748
11
1.0948307874015748
21
0.3511520866141732
0
LINE
8
BLACK
6
CONTINUOUS
10
1.0948307874015748
20
0.3511520866141732
11
1.0949039370078739
21
0.3509754330708661
0
LINE
8
BLACK
6
CONTINUOUS
10
1.0949039370078739
20
0.3509754330708661
11
1.095
21
0.35
0
LINE
8
BLACK
6
CONTINUOUS
10
1.095
20
0.35
11
1.095
21
0.34
0
LINE
8
BLACK
6
CONTINUOUS
10
1.095
20
0.34
11
1.1199999999999999
21
0.34
0
LINE
8
BLACK
6
CONTINUOUS
10
1.1199999999999999
20
0.34
11
1.1199999999999999
21
0.28
0
LINE
8
BLACK
6
CONTINUOUS
10
1.1199999999999999
20
0.28
11
1.0959055118110237
21
0.28
0
LINE
8
BLACK
6
CONTINUOUS
10
1.0959055118110237
20
0.28
11
1.0959055118110237
21
0.2706351181102362
0
LINE
8
BLACK
6
CONTINUOUS
10
1.0959055118110237
20
0.2706351181102362
11
1.0965406692913386
21
0.2699999606299213
0
LINE
8
BLACK
6
CONTINUOUS
10
1.0965406692913386
20
0.2699999606299213
11
1.439837283464567
21
0.2699999606299213
0
LINE
8
BLACK
6
CONTINUOUS
10
1.439837283464567
20
0.2699999606299213
11
1.4415131496062992
21
0.2716758267716535
0
LINE
8
BLACK
6
CONTINUOUS
10
1.4415131496062992
20
0.2716758267716535
11
1.4424080708661418
21
0.2724102755905512
0
LINE
8
BLACK
6
CONTINUOUS
10
1.4424080708661418
20
0.2724102755905512
11
1.4440714173228346
21
0.2730992519685039
0
LINE
8
BLACK
6
CONTINUOUS
10
1.4440714173228346
20
0.2730992519685039
11
1.4445368503937008
21
0.2732920472440945
0
LINE
8
BLACK
6
CONTINUOUS
10
1.4445368503937008
20
0.2732920472440945
11
1.4456889763779528
21
0.2734055118110236
0
LINE
8
BLACK
6
CONTINUOUS
10
1.4456889763779528
20
0.2734055118110236
11
1.4575
21
0.2734055118110236
0
LINE
8
BLACK
6
CONTINUOUS
10
1.4575
20
0.2734055118110236
11
1.4575
21
0.285
0
LINE
8
BLACK
6
CONTINUOUS
10
1.4575
20
0.285
11
1.5125
21
0.285
0
LINE
8
BLACK
6
CONTINUOUS
10
1.5125
20
0.285
11
1.5125
21
0.2734055118110236
0
LINE
8
BLACK
6
CONTINUOUS
10
1.5125
20
0.2734055118110236
11
1.5243110236220472
21
0.2734055118110236
0
LINE
8
BLACK
6
CONTINUOUS
10
1.5243110236220472
20
0.2734055118110236
11
1.5254631496062991
21
0.2732920472440945
0
LINE
8
BLACK
6
CONTINUOUS
10
1.5254631496062991
20
0.2732920472440945
11
1.5259285826771654
21
0.2730992519685039
0
LINE
8
BLACK
6
CONTINUOUS
10
1.5259285826771654
20
0.2730992519685039
11
1.5275919291338582
21
0.2724102755905512
0
LINE
8
BLACK
6
CONTINUOUS
10
1.5275919291338582
20
0.2724102755905512
11
1.5284868503937008
21
0.2716758267716535
0
LINE
8
BLACK
6
CONTINUOUS
10
1.5284868503937008
20
0.2716758267716535
11
1.5734626771653544
21
0.2267
0
LINE
8
BLACK
6
CONTINUOUS
10
1.5734626771653544
20
0.2267
11
1.6134500000000001
21
0.2267
0
LINE
8
BLACK
6
CONTINUOUS
10
1.6134500000000001
20
0.2267
11
1.6134500000000001
21
0.1755
0
LINE
8
BLACK
6
CONTINUOUS
10
1.6134500000000001
20
0.1755
11
1.5465499999999999
21
0.1755
0
LINE
8
BLACK
6
CONTINUOUS
10
1.5465499999999999
20
0.1755
11
1.5465499999999999
21
0.2267
0
LINE
8
BLACK
6
CONTINUOUS
10
1.5465499999999999
20
0.2267
11
1.5567593700787401
21
0.2267
0
LINE
8
BLACK
6
CONTINUOUS
10
1.5567593700787401
20
0.2267
11
1.5218648818897638
21
0.2615944881889763
0
LINE
8
BLACK
6
CONTINUOUS
10
1.5218648818897638
20
0.2615944881889763
11
1.5125
21
0.2615944881889763
0
LINE
8
BLACK
6
CONTINUOUS
10
1.5125
20
0.2615944881889763
11
1.5125
21
0.25
0
LINE
8
BLACK
6
CONTINUOUS
10
1.5125
20
0.25
11
1.4575
21
0.25
0
LINE
8
BLACK
6
CONTINUOUS
10
1.4575
20
0.25
11
1.4575
21
0.2615944881889763
0
LINE
8
BLACK
6
CONTINUOUS
10
1.4575
20
0.2615944881889763
11
1.4481351181102362
21
0.2615944881889763
0
LINE
8
BLACK
6
CONTINUOUS
10
1.4481351181102362
20
0.2615944881889763
11
1.446459251968504
21
0.2599186220472441
0
LINE
8
BLACK
6
CONTINUOUS
10
1.446459251968504
20
0.2599186220472441
11
1.4455643307086614
21
0.2591841732283465
0
LINE
8
BLACK
6
CONTINUOUS
10
1.4455643307086614
20
0.2591841732283465
11
1.4443173228346455
21
0.2586676377952756
0
LINE
8
BLACK
6
CONTINUOUS
10
1.4443173228346455
20
0.2586676377952756
11
1.4434355511811023
21
0.2583024015748032
0
LINE
8
BLACK
6
CONTINUOUS
10
1.4434355511811023
20
0.2583024015748032
11
1.4422834251968504
21
0.258188937007874
0
LINE
8
BLACK
6
CONTINUOUS
10
1.4422834251968504
20
0.258188937007874
11
1.094094527559055
21
0.258188937007874
0
LINE
8
BLACK
6
CONTINUOUS
10
1.094094527559055
20
0.258188937007874
11
1.092942401574803
21
0.2583024015748032
0
LINE
8
BLACK
6
CONTINUOUS
10
1.092942401574803
20
0.2583024015748032
11
1.0920606299212599
21
0.2586676377952756
0
LINE
8
BLACK
6
CONTINUOUS
10
1.0920606299212599
20
0.2586676377952756
11
1.090813622047244
21
0.2591841732283465
0
LINE
8
BLACK
6
CONTINUOUS
10
1.090813622047244
20
0.2591841732283465
11
1.0899187007874016
21
0.2599186220472441
0
LINE
8
BLACK
6
CONTINUOUS
10
1.0899187007874016
20
0.2599186220472441
11
1.0858241732283465
21
0.2640131496062992
0
LINE
8
BLACK
6
CONTINUOUS
10
1.0858241732283465
20
0.2640131496062992
11
1.0850897244094488
21
0.2649080708661417
0
LINE
8
BLACK
6
CONTINUOUS
10
1.0850897244094488
20
0.2649080708661417
11
1.0842079527559054
21
0.2670368897637795
0
LINE
8
BLACK
6
CONTINUOUS
10
1.0842079527559054
20
0.2670368897637795
11
1.0840944881889762
21
0.2681889763779527
0
LINE
8
BLACK
6
CONTINUOUS
10
1.0840944881889762
20
0.2681889763779527
11
1.0840944881889762
21
0.28
0
LINE
8
BLACK
6
CONTINUOUS
10
1.0840944881889762
20
0.28
11
1.0600000000000001
21
0.28
0
LINE
8
BLACK
6
CONTINUOUS
10
1.0600000000000001
20
0.28
11
1.0600000000000001
21
0.34
0
LINE
8
BLACK
6
CONTINUOUS
10
1.0600000000000001
20
0.34
11
1.085
21
0.34
0
LINE
8
BLACK
6
CONTINUOUS
10
1.085
20
0.34
11
1.085
21
0.3479288976377953
0
LINE
8
BLACK
6
CONTINUOUS
10
1.085
20
0.3479288976377953
11
1.0829288582677166
21
0.3500000393700787
0
LINE
8
BLACK
6
CONTINUOUS
10
1.0829288582677166
20
0.3500000393700787
11
1.0049999606299211
21
0.3500000393700787
0
LINE
8
BLACK
6
CONTINUOUS
10
1.0049999606299211
20
0.3500000393700787
11
1.0040245275590551
21
0.3500961023622047
0
LINE
8
BLACK
6
CONTINUOUS
10
1.0040245275590551
20
0.3500961023622047
11
1.0040244881889764
21
0.3500961023622047
0
LINE
8
BLACK
6
CONTINUOUS
10
1.0040244881889764
20
0.3500961023622047
11
1.0022220866141731
21
0.3508426771653543
0
LINE
8
BLACK
6
CONTINUOUS
10
1.0022220866141731
20
0.3508426771653543
11
1.001464409448819
21
0.3514644881889764
0
LINE
8
BLACK
6
CONTINUOUS
10
1.001464409448819
20
0.3514644881889764
11
0.9747644488188976
21
0.3781644488188976
0
LINE
8
BLACK
6
CONTINUOUS
10
0.9747644488188976
20
0.3781644488188976
11
0.9741426771653543
21
0.378922125984252
0
LINE
8
BLACK
6
CONTINUOUS
10
0.9741426771653543
20
0.378922125984252
11
0.9741426377952755
21
0.3789221653543307
0
LINE
8
BLACK
6
CONTINUOUS
10
0.9741426377952755
20
0.3789221653543307
11
0.973396062992126
21
0.3807245669291339
0
LINE
8
BLACK
6
CONTINUOUS
10
0.973396062992126
20
0.3807245669291339
11
0.9732999999999999
21
0.3817
0
LINE
8
BLACK
6
CONTINUOUS
10
0.9732999999999999
20
0.3817
11
0.9732999999999999
21
0.41875
0
LINE
8
BLACK
6
CONTINUOUS
10
0.9732999999999999
20
0.41875
11
0.9732999999999999
21
0.42875
0
LINE
8
BLACK
6
CONTINUOUS
10
0.9732999999999999
20
0.42875
11
0.9704499999999999
21
0.42875
0
LINE
8
BLACK
6
CONTINUOUS
10
0.9704499999999999
20
0.42875
11
0.9704499999999999
21
0.48385
0
LINE
8
BLACK
6
CONTINUOUS
10
0.9704499999999999
20
0.48385
11
0.98615
21
0.48385
0
LINE
8
BLACK
6
CONTINUOUS
10
0.98615
20
0.48385
11
0.98615
21
0.42875
0
LINE
8
BLACK
6
CONTINUOUS
10
0.83275
20
0.42875
11
0.8308055118110236
21
0.42875
0
LINE
8
BLACK
6
CONTINUOUS
10
0.8308055118110236
20
0.42875
11
0.8308055118110236
21
0.3774
0
LINE
8
BLACK
6
CONTINUOUS
10
0.8308055118110236
20
0.3774
11
0.8306920472440945
21
0.376247874015748
0
LINE
8
BLACK
6
CONTINUOUS
10
0.8306920472440945
20
0.376247874015748
11
0.8306162204724409
21
0.3760648031496063
0
LINE
8
BLACK
6
CONTINUOUS
10
0.8306162204724409
20
0.3760648031496063
11
0.8298102755905512
21
0.374119094488189
0
LINE
8
BLACK
6
CONTINUOUS
10
0.8298102755905512
20
0.374119094488189
11
0.8290758267716535
21
0.3732241732283464
0
LINE
8
BLACK
6
CONTINUOUS
10
0.8290758267716535
20
0.3732241732283464
11
0.825
21
0.3691483464566929
0
LINE
8
BLACK
6
CONTINUOUS
10
0.825
20
0.3691483464566929
11
0.825
21
0.3325
0
LINE
8
BLACK
6
CONTINUOUS
10
0.825
20
0.3325
11
0.79
21
0.3325
0
LINE
8
BLACK
6
CONTINUOUS
10
0.79
20
0.3325
11
0.79
21
0.3341483464566929
0
LINE
8
BLACK
6
CONTINUOUS
10
0.79
20
0.3341483464566929
11
0.75825
21
0.3023983464566929
0
LINE
8
BLACK
6
CONTINUOUS
10
0.75825
20
0.3023983464566929
11
0.75825
21
0.2636
0
LINE
8
BLACK
6
CONTINUOUS
10
0.75825
20
0.2636
11
0.72675
21
0.2636
0
LINE
8
BLACK
6
CONTINUOUS
10
0.72675
20
0.2636
11
0.72675
21
0.303
0
LINE
8
BLACK
6
CONTINUOUS
10
0.72675
20
0.303
11
0.7421483464566929
21
0.303
0
LINE
8
BLACK
6
CONTINUOUS
10
0.7421483464566929
20
0.303
11
0.79
21
0.3508516535433071
0
LINE
8
BLACK
6
CONTINUOUS
10
0.79
20
0.3508516535433071
11
0.79
21
0.3557275590551181
0
LINE
8
BLACK
6
CONTINUOUS
10
0.79
20
0.3557275590551181
11
0.789722125984252
21
0.3558426771653543
0
LINE
8
BLACK
6
CONTINUOUS
10
0.789722125984252
20
0.3558426771653543
11
0.7883426771653543
21
0.357222125984252
0
LINE
8
BLACK
6
CONTINUOUS
10
0.7883426771653543
20
0.357222125984252
11
0.7875960629921259
21
0.3590245275590551
0
LINE
8
BLACK
6
CONTINUOUS
10
0.7875960629921259
20
0.3590245275590551
11
0.7875960629921259
21
0.3609754724409449
0
LINE
8
BLACK
6
CONTINUOUS
10
0.7875960629921259
20
0.3609754724409449
11
0.7883426771653543
21
0.362777874015748
0
LINE
8
BLACK
6
CONTINUOUS
10
0.7883426771653543
20
0.362777874015748
11
0.7889644488188976
21
0.3635355511811024
0
LINE
8
BLACK
6
CONTINUOUS
10
0.7889644488188976
20
0.3635355511811024
11
0.79
21
0.3645711023622047
0
LINE
8
BLACK
6
CONTINUOUS
10
0.79
20
0.3645711023622047
11
0.79
21
0.3875
0
LINE
8
BLACK
6
CONTINUOUS
10
0.79
20
0.3875
11
0.8189944881889764
21
0.3875
0
LINE
8
BLACK
6
CONTINUOUS
10
0.8189944881889764
20
0.3875
11
0.8189944881889764
21
0.42875
0
LINE
8
BLACK
6
CONTINUOUS
10
0.8189944881889764
20
0.42875
11
0.8170499999999999
21
0.42875
0
LINE
8
BLACK
6
CONTINUOUS
10
0.8170499999999999
20
0.42875
11
0.8170499999999999
21
0.48385
0
LINE
8
BLACK
6
CONTINUOUS
10
0.8170499999999999
20
0.48385
11
0.83275
21
0.48385
0
LINE
8
BLACK
6
CONTINUOUS
10
0.83275
20
0.48385
11
0.83275
21
0.42875
0
LINE
8
BLACK
6
CONTINUOUS
10
0.8583499999999999
20
0.42875
11
0.8564055118110236
21
0.42875
0
LINE
8
BLACK
6
CONTINUOUS
10
0.8564055118110236
20
0.42875
11
0.8564055118110236
21
0.318
0
LINE
8
BLACK
6
CONTINUOUS
10
0.8564055118110236
20
0.318
11
0.8562920472440945
21
0.3168479133858267
0
LINE
8
BLACK
6
CONTINUOUS
10
0.8562920472440945
20
0.3168479133858267
11
0.8554102755905512
21
0.3147190551181102
0
LINE
8
BLACK
6
CONTINUOUS
10
0.8554102755905512
20
0.3147190551181102
11
0.8546758267716535
21
0.3138241732283464
0
LINE
8
BLACK
6
CONTINUOUS
10
0.8546758267716535
20
0.3138241732283464
11
0.8375
21
0.2966483464566929
0
LINE
8
BLACK
6
CONTINUOUS
10
0.8375
20
0.2966483464566929
11
0.8375
21
0.27
0
LINE
8
BLACK
6
CONTINUOUS
10
0.8375
20
0.27
11
0.7825
21
0.27
0
LINE
8
BLACK
6
CONTINUOUS
10
0.7825
20
0.27
11
0.7825
21
0.305
0
LINE
8
BLACK
6
CONTINUOUS
10
0.7825
20
0.305
11
0.8291483464566929
21
0.305
0
LINE
8
BLACK
6
CONTINUOUS
10
0.8291483464566929
20
0.305
11
0.8445944881889763
21
0.3204461417322835
0
LINE
8
BLACK
6
CONTINUOUS
10
0.8445944881889763
20
0.3204461417322835
11
0.8445944881889763
21
0.42875
0
LINE
8
BLACK
6
CONTINUOUS
10
0.8445944881889763
20
0.42875
11
0.84265
21
0.42875
0
LINE
8
BLACK
6
CONTINUOUS
10
0.84265
20
0.42875
11
0.84265
21
0.48385
0
LINE
8
BLACK
6
CONTINUOUS
10
0.84265
20
0.48385
11
0.8583499999999999
21
0.48385
0
LINE
8
BLACK
6
CONTINUOUS
10
0.8583499999999999
20
0.48385
11
0.8583499999999999
21
0.42875
0
LINE
8
BLACK
6
CONTINUOUS
10
0.96055
20
0.42875
11
0.9586055118110236
21
0.42875
0
LINE
8
BLACK
6
CONTINUOUS
10
0.9586055118110236
20
0.42875
11
0.9586055118110236
21
0.4169389763779527
0
LINE
8
BLACK
6
CONTINUOUS
10
0.9586055118110236
20
0.4169389763779527
11
0.9586055118110236
21
0.380180748031496
0
LINE
8
BLACK
6
CONTINUOUS
10
0.9586055118110236
20
0.380180748031496
11
0.9701758267716535
21
0.3686104330708661
0
LINE
8
BLACK
6
CONTINUOUS
10
0.9701758267716535
20
0.3686104330708661
11
0.9709102755905512
21
0.3677155118110236
0
LINE
8
BLACK
6
CONTINUOUS
10
0.9709102755905512
20
0.3677155118110236
11
0.9712154330708661
21
0.3669787401574803
0
LINE
8
BLACK
6
CONTINUOUS
10
0.9712154330708661
20
0.3669787401574803
11
0.9717920472440945
21
0.3655867322834646
0
LINE
8
BLACK
6
CONTINUOUS
10
0.9717920472440945
20
0.3655867322834646
11
0.9719055118110236
21
0.3644346062992126
0
LINE
8
BLACK
6
CONTINUOUS
10
0.9719055118110236
20
0.3644346062992126
11
0.9719055118110236
21
0.34
0
LINE
8
BLACK
6
CONTINUOUS
10
0.9719055118110236
20
0.34
11
1.02
21
0.34
0
LINE
8
BLACK
6
CONTINUOUS
10
1.02
20
0.34
11
1.02
21
0.28
0
LINE
8
BLACK
6
CONTINUOUS
10
1.02
20
0.28
11
0.96
21
0.28
0
LINE
8
BLACK
6
CONTINUOUS
10
0.96
20
0.28
11
0.96
21
0.2815944881889764
0
LINE
8
BLACK
6
CONTINUOUS
10
0.96
20
0.2815944881889764
11
0.9225
21
0.2815944881889764
0
LINE
8
BLACK
6
CONTINUOUS
10
0.9225
20
0.2815944881889764
11
0.9225
21
0.27
0
LINE
8
BLACK
6
CONTINUOUS
10
0.9225
20
0.27
11
0.8674999999999999
21
0.27
0
LINE
8
BLACK
6
CONTINUOUS
10
0.8674999999999999
20
0.27
11
0.8674999999999999
21
0.305
0
LINE
8
BLACK
6
CONTINUOUS
10
0.8674999999999999
20
0.305
11
0.9225
21
0.305
0
LINE
8
BLACK
6
CONTINUOUS
10
0.9225
20
0.305
11
0.9225
21
0.2934055118110236
0
LINE
8
BLACK
6
CONTINUOUS
10
0.9225
20
0.2934055118110236
11
0.96
21
0.2934055118110236
0
LINE
8
BLACK
6
CONTINUOUS
10
0.96
20
0.2934055118110236
11
0.96
21
0.34
0
LINE
8
BLACK
6
CONTINUOUS
10
0.96
20
0.34
11
0.9600944881889764
21
0.34
0
LINE
8
BLACK
6
CONTINUOUS
10
0.9600944881889764
20
0.34
11
0.9600944881889764
21
0.3619884645669291
0
LINE
8
BLACK
6
CONTINUOUS
10
0.9600944881889764
20
0.3619884645669291
11
0.9485241732283465
21
0.3735587795275591
0
LINE
8
BLACK
6
CONTINUOUS
10
0.9485241732283465
20
0.3735587795275591
11
0.9477897244094488
21
0.3744537007874016
0
LINE
8
BLACK
6
CONTINUOUS
10
0.9477897244094488
20
0.3744537007874016
11
0.9471010629921259
21
0.3761162992125984
0
LINE
8
BLACK
6
CONTINUOUS
10
0.9471010629921259
20
0.3761162992125984
11
0.9469079527559054
21
0.3765824803149606
0
LINE
8
BLACK
6
CONTINUOUS
10
0.9469079527559054
20
0.3765824803149606
11
0.9467944881889764
21
0.3777346062992126
0
LINE
8
BLACK
6
CONTINUOUS
10
0.9467944881889764
20
0.3777346062992126
11
0.9467944881889764
21
0.4169389763779527
0
LINE
8
BLACK
6
CONTINUOUS
10
0.9467944881889764
20
0.4169389763779527
11
0.9467944881889764
21
0.42875
0
LINE
8
BLACK
6
CONTINUOUS
10
0.9467944881889764
20
0.42875
11
0.94485
21
0.42875
0
LINE
8
BLACK
6
CONTINUOUS
10
0.94485
20
0.42875
11
0.94485
21
0.48385
0
LINE
8
BLACK
6
CONTINUOUS
10
0.94485
20
0.48385
11
0.96055
21
0.48385
0
LINE
8
BLACK
6
CONTINUOUS
10
0.96055
20
0.48385
11
0.96055
21
0.42875
0
LINE
8
BLACK
6
CONTINUOUS
10
1.03735
20
0.42875
11
1.0354055118110237
21
0.42875
0
LINE
8
BLACK
6
CONTINUOUS
10
1.0354055118110237
20
0.42875
11
1.0354055118110237
21
0.4203161417322834
0
LINE
8
BLACK
6
CONTINUOUS
10
1.0354055118110237
20
0.4203161417322834
11
1.0498161417322835
21
0.4059055118110236
0
LINE
8
BLACK
6
CONTINUOUS
10
1.0498161417322835
20
0.4059055118110236
11
1.165
21
0.4059055118110236
0
LINE
8
BLACK
6
CONTINUOUS
10
1.165
20
0.4059055118110236
11
1.166152125984252
21
0.4057920472440945
0
LINE
8
BLACK
6
CONTINUOUS
10
1.166152125984252
20
0.4057920472440945
11
1.1670338976377952
21
0.4054267716535433
0
LINE
8
BLACK
6
CONTINUOUS
10
1.1670338976377952
20
0.4054267716535433
11
1.1682809055118111
21
0.4049102755905511
0
LINE
8
BLACK
6
CONTINUOUS
10
1.1682809055118111
20
0.4049102755905511
11
1.1691758267716534
21
0.4041758267716535
0
LINE
8
BLACK
6
CONTINUOUS
10
1.1691758267716534
20
0.4041758267716535
11
1.1941758267716536
21
0.3791758267716535
0
LINE
8
BLACK
6
CONTINUOUS
10
1.1941758267716536
20
0.3791758267716535
11
1.1949102755905512
21
0.378280905511811
0
LINE
8
BLACK
6
CONTINUOUS
10
1.1949102755905512
20
0.378280905511811
11
1.1951587401574804
21
0.3776810236220473
0
LINE
8
BLACK
6
CONTINUOUS
10
1.1951587401574804
20
0.3776810236220473
11
1.1957920472440944
21
0.376152125984252
0
LINE
8
BLACK
6
CONTINUOUS
10
1.1957920472440944
20
0.376152125984252
11
1.1959055118110236
21
0.375
0
LINE
8
BLACK
6
CONTINUOUS
10
1.1959055118110236
20
0.375
11
1.1959055118110236
21
0.34
0
LINE
8
BLACK
6
CONTINUOUS
10
1.1959055118110236
20
0.34
11
1.22
21
0.34
0
LINE
8
BLACK
6
CONTINUOUS
10
1.22
20
0.34
11
1.22
21
0.28
0
LINE
8
BLACK
6
CONTINUOUS
10
1.22
20
0.28
11
1.1599999999999999
21
0.28
0
LINE
8
BLACK
6
CONTINUOUS
10
1.1599999999999999
20
0.28
11
1.1599999999999999
21
0.34
0
LINE
8
BLACK
6
CONTINUOUS
10
1.1599999999999999
20
0.34
11
1.1840944881889763
21
0.34
0
LINE
8
BLACK
6
CONTINUOUS
10
1.1840944881889763
20
0.34
11
1.1840944881889763
21
0.3725538582677165
0
LINE
8
BLACK
6
CONTINUOUS
10
1.1840944881889763
20
0.3725538582677165
11
1.1625538582677164
21
0.3940944881889764
0
LINE
8
BLACK
6
CONTINUOUS
10
1.1625538582677164
20
0.3940944881889764
11
1.0473699999999999
21
0.3940944881889764
0
LINE
8
BLACK
6
CONTINUOUS
10
1.0473699999999999
20
0.3940944881889764
11
1.046217874015748
21
0.3942079527559055
0
LINE
8
BLACK
6
CONTINUOUS
10
1.046217874015748
20
0.3942079527559055
11
1.0450749606299212
21
0.3946813779527559
0
LINE
8
BLACK
6
CONTINUOUS
10
1.0450749606299212
20
0.3946813779527559
11
1.0440890944881889
21
0.3950897244094488
0
LINE
8
BLACK
6
CONTINUOUS
10
1.0440890944881889
20
0.3950897244094488
11
1.0431941732283465
21
0.3958241732283465
0
LINE
8
BLACK
6
CONTINUOUS
10
1.0431941732283465
20
0.3958241732283465
11
1.0253241732283465
21
0.4136941732283465
0
LINE
8
BLACK
6
CONTINUOUS
10
1.0253241732283465
20
0.4136941732283465
11
1.0245897244094488
21
0.414589094488189
0
LINE
8
BLACK
6
CONTINUOUS
10
1.0245897244094488
20
0.414589094488189
11
1.0237591338582677
21
0.4165943307086614
0
LINE
8
BLACK
6
CONTINUOUS
10
1.0237591338582677
20
0.4165943307086614
11
1.0237079527559054
21
0.416717874015748
0
LINE
8
BLACK
6
CONTINUOUS
10
1.0237079527559054
20
0.416717874015748
11
1.0235944881889762
21
0.41787
0
LINE
8
BLACK
6
CONTINUOUS
10
1.0235944881889762
20
0.41787
11
1.0235944881889762
21
0.42875
0
LINE
8
BLACK
6
CONTINUOUS
10
1.0235944881889762
20
0.42875
11
1.0216499999999999
21
0.42875
0
LINE
8
BLACK
6
CONTINUOUS
10
1.0216499999999999
20
0.42875
11
1.0216499999999999
21
0.48385
0
LINE
8
BLACK
6
CONTINUOUS
10
1.0216499999999999
20
0.48385
11
1.03735
21
0.48385
0
LINE
8
BLACK
6
CONTINUOUS
10
1.03735
20
0.48385
11
1.03735
21
0.42875
0
LINE
8
BLACK
6
CONTINUOUS
10
1.3200000000000001
20
0.28
11
1.26
21
0.28
0
LINE
8
BLACK
6
CONTINUOUS
10
1.26
20
0.28
11
1.26
21
0.34
0
LINE
8
BLACK
6
CONTINUOUS
10
1.26
20
0.34
11
1.3200000000000001
21
0.34
0
LINE
8
BLACK
6
CONTINUOUS
10
1.3200000000000001
20
0.34
11
1.3200000000000001
21
0.28
0
LINE
8
BLACK
6
CONTINUOUS
10
1.4299999999999999
20
0.4125
11
1.4184055118110237
21
0.4125
0
LINE
8
BLACK
6
CONTINUOUS
10
1.4184055118110237
20
0.4125
11
1.4184055118110237
21
0.315
0
LINE
8
BLACK
6
CONTINUOUS
10
1.4184055118110237
20
0.315
11
1.4224999999999999
21
0.315
0
LINE
8
BLACK
6
CONTINUOUS
10
1.4224999999999999
20
0.315
11
1.4224999999999999
21
0.28
0
LINE
8
BLACK
6
CONTINUOUS
10
1.4224999999999999
20
0.28
11
1.3674999999999999
21
0.28
0
LINE
8
BLACK
6
CONTINUOUS
10
1.3674999999999999
20
0.28
11
1.3674999999999999
21
0.315
0
LINE
8
BLACK
6
CONTINUOUS
10
1.3674999999999999
20
0.315
11
1.4041483464566928
21
0.315
0
LINE
8
BLACK
6
CONTINUOUS
10
1.4041483464566928
20
0.315
11
1.4065944881889763
21
0.3174461417322835
0
LINE
8
BLACK
6
CONTINUOUS
10
1.4065944881889763
20
0.3174461417322835
11
1.4065944881889763
21
0.4125
0
LINE
8
BLACK
6
CONTINUOUS
10
1.4065944881889763
20
0.4125
11
1.395
21
0.4125
0
LINE
8
BLACK
6
CONTINUOUS
10
1.395
20
0.4125
11
1.395
21
0.4340944881889764
0
LINE
8
BLACK
6
CONTINUOUS
10
1.395
20
0.4340944881889764
11
1.3763799606299212
21
0.4340944881889764
0
LINE
8
BLACK
6
CONTINUOUS
10
1.3763799606299212
20
0.4340944881889764
11
1.3761678740157479
21
0.433303031496063
0
LINE
8
BLACK
6
CONTINUOUS
10
1.3761678740157479
20
0.433303031496063
11
1.3738837007874016
21
0.4293466929133858
0
LINE
8
BLACK
6
CONTINUOUS
10
1.3738837007874016
20
0.4293466929133858
11
1.370653307086614
21
0.4261162992125984
0
LINE
8
BLACK
6
CONTINUOUS
10
1.370653307086614
20
0.4261162992125984
11
1.366696968503937
21
0.423832125984252
0
LINE
8
BLACK
6
CONTINUOUS
10
1.366696968503937
20
0.423832125984252
11
1.3622842125984251
21
0.4226497244094488
0
LINE
8
BLACK
6
CONTINUOUS
10
1.3622842125984251
20
0.4226497244094488
11
1.3577157874015748
21
0.4226497244094488
0
LINE
8
BLACK
6
CONTINUOUS
10
1.3577157874015748
20
0.4226497244094488
11
1.353303031496063
21
0.423832125984252
0
LINE
8
BLACK
6
CONTINUOUS
10
1.353303031496063
20
0.423832125984252
11
1.3493466929133857
21
0.4261162992125984
0
LINE
8
BLACK
6
CONTINUOUS
10
1.3493466929133857
20
0.4261162992125984
11
1.3461162992125983
21
0.4293466929133858
0
LINE
8
BLACK
6
CONTINUOUS
10
1.3461162992125983
20
0.4293466929133858
11
1.3438321259842518
21
0.433303031496063
0
LINE
8
BLACK
6
CONTINUOUS
10
1.3438321259842518
20
0.433303031496063
11
1.3426497244094489
21
0.4377157874015748
0
LINE
8
BLACK
6
CONTINUOUS
10
1.3426497244094489
20
0.4377157874015748
11
1.3426497244094489
21
0.4422842125984252
0
LINE
8
BLACK
6
CONTINUOUS
10
1.3426497244094489
20
0.4422842125984252
11
1.3438321259842518
21
0.446696968503937
0
LINE
8
BLACK
6
CONTINUOUS
10
1.3438321259842518
20
0.446696968503937
11
1.3461162992125983
21
0.4506533070866142
0
LINE
8
BLACK
6
CONTINUOUS
10
1.3461162992125983
20
0.4506533070866142
11
1.3493466929133857
21
0.4538837007874016
0
LINE
8
BLACK
6
CONTINUOUS
10
1.3493466929133857
20
0.4538837007874016
11
1.353303031496063
21
0.456167874015748
0
LINE
8
BLACK
6
CONTINUOUS
10
1.353303031496063
20
0.456167874015748
11
1.3577157874015748
21
0.4573502755905512
0
LINE
8
BLACK
6
CONTINUOUS
10
1.3577157874015748
20
0.4573502755905512
11
1.3622842125984251
21
0.4573502755905512
0
LINE
8
BLACK
6
CONTINUOUS
10
1.3622842125984251
20
0.4573502755905512
11
1.366696968503937
21
0.456167874015748
0
LINE
8
BLACK
6
CONTINUOUS
10
1.366696968503937
20
0.456167874015748
11
1.370653307086614
21
0.4538837007874016
0
LINE
8
BLACK
6
CONTINUOUS
10
1.370653307086614
20
0.4538837007874016
11
1.3738837007874016
21
0.4506533070866142
0
LINE
8
BLACK
6
CONTINUOUS
10
1.3738837007874016
20
0.4506533070866142
11
1.3761678740157479
21
0.446696968503937
0
LINE
8
BLACK
6
CONTINUOUS
10
1.3761678740157479
20
0.446696968503937
11
1.3763799606299212
21
0.4459055118110236
0
LINE
8
BLACK
6
CONTINUOUS
10
1.3763799606299212
20
0.4459055118110236
11
1.395
21
0.4459055118110236
0
LINE
8
BLACK
6
CONTINUOUS
10
1.395
20
0.4459055118110236
11
1.395
21
0.4675
0
LINE
8
BLACK
6
CONTINUOUS
10
1.395
20
0.4675
11
1.4299999999999999
21
0.4675
0
LINE
8
BLACK
6
CONTINUOUS
10
1.4299999999999999
20
0.4675
11
1.4299999999999999
21
0.4125
0
LINE
8
BLACK
6
CONTINUOUS
10
0.9351499999999999
20
0.42875
11
0.9332055118110236
21
0.42875
0
LINE
8
BLACK
6
CONTINUOUS
10
0.9332055118110236
20
0.42875
11
0.9332055118110236
21
0.3673502755905512
0
LINE
8
BLACK
6
CONTINUOUS
10
0.9332055118110236
20
0.3673502755905512
11
0.9347846456692913
21
0.3673502755905512
0
LINE
8
BLACK
6
CONTINUOUS
10
0.9347846456692913
20
0.3673502755905512
11
0.9391974015748031
21
0.366167874015748
0
LINE
8
BLACK
6
CONTINUOUS
10
0.9391974015748031
20
0.366167874015748
11
0.9431537401574803
21
0.3638837007874016
0
LINE
8
BLACK
6
CONTINUOUS
10
0.9431537401574803
20
0.3638837007874016
11
0.9463841338582677
21
0.3606533070866141
0
LINE
8
BLACK
6
CONTINUOUS
10
0.9463841338582677
20
0.3606533070866141
11
0.9486683070866142
21
0.356696968503937
0
LINE
8
BLACK
6
CONTINUOUS
10
0.9486683070866142
20
0.356696968503937
11
0.9498507086614173
21
0.3522842125984252
0
LINE
8
BLACK
6
CONTINUOUS
10
0.9498507086614173
20
0.3522842125984252
11
0.9498507086614173
21
0.3477157874015748
0
LINE
8
BLACK
6
CONTINUOUS
10
0.9498507086614173
20
0.3477157874015748
11
0.9486683070866142
21
0.343303031496063
0
LINE
8
BLACK
6
CONTINUOUS
10
0.9486683070866142
20
0.343303031496063
11
0.9463841338582677
21
0.3393466929133858
0
LINE
8
BLACK
6
CONTINUOUS
10
0.9463841338582677
20
0.3393466929133858
11
0.9431537401574803
21
0.3361162992125984
0
LINE
8
BLACK
6
CONTINUOUS
10
0.9431537401574803
20
0.3361162992125984
11
0.9391974015748031
21
0.3338321259842519
0
LINE
8
BLACK
6
CONTINUOUS
10
0.9391974015748031
20
0.3338321259842519
11
0.9347846456692913
21
0.3326497244094488
0
LINE
8
BLACK
6
CONTINUOUS
10
0.9347846456692913
20
0.3326497244094488
11
0.9302162204724409
21
0.3326497244094488
0
LINE
8
BLACK
6
CONTINUOUS
10
0.9302162204724409
20
0.3326497244094488
11
0.9258034645669291
21
0.3338321259842519
0
LINE
8
BLACK
6
CONTINUOUS
10
0.9258034645669291
20
0.3338321259842519
11
0.921847125984252
21
0.3361162992125984
0
LINE
8
BLACK
6
CONTINUOUS
10
0.921847125984252
20
0.3361162992125984
11
0.9186167322834645
21
0.3393466929133858
0
LINE
8
BLACK
6
CONTINUOUS
10
0.9186167322834645
20
0.3393466929133858
11
0.9163325590551181
21
0.343303031496063
0
LINE
8
BLACK
6
CONTINUOUS
10
0.9163325590551181
20
0.343303031496063
11
0.9151501574803149
21
0.3477157874015748
0
LINE
8
BLACK
6
CONTINUOUS
10
0.9151501574803149
20
0.3477157874015748
11
0.9151501574803149
21
0.3522842125984252
0
LINE
8
BLACK
6
CONTINUOUS
10
0.9151501574803149
20
0.3522842125984252
11
0.9163325590551181
21
0.356696968503937
0
LINE
8
BLACK
6
CONTINUOUS
10
0.9163325590551181
20
0.356696968503937
11
0.9186167322834645
21
0.3606533070866141
0
LINE
8
BLACK
6
CONTINUOUS
10
0.9186167322834645
20
0.3606533070866141
11
0.9213944881889764
21
0.363431062992126
0
LINE
8
BLACK
6
CONTINUOUS
10
0.9213944881889764
20
0.363431062992126
11
0.9213944881889764
21
0.42875
0
LINE
8
BLACK
6
CONTINUOUS
10
0.9213944881889764
20
0.42875
11
0.91945
21
0.42875
0
LINE
8
BLACK
6
CONTINUOUS
10
0.91945
20
0.42875
11
0.91945
21
0.48385
0
LINE
8
BLACK
6
CONTINUOUS
10
0.91945
20
0.48385
11
0.9351499999999999
21
0.48385
0
LINE
8
BLACK
6
CONTINUOUS
10
0.9351499999999999
20
0.48385
11
0.9351499999999999
21
0.42875
0
LINE
8
BLACK
6
CONTINUOUS
10
1.0117499999999999
20
0.42875
11
1.0098055118110236
21
0.42875
0
LINE
8
BLACK
6
CONTINUOUS
10
1.0098055118110236
20
0.42875
11
1.0098055118110236
21
0.4150701574803149
0
LINE
8
BLACK
6
CONTINUOUS
10
1.0098055118110236
20
0.4150701574803149
11
1.0407815748031495
21
0.384094094488189
0
LINE
8
BLACK
6
CONTINUOUS
10
1.0407815748031495
20
0.384094094488189
11
1.1207023622047243
21
0.384094094488189
0
LINE
8
BLACK
6
CONTINUOUS
10
1.1207023622047243
20
0.384094094488189
11
1.1218544881889763
21
0.3839806299212598
0
LINE
8
BLACK
6
CONTINUOUS
10
1.1218544881889763
20
0.3839806299212598
11
1.1227362598425197
21
0.3836153543307086
0
LINE
8
BLACK
6
CONTINUOUS
10
1.1227362598425197
20
0.3836153543307086
11
1.1239832677165353
21
0.3830988582677165
0
LINE
8
BLACK
6
CONTINUOUS
10
1.1239832677165353
20
0.3830988582677165
11
1.1248781889763779
21
0.3823644094488189
0
LINE
8
BLACK
6
CONTINUOUS
10
1.1248781889763779
20
0.3823644094488189
11
1.1320388976377953
21
0.3752036614173228
0
LINE
8
BLACK
6
CONTINUOUS
10
1.1320388976377953
20
0.3752036614173228
11
1.1327485039370078
21
0.3756133464566929
0
LINE
8
BLACK
6
CONTINUOUS
10
1.1327485039370078
20
0.3756133464566929
11
1.1371612598425196
21
0.3767957480314961
0
LINE
8
BLACK
6
CONTINUOUS
10
1.1371612598425196
20
0.3767957480314961
11
1.1417296850393701
21
0.3767957480314961
0
LINE
8
BLACK
6
CONTINUOUS
10
1.1417296850393701
20
0.3767957480314961
11
1.1461424409448819
21
0.3756133464566929
0
LINE
8
BLACK
6
CONTINUOUS
10
1.1461424409448819
20
0.3756133464566929
11
1.150098779527559
21
0.3733291732283465
0
LINE
8
BLACK
6
CONTINUOUS
10
1.150098779527559
20
0.3733291732283465
11
1.1533291732283464
21
0.370098779527559
0
LINE
8
BLACK
6
CONTINUOUS
10
1.1533291732283464
20
0.370098779527559
11
1.1556133464566929
21
0.3661424409448819
0
LINE
8
BLACK
6
CONTINUOUS
10
1.1556133464566929
20
0.3661424409448819
11
1.1567957480314961
21
0.3617296850393701
0
LINE
8
BLACK
6
CONTINUOUS
10
1.1567957480314961
20
0.3617296850393701
11
1.1567957480314961
21
0.3571612598425197
0
LINE
8
BLACK
6
CONTINUOUS
10
1.1567957480314961
20
0.3571612598425197
11
1.1556133464566929
21
0.3527485039370079
0
LINE
8
BLACK
6
CONTINUOUS
10
1.1556133464566929
20
0.3527485039370079
11
1.1533291732283464
21
0.3487921653543307
0
LINE
8
BLACK
6
CONTINUOUS
10
1.1533291732283464
20
0.3487921653543307
11
1.150098779527559
21
0.3455617716535433
0
LINE
8
BLACK
6
CONTINUOUS
10
1.150098779527559
20
0.3455617716535433
11
1.1461424409448819
21
0.3432775984251968
0
LINE
8
BLACK
6
CONTINUOUS
10
1.1461424409448819
20
0.3432775984251968
11
1.1417296850393701
21
0.3420951968503937
0
LINE
8
BLACK
6
CONTINUOUS
10
1.1417296850393701
20
0.3420951968503937
11
1.1371612598425196
21
0.3420951968503937
0
LINE
8
BLACK
6
CONTINUOUS
10
1.1371612598425196
20
0.3420951968503937
11
1.1327485039370078
21
0.3432775984251968
0
LINE
8
BLACK
6
CONTINUOUS
10
1.1327485039370078
20
0.3432775984251968
11
1.1287921653543307
21
0.3455617716535433
0
LINE
8
BLACK
6
CONTINUOUS
10
1.1287921653543307
20
0.3455617716535433
11
1.1255617716535433
21
0.3487921653543307
0
LINE
8
BLACK
6
CONTINUOUS
10
1.1255617716535433
20
0.3487921653543307
11
1.1232775984251968
21
0.3527485039370079
0
LINE
8
BLACK
6
CONTINUOUS
10
1.1232775984251968
20
0.3527485039370079
11
1.1220951968503936
21
0.3571612598425197
0
LINE
8
BLACK
6
CONTINUOUS
10
1.1220951968503936
20
0.3571612598425197
11
1.1220951968503936
21
0.3617296850393701
0
LINE
8
BLACK
6
CONTINUOUS
10
1.1220951968503936
20
0.3617296850393701
11
1.1232775984251968
21
0.3661424409448819
0
LINE
8
BLACK
6
CONTINUOUS
10
1.1232775984251968
20
0.3661424409448819
11
1.1236872440944881
21
0.3668520078740157
0
LINE
8
BLACK
6
CONTINUOUS
10
1.1236872440944881
20
0.3668520078740157
11
1.1182562204724409
21
0.3722830708661417
0
LINE
8
BLACK
6
CONTINUOUS
10
1.1182562204724409
20
0.3722830708661417
11
1.0383354330708661
21
0.3722830708661417
0
LINE
8
BLACK
6
CONTINUOUS
10
1.0383354330708661
20
0.3722830708661417
11
1.0371833070866141
21
0.3723965354330708
0
LINE
8
BLACK
6
CONTINUOUS
10
1.0371833070866141
20
0.3723965354330708
11
1.0361504330708662
21
0.3728243700787401
0
LINE
8
BLACK
6
CONTINUOUS
10
1.0361504330708662
20
0.3728243700787401
11
1.035054527559055
21
0.3732783070866142
0
LINE
8
BLACK
6
CONTINUOUS
10
1.035054527559055
20
0.3732783070866142
11
1.0341596062992127
21
0.3740127559055118
0
LINE
8
BLACK
6
CONTINUOUS
10
1.0341596062992127
20
0.3740127559055118
11
0.9997241732283464
21
0.408448188976378
0
LINE
8
BLACK
6
CONTINUOUS
10
0.9997241732283464
20
0.408448188976378
11
0.9989897244094488
21
0.4093431102362204
0
LINE
8
BLACK
6
CONTINUOUS
10
0.9989897244094488
20
0.4093431102362204
11
0.9984731889763779
21
0.4105901181102362
0
LINE
8
BLACK
6
CONTINUOUS
10
0.9984731889763779
20
0.4105901181102362
11
0.9981079527559055
21
0.4114718897637795
0
LINE
8
BLACK
6
CONTINUOUS
10
0.9981079527559055
20
0.4114718897637795
11
0.9979944881889764
21
0.4126240157480315
0
LINE
8
BLACK
6
CONTINUOUS
10
0.9979944881889764
20
0.4126240157480315
11
0.9979944881889764
21
0.42875
0
LINE
8
BLACK
6
CONTINUOUS
10
0.9979944881889764
20
0.42875
11
0.99605
21
0.42875
0
LINE
8
BLACK
6
CONTINUOUS
10
0.99605
20
0.42875
11
0.99605
21
0.48385
0
LINE
8
BLACK
6
CONTINUOUS
10
0.99605
20
0.48385
11
1.0117499999999999
21
0.48385
0
LINE
8
BLACK
6
CONTINUOUS
10
1.0117499999999999
20
0.48385
11
1.0117499999999999
21
0.42875
0
LINE
8
BLACK
6
CONTINUOUS
10
0.90955
20
0.42875
11
0.9076055118110236
21
0.42875
0
LINE
8
BLACK
6
CONTINUOUS
10
0.9076055118110236
20
0.42875
11
0.9076055118110236
21
0.4017
0
LINE
8
BLACK
6
CONTINUOUS
10
0.9076055118110236
20
0.4017
11
0.9074920472440945
21
0.400547874015748
0
LINE
8
BLACK
6
CONTINUOUS
10
0.9074920472440945
20
0.400547874015748
11
0.9071753937007874
21
0.3997834645669291
0
LINE
8
BLACK
6
CONTINUOUS
10
0.9071753937007874
20
0.3997834645669291
11
0.9066102755905512
21
0.398419094488189
0
LINE
8
BLACK
6
CONTINUOUS
10
0.9066102755905512
20
0.398419094488189
11
0.9058758267716536
21
0.3975241732283464
0
LINE
8
BLACK
6
CONTINUOUS
10
0.9058758267716536
20
0.3975241732283464
11
0.9057581889763779
21
0.3974065354330709
0
LINE
8
BLACK
6
CONTINUOUS
10
0.9057581889763779
20
0.3974065354330709
11
0.9061678740157481
21
0.396696968503937
0
LINE
8
BLACK
6
CONTINUOUS
10
0.9061678740157481
20
0.396696968503937
11
0.9073502755905511
21
0.3922842125984252
0
LINE
8
BLACK
6
CONTINUOUS
10
0.9073502755905511
20
0.3922842125984252
11
0.9073502755905511
21
0.3877157874015748
0
LINE
8
BLACK
6
CONTINUOUS
10
0.9073502755905511
20
0.3877157874015748
11
0.9061678740157481
21
0.383303031496063
0
LINE
8
BLACK
6
CONTINUOUS
10
0.9061678740157481
20
0.383303031496063
11
0.9038837007874015
21
0.3793466929133858
0
LINE
8
BLACK
6
CONTINUOUS
10
0.9038837007874015
20
0.3793466929133858
11
0.9006533070866142
21
0.3761162992125984
0
LINE
8
BLACK
6
CONTINUOUS
10
0.9006533070866142
20
0.3761162992125984
11
0.896696968503937
21
0.373832125984252
0
LINE
8
BLACK
6
CONTINUOUS
10
0.896696968503937
20
0.373832125984252
11
0.8922842125984252
21
0.3726497244094488
0
LINE
8
BLACK
6
CONTINUOUS
10
0.8922842125984252
20
0.3726497244094488
11
0.8877157874015748
21
0.3726497244094488
0
LINE
8
BLACK
6
CONTINUOUS
10
0.8877157874015748
20
0.3726497244094488
11
0.8833030314960629
21
0.373832125984252
0
LINE
8
BLACK
6
CONTINUOUS
10
0.8833030314960629
20
0.373832125984252
11
0.8793466929133859
21
0.3761162992125984
0
LINE
8
BLACK
6
CONTINUOUS
10
0.8793466929133859
20
0.3761162992125984
11
0.8761162992125984
21
0.3793466929133858
0
LINE
8
BLACK
6
CONTINUOUS
10
0.8761162992125984
20
0.3793466929133858
11
0.873832125984252
21
0.383303031496063
0
LINE
8
BLACK
6
CONTINUOUS
10
0.873832125984252
20
0.383303031496063
11
0.8726497244094488
21
0.3877157874015748
0
LINE
8
BLACK
6
CONTINUOUS
10
0.8726497244094488
20
0.3877157874015748
11
0.8726497244094488
21
0.3922842125984252
0
LINE
8
BLACK
6
CONTINUOUS
10
0.8726497244094488
20
0.3922842125984252
11
0.873832125984252
21
0.396696968503937
0
LINE
8
BLACK
6
CONTINUOUS
10
0.873832125984252
20
0.396696968503937
11
0.8761162992125984
21
0.4006533070866142
0
LINE
8
BLACK
6
CONTINUOUS
10
0.8761162992125984
20
0.4006533070866142
11
0.8793466929133859
21
0.4038837007874015
0
LINE
8
BLACK
6
CONTINUOUS
10
0.8793466929133859
20
0.4038837007874015
11
0.8833030314960629
21
0.406167874015748
0
LINE
8
BLACK
6
CONTINUOUS
10
0.8833030314960629
20
0.406167874015748
11
0.8877157874015748
21
0.4073502755905511
0
LINE
8
BLACK
6
CONTINUOUS
10
0.8877157874015748
20
0.4073502755905511
11
0.8922842125984252
21
0.4073502755905511
0
LINE
8
BLACK
6
CONTINUOUS
10
0.8922842125984252
20
0.4073502755905511
11
0.8957944881889763
21
0.4064096850393701
0
LINE
8
BLACK
6
CONTINUOUS
10
0.8957944881889763
20
0.4064096850393701
11
0.8957944881889763
21
0.42875
0
LINE
8
BLACK
6
CONTINUOUS
10
0.8957944881889763
20
0.42875
11
0.89385
21
0.42875
0
LINE
8
BLACK
6
CONTINUOUS
10
0.89385
20
0.42875
11
0.89385
21
0.48385
0
LINE
8
BLACK
6
CONTINUOUS
10
0.89385
20
0.48385
11
0.90955
21
0.48385
0
LINE
8
BLACK
6
CONTINUOUS
10
0.90955
20
0.48385
11
0.90955
21
0.42875
0
LINE
8
BLACK
6
CONTINUOUS
10
0.5006754724409449
20
0.5997401968503937
11
0.757285
21
0.5010442125984251
0
LINE
8
BLACK
6
CONTINUOUS
10
0.757285
20
0.5010442125984251
11
0.758143937007874
21
0.5003476771653543
0
LINE
8
BLACK
6
CONTINUOUS
10
0.758143937007874
20
0.5003476771653543
11
0.759039094488189
21
0.4996973622047244
0
LINE
8
BLACK
6
CONTINUOUS
10
0.759039094488189
20
0.4996973622047244
11
0.7590723622047244
21
0.4995948818897638
0
LINE
8
BLACK
6
CONTINUOUS
10
0.7590723622047244
20
0.4995948818897638
11
0.759156062992126
21
0.4995270472440945
0
LINE
8
BLACK
6
CONTINUOUS
10
0.759156062992126
20
0.4995270472440945
11
0.7597834645669291
21
0.4974063779527559
0
LINE
8
BLACK
6
CONTINUOUS
10
0.7597834645669291
20
0.4974063779527559
11
0.7597834645669291
21
0.4938454724409448
0
LINE
8
BLACK
6
CONTINUOUS
10
0.7597834645669291
20
0.4938454724409448
11
0.759039094488189
21
0.4915544881889763
0
LINE
8
BLACK
6
CONTINUOUS
10
0.759039094488189
20
0.4915544881889763
11
0.7586418897637796
21
0.4910894094488189
0
LINE
8
BLACK
6
CONTINUOUS
10
0.7586418897637796
20
0.4910894094488189
11
0.7586263385826771
21
0.4910738582677165
0
LINE
8
BLACK
6
CONTINUOUS
10
0.7586263385826771
20
0.4910738582677165
11
0.7586262204724409
21
0.491073779527559
0
LINE
8
BLACK
6
CONTINUOUS
10
0.7586262204724409
20
0.491073779527559
11
0.7564116535433071
21
0.4877594881889764
0
LINE
8
BLACK
6
CONTINUOUS
10
0.7564116535433071
20
0.4877594881889764
11
0.7563371653543307
21
0.4873849212598425
0
LINE
8
BLACK
6
CONTINUOUS
10
0.7563371653543307
20
0.4873849212598425
11
0.7558303149606299
21
0.4848368503937008
0
LINE
8
BLACK
6
CONTINUOUS
10
0.7558303149606299
20
0.4848368503937008
11
0.7558303149606299
21
0.48385
0
LINE
8
BLACK
6
CONTINUOUS
10
0.7558303149606299
20
0.48385
11
0.75595
21
0.48385
0
LINE
8
BLACK
6
CONTINUOUS
10
0.75595
20
0.48385
11
0.75595
21
0.42875
0
LINE
8
BLACK
6
CONTINUOUS
10
0.75595
20
0.42875
11
0.7558303149606299
21
0.42875
0
LINE
8
BLACK
6
CONTINUOUS
10
0.7558303149606299
20
0.42875
11
0.7558303149606299
21
0.4277632283464567
0
LINE
8
BLACK
6
CONTINUOUS
10
0.7558303149606299
20
0.4277632283464567
11
0.7558303543307087
21
0.4277629527559055
0
LINE
8
BLACK
6
CONTINUOUS
10
0.7558303543307087
20
0.4277629527559055
11
0.7564116141732283
21
0.4248405118110236
0
LINE
8
BLACK
6
CONTINUOUS
10
0.7564116141732283
20
0.4248405118110236
11
0.7564116535433071
21
0.4248404330708661
0
LINE
8
BLACK
6
CONTINUOUS
10
0.7564116535433071
20
0.4248404330708661
11
0.7571179133858268
21
0.4237835039370079
0
LINE
8
BLACK
6
CONTINUOUS
10
0.7571179133858268
20
0.4237835039370079
11
0.7577748031496063
21
0.4216180708661417
0
LINE
8
BLACK
6
CONTINUOUS
10
0.7577748031496063
20
0.4216180708661417
11
0.7577748031496063
21
0.4138976377952756
0
LINE
8
BLACK
6
CONTINUOUS
10
0.7577748031496063
20
0.4138976377952756
11
0.7570304330708661
21
0.4116066535433071
0
LINE
8
BLACK
6
CONTINUOUS
10
0.7570304330708661
20
0.4116066535433071
11
0.7550816141732283
21
0.4101907480314961
0
LINE
8
BLACK
6
CONTINUOUS
10
0.7550816141732283
20
0.4101907480314961
11
0.7538771653543307
21
0.41
0
LINE
8
BLACK
6
CONTINUOUS
10
0.7538771653543307
20
0.41
11
0.7
21
0.41
0
LINE
8
BLACK
6
CONTINUOUS
10
0.7
20
0.41
11
0.6799999999999999
21
0.41
0
LINE
8
BLACK
6
CONTINUOUS
10
0.6799999999999999
20
0.41
11
0.1038976377952756
21
0.41
0
LINE
8
BLACK
6
CONTINUOUS
10
0.1038976377952756
20
0.41
11
0.1016066535433071
21
0.4107443700787402
0
LINE
8
BLACK
6
CONTINUOUS
10
0.1016066535433071
20
0.4107443700787402
11
0.1001907480314961
21
0.412693188976378
0
LINE
8
BLACK
6
CONTINUOUS
10
0.1001907480314961
20
0.412693188976378
11
0.1
21
0.4138976377952756
0
LINE
8
BLACK
6
CONTINUOUS
10
0.1
20
0.4138976377952756
11
0.1
21
0.5961023622047243
0
LINE
8
BLACK
6
CONTINUOUS
10
0.1
20
0.5961023622047243
11
0.1007443700787402
21
0.598393346456693
0
LINE
8
BLACK
6
CONTINUOUS
10
0.1007443700787402
20
0.598393346456693
11
0.102693188976378
21
0.5998092519685039
0
LINE
8
BLACK
6
CONTINUOUS
10
0.102693188976378
20
0.5998092519685039
11
0.1038976377952756
21
0.6
0
LINE
8
BLACK
6
CONTINUOUS
10
0.1038976377952756
20
0.6
11
0.4992762992125984
21
0.6
0
LINE
8
BLACK
6
CONTINUOUS
10
0.4992762992125984
20
0.6
11
0.5006754724409449
21
0.5997401968503937
0
LINE
8
BLACK
6
CONTINUOUS
10
1.8983933464566929
20
0.6692556299212599
11
1.8998092519685039
21
0.667306811023622
0
LINE
8
BLACK
6
CONTINUOUS
10
1.8998092519685039
20
0.667306811023622
11
1.8999999999999999
21
0.6661023622047244
0
LINE
8
BLACK
6
CONTINUOUS
10
1.8999999999999999
20
0.6661023622047244
11
1.8999999999999999
21
0.5038976377952756
0
LINE
8
BLACK
6
CONTINUOUS
10
1.8999999999999999
20
0.5038976377952756
11
1.8992556299212597
21
0.501606653543307
0
LINE
8
BLACK
6
CONTINUOUS
10
1.8992556299212597
20
0.501606653543307
11
1.897306811023622
21
0.5001907480314961
0
LINE
8
BLACK
6
CONTINUOUS
10
1.897306811023622
20
0.5001907480314961
11
1.8961023622047244
21
0.5
0
LINE
8
BLACK
6
CONTINUOUS
10
1.8961023622047244
20
0.5
11
1.2373322047244095
21
0.5
0
LINE
8
BLACK
6
CONTINUOUS
10
1.2373322047244095
20
0.5
11
1.2358406692913386
21
0.5002966929133859
0
LINE
8
BLACK
6
CONTINUOUS
10
1.2358406692913386
20
0.5002966929133859
11
1.2355253937007873
21
0.5004272440944881
0
LINE
8
BLACK
6
CONTINUOUS
10
1.2355253937007873
20
0.5004272440944881
11
1.2330270472440945
21
0.501462125984252
0
LINE
8
BLACK
6
CONTINUOUS
10
1.2330270472440945
20
0.501462125984252
11
1.2277102755905511
21
0.5025196850393701
0
LINE
8
BLACK
6
CONTINUOUS
10
1.2277102755905511
20
0.5025196850393701
11
1.2222894094488188
21
0.5025196850393701
0
LINE
8
BLACK
6
CONTINUOUS
10
1.2222894094488188
20
0.5025196850393701
11
1.2169726377952756
21
0.501462125984252
0
LINE
8
BLACK
6
CONTINUOUS
10
1.2169726377952756
20
0.501462125984252
11
1.2169725590551181
21
0.5014620866141732
0
LINE
8
BLACK
6
CONTINUOUS
10
1.2169725590551181
20
0.5014620866141732
11
1.2141590157480315
21
0.5002966929133859
0
LINE
8
BLACK
6
CONTINUOUS
10
1.2141590157480315
20
0.5002966929133859
11
1.2126674803149606
21
0.5
0
LINE
8
BLACK
6
CONTINUOUS
10
1.2126674803149606
20
0.5
11
1.1499999999999999
21
0.5
0
LINE
8
BLACK
6
CONTINUOUS
10
1.1499999999999999
20
0.5
11
1.1499999999999999
21
0.4999999606299212
0
LINE
8
BLACK
6
CONTINUOUS
10
1.1499999999999999
20
0.4999999606299212
11
1.1499999999999999
21
0.4973342913385826
0
LINE
8
BLACK
6
CONTINUOUS
10
1.1499999999999999
20
0.4973342913385826
11
1.1492556299212597
21
0.4950433070866141
0
LINE
8
BLACK
6
CONTINUOUS
10
1.1492556299212597
20
0.4950433070866141
11
1.147306811023622
21
0.4936274015748031
0
LINE
8
BLACK
6
CONTINUOUS
10
1.147306811023622
20
0.4936274015748031
11
1.1468626377952755
21
0.4935115354330709
0
LINE
8
BLACK
6
CONTINUOUS
10
1.1468626377952755
20
0.4935115354330709
11
1.1457405118110235
21
0.4932883464566929
0
LINE
8
BLACK
6
CONTINUOUS
10
1.1457405118110235
20
0.4932883464566929
11
1.145740433070866
21
0.4932883070866141
0
LINE
8
BLACK
6
CONTINUOUS
10
1.145740433070866
20
0.4932883070866141
11
1.144147283464567
21
0.492223779527559
0
LINE
8
BLACK
6
CONTINUOUS
10
1.144147283464567
20
0.492223779527559
11
1.1424262204724409
21
0.491073779527559
0
LINE
8
BLACK
6
CONTINUOUS
10
1.1424262204724409
20
0.491073779527559
11
1.1402116535433071
21
0.4877594881889764
0
LINE
8
BLACK
6
CONTINUOUS
10
1.1402116535433071
20
0.4877594881889764
11
1.1396303543307087
21
0.4848370078740157
0
LINE
8
BLACK
6
CONTINUOUS
10
1.1396303543307087
20
0.4848370078740157
11
1.1396303149606299
21
0.4848368503937008
0
LINE
8
BLACK
6
CONTINUOUS
10
1.1396303149606299
20
0.4848368503937008
11
1.1396303149606299
21
0.48385
0
LINE
8
BLACK
6
CONTINUOUS
10
1.1396303149606299
20
0.48385
11
1.13975
21
0.48385
0
LINE
8
BLACK
6
CONTINUOUS
10
1.13975
20
0.48385
11
1.13975
21
0.42875
0
LINE
8
BLACK
6
CONTINUOUS
10
1.13975
20
0.42875
11
1.1396303149606299
21
0.42875
0
LINE
8
BLACK
6
CONTINUOUS
10
1.1396303149606299
20
0.42875
11
1.1396303149606299
21
0.4277632283464567
0
LINE
8
BLACK
6
CONTINUOUS
10
1.1396303149606299
20
0.4277632283464567
11
1.1396303543307087
21
0.4277629527559055
0
LINE
8
BLACK
6
CONTINUOUS
10
1.1396303543307087
20
0.4277629527559055
11
1.1402116141732284
21
0.4248405118110236
0
LINE
8
BLACK
6
CONTINUOUS
10
1.1402116141732284
20
0.4248405118110236
11
1.1402116535433071
21
0.4248404330708661
0
LINE
8
BLACK
6
CONTINUOUS
10
1.1402116535433071
20
0.4248404330708661
11
1.1421174803149605
21
0.4219882677165354
0
LINE
8
BLACK
6
CONTINUOUS
10
1.1421174803149605
20
0.4219882677165354
11
1.142771377952756
21
0.419669842519685
0
LINE
8
BLACK
6
CONTINUOUS
10
1.142771377952756
20
0.419669842519685
11
1.1419376377952755
21
0.417409842519685
0
LINE
8
BLACK
6
CONTINUOUS
10
1.1419376377952755
20
0.417409842519685
11
1.1399347244094489
21
0.4160715354330708
0
LINE
8
BLACK
6
CONTINUOUS
10
1.1399347244094489
20
0.4160715354330708
11
1.1388767322834645
21
0.4159251968503937
0
LINE
8
BLACK
6
CONTINUOUS
10
1.1388767322834645
20
0.4159251968503937
11
1.0993232677165354
21
0.4159251968503937
0
LINE
8
BLACK
6
CONTINUOUS
10
1.0993232677165354
20
0.4159251968503937
11
1.0970322834645669
21
0.4166695669291339
0
LINE
8
BLACK
6
CONTINUOUS
10
1.0970322834645669
20
0.4166695669291339
11
1.0956163779527559
21
0.4186183858267716
0
LINE
8
BLACK
6
CONTINUOUS
10
1.0956163779527559
20
0.4186183858267716
11
1.0956163779527559
21
0.4210272834645669
0
LINE
8
BLACK
6
CONTINUOUS
10
1.0956163779527559
20
0.4210272834645669
11
1.0960824803149607
21
0.4219882283464567
0
LINE
8
BLACK
6
CONTINUOUS
10
1.0960824803149607
20
0.4219882283464567
11
1.0963958661417323
21
0.4224572440944882
0
LINE
8
BLACK
6
CONTINUOUS
10
1.0963958661417323
20
0.4224572440944882
11
1.0979883464566929
21
0.4248405118110236
0
LINE
8
BLACK
6
CONTINUOUS
10
1.0979883464566929
20
0.4248405118110236
11
1.09856968503937
21
0.4277631102362205
0
LINE
8
BLACK
6
CONTINUOUS
10
1.09856968503937
20
0.4277631102362205
11
1.09856968503937
21
0.42875
0
LINE
8
BLACK
6
CONTINUOUS
10
1.09856968503937
20
0.42875
11
1.0984499999999999
21
0.42875
0
LINE
8
BLACK
6
CONTINUOUS
10
1.0984499999999999
20
0.42875
11
1.0984499999999999
21
0.48385
0
LINE
8
BLACK
6
CONTINUOUS
10
1.0984499999999999
20
0.48385
11
1.0985696456692913
21
0.48385
0
LINE
8
BLACK
6
CONTINUOUS
10
1.0985696456692913
20
0.48385
11
1.0985696456692913
21
0.4848368503937008
0
LINE
8
BLACK
6
CONTINUOUS
10
1.0985696456692913
20
0.4848368503937008
11
1.0979883464566929
21
0.4877594881889764
0
LINE
8
BLACK
6
CONTINUOUS
10
1.0979883464566929
20
0.4877594881889764
11
1.0957737795275591
21
0.491073779527559
0
LINE
8
BLACK
6
CONTINUOUS
10
1.0957737795275591
20
0.491073779527559
11
1.0927889763779528
21
0.4930681889763779
0
LINE
8
BLACK
6
CONTINUOUS
10
1.0927889763779528
20
0.4930681889763779
11
1.0921402755905512
21
0.4935016535433071
0
LINE
8
BLACK
6
CONTINUOUS
10
1.0921402755905512
20
0.4935016535433071
11
1.0921960236220472
21
0.4935851181102362
0
LINE
8
BLACK
6
CONTINUOUS
10
1.0921960236220472
20
0.4935851181102362
11
1.0907909448818898
21
0.4947851181102362
0
LINE
8
BLACK
6
CONTINUOUS
10
1.0907909448818898
20
0.4947851181102362
11
1.0902165354330708
21
0.4968217322834645
0
LINE
8
BLACK
6
CONTINUOUS
10
1.0902165354330708
20
0.4968217322834645
11
1.0902165354330708
21
0.5174917322834646
0
LINE
8
BLACK
6
CONTINUOUS
10
1.0902165354330708
20
0.5174917322834646
11
1.090960905511811
21
0.5197827165354331
0
LINE
8
BLACK
6
CONTINUOUS
10
1.090960905511811
20
0.5197827165354331
11
1.0926150787401574
21
0.5210895669291339
0
LINE
8
BLACK
6
CONTINUOUS
10
1.0926150787401574
20
0.5210895669291339
11
1.4492804724409449
21
0.6697001968503937
0
LINE
8
BLACK
6
CONTINUOUS
10
1.4492804724409449
20
0.6697001968503937
11
1.4507795669291339
21
0.67
0
LINE
8
BLACK
6
CONTINUOUS
10
1.4507795669291339
20
0.67
11
1.8961023622047244
21
0.67
0
LINE
8
BLACK
6
CONTINUOUS
10
1.8961023622047244
20
0.67
11
1.8983933464566929
21
0.6692556299212599
0
LINE
8
BLACK
6
CONTINUOUS
10
1.0783933464566928
20
0.5392556299212599
11
1.0798092519685039
21
0.537306811023622
0
LINE
8
BLACK
6
CONTINUOUS
10
1.0798092519685039
20
0.537306811023622
11
1.0800000000000001
21
0.5361023622047244
0
LINE
8
BLACK
6
CONTINUOUS
10
1.0800000000000001
20
0.5361023622047244
11
1.0800000000000001
21
0.48385
0
LINE
8
BLACK
6
CONTINUOUS
10
1.0800000000000001
20
0.48385
11
1.0885499999999999
21
0.48385
0
LINE
8
BLACK
6
CONTINUOUS
10
1.0885499999999999
20
0.48385
11
1.0885499999999999
21
0.42875
0
LINE
8
BLACK
6
CONTINUOUS
10
1.0885499999999999
20
0.42875
11
1.0800000000000001
21
0.42875
0
LINE
8
BLACK
6
CONTINUOUS
10
1.0800000000000001
20
0.42875
11
1.0800000000000001
21
0.4238976377952756
0
LINE
8
BLACK
6
CONTINUOUS
10
1.0800000000000001
20
0.4238976377952756
11
1.0792556299212599
21
0.4216066535433071
0
LINE
8
BLACK
6
CONTINUOUS
10
1.0792556299212599
20
0.4216066535433071
11
1.0773068110236219
21
0.420190748031496
0
LINE
8
BLACK
6
CONTINUOUS
10
1.0773068110236219
20
0.420190748031496
11
1.0761023622047243
21
0.42
0
LINE
8
BLACK
6
CONTINUOUS
10
1.0761023622047243
20
0.42
11
1.051506062992126
21
0.42
0
LINE
8
BLACK
6
CONTINUOUS
10
1.051506062992126
20
0.42
11
1.0512070078740157
21
0.420097125984252
0
LINE
8
BLACK
6
CONTINUOUS
10
1.0512070078740157
20
0.420097125984252
11
1.0508964173228346
21
0.4200479527559055
0
LINE
8
BLACK
6
CONTINUOUS
10
1.0508964173228346
20
0.4200479527559055
11
1.0500831102362205
21
0.4204623228346457
0
LINE
8
BLACK
6
CONTINUOUS
10
1.0500831102362205
20
0.4204623228346457
11
1.0492150787401575
21
0.4207443700787402
0
LINE
8
BLACK
6
CONTINUOUS
10
1.0492150787401575
20
0.4207443700787402
11
1.0487500787401574
21
0.4211415354330709
0
LINE
8
BLACK
6
CONTINUOUS
10
1.0487500787401574
20
0.4211415354330709
11
1.0479733070866142
21
0.4219182677165354
0
LINE
8
BLACK
6
CONTINUOUS
10
1.0479733070866142
20
0.4219182677165354
11
1.0468796456692913
21
0.4240645669291339
0
LINE
8
BLACK
6
CONTINUOUS
10
1.0468796456692913
20
0.4240645669291339
11
1.0469064960629921
21
0.4254346456692913
0
LINE
8
BLACK
6
CONTINUOUS
10
1.0469064960629921
20
0.4254346456692913
11
1.0473696850393701
21
0.4277631102362205
0
LINE
8
BLACK
6
CONTINUOUS
10
1.0473696850393701
20
0.4277631102362205
11
1.0473696850393701
21
0.42875
0
LINE
8
BLACK
6
CONTINUOUS
10
1.0473696850393701
20
0.42875
11
1.04725
21
0.42875
0
LINE
8
BLACK
6
CONTINUOUS
10
1.04725
20
0.42875
11
1.04725
21
0.48385
0
LINE
8
BLACK
6
CONTINUOUS
10
1.04725
20
0.48385
11
1.0473696456692914
21
0.48385
0
LINE
8
BLACK
6
CONTINUOUS
10
1.0473696456692914
20
0.48385
11
1.0473696456692914
21
0.4848368503937008
0
LINE
8
BLACK
6
CONTINUOUS
10
1.0473696456692914
20
0.4848368503937008
11
1.0467883464566929
21
0.4877594881889764
0
LINE
8
BLACK
6
CONTINUOUS
10
1.0467883464566929
20
0.4877594881889764
11
1.0445737795275589
21
0.491073779527559
0
LINE
8
BLACK
6
CONTINUOUS
10
1.0445737795275589
20
0.491073779527559
11
1.0417321653543308
21
0.4929724803149606
0
LINE
8
BLACK
6
CONTINUOUS
10
1.0417321653543308
20
0.4929724803149606
11
1.0402409055118109
21
0.4948642125984252
0
LINE
8
BLACK
6
CONTINUOUS
10
1.0402409055118109
20
0.4948642125984252
11
1.04
21
0.4962132283464567
0
LINE
8
BLACK
6
CONTINUOUS
10
1.04
20
0.4962132283464567
11
1.04
21
0.5361023622047244
0
LINE
8
BLACK
6
CONTINUOUS
10
1.04
20
0.5361023622047244
11
1.0407443700787402
21
0.5383933464566929
0
LINE
8
BLACK
6
CONTINUOUS
10
1.0407443700787402
20
0.5383933464566929
11
1.042693188976378
21
0.5398092519685039
0
LINE
8
BLACK
6
CONTINUOUS
10
1.042693188976378
20
0.5398092519685039
11
1.0438976377952756
21
0.54
0
LINE
8
BLACK
6
CONTINUOUS
10
1.0438976377952756
20
0.54
11
1.0761023622047243
21
0.54
0
LINE
8
BLACK
6
CONTINUOUS
10
1.0761023622047243
20
0.54
11
1.0783933464566928
21
0.5392556299212599
0
LINE
8
BLACK
6
CONTINUOUS
10
1.2316968110236219
20
0.491167874015748
11
1.2356531496062992
21
0.4888837007874016
0
LINE
8
BLACK
6
CONTINUOUS
10
1.2356531496062992
20
0.4888837007874016
11
1.2388835433070866
21
0.4856533070866141
0
LINE
8
BLACK
6
CONTINUOUS
10
1.2388835433070866
20
0.4856533070866141
11
1.2393516535433071
21
0.4848425196850394
0
LINE
8
BLACK
6
CONTINUOUS
10
1.2393516535433071
20
0.4848425196850394
11
1.2575000000000001
21
0.4848425196850394
0
LINE
8
BLACK
6
CONTINUOUS
10
1.2575000000000001
20
0.4848425196850394
11
1.2575000000000001
21
0.485
0
LINE
8
BLACK
6
CONTINUOUS
10
1.2575000000000001
20
0.485
11
1.3125
21
0.485
0
LINE
8
BLACK
6
CONTINUOUS
10
1.3125
20
0.485
11
1.3125
21
0.45
0
LINE
8
BLACK
6
CONTINUOUS
10
1.3125
20
0.45
11
1.2575000000000001
21
0.45
0
LINE
8
BLACK
6
CONTINUOUS
10
1.2575000000000001
20
0.45
11
1.2575000000000001
21
0.4651574803149606
0
LINE
8
BLACK
6
CONTINUOUS
10
1.2575000000000001
20
0.4651574803149606
11
1.2393516535433071
21
0.4651574803149606
0
LINE
8
BLACK
6
CONTINUOUS
10
1.2393516535433071
20
0.4651574803149606
11
1.2388835433070866
21
0.4643466929133858
0
LINE
8
BLACK
6
CONTINUOUS
10
1.2388835433070866
20
0.4643466929133858
11
1.2356531496062992
21
0.4611162992125984
0
LINE
8
BLACK
6
CONTINUOUS
10
1.2356531496062992
20
0.4611162992125984
11
1.2316968110236219
21
0.4588321259842519
0
LINE
8
BLACK
6
CONTINUOUS
10
1.2316968110236219
20
0.4588321259842519
11
1.2272840551181101
21
0.4576497244094488
0
LINE
8
BLACK
6
CONTINUOUS
10
1.2272840551181101
20
0.4576497244094488
11
1.2227156299212598
21
0.4576497244094488
0
LINE
8
BLACK
6
CONTINUOUS
10
1.2227156299212598
20
0.4576497244094488
11
1.218302874015748
21
0.4588321259842519
0
LINE
8
BLACK
6
CONTINUOUS
10
1.218302874015748
20
0.4588321259842519
11
1.2143465354330709
21
0.4611162992125984
0
LINE
8
BLACK
6
CONTINUOUS
10
1.2143465354330709
20
0.4611162992125984
11
1.2111161417322835
21
0.4643466929133858
0
LINE
8
BLACK
6
CONTINUOUS
10
1.2111161417322835
20
0.4643466929133858
11
1.208831968503937
21
0.468303031496063
0
LINE
8
BLACK
6
CONTINUOUS
10
1.208831968503937
20
0.468303031496063
11
1.2076495669291338
21
0.4727157874015748
0
LINE
8
BLACK
6
CONTINUOUS
10
1.2076495669291338
20
0.4727157874015748
11
1.2076495669291338
21
0.4772842125984252
0
LINE
8
BLACK
6
CONTINUOUS
10
1.2076495669291338
20
0.4772842125984252
11
1.208831968503937
21
0.481696968503937
0
LINE
8
BLACK
6
CONTINUOUS
10
1.208831968503937
20
0.481696968503937
11
1.2111161417322835
21
0.4856533070866141
0
LINE
8
BLACK
6
CONTINUOUS
10
1.2111161417322835
20
0.4856533070866141
11
1.2143465354330709
21
0.4888837007874016
0
LINE
8
BLACK
6
CONTINUOUS
10
1.2143465354330709
20
0.4888837007874016
11
1.218302874015748
21
0.491167874015748
0
LINE
8
BLACK
6
CONTINUOUS
10
1.218302874015748
20
0.491167874015748
11
1.2227156299212598
21
0.4923502755905512
0
LINE
8
BLACK
6
CONTINUOUS
10
1.2227156299212598
20
0.4923502755905512
11
1.2272840551181101
21
0.4923502755905512
0
LINE
8
BLACK
6
CONTINUOUS
10
1.2272840551181101
20
0.4923502755905512
11
1.2316968110236219
21
0.491167874015748
0
LINE
8
BLACK
6
CONTINUOUS
10
0.5
20
0.22
11
0.4759055118110236
21
0.22
0
LINE
8
BLACK
6
CONTINUOUS
10
0.4759055118110236
20
0.22
11
0.4759055118110236
21
0.18
0
LINE
8
BLACK
6
CONTINUOUS
10
0.4759055118110236
20
0.18
11
0.5
21
0.18
0
LINE
8
BLACK
6
CONTINUOUS
10
0.5
20
0.18
11
0.5
21
0.12
0
LINE
8
BLACK
6
CONTINUOUS
10
0.5
20
0.12
11
0.44
21
0.12
0
LINE
8
BLACK
6
CONTINUOUS
10
0.44
20
0.12
11
0.44
21
0.18
0
LINE
8
BLACK
6
CONTINUOUS
10
0.44
20
0.18
11
0.4640944881889764
21
0.18
0
LINE
8
BLACK
6
CONTINUOUS
10
0.4640944881889764
20
0.18
11
0.4640944881889764
21
0.22
0
LINE
8
BLACK
6
CONTINUOUS
10
0.4640944881889764
20
0.22
11
0.44
21
0.22
0
LINE
8
BLACK
6
CONTINUOUS
10
0.44
20
0.22
11
0.44
21
0.28
0
LINE
8
BLACK
6
CONTINUOUS
10
0.44
20
0.28
11
0.5
21
0.28
0
LINE
8
BLACK
6
CONTINUOUS
10
0.5
20
0.28
11
0.5
21
0.22
0
LINE
8
BLACK
6
CONTINUOUS
10
0.6
20
0.22
11
0.5759055118110236
21
0.22
0
LINE
8
BLACK
6
CONTINUOUS
10
0.5759055118110236
20
0.22
11
0.5759055118110236
21
0.18
0
LINE
8
BLACK
6
CONTINUOUS
10
0.5759055118110236
20
0.18
11
0.6
21
0.18
0
LINE
8
BLACK
6
CONTINUOUS
10
0.6
20
0.18
11
0.6
21
0.12
0
LINE
8
BLACK
6
CONTINUOUS
10
0.6
20
0.12
11
0.54
21
0.12
0
LINE
8
BLACK
6
CONTINUOUS
10
0.54
20
0.12
11
0.54
21
0.18
0
LINE
8
BLACK
6
CONTINUOUS
10
0.54
20
0.18
11
0.5640944881889763
21
0.18
0
LINE
8
BLACK
6
CONTINUOUS
10
0.5640944881889763
20
0.18
11
0.5640944881889763
21
0.22
0
LINE
8
BLACK
6
CONTINUOUS
10
0.5640944881889763
20
0.22
11
0.54
21
0.22
0
LINE
8
BLACK
6
CONTINUOUS
10
0.54
20
0.22
11
0.54
21
0.28
0
LINE
8
BLACK
6
CONTINUOUS
10
0.54
20
0.28
11
0.6
21
0.28
0
LINE
8
BLACK
6
CONTINUOUS
10
0.6
20
0.28
11
0.6
21
0.22
0
LINE
8
BLACK
6
CONTINUOUS
10
0.8375
20
0.195
11
0.8008516535433071
21
0.195
0
LINE
8
BLACK
6
CONTINUOUS
10
0.8008516535433071
20
0.195
11
0.7983758267716535
21
0.1925241732283464
0
LINE
8
BLACK
6
CONTINUOUS
10
0.7983758267716535
20
0.1925241732283464
11
0.7974809055118111
21
0.1917897244094488
0
LINE
8
BLACK
6
CONTINUOUS
10
0.7974809055118111
20
0.1917897244094488
11
0.7962338976377953
21
0.191273188976378
0
LINE
8
BLACK
6
CONTINUOUS
10
0.7962338976377953
20
0.191273188976378
11
0.795352125984252
21
0.1909079527559055
0
LINE
8
BLACK
6
CONTINUOUS
10
0.795352125984252
20
0.1909079527559055
11
0.7942
21
0.1907944881889764
0
LINE
8
BLACK
6
CONTINUOUS
10
0.7942
20
0.1907944881889764
11
0.72075
21
0.1907944881889764
0
LINE
8
BLACK
6
CONTINUOUS
10
0.72075
20
0.1907944881889764
11
0.72075
21
0.177
0
LINE
8
BLACK
6
CONTINUOUS
10
0.72075
20
0.177
11
0.68925
21
0.177
0
LINE
8
BLACK
6
CONTINUOUS
10
0.68925
20
0.177
11
0.68925
21
0.2164
0
LINE
8
BLACK
6
CONTINUOUS
10
0.68925
20
0.2164
11
0.72075
21
0.2164
0
LINE
8
BLACK
6
CONTINUOUS
10
0.72075
20
0.2164
11
0.72075
21
0.2026055118110236
0
LINE
8
BLACK
6
CONTINUOUS
10
0.72075
20
0.2026055118110236
11
0.7825
21
0.2026055118110236
0
LINE
8
BLACK
6
CONTINUOUS
10
0.7825
20
0.2026055118110236
11
0.7825
21
0.23
0
LINE
8
BLACK
6
CONTINUOUS
10
0.7825
20
0.23
11
0.8375
21
0.23
0
LINE
8
BLACK
6
CONTINUOUS
10
0.8375
20
0.23
11
0.8375
21
0.195
0
LINE
8
BLACK
6
CONTINUOUS
10
1.5049999999999999
20
0.4459055118110236
11
1.5136200393700787
21
0.4459055118110236
0
LINE
8
BLACK
6
CONTINUOUS
10
1.5136200393700787
20
0.4459055118110236
11
1.513832125984252
21
0.446696968503937
0
LINE
8
BLACK
6
CONTINUOUS
10
1.513832125984252
20
0.446696968503937
11
1.5161162992125985
21
0.4506533070866142
0
LINE
8
BLACK
6
CONTINUOUS
10
1.5161162992125985
20
0.4506533070866142
11
1.5193466929133859
21
0.4538837007874016
0
LINE
8
BLACK
6
CONTINUOUS
10
1.5193466929133859
20
0.4538837007874016
11
1.5233030314960629
21
0.456167874015748
0
LINE
8
BLACK
6
CONTINUOUS
10
1.5233030314960629
20
0.456167874015748
11
1.5277157874015748
21
0.4573502755905512
0
LINE
8
BLACK
6
CONTINUOUS
10
1.5277157874015748
20
0.4573502755905512
11
1.5322842125984251
21
0.4573502755905512
0
LINE
8
BLACK
6
CONTINUOUS
10
1.5322842125984251
20
0.4573502755905512
11
1.5366969685039369
21
0.456167874015748
0
LINE
8
BLACK
6
CONTINUOUS
10
1.5366969685039369
20
0.456167874015748
11
1.5406533070866142
21
0.4538837007874016
0
LINE
8
BLACK
6
CONTINUOUS
10
1.5406533070866142
20
0.4538837007874016
11
1.5438837007874016
21
0.4506533070866142
0
LINE
8
BLACK
6
CONTINUOUS
10
1.5438837007874016
20
0.4506533070866142
11
1.5461678740157481
21
0.446696968503937
0
LINE
8
BLACK
6
CONTINUOUS
10
1.5461678740157481
20
0.446696968503937
11
1.5463799606299213
21
0.4459055118110236
0
LINE
8
BLACK
6
CONTINUOUS
10
1.5463799606299213
20
0.4459055118110236
11
1.5525
21
0.4459055118110236
0
LINE
8
BLACK
6
CONTINUOUS
10
1.5525
20
0.4459055118110236
11
1.5549999999999999
21
0.4459055118110236
0
LINE
8
BLACK
6
CONTINUOUS
10
1.5549999999999999
20
0.4459055118110236
11
1.5549999999999999
21
0.4675
0
LINE
8
BLACK
6
CONTINUOUS
10
1.5549999999999999
20
0.4675
11
1.5899999999999999
21
0.4675
0
LINE
8
BLACK
6
CONTINUOUS
10
1.5899999999999999
20
0.4675
11
1.5899999999999999
21
0.4125
0
LINE
8
BLACK
6
CONTINUOUS
10
1.5899999999999999
20
0.4125
11
1.5549999999999999
21
0.4125
0
LINE
8
BLACK
6
CONTINUOUS
10
1.5549999999999999
20
0.4125
11
1.5549999999999999
21
0.4340944881889764
0
LINE
8
BLACK
6
CONTINUOUS
10
1.5549999999999999
20
0.4340944881889764
11
1.5525
21
0.4340944881889764
0
LINE
8
BLACK
6
CONTINUOUS
10
1.5525
20
0.4340944881889764
11
1.5463799606299213
21
0.4340944881889764
0
LINE
8
BLACK
6
CONTINUOUS
10
1.5463799606299213
20
0.4340944881889764
11
1.5461678740157481
21
0.433303031496063
0
LINE
8
BLACK
6
CONTINUOUS
10
1.5461678740157481
20
0.433303031496063
11
1.5438837007874016
21
0.4293466929133858
0
LINE
8
BLACK
6
CONTINUOUS
10
1.5438837007874016
20
0.4293466929133858
11
1.5406533070866142
21
0.4261162992125984
0
LINE
8
BLACK
6
CONTINUOUS
10
1.5406533070866142
20
0.4261162992125984
11
1.5366969685039369
21
0.423832125984252
0
LINE
8
BLACK
6
CONTINUOUS
10
1.5366969685039369
20
0.423832125984252
11
1.5322842125984251
21
0.4226497244094488
0
LINE
8
BLACK
6
CONTINUOUS
10
1.5322842125984251
20
0.4226497244094488
11
1.5277157874015748
21
0.4226497244094488
0
LINE
8
BLACK
6
CONTINUOUS
10
1.5277157874015748
20
0.4226497244094488
11
1.5233030314960629
21
0.423832125984252
0
LINE
8
BLACK
6
CONTINUOUS
10
1.5233030314960629
20
0.423832125984252
11
1.5193466929133859
21
0.4261162992125984
0
LINE
8
BLACK
6
CONTINUOUS
10
1.5193466929133859
20
0.4261162992125984
11
1.5161162992125985
21
0.4293466929133858
0
LINE
8
BLACK
6
CONTINUOUS
10
1.5161162992125985
20
0.4293466929133858
11
1.513832125984252
21
0.433303031496063
0
LINE
8
BLACK
6
CONTINUOUS
10
1.513832125984252
20
0.433303031496063
11
1.5136200393700787
21
0.4340944881889764
0
LINE
8
BLACK
6
CONTINUOUS
10
1.5136200393700787
20
0.4340944881889764
11
1.5049999999999999
21
0.4340944881889764
0
LINE
8
BLACK
6
CONTINUOUS
10
1.5049999999999999
20
0.4340944881889764
11
1.5049999999999999
21
0.4125
0
LINE
8
BLACK
6
CONTINUOUS
10
1.5049999999999999
20
0.4125
11
1.47
21
0.4125
0
LINE
8
BLACK
6
CONTINUOUS
10
1.47
20
0.4125
11
1.47
21
0.4675
0
LINE
8
BLACK
6
CONTINUOUS
10
1.47
20
0.4675
11
1.5049999999999999
21
0.4675
0
LINE
8
BLACK
6
CONTINUOUS
10
1.5049999999999999
20
0.4675
11
1.5049999999999999
21
0.4459055118110236
0
LINE
8
BLACK
6
CONTINUOUS
10
0.780516220472441
20
1.0192556299212598
11
0.781932125984252
21
1.0173068110236221
0
LINE
8
BLACK
6
CONTINUOUS
10
0.781932125984252
20
1.0173068110236221
11
0.7820479527559054
21
1.0153419291338583
0
LINE
8
BLACK
6
CONTINUOUS
10
0.7820479527559054
20
1.0153419291338583
11
0.7814303543307086
21
1.0122372440944882
0
LINE
8
BLACK
6
CONTINUOUS
10
0.7814303543307086
20
1.0122372440944882
11
0.7814303149606299
21
1.0122368503937007
0
LINE
8
BLACK
6
CONTINUOUS
10
0.7814303149606299
20
1.0122368503937007
11
0.7814303149606299
21
1.01125
0
LINE
8
BLACK
6
CONTINUOUS
10
0.7814303149606299
20
1.01125
11
0.78155
21
1.01125
0
LINE
8
BLACK
6
CONTINUOUS
10
0.78155
20
1.01125
11
0.78155
21
0.9561499999999999
0
LINE
8
BLACK
6
CONTINUOUS
10
0.78155
20
0.9561499999999999
11
0.7814303149606299
21
0.9561499999999999
0
LINE
8
BLACK
6
CONTINUOUS
10
0.7814303149606299
20
0.9561499999999999
11
0.7814303149606299
21
0.9551632283464566
0
LINE
8
BLACK
6
CONTINUOUS
10
0.7814303149606299
20
0.9551632283464566
11
0.7814303543307086
21
0.9551629527559055
0
LINE
8
BLACK
6
CONTINUOUS
10
0.7814303543307086
20
0.9551629527559055
11
0.7820116141732283
21
0.9522405118110236
0
LINE
8
BLACK
6
CONTINUOUS
10
0.7820116141732283
20
0.9522405118110236
11
0.782011653543307
21
0.9522404330708661
0
LINE
8
BLACK
6
CONTINUOUS
10
0.782011653543307
20
0.9522404330708661
11
0.7842261023622047
21
0.9489263385826772
0
LINE
8
BLACK
6
CONTINUOUS
10
0.7842261023622047
20
0.9489263385826772
11
0.7842262992125985
21
0.9489261417322834
0
LINE
8
BLACK
6
CONTINUOUS
10
0.7842262992125985
20
0.9489261417322834
11
0.7875405118110236
21
0.9467116141732284
0
LINE
8
BLACK
6
CONTINUOUS
10
0.7875405118110236
20
0.9467116141732284
11
0.7875940157480315
21
0.9466894881889764
0
LINE
8
BLACK
6
CONTINUOUS
10
0.7875940157480315
20
0.9466894881889764
11
0.7876670472440944
21
0.9466270472440945
0
LINE
8
BLACK
6
CONTINUOUS
10
0.7876670472440944
20
0.9466270472440945
11
0.7878596850393701
21
0.9464983858267716
0
LINE
8
BLACK
6
CONTINUOUS
10
0.7878596850393701
20
0.9464983858267716
11
0.7878444488188976
21
0.9464755511811024
0
LINE
8
BLACK
6
CONTINUOUS
10
0.7878444488188976
20
0.9464755511811024
11
0.7894256692913386
21
0.9451250393700787
0
LINE
8
BLACK
6
CONTINUOUS
10
0.7894256692913386
20
0.9451250393700787
11
0.79
21
0.9430885826771653
0
LINE
8
BLACK
6
CONTINUOUS
10
0.79
20
0.9430885826771653
11
0.79
21
0.8838976377952755
0
LINE
8
BLACK
6
CONTINUOUS
10
0.79
20
0.8838976377952755
11
0.7892556299212599
21
0.881606653543307
0
LINE
8
BLACK
6
CONTINUOUS
10
0.7892556299212599
20
0.881606653543307
11
0.787306811023622
21
0.880190748031496
0
LINE
8
BLACK
6
CONTINUOUS
10
0.787306811023622
20
0.880190748031496
11
0.7861023622047244
21
0.88
0
LINE
8
BLACK
6
CONTINUOUS
10
0.7861023622047244
20
0.88
11
0.73
21
0.88
0
LINE
8
BLACK
6
CONTINUOUS
10
0.73
20
0.88
11
0.67
21
0.82
0
LINE
8
BLACK
6
CONTINUOUS
10
0.67
20
0.82
11
0.6382112204724409
21
0.788211220472441
0
LINE
8
BLACK
6
CONTINUOUS
10
0.6382112204724409
20
0.788211220472441
11
0.6360648818897637
21
0.7871176377952755
0
LINE
8
BLACK
6
CONTINUOUS
10
0.6360648818897637
20
0.7871176377952755
11
0.6354551574803149
21
0.7870696456692913
0
LINE
8
BLACK
6
CONTINUOUS
10
0.6354551574803149
20
0.7870696456692913
11
0.6241131496062992
21
0.7870696456692913
0
LINE
8
BLACK
6
CONTINUOUS
10
0.6241131496062992
20
0.7870696456692913
11
0.6241129527559055
21
0.7870696062992126
0
LINE
8
BLACK
6
CONTINUOUS
10
0.6241129527559055
20
0.7870696062992126
11
0.6211905118110236
21
0.7864883464566929
0
LINE
8
BLACK
6
CONTINUOUS
10
0.6211905118110236
20
0.7864883464566929
11
0.6211904330708661
21
0.7864883070866141
0
LINE
8
BLACK
6
CONTINUOUS
10
0.6211904330708661
20
0.7864883070866141
11
0.6179206692913386
21
0.7843034645669291
0
LINE
8
BLACK
6
CONTINUOUS
10
0.6179206692913386
20
0.7843034645669291
11
0.617876220472441
21
0.7842737795275591
0
LINE
8
BLACK
6
CONTINUOUS
10
0.617876220472441
20
0.7842737795275591
11
0.615661653543307
21
0.7809594881889763
0
LINE
8
BLACK
6
CONTINUOUS
10
0.615661653543307
20
0.7809594881889763
11
0.6150803149606299
21
0.7780368897637795
0
LINE
8
BLACK
6
CONTINUOUS
10
0.6150803149606299
20
0.7780368897637795
11
0.6150803149606299
21
0.7666948031496063
0
LINE
8
BLACK
6
CONTINUOUS
10
0.6150803149606299
20
0.7666948031496063
11
0.6143359448818897
21
0.7644038188976378
0
LINE
8
BLACK
6
CONTINUOUS
10
0.6143359448818897
20
0.7644038188976378
11
0.6139387401574803
21
0.7639387401574803
0
LINE
8
BLACK
6
CONTINUOUS
10
0.6139387401574803
20
0.7639387401574803
11
0.4911415748031496
21
0.6411415748031496
0
LINE
8
BLACK
6
CONTINUOUS
10
0.4911415748031496
20
0.6411415748031496
11
0.4889952362204724
21
0.6400479921259843
0
LINE
8
BLACK
6
CONTINUOUS
10
0.4889952362204724
20
0.6400479921259843
11
0.4883855118110236
21
0.64
0
LINE
8
BLACK
6
CONTINUOUS
10
0.4883855118110236
20
0.64
11
0.1038976377952756
21
0.64
0
LINE
8
BLACK
6
CONTINUOUS
10
0.1038976377952756
20
0.64
11
0.1016066535433071
21
0.6407443700787402
0
LINE
8
BLACK
6
CONTINUOUS
10
0.1016066535433071
20
0.6407443700787402
11
0.1001907480314961
21
0.6426931889763779
0
LINE
8
BLACK
6
CONTINUOUS
10
0.1001907480314961
20
0.6426931889763779
11
0.1
21
0.6438976377952755
0
LINE
8
BLACK
6
CONTINUOUS
10
0.1
20
0.6438976377952755
11
0.1
21
0.8161023622047244
0
LINE
8
BLACK
6
CONTINUOUS
10
0.1
20
0.8161023622047244
11
0.1007443700787402
21
0.8183933464566929
0
LINE
8
BLACK
6
CONTINUOUS
10
0.1007443700787402
20
0.8183933464566929
11
0.102693188976378
21
0.819809251968504
0
LINE
8
BLACK
6
CONTINUOUS
10
0.102693188976378
20
0.819809251968504
11
0.1038976377952756
21
0.82
0
LINE
8
BLACK
6
CONTINUOUS
10
0.1038976377952756
20
0.82
11
0.4999999212598425
21
0.82
0
LINE
8
BLACK
6
CONTINUOUS
10
0.4999999212598425
20
0.82
11
0.5
21
0.82
0
LINE
8
BLACK
6
CONTINUOUS
10
0.5
20
0.82
11
0.6314285826771654
21
0.9
0
LINE
8
BLACK
6
CONTINUOUS
10
0.6314285826771654
20
0.9
11
0.7075202755905512
21
0.9463166535433071
0
LINE
8
BLACK
6
CONTINUOUS
10
0.7075202755905512
20
0.9463166535433071
11
0.7098642913385826
21
0.946871968503937
0
LINE
8
BLACK
6
CONTINUOUS
10
0.7098642913385826
20
0.946871968503937
11
0.7103572834645669
21
0.946752874015748
0
LINE
8
BLACK
6
CONTINUOUS
10
0.7103572834645669
20
0.946752874015748
11
0.7103640157480314
21
0.9467865354330709
0
LINE
8
BLACK
6
CONTINUOUS
10
0.7103640157480314
20
0.9467865354330709
11
0.713663031496063
21
0.9461303149606299
0
LINE
8
BLACK
6
CONTINUOUS
10
0.713663031496063
20
0.9461303149606299
11
0.7136631102362204
21
0.9461303149606299
0
LINE
8
BLACK
6
CONTINUOUS
10
0.7136631102362204
20
0.9461303149606299
11
0.7313367322834645
21
0.9461303149606299
0
LINE
8
BLACK
6
CONTINUOUS
10
0.7313367322834645
20
0.9461303149606299
11
0.7313370078740157
21
0.9461303543307087
0
LINE
8
BLACK
6
CONTINUOUS
10
0.7313370078740157
20
0.9461303543307087
11
0.7342594488188976
21
0.9467116141732284
0
LINE
8
BLACK
6
CONTINUOUS
10
0.7342594488188976
20
0.9467116141732284
11
0.7342595275590551
21
0.9467116535433071
0
LINE
8
BLACK
6
CONTINUOUS
10
0.7342595275590551
20
0.9467116535433071
11
0.7375736220472441
21
0.9489261023622046
0
LINE
8
BLACK
6
CONTINUOUS
10
0.7375736220472441
20
0.9489261023622046
11
0.7375736614173228
21
0.9489261417322834
0
LINE
8
BLACK
6
CONTINUOUS
10
0.7375736614173228
20
0.9489261417322834
11
0.7375737795275591
21
0.9489262204724409
0
LINE
8
BLACK
6
CONTINUOUS
10
0.7375737795275591
20
0.9489262204724409
11
0.7397883464566929
21
0.9522405118110236
0
LINE
8
BLACK
6
CONTINUOUS
10
0.7397883464566929
20
0.9522405118110236
11
0.7403696850393701
21
0.9551631102362205
0
LINE
8
BLACK
6
CONTINUOUS
10
0.7403696850393701
20
0.9551631102362205
11
0.7403696850393701
21
0.9561499999999999
0
LINE
8
BLACK
6
CONTINUOUS
10
0.7403696850393701
20
0.9561499999999999
11
0.74025
21
0.9561499999999999
0
LINE
8
BLACK
6
CONTINUOUS
10
0.74025
20
0.9561499999999999
11
0.74025
21
1.01125
0
LINE
8
BLACK
6
CONTINUOUS
10
0.74025
20
1.01125
11
0.7403696456692913
21
1.01125
0
LINE
8
BLACK
6
CONTINUOUS
10
0.7403696456692913
20
1.01125
11
0.7403696456692913
21
1.0122368503937007
0
LINE
8
BLACK
6
CONTINUOUS
10
0.7403696456692913
20
1.0122368503937007
11
0.7397883464566929
21
1.0151594881889763
0
LINE
8
BLACK
6
CONTINUOUS
10
0.7397883464566929
20
1.0151594881889763
11
0.7397520472440945
21
1.0153420078740156
0
LINE
8
BLACK
6
CONTINUOUS
10
0.7397520472440945
20
1.0153420078740156
11
0.7400351968503937
21
1.0177342125984252
0
LINE
8
BLACK
6
CONTINUOUS
10
0.7400351968503937
20
1.0177342125984252
11
0.7416703937007874
21
1.0195030708661417
0
LINE
8
BLACK
6
CONTINUOUS
10
0.7416703937007874
20
1.0195030708661417
11
0.7435748031496063
21
1.02
0
LINE
8
BLACK
6
CONTINUOUS
10
0.7435748031496063
20
1.02
11
0.7782252362204725
21
1.02
0
LINE
8
BLACK
6
CONTINUOUS
10
0.7782252362204725
20
1.02
11
0.780516220472441
21
1.0192556299212598
0
LINE
8
BLACK
6
CONTINUOUS
10
1.1883933464566929
20
1.0192556299212598
11
1.189809251968504
21
1.0173068110236221
0
LINE
8
BLACK
6
CONTINUOUS
10
1.189809251968504
20
1.0173068110236221
11
1.1899999999999999
21
1.0161023622047245
0
LINE
8
BLACK
6
CONTINUOUS
10
1.1899999999999999
20
1.0161023622047245
11
1.1899999999999999
21
0.95
0
LINE
8
BLACK
6
CONTINUOUS
10
1.1899999999999999
20
0.95
11
1.4188199212598425
21
0.95
0
LINE
8
BLACK
6
CONTINUOUS
10
1.4188199212598425
20
0.95
11
1.4209818897637796
21
0.9493453937007874
0
LINE
8
BLACK
6
CONTINUOUS
10
1.4209818897637796
20
0.9493453937007874
11
1.4221229921259841
21
0.9485846850393701
0
LINE
8
BLACK
6
CONTINUOUS
10
1.4221229921259841
20
0.9485846850393701
11
1.5099999606299213
21
0.89
0
LINE
8
BLACK
6
CONTINUOUS
10
1.5099999606299213
20
0.89
11
1.51
21
0.89
0
LINE
8
BLACK
6
CONTINUOUS
10
1.51
20
0.89
11
1.8961023622047244
21
0.89
0
LINE
8
BLACK
6
CONTINUOUS
10
1.8961023622047244
20
0.89
11
1.8983933464566929
21
0.8892556299212598
0
LINE
8
BLACK
6
CONTINUOUS
10
1.8983933464566929
20
0.8892556299212598
11
1.8998092519685039
21
0.8873068110236221
0
LINE
8
BLACK
6
CONTINUOUS
10
1.8998092519685039
20
0.8873068110236221
11
1.8999999999999999
21
0.8861023622047244
0
LINE
8
BLACK
6
CONTINUOUS
10
1.8999999999999999
20
0.8861023622047244
11
1.8999999999999999
21
0.7138976377952756
0
LINE
8
BLACK
6
CONTINUOUS
10
1.8999999999999999
20
0.7138976377952756
11
1.8992556299212597
21
0.7116066535433071
0
LINE
8
BLACK
6
CONTINUOUS
10
1.8992556299212597
20
0.7116066535433071
11
1.897306811023622
21
0.7101907480314961
0
LINE
8
BLACK
6
CONTINUOUS
10
1.897306811023622
20
0.7101907480314961
11
1.8961023622047244
21
0.71
0
LINE
8
BLACK
6
CONTINUOUS
10
1.8961023622047244
20
0.71
11
1.4511349606299213
21
0.71
0
LINE
8
BLACK
6
CONTINUOUS
10
1.4511349606299213
20
0.71
11
1.4490424015748031
21
0.7106093700787401
0
LINE
8
BLACK
6
CONTINUOUS
10
1.4490424015748031
20
0.7106093700787401
11
1.1218050393700787
21
0.9188512992125984
0
LINE
8
BLACK
6
CONTINUOUS
10
1.1218050393700787
20
0.9188512992125984
11
1.1202719291338583
21
0.920709251968504
0
LINE
8
BLACK
6
CONTINUOUS
10
1.1202719291338583
20
0.920709251968504
11
1.1199999999999999
21
0.9221395669291338
0
LINE
8
BLACK
6
CONTINUOUS
10
1.1199999999999999
20
0.9221395669291338
11
1.1199999999999999
21
0.9422237007874016
0
LINE
8
BLACK
6
CONTINUOUS
10
1.1199999999999999
20
0.9422237007874016
11
1.120005905511811
21
0.9424380708661417
0
LINE
8
BLACK
6
CONTINUOUS
10
1.120005905511811
20
0.9424380708661417
11
1.1200168503937007
21
0.9426368503937008
0
LINE
8
BLACK
6
CONTINUOUS
10
1.1200168503937007
20
0.9426368503937008
11
1.1202165354330709
21
0.9438976377952756
0
LINE
8
BLACK
6
CONTINUOUS
10
1.1202165354330709
20
0.9438976377952756
11
1.1202165354330709
21
0.9462616929133858
0
LINE
8
BLACK
6
CONTINUOUS
10
1.1202165354330709
20
0.9462616929133858
11
1.1202224409448818
21
0.9463688976377953
0
LINE
8
BLACK
6
CONTINUOUS
10
1.1202224409448818
20
0.9463688976377953
11
1.120620157480315
21
0.9473968503937008
0
LINE
8
BLACK
6
CONTINUOUS
10
1.120620157480315
20
0.9473968503937008
11
1.120960905511811
21
0.9484455118110235
0
LINE
8
BLACK
6
CONTINUOUS
10
1.120960905511811
20
0.9484455118110235
11
1.1210797637795276
21
0.9485846850393701
0
LINE
8
BLACK
6
CONTINUOUS
10
1.1210797637795276
20
0.9485846850393701
11
1.1210916929133858
21
0.9486154724409449
0
LINE
8
BLACK
6
CONTINUOUS
10
1.1210916929133858
20
0.9486154724409449
11
1.1211237007874015
21
0.9486361417322834
0
LINE
8
BLACK
6
CONTINUOUS
10
1.1211237007874015
20
0.9486361417322834
11
1.1213581102362205
21
0.9489105905511811
0
LINE
8
BLACK
6
CONTINUOUS
10
1.1213581102362205
20
0.9489105905511811
11
1.1213736220472441
21
0.9489261023622046
0
LINE
8
BLACK
6
CONTINUOUS
10
1.1213736220472441
20
0.9489261023622046
11
1.1213737795275591
21
0.9489262204724409
0
LINE
8
BLACK
6
CONTINUOUS
10
1.1213737795275591
20
0.9489262204724409
11
1.1235883464566929
21
0.9522405118110236
0
LINE
8
BLACK
6
CONTINUOUS
10
1.1235883464566929
20
0.9522405118110236
11
1.1241696850393701
21
0.9551631102362205
0
LINE
8
BLACK
6
CONTINUOUS
10
1.1241696850393701
20
0.9551631102362205
11
1.1241696850393701
21
0.9561499999999999
0
LINE
8
BLACK
6
CONTINUOUS
10
1.1241696850393701
20
0.9561499999999999
11
1.12405
21
0.9561499999999999
0
LINE
8
BLACK
6
CONTINUOUS
10
1.12405
20
0.9561499999999999
11
1.12405
21
1.01125
0
LINE
8
BLACK
6
CONTINUOUS
10
1.12405
20
1.01125
11
1.1241696456692913
21
1.01125
0
LINE
8
BLACK
6
CONTINUOUS
10
1.1241696456692913
20
1.01125
11
1.1241696456692913
21
1.0122368503937007
0
LINE
8
BLACK
6
CONTINUOUS
10
1.1241696456692913
20
1.0122368503937007
11
1.1235883464566929
21
1.0151594881889763
0
LINE
8
BLACK
6
CONTINUOUS
10
1.1235883464566929
20
1.0151594881889763
11
1.1235520472440945
21
1.0153420078740156
0
LINE
8
BLACK
6
CONTINUOUS
10
1.1235520472440945
20
1.0153420078740156
11
1.1238351968503937
21
1.0177342125984252
0
LINE
8
BLACK
6
CONTINUOUS
10
1.1238351968503937
20
1.0177342125984252
11
1.1254703937007873
21
1.0195030708661417
0
LINE
8
BLACK
6
CONTINUOUS
10
1.1254703937007873
20
1.0195030708661417
11
1.1273748031496063
21
1.02
0
LINE
8
BLACK
6
CONTINUOUS
10
1.1273748031496063
20
1.02
11
1.1861023622047244
21
1.02
0
LINE
8
BLACK
6
CONTINUOUS
10
1.1861023622047244
20
1.02
11
1.1883933464566929
21
1.0192556299212598
0
LINE
8
BLACK
6
CONTINUOUS
10
1.0629500000000001
20
0.9561499999999999
11
1.0601
21
0.9561499999999999
0
LINE
8
BLACK
6
CONTINUOUS
10
1.0601
20
0.9561499999999999
11
1.0601
21
0.9450711811023622
0
LINE
8
BLACK
6
CONTINUOUS
10
1.0601
20
0.9450711811023622
11
1.073784842519685
21
0.9313863385826772
0
LINE
8
BLACK
6
CONTINUOUS
10
1.073784842519685
20
0.9313863385826772
11
1.0744066141732282
21
0.9306286614173228
0
LINE
8
BLACK
6
CONTINUOUS
10
1.0744066141732282
20
0.9306286614173228
11
1.074406653543307
21
0.9306286220472441
0
LINE
8
BLACK
6
CONTINUOUS
10
1.074406653543307
20
0.9306286220472441
11
1.0747567322834646
21
0.9297834645669291
0
LINE
8
BLACK
6
CONTINUOUS
10
1.0747567322834646
20
0.9297834645669291
11
1.0750650393700787
21
0.929039094488189
0
LINE
8
BLACK
6
CONTINUOUS
10
1.0750650393700787
20
0.929039094488189
11
1.0751532283464567
21
0.9288262204724409
0
LINE
8
BLACK
6
CONTINUOUS
10
1.0751532283464567
20
0.9288262204724409
11
1.0752492913385827
21
0.9278507874015748
0
LINE
8
BLACK
6
CONTINUOUS
10
1.0752492913385827
20
0.9278507874015748
11
1.0752492913385827
21
0.9164979133858268
0
LINE
8
BLACK
6
CONTINUOUS
10
1.0752492913385827
20
0.9164979133858268
11
1.0769462598425197
21
0.9160432283464567
0
LINE
8
BLACK
6
CONTINUOUS
10
1.0769462598425197
20
0.9160432283464567
11
1.0809025984251968
21
0.9137590551181102
0
LINE
8
BLACK
6
CONTINUOUS
10
1.0809025984251968
20
0.9137590551181102
11
1.0841329921259841
21
0.9105286614173228
0
LINE
8
BLACK
6
CONTINUOUS
10
1.0841329921259841
20
0.9105286614173228
11
1.0864171653543306
21
0.9065723228346456
0
LINE
8
BLACK
6
CONTINUOUS
10
1.0864171653543306
20
0.9065723228346456
11
1.0875995669291338
21
0.9021595669291338
0
LINE
8
BLACK
6
CONTINUOUS
10
1.0875995669291338
20
0.9021595669291338
11
1.0875995669291338
21
0.8975911417322835
0
LINE
8
BLACK
6
CONTINUOUS
10
1.0875995669291338
20
0.8975911417322835
11
1.0864171653543306
21
0.8931783858267717
0
LINE
8
BLACK
6
CONTINUOUS
10
1.0864171653543306
20
0.8931783858267717
11
1.0841329921259841
21
0.8892220472440945
0
LINE
8
BLACK
6
CONTINUOUS
10
1.0841329921259841
20
0.8892220472440945
11
1.0809025984251968
21
0.8859916535433071
0
LINE
8
BLACK
6
CONTINUOUS
10
1.0809025984251968
20
0.8859916535433071
11
1.0769462598425197
21
0.8837074803149606
0
LINE
8
BLACK
6
CONTINUOUS
10
1.0769462598425197
20
0.8837074803149606
11
1.0725335039370079
21
0.8825250787401575
0
LINE
8
BLACK
6
CONTINUOUS
10
1.0725335039370079
20
0.8825250787401575
11
1.0679650787401576
21
0.8825250787401575
0
LINE
8
BLACK
6
CONTINUOUS
10
1.0679650787401576
20
0.8825250787401575
11
1.0635523228346457
21
0.8837074803149606
0
LINE
8
BLACK
6
CONTINUOUS
10
1.0635523228346457
20
0.8837074803149606
11
1.0595959842519684
21
0.8859916535433071
0
LINE
8
BLACK
6
CONTINUOUS
10
1.0595959842519684
20
0.8859916535433071
11
1.0563655905511811
21
0.8892220472440945
0
LINE
8
BLACK
6
CONTINUOUS
10
1.0563655905511811
20
0.8892220472440945
11
1.0540814173228346
21
0.8931783858267717
0
LINE
8
BLACK
6
CONTINUOUS
10
1.0540814173228346
20
0.8931783858267717
11
1.0528990157480316
21
0.8975911417322835
0
LINE
8
BLACK
6
CONTINUOUS
10
1.0528990157480316
20
0.8975911417322835
11
1.0528990157480316
21
0.9021595669291338
0
LINE
8
BLACK
6
CONTINUOUS
10
1.0528990157480316
20
0.9021595669291338
11
1.0540814173228346
21
0.9065723228346456
0
LINE
8
BLACK
6
CONTINUOUS
10
1.0540814173228346
20
0.9065723228346456
11
1.0563655905511811
21
0.9105286614173228
0
LINE
8
BLACK
6
CONTINUOUS
10
1.0563655905511811
20
0.9105286614173228
11
1.0595959842519684
21
0.9137590551181102
0
LINE
8
BLACK
6
CONTINUOUS
10
1.0595959842519684
20
0.9137590551181102
11
1.0635523228346457
21
0.9160432283464567
0
LINE
8
BLACK
6
CONTINUOUS
10
1.0635523228346457
20
0.9160432283464567
11
1.0652492913385827
21
0.9164979133858268
0
LINE
8
BLACK
6
CONTINUOUS
10
1.0652492913385827
20
0.9164979133858268
11
1.0652492913385827
21
0.92577968503937
0
LINE
8
BLACK
6
CONTINUOUS
10
1.0652492913385827
20
0.92577968503937
11
1.0515644488188975
21
0.9394645275590551
0
LINE
8
BLACK
6
CONTINUOUS
10
1.0515644488188975
20
0.9394645275590551
11
1.0509426771653543
21
0.9402222047244094
0
LINE
8
BLACK
6
CONTINUOUS
10
1.0509426771653543
20
0.9402222047244094
11
1.0509426377952755
21
0.9402222440944882
0
LINE
8
BLACK
6
CONTINUOUS
10
1.0509426377952755
20
0.9402222440944882
11
1.0504100787401573
21
0.9415079527559055
0
LINE
8
BLACK
6
CONTINUOUS
10
1.0504100787401573
20
0.9415079527559055
11
1.0501960629921259
21
0.9420246062992126
0
LINE
8
BLACK
6
CONTINUOUS
10
1.0501960629921259
20
0.9420246062992126
11
1.0501960629921259
21
0.9420246456692913
0
LINE
8
BLACK
6
CONTINUOUS
10
1.0501960629921259
20
0.9420246456692913
11
1.0501
21
0.9430000787401575
0
LINE
8
BLACK
6
CONTINUOUS
10
1.0501
20
0.9430000787401575
11
1.0501
21
0.9561499999999999
0
LINE
8
BLACK
6
CONTINUOUS
10
1.0501
20
0.9561499999999999
11
1.04725
21
0.9561499999999999
0
LINE
8
BLACK
6
CONTINUOUS
10
1.04725
20
0.9561499999999999
11
1.04725
21
1.01125
0
LINE
8
BLACK
6
CONTINUOUS
10
1.04725
20
1.01125
11
1.0629500000000001
21
1.01125
0
LINE
8
BLACK
6
CONTINUOUS
10
1.0629500000000001
20
1.01125
11
1.0629500000000001
21
0.9561499999999999
0
LINE
8
BLACK
6
CONTINUOUS
10
0.9351499999999999
20
0.9561499999999999
11
0.9332055118110236
21
0.9561499999999999
0
LINE
8
BLACK
6
CONTINUOUS
10
0.9332055118110236
20
0.9561499999999999
11
0.9332055118110236
21
0.9473
0
LINE
8
BLACK
6
CONTINUOUS
10
0.9332055118110236
20
0.9473
11
0.9330920472440944
21
0.946147874015748
0
LINE
8
BLACK
6
CONTINUOUS
10
0.9330920472440944
20
0.946147874015748
11
0.9330847637795275
21
0.9461303149606299
0
LINE
8
BLACK
6
CONTINUOUS
10
0.9330847637795275
20
0.9461303149606299
11
0.9322102755905511
21
0.944019094488189
0
LINE
8
BLACK
6
CONTINUOUS
10
0.9322102755905511
20
0.944019094488189
11
0.9314758267716535
21
0.9431241732283464
0
LINE
8
BLACK
6
CONTINUOUS
10
0.9314758267716535
20
0.9431241732283464
11
0.915758188976378
21
0.9274065354330708
0
LINE
8
BLACK
6
CONTINUOUS
10
0.915758188976378
20
0.9274065354330708
11
0.9161678740157481
21
0.926696968503937
0
LINE
8
BLACK
6
CONTINUOUS
10
0.9161678740157481
20
0.926696968503937
11
0.9173502755905512
21
0.9222842125984252
0
LINE
8
BLACK
6
CONTINUOUS
10
0.9173502755905512
20
0.9222842125984252
11
0.9173502755905512
21
0.9177157874015748
0
LINE
8
BLACK
6
CONTINUOUS
10
0.9173502755905512
20
0.9177157874015748
11
0.9161678740157481
21
0.913303031496063
0
LINE
8
BLACK
6
CONTINUOUS
10
0.9161678740157481
20
0.913303031496063
11
0.9138837007874016
21
0.9093466929133858
0
LINE
8
BLACK
6
CONTINUOUS
10
0.9138837007874016
20
0.9093466929133858
11
0.9106533070866142
21
0.9061162992125984
0
LINE
8
BLACK
6
CONTINUOUS
10
0.9106533070866142
20
0.9061162992125984
11
0.906696968503937
21
0.903832125984252
0
LINE
8
BLACK
6
CONTINUOUS
10
0.906696968503937
20
0.903832125984252
11
0.9022842125984252
21
0.9026497244094488
0
LINE
8
BLACK
6
CONTINUOUS
10
0.9022842125984252
20
0.9026497244094488
11
0.8977157874015748
21
0.9026497244094488
0
LINE
8
BLACK
6
CONTINUOUS
10
0.8977157874015748
20
0.9026497244094488
11
0.8933030314960629
21
0.903832125984252
0
LINE
8
BLACK
6
CONTINUOUS
10
0.8933030314960629
20
0.903832125984252
11
0.8893466929133859
21
0.9061162992125984
0
LINE
8
BLACK
6
CONTINUOUS
10
0.8893466929133859
20
0.9061162992125984
11
0.8861162992125984
21
0.9093466929133858
0
LINE
8
BLACK
6
CONTINUOUS
10
0.8861162992125984
20
0.9093466929133858
11
0.883832125984252
21
0.913303031496063
0
LINE
8
BLACK
6
CONTINUOUS
10
0.883832125984252
20
0.913303031496063
11
0.8826497244094488
21
0.9177157874015748
0
LINE
8
BLACK
6
CONTINUOUS
10
0.8826497244094488
20
0.9177157874015748
11
0.8826497244094488
21
0.9222842125984252
0
LINE
8
BLACK
6
CONTINUOUS
10
0.8826497244094488
20
0.9222842125984252
11
0.883832125984252
21
0.926696968503937
0
LINE
8
BLACK
6
CONTINUOUS
10
0.883832125984252
20
0.926696968503937
11
0.8861162992125984
21
0.9306533070866142
0
LINE
8
BLACK
6
CONTINUOUS
10
0.8861162992125984
20
0.9306533070866142
11
0.8893466929133859
21
0.9338837007874016
0
LINE
8
BLACK
6
CONTINUOUS
10
0.8893466929133859
20
0.9338837007874016
11
0.8933030314960629
21
0.936167874015748
0
LINE
8
BLACK
6
CONTINUOUS
10
0.8933030314960629
20
0.936167874015748
11
0.8977157874015748
21
0.9373502755905512
0
LINE
8
BLACK
6
CONTINUOUS
10
0.8977157874015748
20
0.9373502755905512
11
0.9022842125984252
21
0.9373502755905512
0
LINE
8
BLACK
6
CONTINUOUS
10
0.9022842125984252
20
0.9373502755905512
11
0.906696968503937
21
0.936167874015748
0
LINE
8
BLACK
6
CONTINUOUS
10
0.906696968503937
20
0.936167874015748
11
0.9074065354330708
21
0.935758188976378
0
LINE
8
BLACK
6
CONTINUOUS
10
0.9074065354330708
20
0.935758188976378
11
0.9213944881889764
21
0.9497461417322834
0
LINE
8
BLACK
6
CONTINUOUS
10
0.9213944881889764
20
0.9497461417322834
11
0.9213944881889764
21
0.9561499999999999
0
LINE
8
BLACK
6
CONTINUOUS
10
0.9213944881889764
20
0.9561499999999999
11
0.91945
21
0.9561499999999999
0
LINE
8
BLACK
6
CONTINUOUS
10
0.91945
20
0.9561499999999999
11
0.91945
21
1.01125
0
LINE
8
BLACK
6
CONTINUOUS
10
0.91945
20
1.01125
11
0.9351499999999999
21
1.01125
0
LINE
8
BLACK
6
CONTINUOUS
10
0.9351499999999999
20
1.01125
11
0.9351499999999999
21
0.9561499999999999
0
LINE
8
BLACK
6
CONTINUOUS
10
1.0117499999999999
20
0.9561499999999999
11
1.0088999999999999
21
0.9561499999999999
0
LINE
8
BLACK
6
CONTINUOUS
10
1.0088999999999999
20
0.9561499999999999
11
1.0088999999999999
21
0.9420000787401575
0
LINE
8
BLACK
6
CONTINUOUS
10
1.0088999999999999
20
0.9420000787401575
11
1.0088039370078741
21
0.9410246456692913
0
LINE
8
BLACK
6
CONTINUOUS
10
1.0088039370078741
20
0.9410246456692913
11
1.0080573622047244
21
0.9392222440944882
0
LINE
8
BLACK
6
CONTINUOUS
10
1.0080573622047244
20
0.9392222440944882
11
1.0080573228346457
21
0.9392222047244094
0
LINE
8
BLACK
6
CONTINUOUS
10
1.0080573228346457
20
0.9392222047244094
11
1.0074355118110236
21
0.9384645275590551
0
LINE
8
BLACK
6
CONTINUOUS
10
1.0074355118110236
20
0.9384645275590551
11
0.9991547637795275
21
0.9301837401574803
0
LINE
8
BLACK
6
CONTINUOUS
10
0.9991547637795275
20
0.9301837401574803
11
1.0011678740157479
21
0.926696968503937
0
LINE
8
BLACK
6
CONTINUOUS
10
1.0011678740157479
20
0.926696968503937
11
1.0023502755905511
21
0.9222842125984252
0
LINE
8
BLACK
6
CONTINUOUS
10
1.0023502755905511
20
0.9222842125984252
11
1.0023502755905511
21
0.9177157874015748
0
LINE
8
BLACK
6
CONTINUOUS
10
1.0023502755905511
20
0.9177157874015748
11
1.0011678740157479
21
0.913303031496063
0
LINE
8
BLACK
6
CONTINUOUS
10
1.0011678740157479
20
0.913303031496063
11
0.9988837007874015
21
0.9093466929133858
0
LINE
8
BLACK
6
CONTINUOUS
10
0.9988837007874015
20
0.9093466929133858
11
0.9956533070866141
21
0.9061162992125984
0
LINE
8
BLACK
6
CONTINUOUS
10
0.9956533070866141
20
0.9061162992125984
11
0.991696968503937
21
0.903832125984252
0
LINE
8
BLACK
6
CONTINUOUS
10
0.991696968503937
20
0.903832125984252
11
0.9872842125984251
21
0.9026497244094488
0
LINE
8
BLACK
6
CONTINUOUS
10
0.9872842125984251
20
0.9026497244094488
11
0.9827157874015748
21
0.9026497244094488
0
LINE
8
BLACK
6
CONTINUOUS
10
0.9827157874015748
20
0.9026497244094488
11
0.978303031496063
21
0.903832125984252
0
LINE
8
BLACK
6
CONTINUOUS
10
0.978303031496063
20
0.903832125984252
11
0.9743466929133858
21
0.9061162992125984
0
LINE
8
BLACK
6
CONTINUOUS
10
0.9743466929133858
20
0.9061162992125984
11
0.9711162992125985
21
0.9093466929133858
0
LINE
8
BLACK
6
CONTINUOUS
10
0.9711162992125985
20
0.9093466929133858
11
0.9688321259842519
21
0.913303031496063
0
LINE
8
BLACK
6
CONTINUOUS
10
0.9688321259842519
20
0.913303031496063
11
0.9676497244094487
21
0.9177157874015748
0
LINE
8
BLACK
6
CONTINUOUS
10
0.9676497244094487
20
0.9177157874015748
11
0.9676497244094487
21
0.9222842125984252
0
LINE
8
BLACK
6
CONTINUOUS
10
0.9676497244094487
20
0.9222842125984252
11
0.9688321259842519
21
0.926696968503937
0
LINE
8
BLACK
6
CONTINUOUS
10
0.9688321259842519
20
0.926696968503937
11
0.9711162992125985
21
0.9306533070866142
0
LINE
8
BLACK
6
CONTINUOUS
10
0.9711162992125985
20
0.9306533070866142
11
0.9743466929133858
21
0.9338837007874016
0
LINE
8
BLACK
6
CONTINUOUS
10
0.9743466929133858
20
0.9338837007874016
11
0.978303031496063
21
0.936167874015748
0
LINE
8
BLACK
6
CONTINUOUS
10
0.978303031496063
20
0.936167874015748
11
0.9827157874015748
21
0.9373502755905512
0
LINE
8
BLACK
6
CONTINUOUS
10
0.9827157874015748
20
0.9373502755905512
11
0.9872842125984251
21
0.9373502755905512
0
LINE
8
BLACK
6
CONTINUOUS
10
0.9872842125984251
20
0.9373502755905512
11
0.99114468503937
21
0.9363158267716535
0
LINE
8
BLACK
6
CONTINUOUS
10
0.99114468503937
20
0.9363158267716535
11
0.9989
21
0.9440711417322835
0
LINE
8
BLACK
6
CONTINUOUS
10
0.9989
20
0.9440711417322835
11
0.9989
21
0.9561499999999999
0
LINE
8
BLACK
6
CONTINUOUS
10
0.9989
20
0.9561499999999999
11
0.99605
21
0.9561499999999999
0
LINE
8
BLACK
6
CONTINUOUS
10
0.99605
20
0.9561499999999999
11
0.99605
21
1.01125
0
LINE
8
BLACK
6
CONTINUOUS
10
0.99605
20
1.01125
11
1.0117499999999999
21
1.01125
0
LINE
8
BLACK
6
CONTINUOUS
10
1.0117499999999999
20
1.01125
11
1.0117499999999999
21
0.9561499999999999
0
LINE
8
BLACK
6
CONTINUOUS
10
1.03735
20
0.9561499999999999
11
1.0354055118110237
21
0.9561499999999999
0
LINE
8
BLACK
6
CONTINUOUS
10
1.0354055118110237
20
0.9561499999999999
11
1.0354055118110237
21
0.9365138976377952
0
LINE
8
BLACK
6
CONTINUOUS
10
1.0354055118110237
20
0.9365138976377952
11
1.0366969685039369
21
0.936167874015748
0
LINE
8
BLACK
6
CONTINUOUS
10
1.0366969685039369
20
0.936167874015748
11
1.0406533070866142
21
0.9338837007874016
0
LINE
8
BLACK
6
CONTINUOUS
10
1.0406533070866142
20
0.9338837007874016
11
1.0438837007874016
21
0.9306533070866142
0
LINE
8
BLACK
6
CONTINUOUS
10
1.0438837007874016
20
0.9306533070866142
11
1.0461678740157481
21
0.926696968503937
0
LINE
8
BLACK
6
CONTINUOUS
10
1.0461678740157481
20
0.926696968503937
11
1.047350275590551
21
0.9222842125984252
0
LINE
8
BLACK
6
CONTINUOUS
10
1.047350275590551
20
0.9222842125984252
11
1.047350275590551
21
0.9177157874015748
0
LINE
8
BLACK
6
CONTINUOUS
10
1.047350275590551
20
0.9177157874015748
11
1.0461678740157481
21
0.913303031496063
0
LINE
8
BLACK
6
CONTINUOUS
10
1.0461678740157481
20
0.913303031496063
11
1.0438837007874016
21
0.9093466929133858
0
LINE
8
BLACK
6
CONTINUOUS
10
1.0438837007874016
20
0.9093466929133858
11
1.0406533070866142
21
0.9061162992125984
0
LINE
8
BLACK
6
CONTINUOUS
10
1.0406533070866142
20
0.9061162992125984
11
1.0366969685039369
21
0.903832125984252
0
LINE
8
BLACK
6
CONTINUOUS
10
1.0366969685039369
20
0.903832125984252
11
1.0322842125984251
21
0.9026497244094488
0
LINE
8
BLACK
6
CONTINUOUS
10
1.0322842125984251
20
0.9026497244094488
11
1.0277157874015748
21
0.9026497244094488
0
LINE
8
BLACK
6
CONTINUOUS
10
1.0277157874015748
20
0.9026497244094488
11
1.0233030314960629
21
0.903832125984252
0
LINE
8
BLACK
6
CONTINUOUS
10
1.0233030314960629
20
0.903832125984252
11
1.0193466929133859
21
0.9061162992125984
0
LINE
8
BLACK
6
CONTINUOUS
10
1.0193466929133859
20
0.9061162992125984
11
1.0161162992125985
21
0.9093466929133858
0
LINE
8
BLACK
6
CONTINUOUS
10
1.0161162992125985
20
0.9093466929133858
11
1.013832125984252
21
0.913303031496063
0
LINE
8
BLACK
6
CONTINUOUS
10
1.013832125984252
20
0.913303031496063
11
1.0126497244094488
21
0.9177157874015748
0
LINE
8
BLACK
6
CONTINUOUS
10
1.0126497244094488
20
0.9177157874015748
11
1.0126497244094488
21
0.9222842125984252
0
LINE
8
BLACK
6
CONTINUOUS
10
1.0126497244094488
20
0.9222842125984252
11
1.013832125984252
21
0.926696968503937
0
LINE
8
BLACK
6
CONTINUOUS
10
1.013832125984252
20
0.926696968503937
11
1.0161162992125985
21
0.9306533070866142
0
LINE
8
BLACK
6
CONTINUOUS
10
1.0161162992125985
20
0.9306533070866142
11
1.0193466929133859
21
0.9338837007874016
0
LINE
8
BLACK
6
CONTINUOUS
10
1.0193466929133859
20
0.9338837007874016
11
1.0233030314960629
21
0.936167874015748
0
LINE
8
BLACK
6
CONTINUOUS
10
1.0233030314960629
20
0.936167874015748
11
1.0235944881889762
21
0.9362459448818897
0
LINE
8
BLACK
6
CONTINUOUS
10
1.0235944881889762
20
0.9362459448818897
11
1.0235944881889762
21
0.9561499999999999
0
LINE
8
BLACK
6
CONTINUOUS
10
1.0235944881889762
20
0.9561499999999999
11
1.0216499999999999
21
0.9561499999999999
0
LINE
8
BLACK
6
CONTINUOUS
10
1.0216499999999999
20
0.9561499999999999
11
1.0216499999999999
21
1.01125
0
LINE
8
BLACK
6
CONTINUOUS
10
1.0216499999999999
20
1.01125
11
1.03735
21
1.01125
0
LINE
8
BLACK
6
CONTINUOUS
10
1.03735
20
1.01125
11
1.03735
21
0.9561499999999999
0
LINE
8
BLACK
6
CONTINUOUS
10
0.8283933464566929
20
1.4792556299212598
11
0.829809251968504
21
1.477306811023622
0
LINE
8
BLACK
6
CONTINUOUS
10
0.829809251968504
20
1.477306811023622
11
0.83
21
1.4761023622047245
0
LINE
8
BLACK
6
CONTINUOUS
10
0.83
20
1.4761023622047245
11
0.83
21
1.3100000000000001
0
LINE
8
BLACK
6
CONTINUOUS
10
0.83
20
1.3100000000000001
11
0.9688199212598425
21
1.3100000000000001
0
LINE
8
BLACK
6
CONTINUOUS
10
0.9688199212598425
20
1.3100000000000001
11
0.9709818897637795
21
1.3093453937007873
0
LINE
8
BLACK
6
CONTINUOUS
10
0.9709818897637795
20
1.3093453937007873
11
1.0006546062992125
21
1.2895635826771654
0
LINE
8
BLACK
6
CONTINUOUS
10
1.0006546062992125
20
1.2895635826771654
11
1.0404400393700788
21
1.2630399212598424
0
LINE
8
BLACK
6
CONTINUOUS
10
1.0404400393700788
20
1.2630399212598424
11
1.041538188976378
21
1.2634948031496063
0
LINE
8
BLACK
6
CONTINUOUS
10
1.041538188976378
20
1.2634948031496063
11
1.0471427952755905
21
1.2646096456692912
0
LINE
8
BLACK
6
CONTINUOUS
10
1.0471427952755905
20
1.2646096456692912
11
1.0528572047244094
21
1.2646096456692912
0
LINE
8
BLACK
6
CONTINUOUS
10
1.0528572047244094
20
1.2646096456692912
11
1.0584618110236219
21
1.2634948031496063
0
LINE
8
BLACK
6
CONTINUOUS
10
1.0584618110236219
20
1.2634948031496063
11
1.063741220472441
21
1.2613079921259842
0
LINE
8
BLACK
6
CONTINUOUS
10
1.063741220472441
20
1.2613079921259842
11
1.0684925590551182
21
1.2581332677165353
0
LINE
8
BLACK
6
CONTINUOUS
10
1.0684925590551182
20
1.2581332677165353
11
1.0725332677165353
21
1.2540925590551182
0
LINE
8
BLACK
6
CONTINUOUS
10
1.0725332677165353
20
1.2540925590551182
11
1.0752677952755905
21
1.25
0
LINE
8
BLACK
6
CONTINUOUS
10
1.0752677952755905
20
1.25
11
1.1661023622047244
21
1.25
0
LINE
8
BLACK
6
CONTINUOUS
10
1.1661023622047244
20
1.25
11
1.1683933464566929
21
1.2492556299212598
0
LINE
8
BLACK
6
CONTINUOUS
10
1.1683933464566929
20
1.2492556299212598
11
1.1698092519685039
21
1.2473068110236221
0
LINE
8
BLACK
6
CONTINUOUS
10
1.1698092519685039
20
1.2473068110236221
11
1.1699999999999999
21
1.2461023622047245
0
LINE
8
BLACK
6
CONTINUOUS
10
1.1699999999999999
20
1.2461023622047245
11
1.1699999999999999
21
1.0526388188976377
0
LINE
8
BLACK
6
CONTINUOUS
10
1.1699999999999999
20
1.0526388188976377
11
1.1692556299212598
21
1.0503478346456692
0
LINE
8
BLACK
6
CONTINUOUS
10
1.1692556299212598
20
1.0503478346456692
11
1.1675499212598426
21
1.0490199606299213
0
LINE
8
BLACK
6
CONTINUOUS
10
1.1675499212598426
20
1.0490199606299213
11
1.1206969291338582
21
1.030278779527559
0
LINE
8
BLACK
6
CONTINUOUS
10
1.1206969291338582
20
1.030278779527559
11
1.11924937007874
21
1.03
0
LINE
8
BLACK
6
CONTINUOUS
10
1.11924937007874
20
1.03
11
1.1099999999999999
21
1.03
0
LINE
8
BLACK
6
CONTINUOUS
10
1.1099999999999999
20
1.03
11
1.1099999999999999
21
1.0299999606299213
0
LINE
8
BLACK
6
CONTINUOUS
10
1.1099999999999999
20
1.0299999606299213
11
1.1099999999999999
21
1.01125
0
LINE
8
BLACK
6
CONTINUOUS
10
1.1099999999999999
20
1.01125
11
1.11415
21
1.01125
0
LINE
8
BLACK
6
CONTINUOUS
10
1.11415
20
1.01125
11
1.11415
21
0.9561499999999999
0
LINE
8
BLACK
6
CONTINUOUS
10
1.11415
20
0.9561499999999999
11
1.1099999999999999
21
0.9561499999999999
0
LINE
8
BLACK
6
CONTINUOUS
10
1.1099999999999999
20
0.9561499999999999
11
1.1099999999999999
21
0.9438976377952756
0
LINE
8
BLACK
6
CONTINUOUS
10
1.1099999999999999
20
0.9438976377952756
11
1.1092556299212599
21
0.9416066535433071
0
LINE
8
BLACK
6
CONTINUOUS
10
1.1092556299212599
20
0.9416066535433071
11
1.1073068110236219
21
0.940190748031496
0
LINE
8
BLACK
6
CONTINUOUS
10
1.1073068110236219
20
0.940190748031496
11
1.1061023622047244
21
0.9399999999999999
0
LINE
8
BLACK
6
CONTINUOUS
10
1.1061023622047244
20
0.9399999999999999
11
1.0809555905511812
21
0.9399999999999999
0
LINE
8
BLACK
6
CONTINUOUS
10
1.0809555905511812
20
0.9399999999999999
11
1.0786646062992127
21
0.9407443700787401
0
LINE
8
BLACK
6
CONTINUOUS
10
1.0786646062992127
20
0.9407443700787401
11
1.0781995669291338
21
0.9411415748031496
0
LINE
8
BLACK
6
CONTINUOUS
10
1.0781995669291338
20
0.9411415748031496
11
1.0776334645669292
21
0.9417076377952756
0
LINE
8
BLACK
6
CONTINUOUS
10
1.0776334645669292
20
0.9417076377952756
11
1.072532125984252
21
0.9468089370078739
0
LINE
8
BLACK
6
CONTINUOUS
10
1.072532125984252
20
0.9468089370078739
11
1.0714385826771653
21
0.9489551574803149
0
LINE
8
BLACK
6
CONTINUOUS
10
1.0714385826771653
20
0.9489551574803149
11
1.0718153937007873
21
0.9513343700787401
0
LINE
8
BLACK
6
CONTINUOUS
10
1.0718153937007873
20
0.9513343700787401
11
1.0720474803149607
21
0.9517303543307086
0
LINE
8
BLACK
6
CONTINUOUS
10
1.0720474803149607
20
0.9517303543307086
11
1.0723882283464568
21
0.9522403543307086
0
LINE
8
BLACK
6
CONTINUOUS
10
1.0723882283464568
20
0.9522403543307086
11
1.0723883464566928
21
0.9522405118110236
0
LINE
8
BLACK
6
CONTINUOUS
10
1.0723883464566928
20
0.9522405118110236
11
1.07296968503937
21
0.9551631102362205
0
LINE
8
BLACK
6
CONTINUOUS
10
1.07296968503937
20
0.9551631102362205
11
1.07296968503937
21
0.9561499999999999
0
LINE
8
BLACK
6
CONTINUOUS
10
1.07296968503937
20
0.9561499999999999
11
1.0728500000000001
21
0.9561499999999999
0
LINE
8
BLACK
6
CONTINUOUS
10
1.0728500000000001
20
0.9561499999999999
11
1.0728500000000001
21
1.01125
0
LINE
8
BLACK
6
CONTINUOUS
10
1.0728500000000001
20
1.01125
11
1.0729696456692912
21
1.01125
0
LINE
8
BLACK
6
CONTINUOUS
10
1.0729696456692912
20
1.01125
11
1.0729696456692912
21
1.0122368503937007
0
LINE
8
BLACK
6
CONTINUOUS
10
1.0729696456692912
20
1.0122368503937007
11
1.0723883464566928
21
1.0151594881889763
0
LINE
8
BLACK
6
CONTINUOUS
10
1.0723883464566928
20
1.0151594881889763
11
1.0706568503937008
21
1.017750748031496
0
LINE
8
BLACK
6
CONTINUOUS
10
1.0706568503937008
20
1.017750748031496
11
1.0700000000000001
21
1.0199161811023623
0
LINE
8
BLACK
6
CONTINUOUS
10
1.0700000000000001
20
1.0199161811023623
11
1.0700000000000001
21
1.0199999606299213
0
LINE
8
BLACK
6
CONTINUOUS
10
1.0700000000000001
20
1.0199999606299213
11
1.0700000000000001
21
1.02
0
LINE
8
BLACK
6
CONTINUOUS
10
1.0700000000000001
20
1.02
11
1.0481243700787402
21
1.0418755905511812
0
LINE
8
BLACK
6
CONTINUOUS
10
1.0481243700787402
20
1.0418755905511812
11
1.0470308661417322
21
1.0440218503937007
0
LINE
8
BLACK
6
CONTINUOUS
10
1.0470308661417322
20
1.0440218503937007
11
1.0469828740157481
21
1.0446315748031496
0
LINE
8
BLACK
6
CONTINUOUS
10
1.0469828740157481
20
1.0446315748031496
11
1.0469828740157481
21
1.0482472047244094
0
LINE
8
BLACK
6
CONTINUOUS
10
1.0469828740157481
20
1.0482472047244094
11
1.0469828740157481
21
1.0482472834645669
0
LINE
8
BLACK
6
CONTINUOUS
10
1.0469828740157481
20
1.0482472834645669
11
1.0459253149606298
21
1.0535640551181102
0
LINE
8
BLACK
6
CONTINUOUS
10
1.0459253149606298
20
1.0535640551181102
11
1.0438508267716535
21
1.0585723228346458
0
LINE
8
BLACK
6
CONTINUOUS
10
1.0438508267716535
20
1.0585723228346458
11
1.0408391338582677
21
1.0630796062992125
0
LINE
8
BLACK
6
CONTINUOUS
10
1.0408391338582677
20
1.0630796062992125
11
1.0370059448818898
21
1.0669127952755906
0
LINE
8
BLACK
6
CONTINUOUS
10
1.0370059448818898
20
1.0669127952755906
11
1.0347676377952755
21
1.0684083464566929
0
LINE
8
BLACK
6
CONTINUOUS
10
1.0347676377952755
20
1.0684083464566929
11
1.0324989370078741
21
1.0699243307086614
0
LINE
8
BLACK
6
CONTINUOUS
10
1.0324989370078741
20
1.0699243307086614
11
1.0324987795275591
21
1.0699243700787402
0
LINE
8
BLACK
6
CONTINUOUS
10
1.0324987795275591
20
1.0699243700787402
11
1.0324986614173228
21
1.0699244881889765
0
LINE
8
BLACK
6
CONTINUOUS
10
1.0324986614173228
20
1.0699244881889765
11
1.0324494488188976
21
1.0699448425196849
0
LINE
8
BLACK
6
CONTINUOUS
10
1.0324494488188976
20
1.0699448425196849
11
1.0324062204724409
21
1.0699627952755906
0
LINE
8
BLACK
6
CONTINUOUS
10
1.0324062204724409
20
1.0699627952755906
11
1.0323714960629922
21
1.0699924409448818
0
LINE
8
BLACK
6
CONTINUOUS
10
1.0323714960629922
20
1.0699924409448818
11
1.0323299606299212
21
1.0700146456692914
0
LINE
8
BLACK
6
CONTINUOUS
10
1.0323299606299212
20
1.0700146456692914
11
1.0323348031496062
21
1.0700237401574804
0
LINE
8
BLACK
6
CONTINUOUS
10
1.0323348031496062
20
1.0700237401574804
11
1.0305744488188977
21
1.0715271653543308
0
LINE
8
BLACK
6
CONTINUOUS
10
1.0305744488188977
20
1.0715271653543308
11
1.03
21
1.073563779527559
0
LINE
8
BLACK
6
CONTINUOUS
10
1.03
20
1.073563779527559
11
1.03
21
1.1799999606299212
0
LINE
8
BLACK
6
CONTINUOUS
10
1.03
20
1.1799999606299212
11
1.03
21
1.1799999999999999
0
LINE
8
BLACK
6
CONTINUOUS
10
1.03
20
1.1799999999999999
11
1.0299999606299213
21
1.1799999999999999
0
LINE
8
BLACK
6
CONTINUOUS
10
1.0299999606299213
20
1.1799999999999999
11
0.8400000393700787
21
1.1799999999999999
0
LINE
8
BLACK
6
CONTINUOUS
10
0.8400000393700787
20
1.1799999999999999
11
0.84
21
1.1799999999999999
0
LINE
8
BLACK
6
CONTINUOUS
10
0.84
20
1.1799999999999999
11
0.84
21
1.1799999606299212
0
LINE
8
BLACK
6
CONTINUOUS
10
0.84
20
1.1799999606299212
11
0.84
21
1.1241361023622047
0
LINE
8
BLACK
6
CONTINUOUS
10
0.84
20
1.1241361023622047
11
0.8392556299212598
21
1.1218451181102362
0
LINE
8
BLACK
6
CONTINUOUS
10
0.8392556299212598
20
1.1218451181102362
11
0.8388584251968504
21
1.1213800393700788
0
LINE
8
BLACK
6
CONTINUOUS
10
0.8388584251968504
20
1.1213800393700788
11
0.8368161417322835
21
1.1193377559055118
0
LINE
8
BLACK
6
CONTINUOUS
10
0.8368161417322835
20
1.1193377559055118
11
0.8368161023622047
21
1.1193377559055118
0
LINE
8
BLACK
6
CONTINUOUS
10
0.8368161023622047
20
1.1193377559055118
11
0.8338511417322835
21
1.1163727559055119
0
LINE
8
BLACK
6
CONTINUOUS
10
0.8338511417322835
20
1.1163727559055119
11
0.8338509842519685
21
1.1163725590551181
0
LINE
8
BLACK
6
CONTINUOUS
10
0.8338509842519685
20
1.1163725590551181
11
0.8317545669291339
21
1.112741496062992
0
LINE
8
BLACK
6
CONTINUOUS
10
0.8317545669291339
20
1.112741496062992
11
0.8317545275590551
21
1.1127413385826772
0
LINE
8
BLACK
6
CONTINUOUS
10
0.8317545275590551
20
1.1127413385826772
11
0.8306692519685039
21
1.1086910236220473
0
LINE
8
BLACK
6
CONTINUOUS
10
0.8306692519685039
20
1.1086910236220473
11
0.8306692519685039
21
1.0360618897637794
0
LINE
8
BLACK
6
CONTINUOUS
10
0.8306692519685039
20
1.0360618897637794
11
0.8306692519685039
21
1.0318687401574802
0
LINE
8
BLACK
6
CONTINUOUS
10
0.8306692519685039
20
1.0318687401574802
11
0.8308120472440945
21
1.0313357874015747
0
LINE
8
BLACK
6
CONTINUOUS
10
0.8308120472440945
20
1.0313357874015747
11
0.8317545669291339
21
1.0278182283464568
0
LINE
8
BLACK
6
CONTINUOUS
10
0.8317545669291339
20
1.0278182283464568
11
0.8339788582677166
21
1.0239657480314961
0
LINE
8
BLACK
6
CONTINUOUS
10
0.8339788582677166
20
1.0239657480314961
11
0.8339211811023622
21
1.0239324409448818
0
LINE
8
BLACK
6
CONTINUOUS
10
0.8339211811023622
20
1.0239324409448818
11
0.834187716535433
21
1.0231120866141732
0
LINE
8
BLACK
6
CONTINUOUS
10
0.834187716535433
20
1.0231120866141732
11
0.8345734645669292
21
1.0220227952755905
0
LINE
8
BLACK
6
CONTINUOUS
10
0.8345734645669292
20
1.0220227952755905
11
0.8345748031496063
21
1.0219208267716535
0
LINE
8
BLACK
6
CONTINUOUS
10
0.8345748031496063
20
1.0219208267716535
11
0.8345748031496063
21
1.0183818897637795
0
LINE
8
BLACK
6
CONTINUOUS
10
0.8345748031496063
20
1.0183818897637795
11
0.8339179133858268
21
1.0162164566929133
0
LINE
8
BLACK
6
CONTINUOUS
10
0.8339179133858268
20
1.0162164566929133
11
0.8332116535433071
21
1.0151594881889763
0
LINE
8
BLACK
6
CONTINUOUS
10
0.8332116535433071
20
1.0151594881889763
11
0.8326303543307086
21
1.0122370078740157
0
LINE
8
BLACK
6
CONTINUOUS
10
0.8326303543307086
20
1.0122370078740157
11
0.8326303149606299
21
1.0122368897637795
0
LINE
8
BLACK
6
CONTINUOUS
10
0.8326303149606299
20
1.0122368897637795
11
0.8326303149606299
21
1.01125
0
LINE
8
BLACK
6
CONTINUOUS
10
0.8326303149606299
20
1.01125
11
0.83275
21
1.01125
0
LINE
8
BLACK
6
CONTINUOUS
10
0.83275
20
1.01125
11
0.83275
21
0.9561499999999999
0
LINE
8
BLACK
6
CONTINUOUS
10
0.83275
20
0.9561499999999999
11
0.8326303149606299
21
0.9561499999999999
0
LINE
8
BLACK
6
CONTINUOUS
10
0.8326303149606299
20
0.9561499999999999
11
0.8326303149606299
21
0.9551632283464566
0
LINE
8
BLACK
6
CONTINUOUS
10
0.8326303149606299
20
0.9551632283464566
11
0.8326303543307086
21
0.955163031496063
0
LINE
8
BLACK
6
CONTINUOUS
10
0.8326303543307086
20
0.955163031496063
11
0.8327308267716536
21
0.954658031496063
0
LINE
8
BLACK
6
CONTINUOUS
10
0.8327308267716536
20
0.954658031496063
11
0.8324476771653543
21
0.9522658267716535
0
LINE
8
BLACK
6
CONTINUOUS
10
0.8324476771653543
20
0.9522658267716535
11
0.8308125196850393
21
0.9504969685039369
0
LINE
8
BLACK
6
CONTINUOUS
10
0.8308125196850393
20
0.9504969685039369
11
0.8289080708661417
21
0.95
0
LINE
8
BLACK
6
CONTINUOUS
10
0.8289080708661417
20
0.95
11
0.8038976377952756
21
0.95
0
LINE
8
BLACK
6
CONTINUOUS
10
0.8038976377952756
20
0.95
11
0.8016066535433071
21
0.9507443700787401
0
LINE
8
BLACK
6
CONTINUOUS
10
0.8016066535433071
20
0.9507443700787401
11
0.800190748031496
21
0.9526931889763779
0
LINE
8
BLACK
6
CONTINUOUS
10
0.800190748031496
20
0.9526931889763779
11
0.7999999999999999
21
0.9538976377952756
0
LINE
8
BLACK
6
CONTINUOUS
10
0.7999999999999999
20
0.9538976377952756
11
0.7999999999999999
21
0.9561499999999999
0
LINE
8
BLACK
6
CONTINUOUS
10
0.7999999999999999
20
0.9561499999999999
11
0.79145
21
0.9561499999999999
0
LINE
8
BLACK
6
CONTINUOUS
10
0.79145
20
0.9561499999999999
11
0.79145
21
1.01125
0
LINE
8
BLACK
6
CONTINUOUS
10
0.79145
20
1.01125
11
0.7999999999999999
21
1.01125
0
LINE
8
BLACK
6
CONTINUOUS
10
0.7999999999999999
20
1.01125
11
0.7999999999999999
21
1.0299999606299213
0
LINE
8
BLACK
6
CONTINUOUS
10
0.7999999999999999
20
1.0299999606299213
11
0.7999999999999999
21
1.03
0
LINE
8
BLACK
6
CONTINUOUS
10
0.7999999999999999
20
1.03
11
0.7675
21
1.0485713779527559
0
LINE
8
BLACK
6
CONTINUOUS
10
0.7675
20
1.0485713779527559
11
0.7675
21
1.0325
0
LINE
8
BLACK
6
CONTINUOUS
10
0.7675
20
1.0325
11
0.7324999999999999
21
1.0325
0
LINE
8
BLACK
6
CONTINUOUS
10
0.7324999999999999
20
1.0325
11
0.7324999999999999
21
1.0685713779527559
0
LINE
8
BLACK
6
CONTINUOUS
10
0.7324999999999999
20
1.0685713779527559
11
0.7044834251968504
21
1.0845808661417322
0
LINE
8
BLACK
6
CONTINUOUS
10
0.7044834251968504
20
1.0845808661417322
11
0.7028637007874016
21
1.0863637795275591
0
LINE
8
BLACK
6
CONTINUOUS
10
0.7028637007874016
20
1.0863637795275591
11
0.7025196456692914
21
1.0879649212598426
0
LINE
8
BLACK
6
CONTINUOUS
10
0.7025196456692914
20
1.0879649212598426
11
0.7025196456692914
21
1.0884867322834646
0
LINE
8
BLACK
6
CONTINUOUS
10
0.7025196456692914
20
1.0884867322834646
11
0.7025196062992126
21
1.0884868897637796
0
LINE
8
BLACK
6
CONTINUOUS
10
0.7025196062992126
20
1.0884868897637796
11
0.701938346456693
21
1.0914094881889764
0
LINE
8
BLACK
6
CONTINUOUS
10
0.701938346456693
20
1.0914094881889764
11
0.699723779527559
21
1.0947237795275591
0
LINE
8
BLACK
6
CONTINUOUS
10
0.699723779527559
20
1.0947237795275591
11
0.6964094881889764
21
1.0969383464566929
0
LINE
8
BLACK
6
CONTINUOUS
10
0.6964094881889764
20
1.0969383464566929
11
0.6934868897637795
21
1.09751968503937
0
LINE
8
BLACK
6
CONTINUOUS
10
0.6934868897637795
20
1.09751968503937
11
0.6828754724409448
21
1.0975196456692913
0
LINE
8
BLACK
6
CONTINUOUS
10
0.6828754724409448
20
1.0975196456692913
11
0.6809420078740157
21
1.0980331102362204
0
LINE
8
BLACK
6
CONTINUOUS
10
0.6809420078740157
20
1.0980331102362204
11
0.661963779527559
21
1.1088778346456694
0
LINE
8
BLACK
6
CONTINUOUS
10
0.661963779527559
20
1.1088778346456694
11
0.6603440551181102
21
1.1106607086614173
0
LINE
8
BLACK
6
CONTINUOUS
10
0.6603440551181102
20
1.1106607086614173
11
0.66
21
1.1122618503937007
0
LINE
8
BLACK
6
CONTINUOUS
10
0.66
20
1.1122618503937007
11
0.66
21
1.4761023622047245
0
LINE
8
BLACK
6
CONTINUOUS
10
0.66
20
1.4761023622047245
11
0.6607443700787401
21
1.478393346456693
0
LINE
8
BLACK
6
CONTINUOUS
10
0.6607443700787401
20
1.478393346456693
11
0.662693188976378
21
1.479809251968504
0
LINE
8
BLACK
6
CONTINUOUS
10
0.662693188976378
20
1.479809251968504
11
0.6638976377952756
21
1.48
0
LINE
8
BLACK
6
CONTINUOUS
10
0.6638976377952756
20
1.48
11
0.8261023622047244
21
1.48
0
LINE
8
BLACK
6
CONTINUOUS
10
0.8261023622047244
20
1.48
11
0.8283933464566929
21
1.4792556299212598
0
LINE
8
BLACK
6
CONTINUOUS
10
0.9399999999999999
20
1.1025
11
0.905
21
1.1025
0
LINE
8
BLACK
6
CONTINUOUS
10
0.905
20
1.1025
11
0.905
21
1.1201574803149605
0
LINE
8
BLACK
6
CONTINUOUS
10
0.905
20
1.1201574803149605
11
0.884351811023622
21
1.1201574803149605
0
LINE
8
BLACK
6
CONTINUOUS
10
0.884351811023622
20
1.1201574803149605
11
0.8838837007874015
21
1.1193466929133857
0
LINE
8
BLACK
6
CONTINUOUS
10
0.8838837007874015
20
1.1193466929133857
11
0.8806533070866142
21
1.1161162992125984
0
LINE
8
BLACK
6
CONTINUOUS
10
0.8806533070866142
20
1.1161162992125984
11
0.876696968503937
21
1.1138321259842519
0
LINE
8
BLACK
6
CONTINUOUS
10
0.876696968503937
20
1.1138321259842519
11
0.8722842125984251
21
1.1126497244094489
0
LINE
8
BLACK
6
CONTINUOUS
10
0.8722842125984251
20
1.1126497244094489
11
0.8677157874015747
21
1.1126497244094489
0
LINE
8
BLACK
6
CONTINUOUS
10
0.8677157874015747
20
1.1126497244094489
11
0.863303031496063
21
1.1138321259842519
0
LINE
8
BLACK
6
CONTINUOUS
10
0.863303031496063
20
1.1138321259842519
11
0.8625934251968503
21
1.1142417716535433
0
LINE
8
BLACK
6
CONTINUOUS
10
0.8625934251968503
20
1.1142417716535433
11
0.8566758661417323
21
1.1083242125984252
0
LINE
8
BLACK
6
CONTINUOUS
10
0.8566758661417323
20
1.1083242125984252
11
0.8524999606299213
21
1.104148307086614
0
LINE
8
BLACK
6
CONTINUOUS
10
0.8524999606299213
20
1.104148307086614
11
0.8524999606299213
21
1.0364114566929135
0
LINE
8
BLACK
6
CONTINUOUS
10
0.8524999606299213
20
1.0364114566929135
11
0.8546758267716535
21
1.0342355905511811
0
LINE
8
BLACK
6
CONTINUOUS
10
0.8546758267716535
20
1.0342355905511811
11
0.8554102755905512
21
1.0333407086614173
0
LINE
8
BLACK
6
CONTINUOUS
10
0.8554102755905512
20
1.0333407086614173
11
0.8557982677165354
21
1.0324039370078739
0
LINE
8
BLACK
6
CONTINUOUS
10
0.8557982677165354
20
1.0324039370078739
11
0.8562920472440945
21
1.0312118897637794
0
LINE
8
BLACK
6
CONTINUOUS
10
0.8562920472440945
20
1.0312118897637794
11
0.8564055118110236
21
1.0300597637795275
0
LINE
8
BLACK
6
CONTINUOUS
10
0.8564055118110236
20
1.0300597637795275
11
0.8564055118110236
21
1.01125
0
LINE
8
BLACK
6
CONTINUOUS
10
0.8564055118110236
20
1.01125
11
0.8583499999999999
21
1.01125
0
LINE
8
BLACK
6
CONTINUOUS
10
0.8583499999999999
20
1.01125
11
0.8583499999999999
21
0.9561499999999999
0
LINE
8
BLACK
6
CONTINUOUS
10
0.8583499999999999
20
0.9561499999999999
11
0.84265
21
0.9561499999999999
0
LINE
8
BLACK
6
CONTINUOUS
10
0.84265
20
0.9561499999999999
11
0.84265
21
1.01125
0
LINE
8
BLACK
6
CONTINUOUS
10
0.84265
20
1.01125
11
0.8445944881889763
21
1.01125
0
LINE
8
BLACK
6
CONTINUOUS
10
0.8445944881889763
20
1.01125
11
0.8445944881889763
21
1.027613622047244
0
LINE
8
BLACK
6
CONTINUOUS
10
0.8445944881889763
20
1.027613622047244
11
0.842418622047244
21
1.0297894881889764
0
LINE
8
BLACK
6
CONTINUOUS
10
0.842418622047244
20
1.0297894881889764
11
0.8416841732283464
21
1.0306844094488188
0
LINE
8
BLACK
6
CONTINUOUS
10
0.8416841732283464
20
1.0306844094488188
11
0.8408448818897638
21
1.0327106692913386
0
LINE
8
BLACK
6
CONTINUOUS
10
0.8408448818897638
20
1.0327106692913386
11
0.8408024015748031
21
1.0328131889763779
0
LINE
8
BLACK
6
CONTINUOUS
10
0.8408024015748031
20
1.0328131889763779
11
0.8406889370078739
21
1.0339653149606298
0
LINE
8
BLACK
6
CONTINUOUS
10
0.8406889370078739
20
1.0339653149606298
11
0.8406889370078739
21
1.1065944488188977
0
LINE
8
BLACK
6
CONTINUOUS
10
0.8406889370078739
20
1.1065944488188977
11
0.8408024015748031
21
1.1077465748031496
0
LINE
8
BLACK
6
CONTINUOUS
10
0.8408024015748031
20
1.1077465748031496
11
0.8412709842519684
21
1.1088778346456694
0
LINE
8
BLACK
6
CONTINUOUS
10
0.8412709842519684
20
1.1088778346456694
11
0.8416841732283464
21
1.1098753543307087
0
LINE
8
BLACK
6
CONTINUOUS
10
0.8416841732283464
20
1.1098753543307087
11
0.842418622047244
21
1.1107702755905511
0
LINE
8
BLACK
6
CONTINUOUS
10
0.842418622047244
20
1.1107702755905511
11
0.8483242125984252
21
1.1166758661417322
0
LINE
8
BLACK
6
CONTINUOUS
10
0.8483242125984252
20
1.1166758661417322
11
0.8542417716535433
21
1.1225934251968503
0
LINE
8
BLACK
6
CONTINUOUS
10
0.8542417716535433
20
1.1225934251968503
11
0.853832125984252
21
1.123303031496063
0
LINE
8
BLACK
6
CONTINUOUS
10
0.853832125984252
20
1.123303031496063
11
0.8526497244094488
21
1.1277157874015749
0
LINE
8
BLACK
6
CONTINUOUS
10
0.8526497244094488
20
1.1277157874015749
11
0.8526497244094488
21
1.1322842125984252
0
LINE
8
BLACK
6
CONTINUOUS
10
0.8526497244094488
20
1.1322842125984252
11
0.853832125984252
21
1.136696968503937
0
LINE
8
BLACK
6
CONTINUOUS
10
0.853832125984252
20
1.136696968503937
11
0.8561162992125984
21
1.1406533070866141
0
LINE
8
BLACK
6
CONTINUOUS
10
0.8561162992125984
20
1.1406533070866141
11
0.8593466929133858
21
1.1438837007874016
0
LINE
8
BLACK
6
CONTINUOUS
10
0.8593466929133858
20
1.1438837007874016
11
0.863303031496063
21
1.1461678740157479
0
LINE
8
BLACK
6
CONTINUOUS
10
0.863303031496063
20
1.1461678740157479
11
0.8677157874015747
21
1.1473502755905511
0
LINE
8
BLACK
6
CONTINUOUS
10
0.8677157874015747
20
1.1473502755905511
11
0.8722842125984251
21
1.1473502755905511
0
LINE
8
BLACK
6
CONTINUOUS
10
0.8722842125984251
20
1.1473502755905511
11
0.876696968503937
21
1.1461678740157479
0
LINE
8
BLACK
6
CONTINUOUS
10
0.876696968503937
20
1.1461678740157479
11
0.8806533070866142
21
1.1438837007874016
0
LINE
8
BLACK
6
CONTINUOUS
10
0.8806533070866142
20
1.1438837007874016
11
0.8838837007874015
21
1.1406533070866141
0
LINE
8
BLACK
6
CONTINUOUS
10
0.8838837007874015
20
1.1406533070866141
11
0.884351811023622
21
1.1398425196850392
0
LINE
8
BLACK
6
CONTINUOUS
10
0.884351811023622
20
1.1398425196850392
11
0.905
21
1.1398425196850392
0
LINE
8
BLACK
6
CONTINUOUS
10
0.905
20
1.1398425196850392
11
0.905
21
1.1575
0
LINE
8
BLACK
6
CONTINUOUS
10
0.905
20
1.1575
11
0.9399999999999999
21
1.1575
0
LINE
8
BLACK
6
CONTINUOUS
10
0.9399999999999999
20
1.1575
11
0.9399999999999999
21
1.1025
0
LINE
8
BLACK
6
CONTINUOUS
10
0.886696968503937
20
1.0661678740157481
11
0.8906533070866142
21
1.0638837007874016
0
LINE
8
BLACK
6
CONTINUOUS
10
0.8906533070866142
20
1.0638837007874016
11
0.8938837007874015
21
1.0606533070866142
0
LINE
8
BLACK
6
CONTINUOUS
10
0.8938837007874015
20
1.0606533070866142
11
0.896167874015748
21
1.0566969685039369
0
LINE
8
BLACK
6
CONTINUOUS
10
0.896167874015748
20
1.0566969685039369
11
0.8973502755905511
21
1.0522842125984251
0
LINE
8
BLACK
6
CONTINUOUS
10
0.8973502755905511
20
1.0522842125984251
11
0.8973502755905511
21
1.0477157874015748
0
LINE
8
BLACK
6
CONTINUOUS
10
0.8973502755905511
20
1.0477157874015748
11
0.896167874015748
21
1.043303031496063
0
LINE
8
BLACK
6
CONTINUOUS
10
0.896167874015748
20
1.043303031496063
11
0.8938837007874015
21
1.0393466929133859
0
LINE
8
BLACK
6
CONTINUOUS
10
0.8938837007874015
20
1.0393466929133859
11
0.8906533070866142
21
1.0361162992125983
0
LINE
8
BLACK
6
CONTINUOUS
10
0.8906533070866142
20
1.0361162992125983
11
0.886696968503937
21
1.033832125984252
0
LINE
8
BLACK
6
CONTINUOUS
10
0.886696968503937
20
1.033832125984252
11
0.8822842125984252
21
1.0326497244094488
0
LINE
8
BLACK
6
CONTINUOUS
10
0.8822842125984252
20
1.0326497244094488
11
0.8820055118110236
21
1.0326497244094488
0
LINE
8
BLACK
6
CONTINUOUS
10
0.8820055118110236
20
1.0326497244094488
11
0.8820055118110236
21
1.01125
0
LINE
8
BLACK
6
CONTINUOUS
10
0.8820055118110236
20
1.01125
11
0.88395
21
1.01125
0
LINE
8
BLACK
6
CONTINUOUS
10
0.88395
20
1.01125
11
0.88395
21
0.9561499999999999
0
LINE
8
BLACK
6
CONTINUOUS
10
0.88395
20
0.9561499999999999
11
0.86825
21
0.9561499999999999
0
LINE
8
BLACK
6
CONTINUOUS
10
0.86825
20
0.9561499999999999
11
0.86825
21
1.01125
0
LINE
8
BLACK
6
CONTINUOUS
10
0.86825
20
1.01125
11
0.8701944881889764
21
1.01125
0
LINE
8
BLACK
6
CONTINUOUS
10
0.8701944881889764
20
1.01125
11
0.8701944881889764
21
1.035626811023622
0
LINE
8
BLACK
6
CONTINUOUS
10
0.8701944881889764
20
1.035626811023622
11
0.8693466929133858
21
1.0361162992125983
0
LINE
8
BLACK
6
CONTINUOUS
10
0.8693466929133858
20
1.0361162992125983
11
0.8661162992125984
21
1.0393466929133859
0
LINE
8
BLACK
6
CONTINUOUS
10
0.8661162992125984
20
1.0393466929133859
11
0.863832125984252
21
1.043303031496063
0
LINE
8
BLACK
6
CONTINUOUS
10
0.863832125984252
20
1.043303031496063
11
0.8626497244094488
21
1.0477157874015748
0
LINE
8
BLACK
6
CONTINUOUS
10
0.8626497244094488
20
1.0477157874015748
11
0.8626497244094488
21
1.0522842125984251
0
LINE
8
BLACK
6
CONTINUOUS
10
0.8626497244094488
20
1.0522842125984251
11
0.863832125984252
21
1.0566969685039369
0
LINE
8
BLACK
6
CONTINUOUS
10
0.863832125984252
20
1.0566969685039369
11
0.8661162992125984
21
1.0606533070866142
0
LINE
8
BLACK
6
CONTINUOUS
10
0.8661162992125984
20
1.0606533070866142
11
0.8693466929133858
21
1.0638837007874016
0
LINE
8
BLACK
6
CONTINUOUS
10
0.8693466929133858
20
1.0638837007874016
11
0.8733030314960629
21
1.0661678740157481
0
LINE
8
BLACK
6
CONTINUOUS
10
0.8733030314960629
20
1.0661678740157481
11
0.8777157874015747
21
1.0673502755905511
0
LINE
8
BLACK
6
CONTINUOUS
10
0.8777157874015747
20
1.0673502755905511
11
0.8822842125984252
21
1.0673502755905511
0
LINE
8
BLACK
6
CONTINUOUS
10
0.8822842125984252
20
1.0673502755905511
11
0.886696968503937
21
1.0661678740157481
0
LINE
8
BLACK
6
CONTINUOUS
10
0.9328185433070866
20
1.0650464173228347
11
0.9367748818897638
21
1.0627622440944882
0
LINE
8
BLACK
6
CONTINUOUS
10
0.9367748818897638
20
1.0627622440944882
11
0.9400052755905511
21
1.0595318503937008
0
LINE
8
BLACK
6
CONTINUOUS
10
0.9400052755905511
20
1.0595318503937008
11
0.9422894488188976
21
1.0555755118110235
0
LINE
8
BLACK
6
CONTINUOUS
10
0.9422894488188976
20
1.0555755118110235
11
0.9434718503937007
21
1.0511627559055119
0
LINE
8
BLACK
6
CONTINUOUS
10
0.9434718503937007
20
1.0511627559055119
11
0.9434718503937007
21
1.0465943307086614
0
LINE
8
BLACK
6
CONTINUOUS
10
0.9434718503937007
20
1.0465943307086614
11
0.9422894488188976
21
1.0421815748031495
0
LINE
8
BLACK
6
CONTINUOUS
10
0.9422894488188976
20
1.0421815748031495
11
0.9400052755905511
21
1.0382252362204725
0
LINE
8
BLACK
6
CONTINUOUS
10
0.9400052755905511
20
1.0382252362204725
11
0.9367748818897638
21
1.0349948425196851
0
LINE
8
BLACK
6
CONTINUOUS
10
0.9367748818897638
20
1.0349948425196851
11
0.9328185433070866
21
1.0327106692913386
0
LINE
8
BLACK
6
CONTINUOUS
10
0.9328185433070866
20
1.0327106692913386
11
0.9284057874015748
21
1.0315282677165354
0
LINE
8
BLACK
6
CONTINUOUS
10
0.9284057874015748
20
1.0315282677165354
11
0.9238373622047243
21
1.0315282677165354
0
LINE
8
BLACK
6
CONTINUOUS
10
0.9238373622047243
20
1.0315282677165354
11
0.9194246062992126
21
1.0327106692913386
0
LINE
8
BLACK
6
CONTINUOUS
10
0.9194246062992126
20
1.0327106692913386
11
0.9187149999999999
21
1.0331203149606298
0
LINE
8
BLACK
6
CONTINUOUS
10
0.9187149999999999
20
1.0331203149606298
11
0.9076055118110236
21
1.0220108267716534
0
LINE
8
BLACK
6
CONTINUOUS
10
0.9076055118110236
20
1.0220108267716534
11
0.9076055118110236
21
1.01125
0
LINE
8
BLACK
6
CONTINUOUS
10
0.9076055118110236
20
1.01125
11
0.90955
21
1.01125
0
LINE
8
BLACK
6
CONTINUOUS
10
0.90955
20
1.01125
11
0.90955
21
0.9561499999999999
0
LINE
8
BLACK
6
CONTINUOUS
10
0.90955
20
0.9561499999999999
11
0.89385
21
0.9561499999999999
0
LINE
8
BLACK
6
CONTINUOUS
10
0.89385
20
0.9561499999999999
11
0.89385
21
1.01125
0
LINE
8
BLACK
6
CONTINUOUS
10
0.89385
20
1.01125
11
0.8957944881889763
21
1.01125
0
LINE
8
BLACK
6
CONTINUOUS
10
0.8957944881889763
20
1.01125
11
0.8957944881889763
21
1.0244569685039371
0
LINE
8
BLACK
6
CONTINUOUS
10
0.8957944881889763
20
1.0244569685039371
11
0.8959079527559055
21
1.025609094488189
0
LINE
8
BLACK
6
CONTINUOUS
10
0.8959079527559055
20
1.025609094488189
11
0.8963924803149607
21
1.0267788582677164
0
LINE
8
BLACK
6
CONTINUOUS
10
0.8963924803149607
20
1.0267788582677164
11
0.8967897244094488
21
1.0277378740157479
0
LINE
8
BLACK
6
CONTINUOUS
10
0.8967897244094488
20
1.0277378740157479
11
0.8975241732283464
21
1.0286327952755905
0
LINE
8
BLACK
6
CONTINUOUS
10
0.8975241732283464
20
1.0286327952755905
11
0.9103633464566929
21
1.0414719685039371
0
LINE
8
BLACK
6
CONTINUOUS
10
0.9103633464566929
20
1.0414719685039371
11
0.9099537007874016
21
1.0421815748031495
0
LINE
8
BLACK
6
CONTINUOUS
10
0.9099537007874016
20
1.0421815748031495
11
0.9087712992125984
21
1.0465943307086614
0
LINE
8
BLACK
6
CONTINUOUS
10
0.9087712992125984
20
1.0465943307086614
11
0.9087712992125984
21
1.0511627559055119
0
LINE
8
BLACK
6
CONTINUOUS
10
0.9087712992125984
20
1.0511627559055119
11
0.9099537007874016
21
1.0555755118110235
0
LINE
8
BLACK
6
CONTINUOUS
10
0.9099537007874016
20
1.0555755118110235
11
0.912237874015748
21
1.0595318503937008
0
LINE
8
BLACK
6
CONTINUOUS
10
0.912237874015748
20
1.0595318503937008
11
0.9154682677165354
21
1.0627622440944882
0
LINE
8
BLACK
6
CONTINUOUS
10
0.9154682677165354
20
1.0627622440944882
11
0.9194246062992126
21
1.0650464173228347
0
LINE
8
BLACK
6
CONTINUOUS
10
0.9194246062992126
20
1.0650464173228347
11
0.9238373622047243
21
1.0662288188976379
0
LINE
8
BLACK
6
CONTINUOUS
10
0.9238373622047243
20
1.0662288188976379
11
0.9284057874015748
21
1.0662288188976379
0
LINE
8
BLACK
6
CONTINUOUS
10
0.9284057874015748
20
1.0662288188976379
11
0.9328185433070866
21
1.0650464173228347
0
LINE
8
BLACK
6
CONTINUOUS
10
1.026160157480315
20
1.0617047244094489
11
1.030116496062992
21
1.0594205511811023
0
LINE
8
BLACK
6
CONTINUOUS
10
1.030116496062992
20
1.0594205511811023
11
1.0333468897637794
21
1.056190157480315
0
LINE
8
BLACK
6
CONTINUOUS
10
1.0333468897637794
20
1.056190157480315
11
1.0356310629921259
21
1.0522338188976377
0
LINE
8
BLACK
6
CONTINUOUS
10
1.0356310629921259
20
1.0522338188976377
11
1.0368134645669291
21
1.0478210629921259
0
LINE
8
BLACK
6
CONTINUOUS
10
1.0368134645669291
20
1.0478210629921259
11
1.0368134645669291
21
1.0432526377952756
0
LINE
8
BLACK
6
CONTINUOUS
10
1.0368134645669291
20
1.0432526377952756
11
1.0356310629921259
21
1.0388398818897637
0
LINE
8
BLACK
6
CONTINUOUS
10
1.0356310629921259
20
1.0388398818897637
11
1.0333468897637794
21
1.0348835433070867
0
LINE
8
BLACK
6
CONTINUOUS
10
1.0333468897637794
20
1.0348835433070867
11
1.030116496062992
21
1.0316531496062993
0
LINE
8
BLACK
6
CONTINUOUS
10
1.030116496062992
20
1.0316531496062993
11
1.026160157480315
21
1.0293689763779528
0
LINE
8
BLACK
6
CONTINUOUS
10
1.026160157480315
20
1.0293689763779528
11
1.0217474015748031
21
1.0281865748031496
0
LINE
8
BLACK
6
CONTINUOUS
10
1.0217474015748031
20
1.0281865748031496
11
1.0171789763779526
21
1.0281865748031496
0
LINE
8
BLACK
6
CONTINUOUS
10
1.0171789763779526
20
1.0281865748031496
11
1.012766220472441
21
1.0293689763779528
0
LINE
8
BLACK
6
CONTINUOUS
10
1.012766220472441
20
1.0293689763779528
11
1.0088098818897637
21
1.0316531496062993
0
LINE
8
BLACK
6
CONTINUOUS
10
1.0088098818897637
20
1.0316531496062993
11
1.0055794881889764
21
1.0348835433070867
0
LINE
8
BLACK
6
CONTINUOUS
10
1.0055794881889764
20
1.0348835433070867
11
1.0032953149606298
21
1.0388398818897637
0
LINE
8
BLACK
6
CONTINUOUS
10
1.0032953149606298
20
1.0388398818897637
11
1.0032246456692913
21
1.0391035826771653
0
LINE
8
BLACK
6
CONTINUOUS
10
1.0032246456692913
20
1.0391035826771653
11
0.9833
21
1.0191788976377953
0
LINE
8
BLACK
6
CONTINUOUS
10
0.9833
20
1.0191788976377953
11
0.9833
21
1.01125
0
LINE
8
BLACK
6
CONTINUOUS
10
0.9833
20
1.01125
11
0.98615
21
1.01125
0
LINE
8
BLACK
6
CONTINUOUS
10
0.98615
20
1.01125
11
0.98615
21
0.9561499999999999
0
LINE
8
BLACK
6
CONTINUOUS
10
0.98615
20
0.9561499999999999
11
0.9704499999999999
21
0.9561499999999999
0
LINE
8
BLACK
6
CONTINUOUS
10
0.9704499999999999
20
0.9561499999999999
11
0.9704499999999999
21
1.01125
0
LINE
8
BLACK
6
CONTINUOUS
10
0.9704499999999999
20
1.01125
11
0.9732999999999999
21
1.01125
0
LINE
8
BLACK
6
CONTINUOUS
10
0.9732999999999999
20
1.01125
11
0.9732999999999999
21
1.02125
0
LINE
8
BLACK
6
CONTINUOUS
10
0.9732999999999999
20
1.02125
11
0.973396062992126
21
1.0222254330708662
0
LINE
8
BLACK
6
CONTINUOUS
10
0.973396062992126
20
1.0222254330708662
11
0.9735098031496062
21
1.0225
0
LINE
8
BLACK
6
CONTINUOUS
10
0.9735098031496062
20
1.0225
11
0.97370531496063
21
1.0229720472440944
0
LINE
8
BLACK
6
CONTINUOUS
10
0.97370531496063
20
1.0229720472440944
11
0.9741426377952755
21
1.0240278346456693
0
LINE
8
BLACK
6
CONTINUOUS
10
0.9741426377952755
20
1.0240278346456693
11
0.9741426771653543
21
1.024027874015748
0
LINE
8
BLACK
6
CONTINUOUS
10
0.9741426771653543
20
1.024027874015748
11
0.9747644488188976
21
1.0247855511811024
0
LINE
8
BLACK
6
CONTINUOUS
10
0.9747644488188976
20
1.0247855511811024
11
0.9990513385826771
21
1.0490724015748032
0
LINE
8
BLACK
6
CONTINUOUS
10
0.9990513385826771
20
1.0490724015748032
11
0.9998089763779527
21
1.0496942125984252
0
LINE
8
BLACK
6
CONTINUOUS
10
0.9998089763779527
20
1.0496942125984252
11
1.0016113779527558
21
1.0504407874015749
0
LINE
8
BLACK
6
CONTINUOUS
10
1.0016113779527558
20
1.0504407874015749
11
1.0016114173228345
21
1.0504407874015749
0
LINE
8
BLACK
6
CONTINUOUS
10
1.0016114173228345
20
1.0504407874015749
11
1.0025868503937008
21
1.0505368503937007
0
LINE
8
BLACK
6
CONTINUOUS
10
1.0025868503937008
20
1.0505368503937007
11
1.0028406299212598
21
1.0505368503937007
0
LINE
8
BLACK
6
CONTINUOUS
10
1.0028406299212598
20
1.0505368503937007
11
1.0032953149606298
21
1.0522338188976377
0
LINE
8
BLACK
6
CONTINUOUS
10
1.0032953149606298
20
1.0522338188976377
11
1.0055794881889764
21
1.056190157480315
0
LINE
8
BLACK
6
CONTINUOUS
10
1.0055794881889764
20
1.056190157480315
11
1.0088098818897637
21
1.0594205511811023
0
LINE
8
BLACK
6
CONTINUOUS
10
1.0088098818897637
20
1.0594205511811023
11
1.012766220472441
21
1.0617047244094489
0
LINE
8
BLACK
6
CONTINUOUS
10
1.012766220472441
20
1.0617047244094489
11
1.0171789763779526
21
1.0628871259842518
0
LINE
8
BLACK
6
CONTINUOUS
10
1.0171789763779526
20
1.0628871259842518
11
1.0217474015748031
21
1.0628871259842518
0
LINE
8
BLACK
6
CONTINUOUS
10
1.0217474015748031
20
1.0628871259842518
11
1.026160157480315
21
1.0617047244094489
0
LINE
8
BLACK
6
CONTINUOUS
10
0.13
20
1.0898425196850394
11
0.17
21
1.0898425196850394
0
LINE
8
BLACK
6
CONTINUOUS
10
0.17
20
1.0898425196850394
11
0.17
21
1.1099999999999999
0
LINE
8
BLACK
6
CONTINUOUS
10
0.17
20
1.1099999999999999
11
0.23
21
1.1099999999999999
0
LINE
8
BLACK
6
CONTINUOUS
10
0.23
20
1.1099999999999999
11
0.23
21
1.0898425196850394
0
LINE
8
BLACK
6
CONTINUOUS
10
0.23
20
1.0898425196850394
11
0.2613
21
1.0898425196850394
0
LINE
8
BLACK
6
CONTINUOUS
10
0.2613
20
1.0898425196850394
11
0.2632201968503937
21
1.0896533858267716
0
LINE
8
BLACK
6
CONTINUOUS
10
0.2632201968503937
20
1.0896533858267716
11
0.2667682283464567
21
1.0881837401574803
0
LINE
8
BLACK
6
CONTINUOUS
10
0.2667682283464567
20
1.0881837401574803
11
0.2667683858267716
21
1.0881835433070866
0
LINE
8
BLACK
6
CONTINUOUS
10
0.2667683858267716
20
1.0881835433070866
11
0.2682597244094488
21
1.0869597244094489
0
LINE
8
BLACK
6
CONTINUOUS
10
0.2682597244094488
20
1.0869597244094489
11
0.3147194488188976
21
1.0405
0
LINE
8
BLACK
6
CONTINUOUS
10
0.3147194488188976
20
1.0405
11
0.38545
21
1.0405
0
LINE
8
BLACK
6
CONTINUOUS
10
0.38545
20
1.0405
11
0.38545
21
0.9697694488188976
0
LINE
8
BLACK
6
CONTINUOUS
10
0.38545
20
0.9697694488188976
11
0.4153769291338583
21
0.9398425196850394
0
LINE
8
BLACK
6
CONTINUOUS
10
0.4153769291338583
20
0.9398425196850394
11
0.415648188976378
21
0.9398425196850394
0
LINE
8
BLACK
6
CONTINUOUS
10
0.415648188976378
20
0.9398425196850394
11
0.4161162992125984
21
0.9406533070866141
0
LINE
8
BLACK
6
CONTINUOUS
10
0.4161162992125984
20
0.9406533070866141
11
0.4193466929133858
21
0.9438837007874016
0
LINE
8
BLACK
6
CONTINUOUS
10
0.4193466929133858
20
0.9438837007874016
11
0.423303031496063
21
0.946167874015748
0
LINE
8
BLACK
6
CONTINUOUS
10
0.423303031496063
20
0.946167874015748
11
0.4277157874015748
21
0.9473502755905512
0
LINE
8
BLACK
6
CONTINUOUS
10
0.4277157874015748
20
0.9473502755905512
11
0.4322842125984252
21
0.9473502755905512
0
LINE
8
BLACK
6
CONTINUOUS
10
0.4322842125984252
20
0.9473502755905512
11
0.436696968503937
21
0.946167874015748
0
LINE
8
BLACK
6
CONTINUOUS
10
0.436696968503937
20
0.946167874015748
11
0.4406533070866142
21
0.9438837007874016
0
LINE
8
BLACK
6
CONTINUOUS
10
0.4406533070866142
20
0.9438837007874016
11
0.4438837007874016
21
0.9406533070866141
0
LINE
8
BLACK
6
CONTINUOUS
10
0.4438837007874016
20
0.9406533070866141
11
0.446167874015748
21
0.936696968503937
0
LINE
8
BLACK
6
CONTINUOUS
10
0.446167874015748
20
0.936696968503937
11
0.4473502755905512
21
0.9322842125984252
0
LINE
8
BLACK
6
CONTINUOUS
10
0.4473502755905512
20
0.9322842125984252
11
0.4473502755905512
21
0.9277157874015748
0
LINE
8
BLACK
6
CONTINUOUS
10
0.4473502755905512
20
0.9277157874015748
11
0.446167874015748
21
0.923303031496063
0
LINE
8
BLACK
6
CONTINUOUS
10
0.446167874015748
20
0.923303031496063
11
0.4438837007874016
21
0.9193466929133858
0
LINE
8
BLACK
6
CONTINUOUS
10
0.4438837007874016
20
0.9193466929133858
11
0.4406533070866142
21
0.9161162992125984
0
LINE
8
BLACK
6
CONTINUOUS
10
0.4406533070866142
20
0.9161162992125984
11
0.436696968503937
21
0.9138321259842519
0
LINE
8
BLACK
6
CONTINUOUS
10
0.436696968503937
20
0.9138321259842519
11
0.4322842125984252
21
0.9126497244094488
0
LINE
8
BLACK
6
CONTINUOUS
10
0.4322842125984252
20
0.9126497244094488
11
0.4277157874015748
21
0.9126497244094488
0
LINE
8
BLACK
6
CONTINUOUS
10
0.4277157874015748
20
0.9126497244094488
11
0.423303031496063
21
0.9138321259842519
0
LINE
8
BLACK
6
CONTINUOUS
10
0.423303031496063
20
0.9138321259842519
11
0.4193466929133858
21
0.9161162992125984
0
LINE
8
BLACK
6
CONTINUOUS
10
0.4193466929133858
20
0.9161162992125984
11
0.4161162992125984
21
0.9193466929133858
0
LINE
8
BLACK
6
CONTINUOUS
10
0.4161162992125984
20
0.9193466929133858
11
0.415648188976378
21
0.9201574803149606
0
LINE
8
BLACK
6
CONTINUOUS
10
0.415648188976378
20
0.9201574803149606
11
0.4113
21
0.9201574803149606
0
LINE
8
BLACK
6
CONTINUOUS
10
0.4113
20
0.9201574803149606
11
0.4093798031496063
21
0.9203466141732283
0
LINE
8
BLACK
6
CONTINUOUS
10
0.4093798031496063
20
0.9203466141732283
11
0.4079101968503937
21
0.9209553149606299
0
LINE
8
BLACK
6
CONTINUOUS
10
0.4079101968503937
20
0.9209553149606299
11
0.405831811023622
21
0.9218162204724409
0
LINE
8
BLACK
6
CONTINUOUS
10
0.405831811023622
20
0.9218162204724409
11
0.4043402755905512
21
0.9230402755905511
0
LINE
8
BLACK
6
CONTINUOUS
10
0.4043402755905512
20
0.9230402755905511
11
0.3852805511811023
21
0.9420999999999999
0
LINE
8
BLACK
6
CONTINUOUS
10
0.3852805511811023
20
0.9420999999999999
11
0.31455
21
0.9420999999999999
0
LINE
8
BLACK
6
CONTINUOUS
10
0.31455
20
0.9420999999999999
11
0.31455
21
1.0128305511811024
0
LINE
8
BLACK
6
CONTINUOUS
10
0.31455
20
1.0128305511811024
11
0.2572230708661417
21
1.0701574803149605
0
LINE
8
BLACK
6
CONTINUOUS
10
0.2572230708661417
20
1.0701574803149605
11
0.23
21
1.0701574803149605
0
LINE
8
BLACK
6
CONTINUOUS
10
0.23
20
1.0701574803149605
11
0.23
21
1.05
0
LINE
8
BLACK
6
CONTINUOUS
10
0.23
20
1.05
11
0.17
21
1.05
0
LINE
8
BLACK
6
CONTINUOUS
10
0.17
20
1.05
11
0.17
21
1.0701574803149605
0
LINE
8
BLACK
6
CONTINUOUS
10
0.17
20
1.0701574803149605
11
0.13
21
1.0701574803149605
0
LINE
8
BLACK
6
CONTINUOUS
10
0.13
20
1.0701574803149605
11
0.13
21
1.05
0
LINE
8
BLACK
6
CONTINUOUS
10
0.13
20
1.05
11
0.07
21
1.05
0
LINE
8
BLACK
6
CONTINUOUS
10
0.07
20
1.05
11
0.07
21
1.1099999999999999
0
LINE
8
BLACK
6
CONTINUOUS
10
0.07
20
1.1099999999999999
11
0.13
21
1.1099999999999999
0
LINE
8
BLACK
6
CONTINUOUS
10
0.13
20
1.1099999999999999
11
0.13
21
1.0898425196850394
0
LINE
8
BLACK
6
CONTINUOUS
10
1.5674999999999999
20
1.095
11
1.5449999999999999
21
1.095
0
LINE
8
BLACK
6
CONTINUOUS
10
1.5449999999999999
20
1.095
11
1.5449999999999999
21
1.0449999999999999
0
LINE
8
BLACK
6
CONTINUOUS
10
1.5449999999999999
20
1.0449999999999999
11
1.5674999999999999
21
1.0449999999999999
0
LINE
8
BLACK
6
CONTINUOUS
10
1.5674999999999999
20
1.0449999999999999
11
1.5674999999999999
21
1.01
0
LINE
8
BLACK
6
CONTINUOUS
10
1.5674999999999999
20
1.01
11
1.5125
21
1.01
0
LINE
8
BLACK
6
CONTINUOUS
10
1.5125
20
1.01
11
1.5125
21
1.0225
0
LINE
8
BLACK
6
CONTINUOUS
10
1.5125
20
1.0225
11
1.48
21
1.0225
0
LINE
8
BLACK
6
CONTINUOUS
10
1.48
20
1.0225
11
1.48
21
1.
0
LINE
8
BLACK
6
CONTINUOUS
10
1.48
20
1.
11
1.4199999999999999
21
1.
0
LINE
8
BLACK
6
CONTINUOUS
10
1.4199999999999999
20
1.
11
1.4199999999999999
21
1.0240944881889764
0
LINE
8
BLACK
6
CONTINUOUS
10
1.4199999999999999
20
1.0240944881889764
11
1.3799999999999999
21
1.0240944881889764
0
LINE
8
BLACK
6
CONTINUOUS
10
1.3799999999999999
20
1.0240944881889764
11
1.3799999999999999
21
1.
0
LINE
8
BLACK
6
CONTINUOUS
10
1.3799999999999999
20
1.
11
1.3200000000000001
21
1.
0
LINE
8
BLACK
6
CONTINUOUS
10
1.3200000000000001
20
1.
11
1.3200000000000001
21
1.0600000000000001
0
LINE
8
BLACK
6
CONTINUOUS
10
1.3200000000000001
20
1.0600000000000001
11
1.3799999999999999
21
1.0600000000000001
0
LINE
8
BLACK
6
CONTINUOUS
10
1.3799999999999999
20
1.0600000000000001
11
1.3799999999999999
21
1.0359055118110236
0
LINE
8
BLACK
6
CONTINUOUS
10
1.3799999999999999
20
1.0359055118110236
11
1.4199999999999999
21
1.0359055118110236
0
LINE
8
BLACK
6
CONTINUOUS
10
1.4199999999999999
20
1.0359055118110236
11
1.4199999999999999
21
1.0600000000000001
0
LINE
8
BLACK
6
CONTINUOUS
10
1.4199999999999999
20
1.0600000000000001
11
1.48
21
1.0600000000000001
0
LINE
8
BLACK
6
CONTINUOUS
10
1.48
20
1.0600000000000001
11
1.48
21
1.0325
0
LINE
8
BLACK
6
CONTINUOUS
10
1.48
20
1.0325
11
1.5125
21
1.0325
0
LINE
8
BLACK
6
CONTINUOUS
10
1.5125
20
1.0325
11
1.5125
21
1.0449999999999999
0
LINE
8
BLACK
6
CONTINUOUS
10
1.5125
20
1.0449999999999999
11
1.5349999999999999
21
1.0449999999999999
0
LINE
8
BLACK
6
CONTINUOUS
10
1.5349999999999999
20
1.0449999999999999
11
1.5349999999999999
21
1.095
0
LINE
8
BLACK
6
CONTINUOUS
10
1.5349999999999999
20
1.095
11
1.5125
21
1.095
0
LINE
8
BLACK
6
CONTINUOUS
10
1.5125
20
1.095
11
1.5125
21
1.1299999999999999
0
LINE
8
BLACK
6
CONTINUOUS
10
1.5125
20
1.1299999999999999
11
1.5674999999999999
21
1.1299999999999999
0
LINE
8
BLACK
6
CONTINUOUS
10
1.5674999999999999
20
1.1299999999999999
11
1.5674999999999999
21
1.095
0
LINE
8
BLACK
6
CONTINUOUS
10
1.78
20
1.175
11
1.8200000000000001
21
1.175
0
LINE
8
BLACK
6
CONTINUOUS
10
1.8200000000000001
20
1.175
11
1.8200000000000001
21
1.2
0
LINE
8
BLACK
6
CONTINUOUS
10
1.8200000000000001
20
1.2
11
1.8799999999999999
21
1.2
0
LINE
8
BLACK
6
CONTINUOUS
10
1.8799999999999999
20
1.2
11
1.8799999999999999
21
1.1399999999999999
0
LINE
8
BLACK
6
CONTINUOUS
10
1.8799999999999999
20
1.1399999999999999
11
1.8200000000000001
21
1.1399999999999999
0
LINE
8
BLACK
6
CONTINUOUS
10
1.8200000000000001
20
1.1399999999999999
11
1.8200000000000001
21
1.165
0
LINE
8
BLACK
6
CONTINUOUS
10
1.8200000000000001
20
1.165
11
1.78
21
1.165
0
LINE
8
BLACK
6
CONTINUOUS
10
1.78
20
1.165
11
1.78
21
1.1399999999999999
0
LINE
8
BLACK
6
CONTINUOUS
10
1.78
20
1.1399999999999999
11
1.727071062992126
21
1.1399999999999999
0
LINE
8
BLACK
6
CONTINUOUS
10
1.727071062992126
20
1.1399999999999999
11
1.6960355511811023
21
1.1089644488188977
0
LINE
8
BLACK
6
CONTINUOUS
10
1.6960355511811023
20
1.1089644488188977
11
1.6952778740157479
21
1.1083426771653544
0
LINE
8
BLACK
6
CONTINUOUS
10
1.6952778740157479
20
1.1083426771653544
11
1.6952778346456692
21
1.1083426377952756
0
LINE
8
BLACK
6
CONTINUOUS
10
1.6952778346456692
20
1.1083426377952756
11
1.6942220472440945
21
1.1079053149606299
0
LINE
8
BLACK
6
CONTINUOUS
10
1.6942220472440945
20
1.1079053149606299
11
1.6934754724409449
21
1.107596062992126
0
LINE
8
BLACK
6
CONTINUOUS
10
1.6934754724409449
20
1.107596062992126
11
1.6934754330708661
21
1.107596062992126
0
LINE
8
BLACK
6
CONTINUOUS
10
1.6934754330708661
20
1.107596062992126
11
1.6924999999999999
21
1.1074999999999999
0
LINE
8
BLACK
6
CONTINUOUS
10
1.6924999999999999
20
1.1074999999999999
11
1.6475
21
1.1074999999999999
0
LINE
8
BLACK
6
CONTINUOUS
10
1.6475
20
1.1074999999999999
11
1.6475
21
1.095
0
LINE
8
BLACK
6
CONTINUOUS
10
1.6475
20
1.095
11
1.625
21
1.095
0
LINE
8
BLACK
6
CONTINUOUS
10
1.625
20
1.095
11
1.625
21
1.0649999999999999
0
LINE
8
BLACK
6
CONTINUOUS
10
1.625
20
1.0649999999999999
11
1.6475
21
1.0649999999999999
0
LINE
8
BLACK
6
CONTINUOUS
10
1.6475
20
1.0649999999999999
11
1.6475
21
1.03
0
LINE
8
BLACK
6
CONTINUOUS
10
1.6475
20
1.03
11
1.5925
21
1.03
0
LINE
8
BLACK
6
CONTINUOUS
10
1.5925
20
1.03
11
1.5925
21
1.0649999999999999
0
LINE
8
BLACK
6
CONTINUOUS
10
1.5925
20
1.0649999999999999
11
1.615
21
1.0649999999999999
0
LINE
8
BLACK
6
CONTINUOUS
10
1.615
20
1.0649999999999999
11
1.615
21
1.095
0
LINE
8
BLACK
6
CONTINUOUS
10
1.615
20
1.095
11
1.5925
21
1.095
0
LINE
8
BLACK
6
CONTINUOUS
10
1.5925
20
1.095
11
1.5925
21
1.1299999999999999
0
LINE
8
BLACK
6
CONTINUOUS
10
1.5925
20
1.1299999999999999
11
1.6475
21
1.1299999999999999
0
LINE
8
BLACK
6
CONTINUOUS
10
1.6475
20
1.1299999999999999
11
1.6475
21
1.1174999999999999
0
LINE
8
BLACK
6
CONTINUOUS
10
1.6475
20
1.1174999999999999
11
1.6904288976377952
21
1.1174999999999999
0
LINE
8
BLACK
6
CONTINUOUS
10
1.6904288976377952
20
1.1174999999999999
11
1.72
21
1.1470710629921259
0
LINE
8
BLACK
6
CONTINUOUS
10
1.72
20
1.1470710629921259
11
1.72
21
1.2
0
LINE
8
BLACK
6
CONTINUOUS
10
1.72
20
1.2
11
1.78
21
1.2
0
LINE
8
BLACK
6
CONTINUOUS
10
1.78
20
1.2
11
1.78
21
1.175
0
LINE
8
BLACK
6
CONTINUOUS
10
1.78
20
1.075
11
1.8200000000000001
21
1.075
0
LINE
8
BLACK
6
CONTINUOUS
10
1.8200000000000001
20
1.075
11
1.8200000000000001
21
1.0999999999999999
0
LINE
8
BLACK
6
CONTINUOUS
10
1.8200000000000001
20
1.0999999999999999
11
1.8799999999999999
21
1.0999999999999999
0
LINE
8
BLACK
6
CONTINUOUS
10
1.8799999999999999
20
1.0999999999999999
11
1.8799999999999999
21
1.04
0
LINE
8
BLACK
6
CONTINUOUS
10
1.8799999999999999
20
1.04
11
1.8200000000000001
21
1.04
0
LINE
8
BLACK
6
CONTINUOUS
10
1.8200000000000001
20
1.04
11
1.8200000000000001
21
1.0649999999999999
0
LINE
8
BLACK
6
CONTINUOUS
10
1.8200000000000001
20
1.0649999999999999
11
1.78
21
1.0649999999999999
0
LINE
8
BLACK
6
CONTINUOUS
10
1.78
20
1.0649999999999999
11
1.78
21
1.04
0
LINE
8
BLACK
6
CONTINUOUS
10
1.78
20
1.04
11
1.72
21
1.04
0
LINE
8
BLACK
6
CONTINUOUS
10
1.72
20
1.04
11
1.72
21
1.0999999999999999
0
LINE
8
BLACK
6
CONTINUOUS
10
1.72
20
1.0999999999999999
11
1.78
21
1.0999999999999999
0
LINE
8
BLACK
6
CONTINUOUS
10
1.78
20
1.0999999999999999
11
1.78
21
1.075
0
LINE
8
BLACK
6
CONTINUOUS
10
1.3799999999999999
20
1.135
11
1.4199999999999999
21
1.135
0
LINE
8
BLACK
6
CONTINUOUS
10
1.4199999999999999
20
1.135
11
1.4199999999999999
21
1.1599999999999999
0
LINE
8
BLACK
6
CONTINUOUS
10
1.4199999999999999
20
1.1599999999999999
11
1.48
21
1.1599999999999999
0
LINE
8
BLACK
6
CONTINUOUS
10
1.48
20
1.1599999999999999
11
1.48
21
1.0999999999999999
0
LINE
8
BLACK
6
CONTINUOUS
10
1.48
20
1.0999999999999999
11
1.4199999999999999
21
1.0999999999999999
0
LINE
8
BLACK
6
CONTINUOUS
10
1.4199999999999999
20
1.0999999999999999
11
1.4199999999999999
21
1.125
0
LINE
8
BLACK
6
CONTINUOUS
10
1.4199999999999999
20
1.125
11
1.3799999999999999
21
1.125
0
LINE
8
BLACK
6
CONTINUOUS
10
1.3799999999999999
20
1.125
11
1.3799999999999999
21
1.0999999999999999
0
LINE
8
BLACK
6
CONTINUOUS
10
1.3799999999999999
20
1.0999999999999999
11
1.3200000000000001
21
1.0999999999999999
0
LINE
8
BLACK
6
CONTINUOUS
10
1.3200000000000001
20
1.0999999999999999
11
1.3200000000000001
21
1.1599999999999999
0
LINE
8
BLACK
6
CONTINUOUS
10
1.3200000000000001
20
1.1599999999999999
11
1.3799999999999999
21
1.1599999999999999
0
LINE
8
BLACK
6
CONTINUOUS
10
1.3799999999999999
20
1.1599999999999999
11
1.3799999999999999
21
1.135
0
LINE
8
BLACK
6
CONTINUOUS
10
1.5466969685039369
20
1.2511678740157479
11
1.5506533070866142
21
1.2488837007874016
0
LINE
8
BLACK
6
CONTINUOUS
10
1.5506533070866142
20
1.2488837007874016
11
1.5538837007874016
21
1.245653307086614
0
LINE
8
BLACK
6
CONTINUOUS
10
1.5538837007874016
20
1.245653307086614
11
1.5561678740157481
21
1.241696968503937
0
LINE
8
BLACK
6
CONTINUOUS
10
1.5561678740157481
20
1.241696968503937
11
1.5573502755905511
21
1.2372842125984251
0
LINE
8
BLACK
6
CONTINUOUS
10
1.5573502755905511
20
1.2372842125984251
11
1.5573502755905511
21
1.2327157874015748
0
LINE
8
BLACK
6
CONTINUOUS
10
1.5573502755905511
20
1.2327157874015748
11
1.5561678740157481
21
1.228303031496063
0
LINE
8
BLACK
6
CONTINUOUS
10
1.5561678740157481
20
1.228303031496063
11
1.5538837007874016
21
1.2243466929133857
0
LINE
8
BLACK
6
CONTINUOUS
10
1.5538837007874016
20
1.2243466929133857
11
1.5506533070866142
21
1.2211162992125983
0
LINE
8
BLACK
6
CONTINUOUS
10
1.5506533070866142
20
1.2211162992125983
11
1.5498425196850394
21
1.2206481889763778
0
LINE
8
BLACK
6
CONTINUOUS
10
1.5498425196850394
20
1.2206481889763778
11
1.5498425196850394
21
1.2050000000000001
0
LINE
8
BLACK
6
CONTINUOUS
10
1.5498425196850394
20
1.2050000000000001
11
1.5674999999999999
21
1.2050000000000001
0
LINE
8
BLACK
6
CONTINUOUS
10
1.5674999999999999
20
1.2050000000000001
11
1.5674999999999999
21
1.1953740157480315
0
LINE
8
BLACK
6
CONTINUOUS
10
1.5674999999999999
20
1.1953740157480315
11
1.5925
21
1.1953740157480315
0
LINE
8
BLACK
6
CONTINUOUS
10
1.5925
20
1.1953740157480315
11
1.5925
21
1.2050000000000001
0
LINE
8
BLACK
6
CONTINUOUS
10
1.5925
20
1.2050000000000001
11
1.5976766535433071
21
1.2050000000000001
0
LINE
8
BLACK
6
CONTINUOUS
10
1.5976766535433071
20
1.2050000000000001
11
1.5984530708661417
21
1.2068744881889764
0
LINE
8
BLACK
6
CONTINUOUS
10
1.5984530708661417
20
1.2068744881889764
11
1.6006255118110235
21
1.2090469291338581
0
LINE
8
BLACK
6
CONTINUOUS
10
1.6006255118110235
20
1.2090469291338581
11
1.603463937007874
21
1.2102226377952756
0
LINE
8
BLACK
6
CONTINUOUS
10
1.603463937007874
20
1.2102226377952756
11
1.6065362204724409
21
1.2102226377952756
0
LINE
8
BLACK
6
CONTINUOUS
10
1.6065362204724409
20
1.2102226377952756
11
1.6093746456692912
21
1.2090469291338581
0
LINE
8
BLACK
6
CONTINUOUS
10
1.6093746456692912
20
1.2090469291338581
11
1.6105678346456693
21
1.2080676771653542
0
LINE
8
BLACK
6
CONTINUOUS
10
1.6105678346456693
20
1.2080676771653542
11
1.6136355118110235
21
1.2050000000000001
0
LINE
8
BLACK
6
CONTINUOUS
10
1.6136355118110235
20
1.2050000000000001
11
1.6475
21
1.2050000000000001
0
LINE
8
BLACK
6
CONTINUOUS
10
1.6475
20
1.2050000000000001
11
1.6475
21
1.1699999999999999
0
LINE
8
BLACK
6
CONTINUOUS
10
1.6475
20
1.1699999999999999
11
1.5925
21
1.1699999999999999
0
LINE
8
BLACK
6
CONTINUOUS
10
1.5925
20
1.1699999999999999
11
1.5925
21
1.1796259842519685
0
LINE
8
BLACK
6
CONTINUOUS
10
1.5925
20
1.1796259842519685
11
1.5674999999999999
21
1.1796259842519685
0
LINE
8
BLACK
6
CONTINUOUS
10
1.5674999999999999
20
1.1796259842519685
11
1.5674999999999999
21
1.1699999999999999
0
LINE
8
BLACK
6
CONTINUOUS
10
1.5674999999999999
20
1.1699999999999999
11
1.5125
21
1.1699999999999999
0
LINE
8
BLACK
6
CONTINUOUS
10
1.5125
20
1.1699999999999999
11
1.5125
21
1.2050000000000001
0
LINE
8
BLACK
6
CONTINUOUS
10
1.5125
20
1.2050000000000001
11
1.5301574803149607
21
1.2050000000000001
0
LINE
8
BLACK
6
CONTINUOUS
10
1.5301574803149607
20
1.2050000000000001
11
1.5301574803149607
21
1.2206481889763778
0
LINE
8
BLACK
6
CONTINUOUS
10
1.5301574803149607
20
1.2206481889763778
11
1.5293466929133859
21
1.2211162992125983
0
LINE
8
BLACK
6
CONTINUOUS
10
1.5293466929133859
20
1.2211162992125983
11
1.5261162992125983
21
1.2243466929133857
0
LINE
8
BLACK
6
CONTINUOUS
10
1.5261162992125983
20
1.2243466929133857
11
1.523832125984252
21
1.228303031496063
0
LINE
8
BLACK
6
CONTINUOUS
10
1.523832125984252
20
1.228303031496063
11
1.5226497244094488
21
1.2327157874015748
0
LINE
8
BLACK
6
CONTINUOUS
10
1.5226497244094488
20
1.2327157874015748
11
1.5226497244094488
21
1.2372842125984251
0
LINE
8
BLACK
6
CONTINUOUS
10
1.5226497244094488
20
1.2372842125984251
11
1.523832125984252
21
1.241696968503937
0
LINE
8
BLACK
6
CONTINUOUS
10
1.523832125984252
20
1.241696968503937
11
1.5261162992125983
21
1.245653307086614
0
LINE
8
BLACK
6
CONTINUOUS
10
1.5261162992125983
20
1.245653307086614
11
1.5293466929133859
21
1.2488837007874016
0
LINE
8
BLACK
6
CONTINUOUS
10
1.5293466929133859
20
1.2488837007874016
11
1.533303031496063
21
1.2511678740157479
0
LINE
8
BLACK
6
CONTINUOUS
10
1.533303031496063
20
1.2511678740157479
11
1.5377157874015748
21
1.2523502755905511
0
LINE
8
BLACK
6
CONTINUOUS
10
1.5377157874015748
20
1.2523502755905511
11
1.5422842125984251
21
1.2523502755905511
0
LINE
8
BLACK
6
CONTINUOUS
10
1.5422842125984251
20
1.2523502755905511
11
1.5466969685039369
21
1.2511678740157479
0
LINE
8
BLACK
6
CONTINUOUS
10
1.3799999999999999
20
1.2359055118110236
11
1.4199999999999999
21
1.2359055118110236
0
LINE
8
BLACK
6
CONTINUOUS
10
1.4199999999999999
20
1.2359055118110236
11
1.4199999999999999
21
1.26
0
LINE
8
BLACK
6
CONTINUOUS
10
1.4199999999999999
20
1.26
11
1.48
21
1.26
0
LINE
8
BLACK
6
CONTINUOUS
10
1.48
20
1.26
11
1.48
21
1.2
0
LINE
8
BLACK
6
CONTINUOUS
10
1.48
20
1.2
11
1.4199999999999999
21
1.2
0
LINE
8
BLACK
6
CONTINUOUS
10
1.4199999999999999
20
1.2
11
1.4199999999999999
21
1.2240944881889764
0
LINE
8
BLACK
6
CONTINUOUS
10
1.4199999999999999
20
1.2240944881889764
11
1.3799999999999999
21
1.2240944881889764
0
LINE
8
BLACK
6
CONTINUOUS
10
1.3799999999999999
20
1.2240944881889764
11
1.3799999999999999
21
1.2
0
LINE
8
BLACK
6
CONTINUOUS
10
1.3799999999999999
20
1.2
11
1.3200000000000001
21
1.2
0
LINE
8
BLACK
6
CONTINUOUS
10
1.3200000000000001
20
1.2
11
1.3200000000000001
21
1.26
0
LINE
8
BLACK
6
CONTINUOUS
10
1.3200000000000001
20
1.26
11
1.3799999999999999
21
1.26
0
LINE
8
BLACK
6
CONTINUOUS
10
1.3799999999999999
20
1.26
11
1.3799999999999999
21
1.2359055118110236
0
LINE
8
BLACK
6
CONTINUOUS
10
1.6678579527559054
20
1.3283004724409448
11
1.6699867716535433
21
1.3274186614173229
0
LINE
8
BLACK
6
CONTINUOUS
10
1.6699867716535433
20
1.3274186614173229
11
1.671616062992126
21
1.3257893700787402
0
LINE
8
BLACK
6
CONTINUOUS
10
1.671616062992126
20
1.3257893700787402
11
1.6724978740157479
21
1.3236605511811024
0
LINE
8
BLACK
6
CONTINUOUS
10
1.6724978740157479
20
1.3236605511811024
11
1.6726113385826771
21
1.3225084251968504
0
LINE
8
BLACK
6
CONTINUOUS
10
1.6726113385826771
20
1.3225084251968504
11
1.6726113385826771
21
1.300011220472441
0
LINE
8
BLACK
6
CONTINUOUS
10
1.6726113385826771
20
1.300011220472441
11
1.6724978740157479
21
1.298859094488189
0
LINE
8
BLACK
6
CONTINUOUS
10
1.6724978740157479
20
1.298859094488189
11
1.6724166535433072
21
1.2986630708661417
0
LINE
8
BLACK
6
CONTINUOUS
10
1.6724166535433072
20
1.2986630708661417
11
1.6724016535433071
21
1.2984514566929133
0
LINE
8
BLACK
6
CONTINUOUS
10
1.6724016535433071
20
1.2984514566929133
11
1.6719878740157479
21
1.2973702362204724
0
LINE
8
BLACK
6
CONTINUOUS
10
1.6719878740157479
20
1.2973702362204724
11
1.6691757480314959
21
1.291745905511811
0
LINE
8
BLACK
6
CONTINUOUS
10
1.6691757480314959
20
1.291745905511811
11
1.6688636614173229
21
1.291250157480315
0
LINE
8
BLACK
6
CONTINUOUS
10
1.6688636614173229
20
1.291250157480315
11
1.6688039763779527
21
1.2911060236220473
0
LINE
8
BLACK
6
CONTINUOUS
10
1.6688039763779527
20
1.2911060236220473
11
1.668670748031496
21
1.2909437007874016
0
LINE
8
BLACK
6
CONTINUOUS
10
1.668670748031496
20
1.2909437007874016
11
1.6685590157480314
21
1.2907661811023621
0
LINE
8
BLACK
6
CONTINUOUS
10
1.6685590157480314
20
1.2907661811023621
11
1.6684412204724408
21
1.2906640157480314
0
LINE
8
BLACK
6
CONTINUOUS
10
1.6684412204724408
20
1.2906640157480314
11
1.6680695275590551
21
1.2902111023622047
0
LINE
8
BLACK
6
CONTINUOUS
10
1.6680695275590551
20
1.2902111023622047
11
1.6652573622047244
21
1.287398937007874
0
LINE
8
BLACK
6
CONTINUOUS
10
1.6652573622047244
20
1.287398937007874
11
1.6648045275590551
21
1.2870272834645669
0
LINE
8
BLACK
6
CONTINUOUS
10
1.6648045275590551
20
1.2870272834645669
11
1.6647023228346456
21
1.2869094488188977
0
LINE
8
BLACK
6
CONTINUOUS
10
1.6647023228346456
20
1.2869094488188977
11
1.6645246062992125
21
1.2867975984251969
0
LINE
8
BLACK
6
CONTINUOUS
10
1.6645246062992125
20
1.2867975984251969
11
1.6643624409448818
21
1.2866644881889764
0
LINE
8
BLACK
6
CONTINUOUS
10
1.6643624409448818
20
1.2866644881889764
11
1.6642183464566929
21
1.2866048031496062
0
LINE
8
BLACK
6
CONTINUOUS
10
1.6642183464566929
20
1.2866048031496062
11
1.6637225590551181
21
1.286292716535433
0
LINE
8
BLACK
6
CONTINUOUS
10
1.6637225590551181
20
1.286292716535433
11
1.6580982677165355
21
1.283480590551181
0
LINE
8
BLACK
6
CONTINUOUS
10
1.6580982677165355
20
1.283480590551181
11
1.6570170078740156
21
1.2830668110236221
0
LINE
8
BLACK
6
CONTINUOUS
10
1.6570170078740156
20
1.2830668110236221
11
1.6568053543307086
21
1.2830517716535432
0
LINE
8
BLACK
6
CONTINUOUS
10
1.6568053543307086
20
1.2830517716535432
11
1.6566093700787401
21
1.282970590551181
0
LINE
8
BLACK
6
CONTINUOUS
10
1.6566093700787401
20
1.282970590551181
11
1.6554572440944881
21
1.2828571259842518
0
LINE
8
BLACK
6
CONTINUOUS
10
1.6554572440944881
20
1.2828571259842518
11
1.6470207874015748
21
1.2828571259842518
0
LINE
8
BLACK
6
CONTINUOUS
10
1.6470207874015748
20
1.2828571259842518
11
1.6458686614173228
21
1.282970590551181
0
LINE
8
BLACK
6
CONTINUOUS
10
1.6458686614173228
20
1.282970590551181
11
1.6456726377952755
21
1.2830517716535432
0
LINE
8
BLACK
6
CONTINUOUS
10
1.6456726377952755
20
1.2830517716535432
11
1.6454610236220473
21
1.2830668110236221
0
LINE
8
BLACK
6
CONTINUOUS
10
1.6454610236220473
20
1.2830668110236221
11
1.6443798031496062
21
1.283480590551181
0
LINE
8
BLACK
6
CONTINUOUS
10
1.6443798031496062
20
1.283480590551181
11
1.6387554724409448
21
1.286292716535433
0
LINE
8
BLACK
6
CONTINUOUS
10
1.6387554724409448
20
1.286292716535433
11
1.6382597244094488
21
1.2866047637795275
0
LINE
8
BLACK
6
CONTINUOUS
10
1.6382597244094488
20
1.2866047637795275
11
1.6381155905511811
21
1.2866644881889764
0
LINE
8
BLACK
6
CONTINUOUS
10
1.6381155905511811
20
1.2866644881889764
11
1.6379532677165354
21
1.2867976771653542
0
LINE
8
BLACK
6
CONTINUOUS
10
1.6379532677165354
20
1.2867976771653542
11
1.6377757480314961
21
1.2869094488188977
0
LINE
8
BLACK
6
CONTINUOUS
10
1.6377757480314961
20
1.2869094488188977
11
1.6376735826771653
21
1.2870272047244093
0
LINE
8
BLACK
6
CONTINUOUS
10
1.6376735826771653
20
1.2870272047244093
11
1.6372206692913385
21
1.287398937007874
0
LINE
8
BLACK
6
CONTINUOUS
10
1.6372206692913385
20
1.287398937007874
11
1.6344085039370078
21
1.2902111023622047
0
LINE
8
BLACK
6
CONTINUOUS
10
1.6344085039370078
20
1.2902111023622047
11
1.6343702755905511
21
1.2902576377952755
0
LINE
8
BLACK
6
CONTINUOUS
10
1.6343702755905511
20
1.2902576377952755
11
1.6343237795275589
21
1.2902111417322835
0
LINE
8
BLACK
6
CONTINUOUS
10
1.6343237795275589
20
1.2902111417322835
11
1.633870905511811
21
1.2898394881889763
0
LINE
8
BLACK
6
CONTINUOUS
10
1.633870905511811
20
1.2898394881889763
11
1.6337687007874016
21
1.2897216141732284
0
LINE
8
BLACK
6
CONTINUOUS
10
1.6337687007874016
20
1.2897216141732284
11
1.6335909448818897
21
1.2896097244094489
0
LINE
8
BLACK
6
CONTINUOUS
10
1.6335909448818897
20
1.2896097244094489
11
1.6334288582677166
21
1.2894766929133858
0
LINE
8
BLACK
6
CONTINUOUS
10
1.6334288582677166
20
1.2894766929133858
11
1.6332848031496063
21
1.2894170078740157
0
LINE
8
BLACK
6
CONTINUOUS
10
1.6332848031496063
20
1.2894170078740157
11
1.6327889370078741
21
1.2891048818897637
0
LINE
8
BLACK
6
CONTINUOUS
10
1.6327889370078741
20
1.2891048818897637
11
1.6271646456692912
21
1.286292716535433
0
LINE
8
BLACK
6
CONTINUOUS
10
1.6271646456692912
20
1.286292716535433
11
1.6260834251968503
21
1.2858789763779528
0
LINE
8
BLACK
6
CONTINUOUS
10
1.6260834251968503
20
1.2858789763779528
11
1.6258718110236221
21
1.2858639370078739
0
LINE
8
BLACK
6
CONTINUOUS
10
1.6258718110236221
20
1.2858639370078739
11
1.6256757480314961
21
1.285782716535433
0
LINE
8
BLACK
6
CONTINUOUS
10
1.6256757480314961
20
1.285782716535433
11
1.6245236220472441
21
1.285669251968504
0
LINE
8
BLACK
6
CONTINUOUS
10
1.6245236220472441
20
1.285669251968504
11
1.6188992913385827
21
1.285669251968504
0
LINE
8
BLACK
6
CONTINUOUS
10
1.6188992913385827
20
1.285669251968504
11
1.6177471653543307
21
1.285782716535433
0
LINE
8
BLACK
6
CONTINUOUS
10
1.6177471653543307
20
1.285782716535433
11
1.6175510629921259
21
1.2858639370078739
0
LINE
8
BLACK
6
CONTINUOUS
10
1.6175510629921259
20
1.2858639370078739
11
1.6173394881889764
21
1.2858789763779528
0
LINE
8
BLACK
6
CONTINUOUS
10
1.6173394881889764
20
1.2858789763779528
11
1.6162582283464566
21
1.286292716535433
0
LINE
8
BLACK
6
CONTINUOUS
10
1.6162582283464566
20
1.286292716535433
11
1.6106339763779527
21
1.2891048818897637
0
LINE
8
BLACK
6
CONTINUOUS
10
1.6106339763779527
20
1.2891048818897637
11
1.6101380314960629
21
1.2894170078740157
0
LINE
8
BLACK
6
CONTINUOUS
10
1.6101380314960629
20
1.2894170078740157
11
1.6099940551181102
21
1.2894766929133858
0
LINE
8
BLACK
6
CONTINUOUS
10
1.6099940551181102
20
1.2894766929133858
11
1.6098319291338583
21
1.2896097244094489
0
LINE
8
BLACK
6
CONTINUOUS
10
1.6098319291338583
20
1.2896097244094489
11
1.6096542125984252
21
1.2897216141732284
0
LINE
8
BLACK
6
CONTINUOUS
10
1.6096542125984252
20
1.2897216141732284
11
1.6095519291338583
21
1.2898394881889763
0
LINE
8
BLACK
6
CONTINUOUS
10
1.6095519291338583
20
1.2898394881889763
11
1.6090991338582676
21
1.2902111417322835
0
LINE
8
BLACK
6
CONTINUOUS
10
1.6090991338582676
20
1.2902111417322835
11
1.6062870078740157
21
1.2930233070866142
0
LINE
8
BLACK
6
CONTINUOUS
10
1.6062870078740157
20
1.2930233070866142
11
1.605915433070866
21
1.2934760236220473
0
LINE
8
BLACK
6
CONTINUOUS
10
1.605915433070866
20
1.2934760236220473
11
1.6057975590551181
21
1.2935783070866143
0
LINE
8
BLACK
6
CONTINUOUS
10
1.6057975590551181
20
1.2935783070866143
11
1.6056856299212598
21
1.2937561023622046
0
LINE
8
BLACK
6
CONTINUOUS
10
1.6056856299212598
20
1.2937561023622046
11
1.6055525984251968
21
1.2939182283464568
0
LINE
8
BLACK
6
CONTINUOUS
10
1.6055525984251968
20
1.2939182283464568
11
1.6054929527559054
21
1.2940621653543307
0
LINE
8
BLACK
6
CONTINUOUS
10
1.6054929527559054
20
1.2940621653543307
11
1.6051808267716534
21
1.2945580708661417
0
LINE
8
BLACK
6
CONTINUOUS
10
1.6051808267716534
20
1.2945580708661417
11
1.6023686614173227
21
1.3001823622047244
0
LINE
8
BLACK
6
CONTINUOUS
10
1.6023686614173227
20
1.3001823622047244
11
1.6019549212598425
21
1.3012635826771652
0
LINE
8
BLACK
6
CONTINUOUS
10
1.6019549212598425
20
1.3012635826771652
11
1.6019398818897637
21
1.3014751574803149
0
LINE
8
BLACK
6
CONTINUOUS
10
1.6019398818897637
20
1.3014751574803149
11
1.6018586614173227
21
1.3016712598425197
0
LINE
8
BLACK
6
CONTINUOUS
10
1.6018586614173227
20
1.3016712598425197
11
1.6017451968503937
21
1.3028233858267717
0
LINE
8
BLACK
6
CONTINUOUS
10
1.6017451968503937
20
1.3028233858267717
11
1.6017451968503937
21
1.3225084251968504
0
LINE
8
BLACK
6
CONTINUOUS
10
1.6017451968503937
20
1.3225084251968504
11
1.6018586614173227
21
1.3236605511811024
0
LINE
8
BLACK
6
CONTINUOUS
10
1.6018586614173227
20
1.3236605511811024
11
1.6027404724409449
21
1.3257893700787402
0
LINE
8
BLACK
6
CONTINUOUS
10
1.6027404724409449
20
1.3257893700787402
11
1.6043697637795276
21
1.3274186614173229
0
LINE
8
BLACK
6
CONTINUOUS
10
1.6043697637795276
20
1.3274186614173229
11
1.6064985826771654
21
1.3283004724409448
0
LINE
8
BLACK
6
CONTINUOUS
10
1.6064985826771654
20
1.3283004724409448
11
1.6076507086614173
21
1.328413937007874
0
LINE
8
BLACK
6
CONTINUOUS
10
1.6076507086614173
20
1.328413937007874
11
1.6667058267716535
21
1.328413937007874
0
LINE
8
BLACK
6
CONTINUOUS
10
1.6667058267716535
20
1.328413937007874
11
1.6678579527559054
21
1.3283004724409448
0
LINE
8
BLACK
6
CONTINUOUS
10
1.641677716535433
20
1.3037817322834646
11
1.6437459448818896
21
1.2975769291338581
0
LINE
8
BLACK
6
CONTINUOUS
10
1.6437459448818896
20
1.2975769291338581
11
1.6448946456692912
21
1.2964282283464568
0
LINE
8
BLACK
6
CONTINUOUS
10
1.6448946456692912
20
1.2964282283464568
11
1.6484148818897637
21
1.2946681496062993
0
LINE
8
BLACK
6
CONTINUOUS
10
1.6484148818897637
20
1.2946681496062993
11
1.6540631496062992
21
1.2946681496062993
0
LINE
8
BLACK
6
CONTINUOUS
10
1.6540631496062992
20
1.2946681496062993
11
1.6575833070866142
21
1.296428188976378
0
LINE
8
BLACK
6
CONTINUOUS
10
1.6575833070866142
20
1.296428188976378
11
1.6590401968503936
21
1.2978850787401575
0
LINE
8
BLACK
6
CONTINUOUS
10
1.6590401968503936
20
1.2978850787401575
11
1.6608003149606299
21
1.3014052755905512
0
LINE
8
BLACK
6
CONTINUOUS
10
1.6608003149606299
20
1.3014052755905512
11
1.6608003149606299
21
1.3166029133858268
0
LINE
8
BLACK
6
CONTINUOUS
10
1.6608003149606299
20
1.3166029133858268
11
1.641677716535433
21
1.3166029133858268
0
LINE
8
BLACK
6
CONTINUOUS
10
1.641677716535433
20
1.3166029133858268
11
1.641677716535433
21
1.3037817322834646
0
LINE
8
BLACK
6
CONTINUOUS
10
1.613556220472441
20
1.3042174803149607
11
1.6153163385826772
21
1.3006972047244094
0
LINE
8
BLACK
6
CONTINUOUS
10
1.6153163385826772
20
1.3006972047244094
11
1.6167731889763779
21
1.2992403543307087
0
LINE
8
BLACK
6
CONTINUOUS
10
1.6167731889763779
20
1.2992403543307087
11
1.6202933858267716
21
1.2974802755905512
0
LINE
8
BLACK
6
CONTINUOUS
10
1.6202933858267716
20
1.2974802755905512
11
1.6231295275590552
21
1.2974802755905512
0
LINE
8
BLACK
6
CONTINUOUS
10
1.6231295275590552
20
1.2974802755905512
11
1.6266497244094489
21
1.2992403937007875
0
LINE
8
BLACK
6
CONTINUOUS
10
1.6266497244094489
20
1.2992403937007875
11
1.6281065354330708
21
1.3006972440944882
0
LINE
8
BLACK
6
CONTINUOUS
10
1.6281065354330708
20
1.3006972440944882
11
1.6298666929133858
21
1.3042174803149607
0
LINE
8
BLACK
6
CONTINUOUS
10
1.6298666929133858
20
1.3042174803149607
11
1.6298666929133858
21
1.3166029133858268
0
LINE
8
BLACK
6
CONTINUOUS
10
1.6298666929133858
20
1.3166029133858268
11
1.613556220472441
21
1.3166029133858268
0
LINE
8
BLACK
6
CONTINUOUS
10
1.613556220472441
20
1.3166029133858268
11
1.613556220472441
21
1.3042174803149607
0
LINE
8
BLACK
6
CONTINUOUS
10
1.6678579527559054
20
1.4267256692913386
11
1.6699867716535433
21
1.4258438582677164
0
LINE
8
BLACK
6
CONTINUOUS
10
1.6699867716535433
20
1.4258438582677164
11
1.671616062992126
21
1.4242145669291337
0
LINE
8
BLACK
6
CONTINUOUS
10
1.671616062992126
20
1.4242145669291337
11
1.6724978740157479
21
1.4220857480314961
0
LINE
8
BLACK
6
CONTINUOUS
10
1.6724978740157479
20
1.4220857480314961
11
1.6726113385826771
21
1.4209336220472442
0
LINE
8
BLACK
6
CONTINUOUS
10
1.6726113385826771
20
1.4209336220472442
11
1.6726113385826771
21
1.3928121259842519
0
LINE
8
BLACK
6
CONTINUOUS
10
1.6726113385826771
20
1.3928121259842519
11
1.6724978740157479
21
1.3916599999999999
0
LINE
8
BLACK
6
CONTINUOUS
10
1.6724978740157479
20
1.3916599999999999
11
1.671616062992126
21
1.3895311811023621
0
LINE
8
BLACK
6
CONTINUOUS
10
1.671616062992126
20
1.3895311811023621
11
1.6699867716535433
21
1.3879018897637796
0
LINE
8
BLACK
6
CONTINUOUS
10
1.6699867716535433
20
1.3879018897637796
11
1.668342559055118
21
1.3872208267716535
0
LINE
8
BLACK
6
CONTINUOUS
10
1.668342559055118
20
1.3872208267716535
11
1.6703265748031495
21
1.3862288188976377
0
LINE
8
BLACK
6
CONTINUOUS
10
1.6703265748031495
20
1.3862288188976377
11
1.6718362992125984
21
1.3844881102362205
0
LINE
8
BLACK
6
CONTINUOUS
10
1.6718362992125984
20
1.3844881102362205
11
1.6725649999999999
21
1.3823021259842518
0
LINE
8
BLACK
6
CONTINUOUS
10
1.6725649999999999
20
1.3823021259842518
11
1.6724016141732283
21
1.3800037007874015
0
LINE
8
BLACK
6
CONTINUOUS
10
1.6724016141732283
20
1.3800037007874015
11
1.6713711811023622
21
1.3779427559055117
0
LINE
8
BLACK
6
CONTINUOUS
10
1.6713711811023622
20
1.3779427559055117
11
1.669630433070866
21
1.3764330314960629
0
LINE
8
BLACK
6
CONTINUOUS
10
1.669630433070866
20
1.3764330314960629
11
1.6685733070866142
21
1.3759610629921259
0
LINE
8
BLACK
6
CONTINUOUS
10
1.6685733070866142
20
1.3759610629921259
11
1.6557384645669291
21
1.3716827559055118
0
LINE
8
BLACK
6
CONTINUOUS
10
1.6557384645669291
20
1.3716827559055118
11
1.6557384645669291
21
1.3520741338582676
0
LINE
8
BLACK
6
CONTINUOUS
10
1.6557384645669291
20
1.3520741338582676
11
1.6685733070866142
21
1.3477958661417322
0
LINE
8
BLACK
6
CONTINUOUS
10
1.6685733070866142
20
1.3477958661417322
11
1.669630433070866
21
1.3473238976377953
0
LINE
8
BLACK
6
CONTINUOUS
10
1.669630433070866
20
1.3473238976377953
11
1.6713711811023622
21
1.3458141732283464
0
LINE
8
BLACK
6
CONTINUOUS
10
1.6713711811023622
20
1.3458141732283464
11
1.6724016141732283
21
1.3437532283464566
0
LINE
8
BLACK
6
CONTINUOUS
10
1.6724016141732283
20
1.3437532283464566
11
1.6725649999999999
21
1.3414548031496063
0
LINE
8
BLACK
6
CONTINUOUS
10
1.6725649999999999
20
1.3414548031496063
11
1.6718362992125984
21
1.3392688188976378
0
LINE
8
BLACK
6
CONTINUOUS
10
1.6718362992125984
20
1.3392688188976378
11
1.6703265748031495
21
1.3375281102362204
0
LINE
8
BLACK
6
CONTINUOUS
10
1.6703265748031495
20
1.3375281102362204
11
1.6682656692913385
21
1.3364976377952755
0
LINE
8
BLACK
6
CONTINUOUS
10
1.6682656692913385
20
1.3364976377952755
11
1.6659672440944882
21
1.336334251968504
0
LINE
8
BLACK
6
CONTINUOUS
10
1.6659672440944882
20
1.336334251968504
11
1.6648383464566929
21
1.3365909448818898
0
LINE
8
BLACK
6
CONTINUOUS
10
1.6648383464566929
20
1.3365909448818898
11
1.6057832283464566
21
1.3562760236220472
0
LINE
8
BLACK
6
CONTINUOUS
10
1.6057832283464566
20
1.3562760236220472
11
1.6047261023622046
21
1.3567479921259842
0
LINE
8
BLACK
6
CONTINUOUS
10
1.6047261023622046
20
1.3567479921259842
11
1.6044073228346456
21
1.3570244488188976
0
LINE
8
BLACK
6
CONTINUOUS
10
1.6044073228346456
20
1.3570244488188976
11
1.6040299606299213
21
1.3572131496062991
0
LINE
8
BLACK
6
CONTINUOUS
10
1.6040299606299213
20
1.3572131496062991
11
1.6035447637795275
21
1.3577725196850394
0
LINE
8
BLACK
6
CONTINUOUS
10
1.6035447637795275
20
1.3577725196850394
11
1.6029853937007874
21
1.358257716535433
0
LINE
8
BLACK
6
CONTINUOUS
10
1.6029853937007874
20
1.358257716535433
11
1.6027966929133859
21
1.3586350787401575
0
LINE
8
BLACK
6
CONTINUOUS
10
1.6027966929133859
20
1.3586350787401575
11
1.6025202362204725
21
1.3589538582677165
0
LINE
8
BLACK
6
CONTINUOUS
10
1.6025202362204725
20
1.3589538582677165
11
1.6022860629921258
21
1.3596562598425197
0
LINE
8
BLACK
6
CONTINUOUS
10
1.6022860629921258
20
1.3596562598425197
11
1.6019549212598425
21
1.3603186220472441
0
LINE
8
BLACK
6
CONTINUOUS
10
1.6019549212598425
20
1.3603186220472441
11
1.601925
21
1.360739527559055
0
LINE
8
BLACK
6
CONTINUOUS
10
1.601925
20
1.360739527559055
11
1.6017915748031495
21
1.361139842519685
0
LINE
8
BLACK
6
CONTINUOUS
10
1.6017915748031495
20
1.361139842519685
11
1.6018440551181101
21
1.3618784645669291
0
LINE
8
BLACK
6
CONTINUOUS
10
1.6018440551181101
20
1.3618784645669291
11
1.6017915748031495
21
1.3626170866141731
0
LINE
8
BLACK
6
CONTINUOUS
10
1.6017915748031495
20
1.3626170866141731
11
1.601925
21
1.3630173622047244
0
LINE
8
BLACK
6
CONTINUOUS
10
1.601925
20
1.3630173622047244
11
1.6019549212598425
21
1.3634383070866141
0
LINE
8
BLACK
6
CONTINUOUS
10
1.6019549212598425
20
1.3634383070866141
11
1.6022860629921258
21
1.3641006299212599
0
LINE
8
BLACK
6
CONTINUOUS
10
1.6022860629921258
20
1.3641006299212599
11
1.6025202362204725
21
1.3648030708661416
0
LINE
8
BLACK
6
CONTINUOUS
10
1.6025202362204725
20
1.3648030708661416
11
1.6027966929133859
21
1.3651218110236221
0
LINE
8
BLACK
6
CONTINUOUS
10
1.6027966929133859
20
1.3651218110236221
11
1.6029853937007874
21
1.3654992125984251
0
LINE
8
BLACK
6
CONTINUOUS
10
1.6029853937007874
20
1.3654992125984251
11
1.6035447637795275
21
1.3659843700787402
0
LINE
8
BLACK
6
CONTINUOUS
10
1.6035447637795275
20
1.3659843700787402
11
1.6040299606299213
21
1.366543779527559
0
LINE
8
BLACK
6
CONTINUOUS
10
1.6040299606299213
20
1.366543779527559
11
1.6044073228346456
21
1.3667324409448818
0
LINE
8
BLACK
6
CONTINUOUS
10
1.6044073228346456
20
1.3667324409448818
11
1.6047261023622046
21
1.367008937007874
0
LINE
8
BLACK
6
CONTINUOUS
10
1.6047261023622046
20
1.367008937007874
11
1.6057832283464566
21
1.3674809055118109
0
LINE
8
BLACK
6
CONTINUOUS
10
1.6057832283464566
20
1.3674809055118109
11
1.6648383464566929
21
1.3871659842519686
0
LINE
8
BLACK
6
CONTINUOUS
10
1.6648383464566929
20
1.3871659842519686
11
1.6650727559055118
21
1.3872192519685038
0
LINE
8
BLACK
6
CONTINUOUS
10
1.6650727559055118
20
1.3872192519685038
11
1.6634248818897637
21
1.3879018897637796
0
LINE
8
BLACK
6
CONTINUOUS
10
1.6634248818897637
20
1.3879018897637796
11
1.661795590551181
21
1.3895311811023621
0
LINE
8
BLACK
6
CONTINUOUS
10
1.661795590551181
20
1.3895311811023621
11
1.660913779527559
21
1.3916599999999999
0
LINE
8
BLACK
6
CONTINUOUS
10
1.660913779527559
20
1.3916599999999999
11
1.6608003149606299
21
1.3928121259842519
0
LINE
8
BLACK
6
CONTINUOUS
10
1.6608003149606299
20
1.3928121259842519
11
1.6608003149606299
21
1.4150281102362205
0
LINE
8
BLACK
6
CONTINUOUS
10
1.6608003149606299
20
1.4150281102362205
11
1.6076507086614173
21
1.4150281102362205
0
LINE
8
BLACK
6
CONTINUOUS
10
1.6076507086614173
20
1.4150281102362205
11
1.6064985826771654
21
1.4151415748031495
0
LINE
8
BLACK
6
CONTINUOUS
10
1.6064985826771654
20
1.4151415748031495
11
1.6043697637795276
21
1.4160233858267717
0
LINE
8
BLACK
6
CONTINUOUS
10
1.6043697637795276
20
1.4160233858267717
11
1.6027404724409449
21
1.4176526771653544
0
LINE
8
BLACK
6
CONTINUOUS
10
1.6027404724409449
20
1.4176526771653544
11
1.6018586614173227
21
1.4197814960629922
0
LINE
8
BLACK
6
CONTINUOUS
10
1.6018586614173227
20
1.4197814960629922
11
1.6018586614173227
21
1.4220857480314961
0
LINE
8
BLACK
6
CONTINUOUS
10
1.6018586614173227
20
1.4220857480314961
11
1.6027404724409449
21
1.4242145669291337
0
LINE
8
BLACK
6
CONTINUOUS
10
1.6027404724409449
20
1.4242145669291337
11
1.6043697637795276
21
1.4258438582677164
0
LINE
8
BLACK
6
CONTINUOUS
10
1.6043697637795276
20
1.4258438582677164
11
1.6064985826771654
21
1.4267256692913386
0
LINE
8
BLACK
6
CONTINUOUS
10
1.6064985826771654
20
1.4267256692913386
11
1.6076507086614173
21
1.4268391338582678
0
LINE
8
BLACK
6
CONTINUOUS
10
1.6076507086614173
20
1.4268391338582678
11
1.6667058267716535
21
1.4268391338582678
0
LINE
8
BLACK
6
CONTINUOUS
10
1.6667058267716535
20
1.4268391338582678
11
1.6678579527559054
21
1.4267256692913386
0
LINE
8
BLACK
6
CONTINUOUS
10
1.6263255118110236
20
1.3618784645669291
11
1.6439274409448819
21
1.3560111417322835
0
LINE
8
BLACK
6
CONTINUOUS
10
1.6439274409448819
20
1.3560111417322835
11
1.6439274409448819
21
1.3677457480314961
0
LINE
8
BLACK
6
CONTINUOUS
10
1.6439274409448819
20
1.3677457480314961
11
1.6263255118110236
21
1.3618784645669291
0
LINE
8
BLACK
6
CONTINUOUS
10
1.6678579527559054
20
1.4942172440944881
11
1.6699867716535433
21
1.4933354330708661
0
LINE
8
BLACK
6
CONTINUOUS
10
1.6699867716535433
20
1.4933354330708661
11
1.671616062992126
21
1.4917061417322834
0
LINE
8
BLACK
6
CONTINUOUS
10
1.671616062992126
20
1.4917061417322834
11
1.6724978740157479
21
1.4895773228346456
0
LINE
8
BLACK
6
CONTINUOUS
10
1.6724978740157479
20
1.4895773228346456
11
1.6724978740157479
21
1.4872730708661417
0
LINE
8
BLACK
6
CONTINUOUS
10
1.6724978740157479
20
1.4872730708661417
11
1.671616062992126
21
1.4851442519685039
0
LINE
8
BLACK
6
CONTINUOUS
10
1.671616062992126
20
1.4851442519685039
11
1.6699867716535433
21
1.4835149606299212
0
LINE
8
BLACK
6
CONTINUOUS
10
1.6699867716535433
20
1.4835149606299212
11
1.6678579527559054
21
1.4826331496062992
0
LINE
8
BLACK
6
CONTINUOUS
10
1.6678579527559054
20
1.4826331496062992
11
1.6667058267716535
21
1.48251968503937
0
LINE
8
BLACK
6
CONTINUOUS
10
1.6667058267716535
20
1.48251968503937
11
1.6342701574803149
21
1.48251968503937
0
LINE
8
BLACK
6
CONTINUOUS
10
1.6342701574803149
20
1.48251968503937
11
1.6523303149606299
21
1.4740916141732283
0
LINE
8
BLACK
6
CONTINUOUS
10
1.6523303149606299
20
1.4740916141732283
11
1.6527520866141732
21
1.4738417322834645
0
LINE
8
BLACK
6
CONTINUOUS
10
1.6527520866141732
20
1.4738417322834645
11
1.6528950787401575
21
1.4737897637795274
0
LINE
8
BLACK
6
CONTINUOUS
10
1.6528950787401575
20
1.4737897637795274
11
1.6529961811023621
21
1.4736971653543307
0
LINE
8
BLACK
6
CONTINUOUS
10
1.6529961811023621
20
1.4736971653543307
11
1.6533263779527558
21
1.4735015748031495
0
LINE
8
BLACK
6
CONTINUOUS
10
1.6533263779527558
20
1.4735015748031495
11
1.6539322834645669
21
1.4728399212598424
0
LINE
8
BLACK
6
CONTINUOUS
10
1.6539322834645669
20
1.4728399212598424
11
1.654594409448819
21
1.4722335826771653
0
LINE
8
BLACK
6
CONTINUOUS
10
1.654594409448819
20
1.4722335826771653
11
1.6547054330708661
21
1.4719956299212598
0
LINE
8
BLACK
6
CONTINUOUS
10
1.6547054330708661
20
1.4719956299212598
11
1.6548825590551182
21
1.4718022440944882
0
LINE
8
BLACK
6
CONTINUOUS
10
1.6548825590551182
20
1.4718022440944882
11
1.6551890944881889
21
1.470959251968504
0
LINE
8
BLACK
6
CONTINUOUS
10
1.6551890944881889
20
1.470959251968504
11
1.6555688582677166
21
1.4701455118110236
0
LINE
8
BLACK
6
CONTINUOUS
10
1.6555688582677166
20
1.4701455118110236
11
1.6555803543307086
21
1.4698832283464567
0
LINE
8
BLACK
6
CONTINUOUS
10
1.6555803543307086
20
1.4698832283464567
11
1.65567
21
1.469636811023622
0
LINE
8
BLACK
6
CONTINUOUS
10
1.65567
20
1.469636811023622
11
1.655630590551181
21
1.4687401574803149
0
LINE
8
BLACK
6
CONTINUOUS
10
1.655630590551181
20
1.4687401574803149
11
1.65567
21
1.4678435039370079
0
LINE
8
BLACK
6
CONTINUOUS
10
1.65567
20
1.4678435039370079
11
1.6555803543307086
21
1.4675970472440945
0
LINE
8
BLACK
6
CONTINUOUS
10
1.6555803543307086
20
1.4675970472440945
11
1.6555688582677166
21
1.4673348031496063
0
LINE
8
BLACK
6
CONTINUOUS
10
1.6555688582677166
20
1.4673348031496063
11
1.6551890944881889
21
1.4665210236220472
0
LINE
8
BLACK
6
CONTINUOUS
10
1.6551890944881889
20
1.4665210236220472
11
1.6548825590551182
21
1.4656780708661417
0
LINE
8
BLACK
6
CONTINUOUS
10
1.6548825590551182
20
1.4656780708661417
11
1.6547054330708661
21
1.4654846456692914
0
LINE
8
BLACK
6
CONTINUOUS
10
1.6547054330708661
20
1.4654846456692914
11
1.654594409448819
21
1.4652467322834646
0
LINE
8
BLACK
6
CONTINUOUS
10
1.654594409448819
20
1.4652467322834646
11
1.6539322834645669
21
1.4646403543307087
0
LINE
8
BLACK
6
CONTINUOUS
10
1.6539322834645669
20
1.4646403543307087
11
1.6533263779527558
21
1.4639787401574802
0
LINE
8
BLACK
6
CONTINUOUS
10
1.6533263779527558
20
1.4639787401574802
11
1.6529961811023621
21
1.4637831102362204
0
LINE
8
BLACK
6
CONTINUOUS
10
1.6529961811023621
20
1.4637831102362204
11
1.6528950787401575
21
1.4636905511811023
0
LINE
8
BLACK
6
CONTINUOUS
10
1.6528950787401575
20
1.4636905511811023
11
1.6527520866141732
21
1.4636385433070866
0
LINE
8
BLACK
6
CONTINUOUS
10
1.6527520866141732
20
1.4636385433070866
11
1.6523303149606299
21
1.4633887007874016
0
LINE
8
BLACK
6
CONTINUOUS
10
1.6523303149606299
20
1.4633887007874016
11
1.6342701574803149
21
1.4549606299212599
0
LINE
8
BLACK
6
CONTINUOUS
10
1.6342701574803149
20
1.4549606299212599
11
1.6667058267716535
21
1.4549606299212599
0
LINE
8
BLACK
6
CONTINUOUS
10
1.6667058267716535
20
1.4549606299212599
11
1.6678579527559054
21
1.4548471653543307
0
LINE
8
BLACK
6
CONTINUOUS
10
1.6678579527559054
20
1.4548471653543307
11
1.6699867716535433
21
1.4539653543307087
0
LINE
8
BLACK
6
CONTINUOUS
10
1.6699867716535433
20
1.4539653543307087
11
1.671616062992126
21
1.452336062992126
0
LINE
8
BLACK
6
CONTINUOUS
10
1.671616062992126
20
1.452336062992126
11
1.6724978740157479
21
1.4502072440944882
0
LINE
8
BLACK
6
CONTINUOUS
10
1.6724978740157479
20
1.4502072440944882
11
1.6724978740157479
21
1.4479029921259843
0
LINE
8
BLACK
6
CONTINUOUS
10
1.6724978740157479
20
1.4479029921259843
11
1.671616062992126
21
1.4457741732283464
0
LINE
8
BLACK
6
CONTINUOUS
10
1.671616062992126
20
1.4457741732283464
11
1.6699867716535433
21
1.4441448818897638
0
LINE
8
BLACK
6
CONTINUOUS
10
1.6699867716535433
20
1.4441448818897638
11
1.6678579527559054
21
1.4432630708661418
0
LINE
8
BLACK
6
CONTINUOUS
10
1.6678579527559054
20
1.4432630708661418
11
1.6667058267716535
21
1.4431496062992126
0
LINE
8
BLACK
6
CONTINUOUS
10
1.6667058267716535
20
1.4431496062992126
11
1.6076507086614173
21
1.4431496062992126
0
LINE
8
BLACK
6
CONTINUOUS
10
1.6076507086614173
20
1.4431496062992126
11
1.6068933464566928
21
1.4432241732283464
0
LINE
8
BLACK
6
CONTINUOUS
10
1.6068933464566928
20
1.4432241732283464
11
1.6067540551181101
21
1.4432180708661417
0
LINE
8
BLACK
6
CONTINUOUS
10
1.6067540551181101
20
1.4432180708661417
11
1.6066792125984251
21
1.4432452755905512
0
LINE
8
BLACK
6
CONTINUOUS
10
1.6066792125984251
20
1.4432452755905512
11
1.6064985826771654
21
1.4432630708661418
0
LINE
8
BLACK
6
CONTINUOUS
10
1.6064985826771654
20
1.4432630708661418
11
1.6055517716535432
21
1.4436552362204724
0
LINE
8
BLACK
6
CONTINUOUS
10
1.6055517716535432
20
1.4436552362204724
11
1.6045885826771653
21
1.4440055118110235
0
LINE
8
BLACK
6
CONTINUOUS
10
1.6045885826771653
20
1.4440055118110235
11
1.6044914173228346
21
1.4440944488188976
0
LINE
8
BLACK
6
CONTINUOUS
10
1.6044914173228346
20
1.4440944488188976
11
1.6043697637795276
21
1.4441448818897638
0
LINE
8
BLACK
6
CONTINUOUS
10
1.6043697637795276
20
1.4441448818897638
11
1.603645433070866
21
1.4448691732283465
0
LINE
8
BLACK
6
CONTINUOUS
10
1.603645433070866
20
1.4448691732283465
11
1.6028892519685038
21
1.4455616929133859
0
LINE
8
BLACK
6
CONTINUOUS
10
1.6028892519685038
20
1.4455616929133859
11
1.6028335039370079
21
1.4456811023622047
0
LINE
8
BLACK
6
CONTINUOUS
10
1.6028335039370079
20
1.4456811023622047
11
1.6027404724409449
21
1.4457741732283464
0
LINE
8
BLACK
6
CONTINUOUS
10
1.6027404724409449
20
1.4457741732283464
11
1.6023483070866142
21
1.4467208267716536
0
LINE
8
BLACK
6
CONTINUOUS
10
1.6023483070866142
20
1.4467208267716536
11
1.601914842519685
21
1.4476498031496063
0
LINE
8
BLACK
6
CONTINUOUS
10
1.601914842519685
20
1.4476498031496063
11
1.6019090551181101
21
1.4477812992125985
0
LINE
8
BLACK
6
CONTINUOUS
10
1.6019090551181101
20
1.4477812992125985
11
1.6018586614173227
21
1.4479029921259843
0
LINE
8
BLACK
6
CONTINUOUS
10
1.6018586614173227
20
1.4479029921259843
11
1.6018586614173227
21
1.4489279527559056
0
LINE
8
BLACK
6
CONTINUOUS
10
1.6018586614173227
20
1.4489279527559056
11
1.6018136614173228
21
1.4499517716535433
0
LINE
8
BLACK
6
CONTINUOUS
10
1.6018136614173228
20
1.4499517716535433
11
1.6018586614173227
21
1.4500755118110236
0
LINE
8
BLACK
6
CONTINUOUS
10
1.6018586614173227
20
1.4500755118110236
11
1.6018586614173227
21
1.4502072440944882
0
LINE
8
BLACK
6
CONTINUOUS
10
1.6018586614173227
20
1.4502072440944882
11
1.6022508267716535
21
1.4511540157480314
0
LINE
8
BLACK
6
CONTINUOUS
10
1.6022508267716535
20
1.4511540157480314
11
1.6026011023622047
21
1.4521172440944881
0
LINE
8
BLACK
6
CONTINUOUS
10
1.6026011023622047
20
1.4521172440944881
11
1.6026900393700787
21
1.4522143700787402
0
LINE
8
BLACK
6
CONTINUOUS
10
1.6026900393700787
20
1.4522143700787402
11
1.6027404724409449
21
1.452336062992126
0
LINE
8
BLACK
6
CONTINUOUS
10
1.6027404724409449
20
1.452336062992126
11
1.6034647637795276
21
1.4530603543307086
0
LINE
8
BLACK
6
CONTINUOUS
10
1.6034647637795276
20
1.4530603543307086
11
1.604157283464567
21
1.4538165748031495
0
LINE
8
BLACK
6
CONTINUOUS
10
1.604157283464567
20
1.4538165748031495
11
1.6043135039370078
21
1.4539090944881889
0
LINE
8
BLACK
6
CONTINUOUS
10
1.6043135039370078
20
1.4539090944881889
11
1.6043697637795276
21
1.4539653543307087
0
LINE
8
BLACK
6
CONTINUOUS
10
1.6043697637795276
20
1.4539653543307087
11
1.6044984251968504
21
1.454018622047244
0
LINE
8
BLACK
6
CONTINUOUS
10
1.6044984251968504
20
1.454018622047244
11
1.6051533464566929
21
1.4544065748031496
0
LINE
8
BLACK
6
CONTINUOUS
10
1.6051533464566929
20
1.4544065748031496
11
1.6358681102362205
21
1.4687401574803149
0
LINE
8
BLACK
6
CONTINUOUS
10
1.6358681102362205
20
1.4687401574803149
11
1.6051533464566929
21
1.4830737401574803
0
LINE
8
BLACK
6
CONTINUOUS
10
1.6051533464566929
20
1.4830737401574803
11
1.6044984251968504
21
1.4834616535433069
0
LINE
8
BLACK
6
CONTINUOUS
10
1.6044984251968504
20
1.4834616535433069
11
1.6043697637795276
21
1.4835149606299212
0
LINE
8
BLACK
6
CONTINUOUS
10
1.6043697637795276
20
1.4835149606299212
11
1.6043135039370078
21
1.4835711811023622
0
LINE
8
BLACK
6
CONTINUOUS
10
1.6043135039370078
20
1.4835711811023622
11
1.604157283464567
21
1.4836637401574804
0
LINE
8
BLACK
6
CONTINUOUS
10
1.604157283464567
20
1.4836637401574804
11
1.6034647637795276
21
1.4844199212598426
0
LINE
8
BLACK
6
CONTINUOUS
10
1.6034647637795276
20
1.4844199212598426
11
1.6027404724409449
21
1.4851442519685039
0
LINE
8
BLACK
6
CONTINUOUS
10
1.6027404724409449
20
1.4851442519685039
11
1.6026900393700787
21
1.4852659055118109
0
LINE
8
BLACK
6
CONTINUOUS
10
1.6026900393700787
20
1.4852659055118109
11
1.6026011023622047
21
1.4853630708661416
0
LINE
8
BLACK
6
CONTINUOUS
10
1.6026011023622047
20
1.4853630708661416
11
1.6022508267716535
21
1.4863262598425198
0
LINE
8
BLACK
6
CONTINUOUS
10
1.6022508267716535
20
1.4863262598425198
11
1.6018586614173227
21
1.4872730708661417
0
LINE
8
BLACK
6
CONTINUOUS
10
1.6018586614173227
20
1.4872730708661417
11
1.6018586614173227
21
1.4874047637795276
0
LINE
8
BLACK
6
CONTINUOUS
10
1.6018586614173227
20
1.4874047637795276
11
1.6018136614173228
21
1.4875285433070866
0
LINE
8
BLACK
6
CONTINUOUS
10
1.6018136614173228
20
1.4875285433070866
11
1.6018586614173227
21
1.4885523228346456
0
LINE
8
BLACK
6
CONTINUOUS
10
1.6018586614173227
20
1.4885523228346456
11
1.6018586614173227
21
1.4895773228346456
0
LINE
8
BLACK
6
CONTINUOUS
10
1.6018586614173227
20
1.4895773228346456
11
1.6019090551181101
21
1.4896989763779527
0
LINE
8
BLACK
6
CONTINUOUS
10
1.6019090551181101
20
1.4896989763779527
11
1.601914842519685
21
1.4898305118110236
0
LINE
8
BLACK
6
CONTINUOUS
10
1.601914842519685
20
1.4898305118110236
11
1.6023483070866142
21
1.4907594488188975
0
LINE
8
BLACK
6
CONTINUOUS
10
1.6023483070866142
20
1.4907594488188975
11
1.6027404724409449
21
1.4917061417322834
0
LINE
8
BLACK
6
CONTINUOUS
10
1.6027404724409449
20
1.4917061417322834
11
1.6028335039370079
21
1.4917991732283464
0
LINE
8
BLACK
6
CONTINUOUS
10
1.6028335039370079
20
1.4917991732283464
11
1.6028892519685038
21
1.491918622047244
0
LINE
8
BLACK
6
CONTINUOUS
10
1.6028892519685038
20
1.491918622047244
11
1.603645433070866
21
1.4926111023622046
0
LINE
8
BLACK
6
CONTINUOUS
10
1.603645433070866
20
1.4926111023622046
11
1.6043697637795276
21
1.4933354330708661
0
LINE
8
BLACK
6
CONTINUOUS
10
1.6043697637795276
20
1.4933354330708661
11
1.6044914173228346
21
1.4933858267716535
0
LINE
8
BLACK
6
CONTINUOUS
10
1.6044914173228346
20
1.4933858267716535
11
1.6045885826771653
21
1.4934748031496063
0
LINE
8
BLACK
6
CONTINUOUS
10
1.6045885826771653
20
1.4934748031496063
11
1.6055517716535432
21
1.4938250393700787
0
LINE
8
BLACK
6
CONTINUOUS
10
1.6055517716535432
20
1.4938250393700787
11
1.6064985826771654
21
1.4942172440944881
0
LINE
8
BLACK
6
CONTINUOUS
10
1.6064985826771654
20
1.4942172440944881
11
1.6066792125984251
21
1.494235
0
LINE
8
BLACK
6
CONTINUOUS
10
1.6066792125984251
20
1.494235
11
1.6067540551181101
21
1.4942622440944882
0
LINE
8
BLACK
6
CONTINUOUS
10
1.6067540551181101
20
1.4942622440944882
11
1.6068933464566928
21
1.4942561023622047
0
LINE
8
BLACK
6
CONTINUOUS
10
1.6068933464566928
20
1.4942561023622047
11
1.6076507086614173
21
1.4943307086614173
0
LINE
8
BLACK
6
CONTINUOUS
10
1.6076507086614173
20
1.4943307086614173
11
1.6667058267716535
21
1.4943307086614173
0
LINE
8
BLACK
6
CONTINUOUS
10
1.6667058267716535
20
1.4943307086614173
11
1.6678579527559054
21
1.4942172440944881
0
LINE
8
BLACK
6
CONTINUOUS
10
1.3799999999999999
20
1.3359055118110237
11
1.4199999999999999
21
1.3359055118110237
0
LINE
8
BLACK
6
CONTINUOUS
10
1.4199999999999999
20
1.3359055118110237
11
1.4199999999999999
21
1.3599999999999999
0
LINE
8
BLACK
6
CONTINUOUS
10
1.4199999999999999
20
1.3599999999999999
11
1.48
21
1.3599999999999999
0
LINE
8
BLACK
6
CONTINUOUS
10
1.48
20
1.3599999999999999
11
1.48
21
1.3
0
LINE
8
BLACK
6
CONTINUOUS
10
1.48
20
1.3
11
1.4199999999999999
21
1.3
0
LINE
8
BLACK
6
CONTINUOUS
10
1.4199999999999999
20
1.3
11
1.4199999999999999
21
1.3240944881889762
0
LINE
8
BLACK
6
CONTINUOUS
10
1.4199999999999999
20
1.3240944881889762
11
1.3799999999999999
21
1.3240944881889762
0
LINE
8
BLACK
6
CONTINUOUS
10
1.3799999999999999
20
1.3240944881889762
11
1.3799999999999999
21
1.3
0
LINE
8
BLACK
6
CONTINUOUS
10
1.3799999999999999
20
1.3
11
1.3200000000000001
21
1.3
0
LINE
8
BLACK
6
CONTINUOUS
10
1.3200000000000001
20
1.3
11
1.3200000000000001
21
1.3599999999999999
0
LINE
8
BLACK
6
CONTINUOUS
10
1.3200000000000001
20
1.3599999999999999
11
1.3799999999999999
21
1.3599999999999999
0
LINE
8
BLACK
6
CONTINUOUS
10
1.3799999999999999
20
1.3599999999999999
11
1.3799999999999999
21
1.3359055118110237
0
LINE
8
BLACK
6
CONTINUOUS
10
1.3799999999999999
20
1.4359055118110235
11
1.4199999999999999
21
1.4359055118110235
0
LINE
8
BLACK
6
CONTINUOUS
10
1.4199999999999999
20
1.4359055118110235
11
1.4199999999999999
21
1.46
0
LINE
8
BLACK
6
CONTINUOUS
10
1.4199999999999999
20
1.46
11
1.48
21
1.46
0
LINE
8
BLACK
6
CONTINUOUS
10
1.48
20
1.46
11
1.48
21
1.3999999999999999
0
LINE
8
BLACK
6
CONTINUOUS
10
1.48
20
1.3999999999999999
11
1.4199999999999999
21
1.3999999999999999
0
LINE
8
BLACK
6
CONTINUOUS
10
1.4199999999999999
20
1.3999999999999999
11
1.4199999999999999
21
1.4240944881889763
0
LINE
8
BLACK
6
CONTINUOUS
10
1.4199999999999999
20
1.4240944881889763
11
1.3799999999999999
21
1.4240944881889763
0
LINE
8
BLACK
6
CONTINUOUS
10
1.3799999999999999
20
1.4240944881889763
11
1.3799999999999999
21
1.3999999999999999
0
LINE
8
BLACK
6
CONTINUOUS
10
1.3799999999999999
20
1.3999999999999999
11
1.3200000000000001
21
1.3999999999999999
0
LINE
8
BLACK
6
CONTINUOUS
10
1.3200000000000001
20
1.3999999999999999
11
1.3200000000000001
21
1.46
0
LINE
8
BLACK
6
CONTINUOUS
10
1.3200000000000001
20
1.46
11
1.3799999999999999
21
1.46
0
LINE
8
BLACK
6
CONTINUOUS
10
1.3799999999999999
20
1.46
11
1.3799999999999999
21
1.4359055118110235
0
LINE
8
BLACK
6
CONTINUOUS
10
1.986405157480315
20
1.5872674409448819
11
1.987821062992126
21
1.5853186220472442
0
LINE
8
BLACK
6
CONTINUOUS
10
1.987821062992126
20
1.5853186220472442
11
1.988011811023622
21
1.5841141732283464
0
LINE
8
BLACK
6
CONTINUOUS
10
1.988011811023622
20
1.5841141732283464
11
1.988011811023622
21
0.0158858267716535
0
LINE
8
BLACK
6
CONTINUOUS
10
1.988011811023622
20
0.0158858267716535
11
1.9872674409448818
21
0.013594842519685
0
LINE
8
BLACK
6
CONTINUOUS
10
1.9872674409448818
20
0.013594842519685
11
1.9853186220472441
21
0.012178937007874
0
LINE
8
BLACK
6
CONTINUOUS
10
1.9853186220472441
20
0.012178937007874
11
1.9841141732283465
21
0.011988188976378
0
LINE
8
BLACK
6
CONTINUOUS
10
1.9841141732283465
20
0.011988188976378
11
0.0158858267716535
21
0.011988188976378
0
LINE
8
BLACK
6
CONTINUOUS
10
0.0158858267716535
20
0.011988188976378
11
0.013594842519685
21
0.0127325590551181
0
LINE
8
BLACK
6
CONTINUOUS
10
0.013594842519685
20
0.0127325590551181
11
0.012178937007874
21
0.0146813779527559
0
LINE
8
BLACK
6
CONTINUOUS
10
0.012178937007874
20
0.0146813779527559
11
0.011988188976378
21
0.0158858267716535
0
LINE
8
BLACK
6
CONTINUOUS
10
0.011988188976378
20
0.0158858267716535
11
0.011988188976378
21
0.2809868503937008
0
LINE
8
BLACK
6
CONTINUOUS
10
0.011988188976378
20
0.2809868503937008
11
0.011988188976378
21
0.5961024803149606
0
LINE
8
BLACK
6
CONTINUOUS
10
0.011988188976378
20
0.5961024803149606
11
0.011988188976378
21
0.8161024803149606
0
LINE
8
BLACK
6
CONTINUOUS
10
0.011988188976378
20
0.8161024803149606
11
0.011988188976378
21
1.1109868503937008
0
LINE
8
BLACK
6
CONTINUOUS
10
0.011988188976378
20
1.1109868503937008
11
0.011988188976378
21
1.5841141732283464
0
LINE
8
BLACK
6
CONTINUOUS
10
0.011988188976378
20
1.5841141732283464
11
0.0127325590551181
21
1.5864051574803149
0
LINE
8
BLACK
6
CONTINUOUS
10
0.0127325590551181
20
1.5864051574803149
11
0.0146813779527559
21
1.5878210629921259
0
LINE
8
BLACK
6
CONTINUOUS
10
0.0146813779527559
20
1.5878210629921259
11
0.0158858267716535
21
1.5880118110236221
0
LINE
8
BLACK
6
CONTINUOUS
10
0.0158858267716535
20
1.5880118110236221
11
1.9841141732283465
21
1.5880118110236221
0
LINE
8
BLACK
6
CONTINUOUS
10
1.9841141732283465
20
1.5880118110236221
11
1.986405157480315
21
1.5872674409448819
0
LINE
8
BLACK
6
CONTINUOUS
10
0.0897834645669291
20
0.413897874015748
11
0.0898949606299213
21
0.4124803149606299
0
LINE
8
BLACK
6
CONTINUOUS
10
0.0898949606299213
20
0.4124803149606299
11
0.0899092125984252
21
0.4122995669291338
0
LINE
8
BLACK
6
CONTINUOUS
10
0.0899092125984252
20
0.4122995669291338
11
0.0900616535433071
21
0.4113370866141732
0
LINE
8
BLACK
6
CONTINUOUS
10
0.0900616535433071
20
0.4113370866141732
11
0.0901000787401575
21
0.4110944094488189
0
LINE
8
BLACK
6
CONTINUOUS
10
0.0901000787401575
20
0.4110944094488189
11
0.0902564173228346
21
0.4103083858267716
0
LINE
8
BLACK
6
CONTINUOUS
10
0.0902564173228346
20
0.4103083858267716
11
0.0902565354330709
21
0.410308031496063
0
LINE
8
BLACK
6
CONTINUOUS
10
0.0902565354330709
20
0.410308031496063
11
0.0919252755905512
21
0.4066881889763779
0
LINE
8
BLACK
6
CONTINUOUS
10
0.0919252755905512
20
0.4066881889763779
11
0.0919253937007874
21
0.4066879921259842
0
LINE
8
BLACK
6
CONTINUOUS
10
0.0919253937007874
20
0.4066879921259842
11
0.0933411417322835
21
0.4047393307086614
0
LINE
8
BLACK
6
CONTINUOUS
10
0.0933411417322835
20
0.4047393307086614
11
0.0933412598425197
21
0.4047392125984252
0
LINE
8
BLACK
6
CONTINUOUS
10
0.0933412598425197
20
0.4047392125984252
11
0.0949715354330709
21
0.4029756692913386
0
LINE
8
BLACK
6
CONTINUOUS
10
0.0949715354330709
20
0.4029756692913386
11
0.0949715748031496
21
0.4029755905511811
0
LINE
8
BLACK
6
CONTINUOUS
10
0.0949715748031496
20
0.4029755905511811
11
0.0984496062992126
21
0.4010278346456693
0
LINE
8
BLACK
6
CONTINUOUS
10
0.0984496062992126
20
0.4010278346456693
11
0.1007407086614173
21
0.4002834251968504
0
LINE
8
BLACK
6
CONTINUOUS
10
0.1007407086614173
20
0.4002834251968504
11
0.1007405905511811
21
0.4002834251968504
0
LINE
8
BLACK
6
CONTINUOUS
10
0.1007405905511811
20
0.4002834251968504
11
0.1038975196850394
21
0.3997834645669291
0
LINE
8
BLACK
6
CONTINUOUS
10
0.1038975196850394
20
0.3997834645669291
11
0.6288650393700788
21
0.3997834645669291
0
LINE
8
BLACK
6
CONTINUOUS
10
0.6288650393700788
20
0.3997834645669291
11
0.6311560236220473
21
0.399039094488189
0
LINE
8
BLACK
6
CONTINUOUS
10
0.6311560236220473
20
0.399039094488189
11
0.6325719291338583
21
0.3970902755905512
0
LINE
8
BLACK
6
CONTINUOUS
10
0.6325719291338583
20
0.3970902755905512
11
0.6325719291338583
21
0.3946813779527559
0
LINE
8
BLACK
6
CONTINUOUS
10
0.6325719291338583
20
0.3946813779527559
11
0.6321058267716535
21
0.3937204724409449
0
LINE
8
BLACK
6
CONTINUOUS
10
0.6321058267716535
20
0.3937204724409449
11
0.6305616535433071
21
0.3914094881889764
0
LINE
8
BLACK
6
CONTINUOUS
10
0.6305616535433071
20
0.3914094881889764
11
0.6299803543307086
21
0.3884870078740157
0
LINE
8
BLACK
6
CONTINUOUS
10
0.6299803543307086
20
0.3884870078740157
11
0.6299803149606299
21
0.3884868503937008
0
LINE
8
BLACK
6
CONTINUOUS
10
0.6299803149606299
20
0.3884868503937008
11
0.6299803149606299
21
0.3315132283464567
0
LINE
8
BLACK
6
CONTINUOUS
10
0.6299803149606299
20
0.3315132283464567
11
0.6299803543307086
21
0.3315129527559055
0
LINE
8
BLACK
6
CONTINUOUS
10
0.6299803543307086
20
0.3315129527559055
11
0.6305616141732283
21
0.3285905118110236
0
LINE
8
BLACK
6
CONTINUOUS
10
0.6305616141732283
20
0.3285905118110236
11
0.6305616535433071
21
0.3285904330708662
0
LINE
8
BLACK
6
CONTINUOUS
10
0.6305616535433071
20
0.3285904330708662
11
0.6327761023622047
21
0.3252763385826772
0
LINE
8
BLACK
6
CONTINUOUS
10
0.6327761023622047
20
0.3252763385826772
11
0.6327762992125984
21
0.3252761417322835
0
LINE
8
BLACK
6
CONTINUOUS
10
0.6327762992125984
20
0.3252761417322835
11
0.6344596850393701
21
0.3241513385826771
0
LINE
8
BLACK
6
CONTINUOUS
10
0.6344596850393701
20
0.3241513385826771
11
0.6360905118110236
21
0.3230616535433071
0
LINE
8
BLACK
6
CONTINUOUS
10
0.6360905118110236
20
0.3230616535433071
11
0.6384317322834645
21
0.3225959448818898
0
LINE
8
BLACK
6
CONTINUOUS
10
0.6384317322834645
20
0.3225959448818898
11
0.6390130708661417
21
0.3224803149606299
0
LINE
8
BLACK
6
CONTINUOUS
10
0.6390130708661417
20
0.3224803149606299
11
0.6390131102362204
21
0.3224803149606299
0
LINE
8
BLACK
6
CONTINUOUS
10
0.6390131102362204
20
0.3224803149606299
11
0.6476771653543307
21
0.3224803149606299
0
LINE
8
BLACK
6
CONTINUOUS
10
0.6476771653543307
20
0.3224803149606299
11
0.6482642519685039
21
0.3222895669291339
0
LINE
8
BLACK
6
CONTINUOUS
10
0.6482642519685039
20
0.3222895669291339
11
0.6488816141732283
21
0.3222895669291339
0
LINE
8
BLACK
6
CONTINUOUS
10
0.6488816141732283
20
0.3222895669291339
11
0.6493810236220472
21
0.3219266929133858
0
LINE
8
BLACK
6
CONTINUOUS
10
0.6493810236220472
20
0.3219266929133858
11
0.6499681496062992
21
0.3217359448818898
0
LINE
8
BLACK
6
CONTINUOUS
10
0.6499681496062992
20
0.3217359448818898
11
0.6503309842519684
21
0.3212364960629921
0
LINE
8
BLACK
6
CONTINUOUS
10
0.6503309842519684
20
0.3212364960629921
11
0.6508304330708661
21
0.3208736614173228
0
LINE
8
BLACK
6
CONTINUOUS
10
0.6508304330708661
20
0.3208736614173228
11
0.6510211811023622
21
0.3202865354330708
0
LINE
8
BLACK
6
CONTINUOUS
10
0.6510211811023622
20
0.3202865354330708
11
0.6513840551181103
21
0.319787125984252
0
LINE
8
BLACK
6
CONTINUOUS
10
0.6513840551181103
20
0.319787125984252
11
0.6515748031496063
21
0.3185826771653543
0
LINE
8
BLACK
6
CONTINUOUS
10
0.6515748031496063
20
0.3185826771653543
11
0.6515748031496063
21
0.316379842519685
0
LINE
8
BLACK
6
CONTINUOUS
10
0.6515748031496063
20
0.316379842519685
11
0.6508304330708661
21
0.3140888582677165
0
LINE
8
BLACK
6
CONTINUOUS
10
0.6508304330708661
20
0.3140888582677165
11
0.6488816141732283
21
0.3126729527559055
0
LINE
8
BLACK
6
CONTINUOUS
10
0.6488816141732283
20
0.3126729527559055
11
0.6484374803149606
21
0.3125570866141732
0
LINE
8
BLACK
6
CONTINUOUS
10
0.6484374803149606
20
0.3125570866141732
11
0.6481817322834645
21
0.3125062204724409
0
LINE
8
BLACK
6
CONTINUOUS
10
0.6481817322834645
20
0.3125062204724409
11
0.6478405118110236
21
0.3124383464566929
0
LINE
8
BLACK
6
CONTINUOUS
10
0.6478405118110236
20
0.3124383464566929
11
0.6478404724409449
21
0.3124383070866142
0
LINE
8
BLACK
6
CONTINUOUS
10
0.6478404724409449
20
0.3124383070866142
11
0.6478404330708661
21
0.3124383070866142
0
LINE
8
BLACK
6
CONTINUOUS
10
0.6478404330708661
20
0.3124383070866142
11
0.6445706692913385
21
0.3102534645669291
0
LINE
8
BLACK
6
CONTINUOUS
10
0.6445706692913385
20
0.3102534645669291
11
0.6445262204724409
21
0.310223779527559
0
LINE
8
BLACK
6
CONTINUOUS
10
0.6445262204724409
20
0.310223779527559
11
0.6423116535433071
21
0.3069094881889764
0
LINE
8
BLACK
6
CONTINUOUS
10
0.6423116535433071
20
0.3069094881889764
11
0.6421281496062992
21
0.3059868503937008
0
LINE
8
BLACK
6
CONTINUOUS
10
0.6421281496062992
20
0.3059868503937008
11
0.6417303149606299
21
0.3039868503937008
0
LINE
8
BLACK
6
CONTINUOUS
10
0.6417303149606299
20
0.3039868503937008
11
0.6417303149606299
21
0.2626132283464567
0
LINE
8
BLACK
6
CONTINUOUS
10
0.6417303149606299
20
0.2626132283464567
11
0.6417303543307087
21
0.2626129527559055
0
LINE
8
BLACK
6
CONTINUOUS
10
0.6417303543307087
20
0.2626129527559055
11
0.6423116141732284
21
0.2596905118110236
0
LINE
8
BLACK
6
CONTINUOUS
10
0.6423116141732284
20
0.2596905118110236
11
0.6423116535433071
21
0.2596904330708661
0
LINE
8
BLACK
6
CONTINUOUS
10
0.6423116535433071
20
0.2596904330708661
11
0.6447394881889764
21
0.2560570472440945
0
LINE
8
BLACK
6
CONTINUOUS
10
0.6447394881889764
20
0.2560570472440945
11
0.6446156299212599
21
0.2559742913385827
0
LINE
8
BLACK
6
CONTINUOUS
10
0.6446156299212599
20
0.2559742913385827
11
0.645384094488189
21
0.2544618897637795
0
LINE
8
BLACK
6
CONTINUOUS
10
0.645384094488189
20
0.2544618897637795
11
0.6450046062992126
21
0.2520831102362205
0
LINE
8
BLACK
6
CONTINUOUS
10
0.6450046062992126
20
0.2520831102362205
11
0.644289842519685
21
0.2511004330708662
0
LINE
8
BLACK
6
CONTINUOUS
10
0.644289842519685
20
0.2511004330708662
11
0.6352216929133858
21
0.2420322834645669
0
LINE
8
BLACK
6
CONTINUOUS
10
0.6352216929133858
20
0.2420322834645669
11
0.6352216535433071
21
0.2420322834645669
0
LINE
8
BLACK
6
CONTINUOUS
10
0.6352216535433071
20
0.2420322834645669
11
0.6322566929133858
21
0.2390672834645669
0
LINE
8
BLACK
6
CONTINUOUS
10
0.6322566929133858
20
0.2390672834645669
11
0.6322565354330708
21
0.2390670866141732
0
LINE
8
BLACK
6
CONTINUOUS
10
0.6322565354330708
20
0.2390670866141732
11
0.6301601181102362
21
0.2354360236220472
0
LINE
8
BLACK
6
CONTINUOUS
10
0.6301601181102362
20
0.2354360236220472
11
0.6301600787401574
21
0.2354358661417323
0
LINE
8
BLACK
6
CONTINUOUS
10
0.6301600787401574
20
0.2354358661417323
11
0.6290748031496063
21
0.2313855511811024
0
LINE
8
BLACK
6
CONTINUOUS
10
0.6290748031496063
20
0.2313855511811024
11
0.6290748031496063
21
0.2313854724409449
0
LINE
8
BLACK
6
CONTINUOUS
10
0.6290748031496063
20
0.2313854724409449
11
0.6290748031496063
21
0.0556734645669291
0
LINE
8
BLACK
6
CONTINUOUS
10
0.6290748031496063
20
0.0556734645669291
11
0.6301601181102362
21
0.0516229133858268
0
LINE
8
BLACK
6
CONTINUOUS
10
0.6301601181102362
20
0.0516229133858268
11
0.6322565354330708
21
0.0479918503937008
0
LINE
8
BLACK
6
CONTINUOUS
10
0.6322565354330708
20
0.0479918503937008
11
0.6322565748031496
21
0.047991811023622
0
LINE
8
BLACK
6
CONTINUOUS
10
0.6322565748031496
20
0.047991811023622
11
0.6322566929133858
21
0.0479916929133858
0
LINE
8
BLACK
6
CONTINUOUS
10
0.6322566929133858
20
0.0479916929133858
11
0.6529916929133858
21
0.0272566535433071
0
LINE
8
BLACK
6
CONTINUOUS
10
0.6529916929133858
20
0.0272566535433071
11
0.6566231102362204
21
0.0251600787401575
0
LINE
8
BLACK
6
CONTINUOUS
10
0.6566231102362204
20
0.0251600787401575
11
0.6606734251968504
21
0.0240748031496063
0
LINE
8
BLACK
6
CONTINUOUS
10
0.6606734251968504
20
0.0240748031496063
11
0.6606735039370079
21
0.0240748031496063
0
LINE
8
BLACK
6
CONTINUOUS
10
0.6606735039370079
20
0.0240748031496063
11
0.9045964960629921
21
0.0240748031496063
0
LINE
8
BLACK
6
CONTINUOUS
10
0.9045964960629921
20
0.0240748031496063
11
0.9045965748031496
21
0.0240748031496063
0
LINE
8
BLACK
6
CONTINUOUS
10
0.9045965748031496
20
0.0240748031496063
11
0.9086468897637795
21
0.0251600787401575
0
LINE
8
BLACK
6
CONTINUOUS
10
0.9086468897637795
20
0.0251600787401575
11
0.9086470472440945
21
0.0251601181102362
0
LINE
8
BLACK
6
CONTINUOUS
10
0.9086470472440945
20
0.0251601181102362
11
0.9122781102362204
21
0.0272565354330709
0
LINE
8
BLACK
6
CONTINUOUS
10
0.9122781102362204
20
0.0272565354330709
11
0.9122781496062992
21
0.0272565748031496
0
LINE
8
BLACK
6
CONTINUOUS
10
0.9122781496062992
20
0.0272565748031496
11
0.9122782283464567
21
0.0272566535433071
0
LINE
8
BLACK
6
CONTINUOUS
10
0.9122782283464567
20
0.0272566535433071
11
0.9122783070866142
21
0.0272566929133858
0
LINE
8
BLACK
6
CONTINUOUS
10
0.9122783070866142
20
0.0272566929133858
11
0.9463603543307086
21
0.0613387401574803
0
LINE
8
BLACK
6
CONTINUOUS
10
0.9463603543307086
20
0.0613387401574803
11
0.9485066929133859
21
0.0624323228346457
0
LINE
8
BLACK
6
CONTINUOUS
10
0.9485066929133859
20
0.0624323228346457
11
0.9491164173228346
21
0.0624803149606299
0
LINE
8
BLACK
6
CONTINUOUS
10
0.9491164173228346
20
0.0624803149606299
11
0.9709867322834645
21
0.0624803149606299
0
LINE
8
BLACK
6
CONTINUOUS
10
0.9709867322834645
20
0.0624803149606299
11
0.9709870078740157
21
0.0624803543307087
0
LINE
8
BLACK
6
CONTINUOUS
10
0.9709870078740157
20
0.0624803543307087
11
0.9739094488188976
21
0.0630616141732284
0
LINE
8
BLACK
6
CONTINUOUS
10
0.9739094488188976
20
0.0630616141732284
11
0.9739095275590551
21
0.0630616535433071
0
LINE
8
BLACK
6
CONTINUOUS
10
0.9739095275590551
20
0.0630616535433071
11
0.9772236220472441
21
0.0652761023622047
0
LINE
8
BLACK
6
CONTINUOUS
10
0.9772236220472441
20
0.0652761023622047
11
0.9772236614173229
21
0.0652761417322835
0
LINE
8
BLACK
6
CONTINUOUS
10
0.9772236614173229
20
0.0652761417322835
11
0.977223779527559
21
0.0652762204724409
0
LINE
8
BLACK
6
CONTINUOUS
10
0.977223779527559
20
0.0652762204724409
11
0.9794383464566929
21
0.0685905118110236
0
LINE
8
BLACK
6
CONTINUOUS
10
0.9794383464566929
20
0.0685905118110236
11
0.9800196850393701
21
0.0715131102362205
0
LINE
8
BLACK
6
CONTINUOUS
10
0.9800196850393701
20
0.0715131102362205
11
0.9800196456692913
21
0.1284868503937008
0
LINE
8
BLACK
6
CONTINUOUS
10
0.9800196456692913
20
0.1284868503937008
11
0.9794383464566929
21
0.1314094881889764
0
LINE
8
BLACK
6
CONTINUOUS
10
0.9794383464566929
20
0.1314094881889764
11
0.977223779527559
21
0.134723779527559
0
LINE
8
BLACK
6
CONTINUOUS
10
0.977223779527559
20
0.134723779527559
11
0.9739094881889764
21
0.1369383464566929
0
LINE
8
BLACK
6
CONTINUOUS
10
0.9739094881889764
20
0.1369383464566929
11
0.9709868897637796
21
0.1375196850393701
0
LINE
8
BLACK
6
CONTINUOUS
10
0.9709868897637796
20
0.1375196850393701
11
0.9541037401574803
21
0.1375196456692913
0
LINE
8
BLACK
6
CONTINUOUS
10
0.9541037401574803
20
0.1375196456692913
11
0.9518128346456692
21
0.1382640157480315
0
LINE
8
BLACK
6
CONTINUOUS
10
0.9518128346456692
20
0.1382640157480315
11
0.9503969291338582
21
0.1402128346456693
0
LINE
8
BLACK
6
CONTINUOUS
10
0.9503969291338582
20
0.1402128346456693
11
0.9503969291338582
21
0.1426216929133858
0
LINE
8
BLACK
6
CONTINUOUS
10
0.9503969291338582
20
0.1426216929133858
11
0.9513477559055118
21
0.1441733464566929
0
LINE
8
BLACK
6
CONTINUOUS
10
0.9513477559055118
20
0.1441733464566929
11
0.9760131496062991
21
0.1688387401574803
0
LINE
8
BLACK
6
CONTINUOUS
10
0.9760131496062991
20
0.1688387401574803
11
0.9781594881889764
21
0.1699323228346457
0
LINE
8
BLACK
6
CONTINUOUS
10
0.9781594881889764
20
0.1699323228346457
11
0.9787692125984252
21
0.1699803149606299
0
LINE
8
BLACK
6
CONTINUOUS
10
0.9787692125984252
20
0.1699803149606299
11
1.0209867322834645
21
0.1699803149606299
0
LINE
8
BLACK
6
CONTINUOUS
10
1.0209867322834645
20
0.1699803149606299
11
1.0209870078740158
21
0.1699803543307087
0
LINE
8
BLACK
6
CONTINUOUS
10
1.0209870078740158
20
0.1699803543307087
11
1.0239094488188976
21
0.1705616141732283
0
LINE
8
BLACK
6
CONTINUOUS
10
1.0239094488188976
20
0.1705616141732283
11
1.0239095275590551
21
0.1705616535433071
0
LINE
8
BLACK
6
CONTINUOUS
10
1.0239095275590551
20
0.1705616535433071
11
1.0272236220472442
21
0.1727761023622047
0
LINE
8
BLACK
6
CONTINUOUS
10
1.0272236220472442
20
0.1727761023622047
11
1.0272236614173229
21
0.1727761417322835
0
LINE
8
BLACK
6
CONTINUOUS
10
1.0272236614173229
20
0.1727761417322835
11
1.0272237795275589
21
0.1727762204724409
0
LINE
8
BLACK
6
CONTINUOUS
10
1.0272237795275589
20
0.1727762204724409
11
1.029438346456693
21
0.1760905118110236
0
LINE
8
BLACK
6
CONTINUOUS
10
1.029438346456693
20
0.1760905118110236
11
1.0300196850393701
21
0.1790131102362205
0
LINE
8
BLACK
6
CONTINUOUS
10
1.0300196850393701
20
0.1790131102362205
11
1.0300196456692914
21
0.2409868503937008
0
LINE
8
BLACK
6
CONTINUOUS
10
1.0300196456692914
20
0.2409868503937008
11
1.029438346456693
21
0.2439094881889764
0
LINE
8
BLACK
6
CONTINUOUS
10
1.029438346456693
20
0.2439094881889764
11
1.0272237795275589
21
0.2472237795275591
0
LINE
8
BLACK
6
CONTINUOUS
10
1.0272237795275589
20
0.2472237795275591
11
1.0239094881889763
21
0.2494383464566929
0
LINE
8
BLACK
6
CONTINUOUS
10
1.0239094881889763
20
0.2494383464566929
11
1.0209868897637795
21
0.2500196850393701
0
LINE
8
BLACK
6
CONTINUOUS
10
1.0209868897637795
20
0.2500196850393701
11
0.9590131496062992
21
0.2500196456692914
0
LINE
8
BLACK
6
CONTINUOUS
10
0.9590131496062992
20
0.2500196456692914
11
0.9590129527559055
21
0.2500196062992126
0
LINE
8
BLACK
6
CONTINUOUS
10
0.9590129527559055
20
0.2500196062992126
11
0.9560905118110236
21
0.2494383464566929
0
LINE
8
BLACK
6
CONTINUOUS
10
0.9560905118110236
20
0.2494383464566929
11
0.9560904330708662
21
0.2494383070866142
0
LINE
8
BLACK
6
CONTINUOUS
10
0.9560904330708662
20
0.2494383070866142
11
0.9537352755905512
21
0.2478646062992126
0
LINE
8
BLACK
6
CONTINUOUS
10
0.9537352755905512
20
0.2478646062992126
11
0.9527762204724409
21
0.2472237795275591
0
LINE
8
BLACK
6
CONTINUOUS
10
0.9527762204724409
20
0.2472237795275591
11
0.950561653543307
21
0.2439094881889764
0
LINE
8
BLACK
6
CONTINUOUS
10
0.950561653543307
20
0.2439094881889764
11
0.9499803543307086
21
0.2409870866141732
0
LINE
8
BLACK
6
CONTINUOUS
10
0.9499803543307086
20
0.2409870866141732
11
0.9499803149606298
21
0.2409868897637795
0
LINE
8
BLACK
6
CONTINUOUS
10
0.9499803149606298
20
0.2409868897637795
11
0.9499803149606298
21
0.2005991338582677
0
LINE
8
BLACK
6
CONTINUOUS
10
0.9499803149606298
20
0.2005991338582677
11
0.9492359448818898
21
0.1983081496062992
0
LINE
8
BLACK
6
CONTINUOUS
10
0.9492359448818898
20
0.1983081496062992
11
0.9488387401574803
21
0.1978430708661417
0
LINE
8
BLACK
6
CONTINUOUS
10
0.9488387401574803
20
0.1978430708661417
11
0.8860732677165354
21
0.1350776377952756
0
LINE
8
BLACK
6
CONTINUOUS
10
0.8860732677165354
20
0.1350776377952756
11
0.8839270078740157
21
0.133984094488189
0
LINE
8
BLACK
6
CONTINUOUS
10
0.8839270078740157
20
0.133984094488189
11
0.8815477952755906
21
0.134360905511811
0
LINE
8
BLACK
6
CONTINUOUS
10
0.8815477952755906
20
0.134360905511811
11
0.8798444488188977
21
0.1360642519685039
0
LINE
8
BLACK
6
CONTINUOUS
10
0.8798444488188977
20
0.1360642519685039
11
0.8794196456692913
21
0.1378337401574803
0
LINE
8
BLACK
6
CONTINUOUS
10
0.8794196456692913
20
0.1378337401574803
11
0.8794196456692913
21
0.1601867322834646
0
LINE
8
BLACK
6
CONTINUOUS
10
0.8794196456692913
20
0.1601867322834646
11
0.8794196062992126
21
0.1601868897637795
0
LINE
8
BLACK
6
CONTINUOUS
10
0.8794196062992126
20
0.1601868897637795
11
0.8788383464566929
21
0.1631094881889764
0
LINE
8
BLACK
6
CONTINUOUS
10
0.8788383464566929
20
0.1631094881889764
11
0.876623779527559
21
0.166423779527559
0
LINE
8
BLACK
6
CONTINUOUS
10
0.876623779527559
20
0.166423779527559
11
0.8733094881889764
21
0.1686383464566929
0
LINE
8
BLACK
6
CONTINUOUS
10
0.8733094881889764
20
0.1686383464566929
11
0.8703868897637795
21
0.1692196850393701
0
LINE
8
BLACK
6
CONTINUOUS
10
0.8703868897637795
20
0.1692196850393701
11
0.7916131496062992
21
0.1692196456692913
0
LINE
8
BLACK
6
CONTINUOUS
10
0.7916131496062992
20
0.1692196456692913
11
0.7916129527559055
21
0.1692196062992126
0
LINE
8
BLACK
6
CONTINUOUS
10
0.7916129527559055
20
0.1692196062992126
11
0.7886905118110236
21
0.1686383464566929
0
LINE
8
BLACK
6
CONTINUOUS
10
0.7886905118110236
20
0.1686383464566929
11
0.7886904330708662
21
0.1686383070866142
0
LINE
8
BLACK
6
CONTINUOUS
10
0.7886904330708662
20
0.1686383070866142
11
0.7862091732283465
21
0.1669803543307087
0
LINE
8
BLACK
6
CONTINUOUS
10
0.7862091732283465
20
0.1669803543307087
11
0.7853762204724409
21
0.166423779527559
0
LINE
8
BLACK
6
CONTINUOUS
10
0.7853762204724409
20
0.166423779527559
11
0.783161653543307
21
0.1631094881889764
0
LINE
8
BLACK
6
CONTINUOUS
10
0.783161653543307
20
0.1631094881889764
11
0.7825803543307086
21
0.1601870078740157
0
LINE
8
BLACK
6
CONTINUOUS
10
0.7825803543307086
20
0.1601870078740157
11
0.7825803149606299
21
0.1601868897637795
0
LINE
8
BLACK
6
CONTINUOUS
10
0.7825803149606299
20
0.1601868897637795
11
0.7825803149606299
21
0.160186811023622
0
LINE
8
BLACK
6
CONTINUOUS
10
0.7825803149606299
20
0.160186811023622
11
0.7825803543307086
21
0.0598228346456693
0
LINE
8
BLACK
6
CONTINUOUS
10
0.7825803543307086
20
0.0598228346456693
11
0.7818359842519685
21
0.0575318503937008
0
LINE
8
BLACK
6
CONTINUOUS
10
0.7818359842519685
20
0.0575318503937008
11
0.7798871653543307
21
0.0561159448818898
0
LINE
8
BLACK
6
CONTINUOUS
10
0.7798871653543307
20
0.0561159448818898
11
0.7786827165354331
21
0.0559251968503937
0
LINE
8
BLACK
6
CONTINUOUS
10
0.7786827165354331
20
0.0559251968503937
11
0.670980905511811
21
0.0559251968503937
0
LINE
8
BLACK
6
CONTINUOUS
10
0.670980905511811
20
0.0559251968503937
11
0.6686899212598425
21
0.0566695669291339
0
LINE
8
BLACK
6
CONTINUOUS
10
0.6686899212598425
20
0.0566695669291339
11
0.6682248818897638
21
0.0570667716535433
0
LINE
8
BLACK
6
CONTINUOUS
10
0.6682248818897638
20
0.0570667716535433
11
0.6620668110236221
21
0.0632248031496063
0
LINE
8
BLACK
6
CONTINUOUS
10
0.6620668110236221
20
0.0632248031496063
11
0.6609731889763779
21
0.0653711417322835
0
LINE
8
BLACK
6
CONTINUOUS
10
0.6609731889763779
20
0.0653711417322835
11
0.6609251968503936
21
0.0659808661417323
0
LINE
8
BLACK
6
CONTINUOUS
10
0.6609251968503936
20
0.0659808661417323
11
0.6609251968503936
21
0.2173868503937008
0
LINE
8
BLACK
6
CONTINUOUS
10
0.6609251968503936
20
0.2173868503937008
11
0.6609251968503936
21
0.2210780708661417
0
LINE
8
BLACK
6
CONTINUOUS
10
0.6609251968503936
20
0.2210780708661417
11
0.6616695669291338
21
0.2233690551181102
0
LINE
8
BLACK
6
CONTINUOUS
10
0.6616695669291338
20
0.2233690551181102
11
0.6620667716535433
21
0.223834094488189
0
LINE
8
BLACK
6
CONTINUOUS
10
0.6620667716535433
20
0.223834094488189
11
0.6802432677165354
21
0.2420106299212598
0
LINE
8
BLACK
6
CONTINUOUS
10
0.6802432677165354
20
0.2420106299212598
11
0.6802434251968503
21
0.2420108267716535
0
LINE
8
BLACK
6
CONTINUOUS
10
0.6802434251968503
20
0.2420108267716535
11
0.682339842519685
21
0.2456418897637795
0
LINE
8
BLACK
6
CONTINUOUS
10
0.682339842519685
20
0.2456418897637795
11
0.682339842519685
21
0.245641968503937
0
LINE
8
BLACK
6
CONTINUOUS
10
0.682339842519685
20
0.245641968503937
11
0.6823399212598426
21
0.2456420866141732
0
LINE
8
BLACK
6
CONTINUOUS
10
0.6823399212598426
20
0.2456420866141732
11
0.6834251968503937
21
0.2496924015748032
0
LINE
8
BLACK
6
CONTINUOUS
10
0.6834251968503937
20
0.2496924015748032
11
0.6834251968503937
21
0.250220157480315
0
LINE
8
BLACK
6
CONTINUOUS
10
0.6834251968503937
20
0.250220157480315
11
0.6841695669291339
21
0.2525111417322835
0
LINE
8
BLACK
6
CONTINUOUS
10
0.6841695669291339
20
0.2525111417322835
11
0.6861183858267716
21
0.2539270472440945
0
LINE
8
BLACK
6
CONTINUOUS
10
0.6861183858267716
20
0.2539270472440945
11
0.6865625196850393
21
0.2540429133858267
0
LINE
8
BLACK
6
CONTINUOUS
10
0.6865625196850393
20
0.2540429133858267
11
0.6871594094488189
21
0.2541616141732284
0
LINE
8
BLACK
6
CONTINUOUS
10
0.6871594094488189
20
0.2541616141732284
11
0.6871595275590551
21
0.2541616535433071
0
LINE
8
BLACK
6
CONTINUOUS
10
0.6871595275590551
20
0.2541616535433071
11
0.6904736220472441
21
0.2563761023622047
0
LINE
8
BLACK
6
CONTINUOUS
10
0.6904736220472441
20
0.2563761023622047
11
0.6904736614173228
21
0.2563761417322835
0
LINE
8
BLACK
6
CONTINUOUS
10
0.6904736614173228
20
0.2563761417322835
11
0.6904737795275591
21
0.256376220472441
0
LINE
8
BLACK
6
CONTINUOUS
10
0.6904737795275591
20
0.256376220472441
11
0.6926883464566929
21
0.2596905118110236
0
LINE
8
BLACK
6
CONTINUOUS
10
0.6926883464566929
20
0.2596905118110236
11
0.69326968503937
21
0.2626131102362205
0
LINE
8
BLACK
6
CONTINUOUS
10
0.69326968503937
20
0.2626131102362205
11
0.6932696456692913
21
0.3039868503937008
0
LINE
8
BLACK
6
CONTINUOUS
10
0.6932696456692913
20
0.3039868503937008
11
0.6926883464566929
21
0.3069094881889764
0
LINE
8
BLACK
6
CONTINUOUS
10
0.6926883464566929
20
0.3069094881889764
11
0.6904737795275591
21
0.310223779527559
0
LINE
8
BLACK
6
CONTINUOUS
10
0.6904737795275591
20
0.310223779527559
11
0.6871594881889763
21
0.3124383464566929
0
LINE
8
BLACK
6
CONTINUOUS
10
0.6871594881889763
20
0.3124383464566929
11
0.6865624409448818
21
0.3125570866141732
0
LINE
8
BLACK
6
CONTINUOUS
10
0.6865624409448818
20
0.3125570866141732
11
0.6844607874015748
21
0.3137340157480315
0
LINE
8
BLACK
6
CONTINUOUS
10
0.6844607874015748
20
0.3137340157480315
11
0.6834522440944881
21
0.3159215748031496
0
LINE
8
BLACK
6
CONTINUOUS
10
0.6834522440944881
20
0.3159215748031496
11
0.6834251968503937
21
0.3163798031496063
0
LINE
8
BLACK
6
CONTINUOUS
10
0.6834251968503937
20
0.3163798031496063
11
0.6834251968503937
21
0.3258918503937008
0
LINE
8
BLACK
6
CONTINUOUS
10
0.6834251968503937
20
0.3258918503937008
11
0.6840820472440945
21
0.3280572047244095
0
LINE
8
BLACK
6
CONTINUOUS
10
0.6840820472440945
20
0.3280572047244095
11
0.6844383070866141
21
0.3285903937007874
0
LINE
8
BLACK
6
CONTINUOUS
10
0.6844383070866141
20
0.3285903937007874
11
0.6844383464566929
21
0.3285904724409449
0
LINE
8
BLACK
6
CONTINUOUS
10
0.6844383464566929
20
0.3285904724409449
11
0.6850196456692913
21
0.3315129921259842
0
LINE
8
BLACK
6
CONTINUOUS
10
0.6850196456692913
20
0.3315129921259842
11
0.6850196850393701
21
0.3315131496062992
0
LINE
8
BLACK
6
CONTINUOUS
10
0.6850196850393701
20
0.3315131496062992
11
0.6850196850393701
21
0.3401771653543307
0
LINE
8
BLACK
6
CONTINUOUS
10
0.6850196850393701
20
0.3401771653543307
11
0.6857640551181102
21
0.3424681496062992
0
LINE
8
BLACK
6
CONTINUOUS
10
0.6857640551181102
20
0.3424681496062992
11
0.687712874015748
21
0.3438840551181102
0
LINE
8
BLACK
6
CONTINUOUS
10
0.687712874015748
20
0.3438840551181102
11
0.6889173228346457
21
0.3440748031496063
0
LINE
8
BLACK
6
CONTINUOUS
10
0.6889173228346457
20
0.3440748031496063
11
0.7010827165354331
21
0.3440748031496063
0
LINE
8
BLACK
6
CONTINUOUS
10
0.7010827165354331
20
0.3440748031496063
11
0.7033737007874016
21
0.3433304330708661
0
LINE
8
BLACK
6
CONTINUOUS
10
0.7033737007874016
20
0.3433304330708661
11
0.7047896062992126
21
0.3413816141732283
0
LINE
8
BLACK
6
CONTINUOUS
10
0.7047896062992126
20
0.3413816141732283
11
0.7049803543307086
21
0.3401771653543307
0
LINE
8
BLACK
6
CONTINUOUS
10
0.7049803543307086
20
0.3401771653543307
11
0.7049803543307086
21
0.3315129527559055
0
LINE
8
BLACK
6
CONTINUOUS
10
0.7049803543307086
20
0.3315129527559055
11
0.7055616141732284
21
0.3285905118110236
0
LINE
8
BLACK
6
CONTINUOUS
10
0.7055616141732284
20
0.3285905118110236
11
0.705561653543307
21
0.3285904330708662
0
LINE
8
BLACK
6
CONTINUOUS
10
0.705561653543307
20
0.3285904330708662
11
0.7077761023622047
21
0.3252763385826772
0
LINE
8
BLACK
6
CONTINUOUS
10
0.7077761023622047
20
0.3252763385826772
11
0.7077762992125984
21
0.3252761417322835
0
LINE
8
BLACK
6
CONTINUOUS
10
0.7077762992125984
20
0.3252761417322835
11
0.7094596850393701
21
0.3241513385826771
0
LINE
8
BLACK
6
CONTINUOUS
10
0.7094596850393701
20
0.3241513385826771
11
0.7110905118110236
21
0.3230616535433071
0
LINE
8
BLACK
6
CONTINUOUS
10
0.7110905118110236
20
0.3230616535433071
11
0.7134317322834646
21
0.3225959448818898
0
LINE
8
BLACK
6
CONTINUOUS
10
0.7134317322834646
20
0.3225959448818898
11
0.7140130708661417
21
0.3224803149606299
0
LINE
8
BLACK
6
CONTINUOUS
10
0.7140130708661417
20
0.3224803149606299
11
0.7140131102362205
21
0.3224803149606299
0
LINE
8
BLACK
6
CONTINUOUS
10
0.7140131102362205
20
0.3224803149606299
11
0.738048937007874
21
0.3224803149606299
0
LINE
8
BLACK
6
CONTINUOUS
10
0.738048937007874
20
0.3224803149606299
11
0.7389169291338582
21
0.3221982677165354
0
LINE
8
BLACK
6
CONTINUOUS
10
0.7389169291338582
20
0.3221982677165354
11
0.7398184251968504
21
0.3220555118110236
0
LINE
8
BLACK
6
CONTINUOUS
10
0.7398184251968504
20
0.3220555118110236
11
0.7400407874015748
21
0.3218331102362205
0
LINE
8
BLACK
6
CONTINUOUS
10
0.7400407874015748
20
0.3218331102362205
11
0.7403399212598425
21
0.3217359448818898
0
LINE
8
BLACK
6
CONTINUOUS
10
0.7403399212598425
20
0.3217359448818898
11
0.7408764173228346
21
0.3209974803149606
0
LINE
8
BLACK
6
CONTINUOUS
10
0.7408764173228346
20
0.3209974803149606
11
0.7415217716535433
21
0.3203521653543307
0
LINE
8
BLACK
6
CONTINUOUS
10
0.7415217716535433
20
0.3203521653543307
11
0.7415709448818898
21
0.3200415354330708
0
LINE
8
BLACK
6
CONTINUOUS
10
0.7415709448818898
20
0.3200415354330708
11
0.7417558267716535
21
0.319787125984252
0
LINE
8
BLACK
6
CONTINUOUS
10
0.7417558267716535
20
0.319787125984252
11
0.7417558267716535
21
0.3188742913385827
0
LINE
8
BLACK
6
CONTINUOUS
10
0.7417558267716535
20
0.3188742913385827
11
0.7418985826771654
21
0.3179729527559055
0
LINE
8
BLACK
6
CONTINUOUS
10
0.7418985826771654
20
0.3179729527559055
11
0.7417558267716535
21
0.3176927559055118
0
LINE
8
BLACK
6
CONTINUOUS
10
0.7417558267716535
20
0.3176927559055118
11
0.7417558267716535
21
0.3173782283464567
0
LINE
8
BLACK
6
CONTINUOUS
10
0.7417558267716535
20
0.3173782283464567
11
0.7408049999999999
21
0.3158266141732283
0
LINE
8
BLACK
6
CONTINUOUS
10
0.7408049999999999
20
0.3158266141732283
11
0.7391396062992126
21
0.3141612204724409
0
LINE
8
BLACK
6
CONTINUOUS
10
0.7391396062992126
20
0.3141612204724409
11
0.7369932677165354
21
0.3130676377952756
0
LINE
8
BLACK
6
CONTINUOUS
10
0.7369932677165354
20
0.3130676377952756
11
0.7363835433070866
21
0.3130196456692914
0
LINE
8
BLACK
6
CONTINUOUS
10
0.7363835433070866
20
0.3130196456692914
11
0.7257631496062992
21
0.3130196456692914
0
LINE
8
BLACK
6
CONTINUOUS
10
0.7257631496062992
20
0.3130196456692914
11
0.7257629527559055
21
0.3130196062992126
0
LINE
8
BLACK
6
CONTINUOUS
10
0.7257629527559055
20
0.3130196062992126
11
0.7228405118110236
21
0.3124383464566929
0
LINE
8
BLACK
6
CONTINUOUS
10
0.7228405118110236
20
0.3124383464566929
11
0.7228404330708661
21
0.3124383070866142
0
LINE
8
BLACK
6
CONTINUOUS
10
0.7228404330708661
20
0.3124383070866142
11
0.7195706692913386
21
0.3102534645669291
0
LINE
8
BLACK
6
CONTINUOUS
10
0.7195706692913386
20
0.3102534645669291
11
0.719526220472441
21
0.310223779527559
0
LINE
8
BLACK
6
CONTINUOUS
10
0.719526220472441
20
0.310223779527559
11
0.7173116535433071
21
0.3069094881889764
0
LINE
8
BLACK
6
CONTINUOUS
10
0.7173116535433071
20
0.3069094881889764
11
0.7171281496062992
21
0.3059868503937008
0
LINE
8
BLACK
6
CONTINUOUS
10
0.7171281496062992
20
0.3059868503937008
11
0.7167303149606299
21
0.3039868503937008
0
LINE
8
BLACK
6
CONTINUOUS
10
0.7167303149606299
20
0.3039868503937008
11
0.7167303149606299
21
0.2626132283464567
0
LINE
8
BLACK
6
CONTINUOUS
10
0.7167303149606299
20
0.2626132283464567
11
0.7167303543307086
21
0.2626129527559055
0
LINE
8
BLACK
6
CONTINUOUS
10
0.7167303543307086
20
0.2626129527559055
11
0.7173116141732283
21
0.2596905118110236
0
LINE
8
BLACK
6
CONTINUOUS
10
0.7173116141732283
20
0.2596905118110236
11
0.7173116535433071
21
0.2596904330708661
0
LINE
8
BLACK
6
CONTINUOUS
10
0.7173116535433071
20
0.2596904330708661
11
0.7195261023622047
21
0.2563763385826772
0
LINE
8
BLACK
6
CONTINUOUS
10
0.7195261023622047
20
0.2563763385826772
11
0.7195262992125984
21
0.2563761417322835
0
LINE
8
BLACK
6
CONTINUOUS
10
0.7195262992125984
20
0.2563761417322835
11
0.7217357480314961
21
0.2548998425196851
0
LINE
8
BLACK
6
CONTINUOUS
10
0.7217357480314961
20
0.2548998425196851
11
0.7228405118110236
21
0.2541616535433071
0
LINE
8
BLACK
6
CONTINUOUS
10
0.7228405118110236
20
0.2541616535433071
11
0.7257631102362204
21
0.2535803149606299
0
LINE
8
BLACK
6
CONTINUOUS
10
0.7257631102362204
20
0.2535803149606299
11
0.7592367322834646
21
0.2535803149606299
0
LINE
8
BLACK
6
CONTINUOUS
10
0.7592367322834646
20
0.2535803149606299
11
0.7592370078740157
21
0.2535803543307086
0
LINE
8
BLACK
6
CONTINUOUS
10
0.7592370078740157
20
0.2535803543307086
11
0.7621594488188976
21
0.2541616141732284
0
LINE
8
BLACK
6
CONTINUOUS
10
0.7621594488188976
20
0.2541616141732284
11
0.7621595275590551
21
0.2541616535433071
0
LINE
8
BLACK
6
CONTINUOUS
10
0.7621595275590551
20
0.2541616535433071
11
0.7654736220472441
21
0.2563761023622047
0
LINE
8
BLACK
6
CONTINUOUS
10
0.7654736220472441
20
0.2563761023622047
11
0.7654736614173229
21
0.2563761417322835
0
LINE
8
BLACK
6
CONTINUOUS
10
0.7654736614173229
20
0.2563761417322835
11
0.765473779527559
21
0.256376220472441
0
LINE
8
BLACK
6
CONTINUOUS
10
0.765473779527559
20
0.256376220472441
11
0.7676883464566929
21
0.2596905118110236
0
LINE
8
BLACK
6
CONTINUOUS
10
0.7676883464566929
20
0.2596905118110236
11
0.7680662598425196
21
0.2615903937007874
0
LINE
8
BLACK
6
CONTINUOUS
10
0.7680662598425196
20
0.2615903937007874
11
0.7692432677165354
21
0.2636920866141732
0
LINE
8
BLACK
6
CONTINUOUS
10
0.7692432677165354
20
0.2636920866141732
11
0.7714308661417323
21
0.2647005905511811
0
LINE
8
BLACK
6
CONTINUOUS
10
0.7714308661417323
20
0.2647005905511811
11
0.7737934645669291
21
0.2642306299212598
0
LINE
8
BLACK
6
CONTINUOUS
10
0.7737934645669291
20
0.2642306299212598
11
0.7751296062992126
21
0.2629955905511811
0
LINE
8
BLACK
6
CONTINUOUS
10
0.7751296062992126
20
0.2629955905511811
11
0.7752760629921259
21
0.2627763779527559
0
LINE
8
BLACK
6
CONTINUOUS
10
0.7752760629921259
20
0.2627763779527559
11
0.7752762992125984
21
0.2627761417322835
0
LINE
8
BLACK
6
CONTINUOUS
10
0.7752762992125984
20
0.2627761417322835
11
0.7774857480314961
21
0.261299842519685
0
LINE
8
BLACK
6
CONTINUOUS
10
0.7774857480314961
20
0.261299842519685
11
0.7785905118110236
21
0.2605616535433071
0
LINE
8
BLACK
6
CONTINUOUS
10
0.7785905118110236
20
0.2605616535433071
11
0.7815131102362205
21
0.2599803149606299
0
LINE
8
BLACK
6
CONTINUOUS
10
0.7815131102362205
20
0.2599803149606299
11
0.8384867322834646
21
0.2599803149606299
0
LINE
8
BLACK
6
CONTINUOUS
10
0.8384867322834646
20
0.2599803149606299
11
0.8384870078740158
21
0.2599803543307087
0
LINE
8
BLACK
6
CONTINUOUS
10
0.8384870078740158
20
0.2599803543307087
11
0.8414094488188976
21
0.2605616141732283
0
LINE
8
BLACK
6
CONTINUOUS
10
0.8414094488188976
20
0.2605616141732283
11
0.8414095275590551
21
0.2605616535433071
0
LINE
8
BLACK
6
CONTINUOUS
10
0.8414095275590551
20
0.2605616535433071
11
0.844723622047244
21
0.2627761023622047
0
LINE
8
BLACK
6
CONTINUOUS
10
0.844723622047244
20
0.2627761023622047
11
0.8447236614173228
21
0.2627761417322835
0
LINE
8
BLACK
6
CONTINUOUS
10
0.8447236614173228
20
0.2627761417322835
11
0.8447237795275591
21
0.2627762204724409
0
LINE
8
BLACK
6
CONTINUOUS
10
0.8447237795275591
20
0.2627762204724409
11
0.8469383464566929
21
0.2660905118110236
0
LINE
8
BLACK
6
CONTINUOUS
10
0.8469383464566929
20
0.2660905118110236
11
0.84751968503937
21
0.2690131102362205
0
LINE
8
BLACK
6
CONTINUOUS
10
0.84751968503937
20
0.2690131102362205
11
0.8475196456692913
21
0.2908835433070866
0
LINE
8
BLACK
6
CONTINUOUS
10
0.8475196456692913
20
0.2908835433070866
11
0.8476168110236221
21
0.2911826377952756
0
LINE
8
BLACK
6
CONTINUOUS
10
0.8476168110236221
20
0.2911826377952756
11
0.8475676377952756
21
0.2914932677165354
0
LINE
8
BLACK
6
CONTINUOUS
10
0.8475676377952756
20
0.2914932677165354
11
0.847981968503937
21
0.2923064566929134
0
LINE
8
BLACK
6
CONTINUOUS
10
0.847981968503937
20
0.2923064566929134
11
0.8482640157480315
21
0.2931745275590551
0
LINE
8
BLACK
6
CONTINUOUS
10
0.8482640157480315
20
0.2931745275590551
11
0.848661220472441
21
0.2936396062992126
0
LINE
8
BLACK
6
CONTINUOUS
10
0.848661220472441
20
0.2936396062992126
11
0.8508266141732284
21
0.295805
0
LINE
8
BLACK
6
CONTINUOUS
10
0.8508266141732284
20
0.295805
11
0.8529729527559055
21
0.2968985826771653
0
LINE
8
BLACK
6
CONTINUOUS
10
0.8529729527559055
20
0.2968985826771653
11
0.8553521653543307
21
0.2965217716535433
0
LINE
8
BLACK
6
CONTINUOUS
10
0.8553521653543307
20
0.2965217716535433
11
0.8570555118110236
21
0.2948184251968504
0
LINE
8
BLACK
6
CONTINUOUS
10
0.8570555118110236
20
0.2948184251968504
11
0.8574803149606299
21
0.293048937007874
0
LINE
8
BLACK
6
CONTINUOUS
10
0.8574803149606299
20
0.293048937007874
11
0.8574803149606299
21
0.2690132283464567
0
LINE
8
BLACK
6
CONTINUOUS
10
0.8574803149606299
20
0.2690132283464567
11
0.8574803543307087
21
0.2690129527559055
0
LINE
8
BLACK
6
CONTINUOUS
10
0.8574803543307087
20
0.2690129527559055
11
0.8580616141732283
21
0.2660905118110236
0
LINE
8
BLACK
6
CONTINUOUS
10
0.8580616141732283
20
0.2660905118110236
11
0.8580616535433071
21
0.2660904330708662
0
LINE
8
BLACK
6
CONTINUOUS
10
0.8580616535433071
20
0.2660904330708662
11
0.8602761023622048
21
0.2627763385826772
0
LINE
8
BLACK
6
CONTINUOUS
10
0.8602761023622048
20
0.2627763385826772
11
0.8602762992125984
21
0.2627761417322835
0
LINE
8
BLACK
6
CONTINUOUS
10
0.8602762992125984
20
0.2627761417322835
11
0.862485748031496
21
0.261299842519685
0
LINE
8
BLACK
6
CONTINUOUS
10
0.862485748031496
20
0.261299842519685
11
0.8635905118110236
21
0.2605616535433071
0
LINE
8
BLACK
6
CONTINUOUS
10
0.8635905118110236
20
0.2605616535433071
11
0.8665131102362205
21
0.2599803149606299
0
LINE
8
BLACK
6
CONTINUOUS
10
0.8665131102362205
20
0.2599803149606299
11
0.9234867322834646
21
0.2599803149606299
0
LINE
8
BLACK
6
CONTINUOUS
10
0.9234867322834646
20
0.2599803149606299
11
0.9234870078740157
21
0.2599803543307087
0
LINE
8
BLACK
6
CONTINUOUS
10
0.9234870078740157
20
0.2599803543307087
11
0.9264094488188976
21
0.2605616141732283
0
LINE
8
BLACK
6
CONTINUOUS
10
0.9264094488188976
20
0.2605616141732283
11
0.9264095275590551
21
0.2605616535433071
0
LINE
8
BLACK
6
CONTINUOUS
10
0.9264095275590551
20
0.2605616535433071
11
0.9297236220472441
21
0.2627761023622047
0
LINE
8
BLACK
6
CONTINUOUS
10
0.9297236220472441
20
0.2627761023622047
11
0.9297236614173228
21
0.2627761417322835
0
LINE
8
BLACK
6
CONTINUOUS
10
0.9297236614173228
20
0.2627761417322835
11
0.929723779527559
21
0.2627762204724409
0
LINE
8
BLACK
6
CONTINUOUS
10
0.929723779527559
20
0.2627762204724409
11
0.9319383464566929
21
0.2660905118110236
0
LINE
8
BLACK
6
CONTINUOUS
10
0.9319383464566929
20
0.2660905118110236
11
0.9324051968503937
21
0.2684375984251968
0
LINE
8
BLACK
6
CONTINUOUS
10
0.9324051968503937
20
0.2684375984251968
11
0.9335822440944882
21
0.2705393307086614
0
LINE
8
BLACK
6
CONTINUOUS
10
0.9335822440944882
20
0.2705393307086614
11
0.9357698818897637
21
0.2715477952755905
0
LINE
8
BLACK
6
CONTINUOUS
10
0.9357698818897637
20
0.2715477952755905
11
0.9362279527559055
21
0.2715748031496063
0
LINE
8
BLACK
6
CONTINUOUS
10
0.9362279527559055
20
0.2715748031496063
11
0.9533918897637795
21
0.2715748031496063
0
LINE
8
BLACK
6
CONTINUOUS
10
0.9533918897637795
20
0.2715748031496063
11
0.9555572834645669
21
0.2709179527559055
0
LINE
8
BLACK
6
CONTINUOUS
10
0.9555572834645669
20
0.2709179527559055
11
0.9560904330708662
21
0.2705616929133858
0
LINE
8
BLACK
6
CONTINUOUS
10
0.9560904330708662
20
0.2705616929133858
11
0.9560904330708662
21
0.2705616535433071
0
LINE
8
BLACK
6
CONTINUOUS
10
0.9560904330708662
20
0.2705616535433071
11
0.9560905118110236
21
0.2705616535433071
0
LINE
8
BLACK
6
CONTINUOUS
10
0.9560905118110236
20
0.2705616535433071
11
0.9590131102362205
21
0.2699803149606299
0
LINE
8
BLACK
6
CONTINUOUS
10
0.9590131102362205
20
0.2699803149606299
11
1.0209867322834645
21
0.2699803149606299
0
LINE
8
BLACK
6
CONTINUOUS
10
1.0209867322834645
20
0.2699803149606299
11
1.0209870078740158
21
0.2699803543307087
0
LINE
8
BLACK
6
CONTINUOUS
10
1.0209870078740158
20
0.2699803543307087
11
1.0239094488188976
21
0.2705616141732283
0
LINE
8
BLACK
6
CONTINUOUS
10
1.0239094488188976
20
0.2705616141732283
11
1.0239095275590551
21
0.2705616535433071
0
LINE
8
BLACK
6
CONTINUOUS
10
1.0239095275590551
20
0.2705616535433071
11
1.0272236220472442
21
0.2727761023622047
0
LINE
8
BLACK
6
CONTINUOUS
10
1.0272236220472442
20
0.2727761023622047
11
1.0272236614173229
21
0.2727761417322835
0
LINE
8
BLACK
6
CONTINUOUS
10
1.0272236614173229
20
0.2727761417322835
11
1.0272237795275589
21
0.2727762204724409
0
LINE
8
BLACK
6
CONTINUOUS
10
1.0272237795275589
20
0.2727762204724409
11
1.029438346456693
21
0.2760905118110236
0
LINE
8
BLACK
6
CONTINUOUS
10
1.029438346456693
20
0.2760905118110236
11
1.0300196850393701
21
0.2790131102362204
0
LINE
8
BLACK
6
CONTINUOUS
10
1.0300196850393701
20
0.2790131102362204
11
1.0300196456692914
21
0.3360827165354331
0
LINE
8
BLACK
6
CONTINUOUS
10
1.0300196456692914
20
0.3360827165354331
11
1.0307640157480316
21
0.3383737007874016
0
LINE
8
BLACK
6
CONTINUOUS
10
1.0307640157480316
20
0.3383737007874016
11
1.0327128346456693
21
0.3397896062992126
0
LINE
8
BLACK
6
CONTINUOUS
10
1.0327128346456693
20
0.3397896062992126
11
1.0339172834645669
21
0.3399803543307087
0
LINE
8
BLACK
6
CONTINUOUS
10
1.0339172834645669
20
0.3399803543307087
11
1.0460826771653544
21
0.3399803543307087
0
LINE
8
BLACK
6
CONTINUOUS
10
1.0460826771653544
20
0.3399803543307087
11
1.0483736614173229
21
0.3392359842519685
0
LINE
8
BLACK
6
CONTINUOUS
10
1.0483736614173229
20
0.3392359842519685
11
1.0497895669291339
21
0.3372871653543307
0
LINE
8
BLACK
6
CONTINUOUS
10
1.0497895669291339
20
0.3372871653543307
11
1.0499803149606299
21
0.3360827165354331
0
LINE
8
BLACK
6
CONTINUOUS
10
1.0499803149606299
20
0.3360827165354331
11
1.0499803149606299
21
0.2790132283464567
0
LINE
8
BLACK
6
CONTINUOUS
10
1.0499803149606299
20
0.2790132283464567
11
1.0499803543307087
21
0.2790129527559055
0
LINE
8
BLACK
6
CONTINUOUS
10
1.0499803543307087
20
0.2790129527559055
11
1.0505616141732284
21
0.2760905118110236
0
LINE
8
BLACK
6
CONTINUOUS
10
1.0505616141732284
20
0.2760905118110236
11
1.0505616535433071
21
0.2760904330708661
0
LINE
8
BLACK
6
CONTINUOUS
10
1.0505616535433071
20
0.2760904330708661
11
1.0527761023622046
21
0.2727763385826771
0
LINE
8
BLACK
6
CONTINUOUS
10
1.0527761023622046
20
0.2727763385826771
11
1.0527762992125984
21
0.2727761417322835
0
LINE
8
BLACK
6
CONTINUOUS
10
1.0527762992125984
20
0.2727761417322835
11
1.054574251968504
21
0.2715748031496063
0
LINE
8
BLACK
6
CONTINUOUS
10
1.054574251968504
20
0.2715748031496063
11
1.0560905118110235
21
0.2705616535433071
0
LINE
8
BLACK
6
CONTINUOUS
10
1.0560905118110235
20
0.2705616535433071
11
1.0584317322834644
21
0.2700959448818898
0
LINE
8
BLACK
6
CONTINUOUS
10
1.0584317322834644
20
0.2700959448818898
11
1.0590130708661416
21
0.2699803149606299
0
LINE
8
BLACK
6
CONTINUOUS
10
1.0590130708661416
20
0.2699803149606299
11
1.0590131102362204
21
0.2699803149606299
0
LINE
8
BLACK
6
CONTINUOUS
10
1.0590131102362204
20
0.2699803149606299
11
1.0701771653543306
21
0.2699803149606299
0
LINE
8
BLACK
6
CONTINUOUS
10
1.0701771653543306
20
0.2699803149606299
11
1.0724681496062991
21
0.2692359448818897
0
LINE
8
BLACK
6
CONTINUOUS
10
1.0724681496062991
20
0.2692359448818897
11
1.0738840551181101
21
0.267287125984252
0
LINE
8
BLACK
6
CONTINUOUS
10
1.0738840551181101
20
0.267287125984252
11
1.0740333070866142
21
0.2663446062992126
0
LINE
8
BLACK
6
CONTINUOUS
10
1.0740333070866142
20
0.2663446062992126
11
1.0740414566929133
21
0.2663457086614173
0
LINE
8
BLACK
6
CONTINUOUS
10
1.0740414566929133
20
0.2663457086614173
11
1.0740747637795276
21
0.2660924803149606
0
LINE
8
BLACK
6
CONTINUOUS
10
1.0740747637795276
20
0.2660924803149606
11
1.0751601181102362
21
0.2620418897637795
0
LINE
8
BLACK
6
CONTINUOUS
10
1.0751601181102362
20
0.2620418897637795
11
1.0772565354330708
21
0.2584108267716536
0
LINE
8
BLACK
6
CONTINUOUS
10
1.0772565354330708
20
0.2584108267716536
11
1.0772565748031495
21
0.2584107874015748
0
LINE
8
BLACK
6
CONTINUOUS
10
1.0772565748031495
20
0.2584107874015748
11
1.077256653543307
21
0.2584106692913386
0
LINE
8
BLACK
6
CONTINUOUS
10
1.077256653543307
20
0.2584106692913386
11
1.0772566929133858
21
0.2584106692913386
0
LINE
8
BLACK
6
CONTINUOUS
10
1.0772566929133858
20
0.2584106692913386
11
1.0789940944881891
21
0.2566732283464567
0
LINE
8
BLACK
6
CONTINUOUS
10
1.0789940944881891
20
0.2566732283464567
11
1.0800876377952755
21
0.2545270078740157
0
LINE
8
BLACK
6
CONTINUOUS
10
1.0800876377952755
20
0.2545270078740157
11
1.0797108267716535
21
0.2521477952755906
0
LINE
8
BLACK
6
CONTINUOUS
10
1.0797108267716535
20
0.2521477952755906
11
1.0780074803149606
21
0.2504444488188977
0
LINE
8
BLACK
6
CONTINUOUS
10
1.0780074803149606
20
0.2504444488188977
11
1.0762379921259841
21
0.2500196456692914
0
LINE
8
BLACK
6
CONTINUOUS
10
1.0762379921259841
20
0.2500196456692914
11
1.0590131496062991
21
0.2500196456692914
0
LINE
8
BLACK
6
CONTINUOUS
10
1.0590131496062991
20
0.2500196456692914
11
1.0590129527559056
21
0.2500196062992126
0
LINE
8
BLACK
6
CONTINUOUS
10
1.0590129527559056
20
0.2500196062992126
11
1.0560905118110235
21
0.2494383464566929
0
LINE
8
BLACK
6
CONTINUOUS
10
1.0560905118110235
20
0.2494383464566929
11
1.056090433070866
21
0.2494383070866142
0
LINE
8
BLACK
6
CONTINUOUS
10
1.056090433070866
20
0.2494383070866142
11
1.0537352755905511
21
0.2478646062992126
0
LINE
8
BLACK
6
CONTINUOUS
10
1.0537352755905511
20
0.2478646062992126
11
1.0527762204724409
21
0.2472237795275591
0
LINE
8
BLACK
6
CONTINUOUS
10
1.0527762204724409
20
0.2472237795275591
11
1.0505616535433071
21
0.2439094881889764
0
LINE
8
BLACK
6
CONTINUOUS
10
1.0505616535433071
20
0.2439094881889764
11
1.0499803149606299
21
0.2409868897637795
0
LINE
8
BLACK
6
CONTINUOUS
10
1.0499803149606299
20
0.2409868897637795
11
1.0499803149606299
21
0.2409868503937008
0
LINE
8
BLACK
6
CONTINUOUS
10
1.0499803149606299
20
0.2409868503937008
11
1.0499803149606299
21
0.1790132283464567
0
LINE
8
BLACK
6
CONTINUOUS
10
1.0499803149606299
20
0.1790132283464567
11
1.0499803543307087
21
0.1790129527559055
0
LINE
8
BLACK
6
CONTINUOUS
10
1.0499803543307087
20
0.1790129527559055
11
1.0505616141732284
21
0.1760905118110236
0
LINE
8
BLACK
6
CONTINUOUS
10
1.0505616141732284
20
0.1760905118110236
11
1.0505616535433071
21
0.1760904330708661
0
LINE
8
BLACK
6
CONTINUOUS
10
1.0505616535433071
20
0.1760904330708661
11
1.0527761023622046
21
0.1727763385826772
0
LINE
8
BLACK
6
CONTINUOUS
10
1.0527761023622046
20
0.1727763385826772
11
1.0527762992125984
21
0.1727761417322835
0
LINE
8
BLACK
6
CONTINUOUS
10
1.0527762992125984
20
0.1727761417322835
11
1.0549857480314961
21
0.171299842519685
0
LINE
8
BLACK
6
CONTINUOUS
10
1.0549857480314961
20
0.171299842519685
11
1.0560905118110235
21
0.1705616535433071
0
LINE
8
BLACK
6
CONTINUOUS
10
1.0560905118110235
20
0.1705616535433071
11
1.0584317322834644
21
0.1700959448818898
0
LINE
8
BLACK
6
CONTINUOUS
10
1.0584317322834644
20
0.1700959448818898
11
1.0590130708661416
21
0.1699803149606299
0
LINE
8
BLACK
6
CONTINUOUS
10
1.0590130708661416
20
0.1699803149606299
11
1.0590131102362204
21
0.1699803149606299
0
LINE
8
BLACK
6
CONTINUOUS
10
1.0590131102362204
20
0.1699803149606299
11
1.0926771653543308
21
0.1699803149606299
0
LINE
8
BLACK
6
CONTINUOUS
10
1.0926771653543308
20
0.1699803149606299
11
1.0949681496062993
21
0.1692359448818898
0
LINE
8
BLACK
6
CONTINUOUS
10
1.0949681496062993
20
0.1692359448818898
11
1.0963840551181101
21
0.167287125984252
0
LINE
8
BLACK
6
CONTINUOUS
10
1.0963840551181101
20
0.167287125984252
11
1.0965748031496063
21
0.1660826771653543
0
LINE
8
BLACK
6
CONTINUOUS
10
1.0965748031496063
20
0.1660826771653543
11
1.0965748031496063
21
0.1412279133858268
0
LINE
8
BLACK
6
CONTINUOUS
10
1.0965748031496063
20
0.1412279133858268
11
1.0958304330708661
21
0.1389369291338583
0
LINE
8
BLACK
6
CONTINUOUS
10
1.0958304330708661
20
0.1389369291338583
11
1.0938816141732284
21
0.1375210236220472
0
LINE
8
BLACK
6
CONTINUOUS
10
1.0938816141732284
20
0.1375210236220472
11
1.0934374803149607
21
0.137405157480315
0
LINE
8
BLACK
6
CONTINUOUS
10
1.0934374803149607
20
0.137405157480315
11
1.0921338188976377
21
0.1371458267716535
0
LINE
8
BLACK
6
CONTINUOUS
10
1.0921338188976377
20
0.1371458267716535
11
1.0910905118110237
21
0.1369383464566929
0
LINE
8
BLACK
6
CONTINUOUS
10
1.0910905118110237
20
0.1369383464566929
11
1.0910904724409449
21
0.1369383070866142
0
LINE
8
BLACK
6
CONTINUOUS
10
1.0910904724409449
20
0.1369383070866142
11
1.0910904330708662
21
0.1369383070866142
0
LINE
8
BLACK
6
CONTINUOUS
10
1.0910904330708662
20
0.1369383070866142
11
1.0883058661417322
21
0.1350776771653543
0
LINE
8
BLACK
6
CONTINUOUS
10
1.0883058661417322
20
0.1350776771653543
11
1.0877762204724408
21
0.134723779527559
0
LINE
8
BLACK
6
CONTINUOUS
10
1.0877762204724408
20
0.134723779527559
11
1.085561653543307
21
0.1314094881889764
0
LINE
8
BLACK
6
CONTINUOUS
10
1.085561653543307
20
0.1314094881889764
11
1.0852538976377952
21
0.1298622047244095
0
LINE
8
BLACK
6
CONTINUOUS
10
1.0852538976377952
20
0.1298622047244095
11
1.0849803149606299
21
0.1284868897637795
0
LINE
8
BLACK
6
CONTINUOUS
10
1.0849803149606299
20
0.1284868897637795
11
1.0849803149606299
21
0.1198228346456693
0
LINE
8
BLACK
6
CONTINUOUS
10
1.0849803149606299
20
0.1198228346456693
11
1.0842359448818897
21
0.1175318503937008
0
LINE
8
BLACK
6
CONTINUOUS
10
1.0842359448818897
20
0.1175318503937008
11
1.0822871259842519
21
0.1161159448818898
0
LINE
8
BLACK
6
CONTINUOUS
10
1.0822871259842519
20
0.1161159448818898
11
1.0810826771653543
21
0.1159251968503937
0
LINE
8
BLACK
6
CONTINUOUS
10
1.0810826771653543
20
0.1159251968503937
11
1.0589172834645668
21
0.1159251968503937
0
LINE
8
BLACK
6
CONTINUOUS
10
1.0589172834645668
20
0.1159251968503937
11
1.0566262992125983
21
0.1166695669291339
0
LINE
8
BLACK
6
CONTINUOUS
10
1.0566262992125983
20
0.1166695669291339
11
1.0552103937007873
21
0.1186183858267716
0
LINE
8
BLACK
6
CONTINUOUS
10
1.0552103937007873
20
0.1186183858267716
11
1.0550196456692913
21
0.1198228346456693
0
LINE
8
BLACK
6
CONTINUOUS
10
1.0550196456692913
20
0.1198228346456693
11
1.0550196456692913
21
0.1284867322834646
0
LINE
8
BLACK
6
CONTINUOUS
10
1.0550196456692913
20
0.1284867322834646
11
1.0550196062992125
21
0.1284868897637795
0
LINE
8
BLACK
6
CONTINUOUS
10
1.0550196062992125
20
0.1284868897637795
11
1.0544383464566929
21
0.1314094881889764
0
LINE
8
BLACK
6
CONTINUOUS
10
1.0544383464566929
20
0.1314094881889764
11
1.0522237795275591
21
0.134723779527559
0
LINE
8
BLACK
6
CONTINUOUS
10
1.0522237795275591
20
0.134723779527559
11
1.0489094881889764
21
0.1369383464566929
0
LINE
8
BLACK
6
CONTINUOUS
10
1.0489094881889764
20
0.1369383464566929
11
1.0459868897637794
21
0.1375196850393701
0
LINE
8
BLACK
6
CONTINUOUS
10
1.0459868897637794
20
0.1375196850393701
11
1.0090131496062993
21
0.1375196456692913
0
LINE
8
BLACK
6
CONTINUOUS
10
1.0090131496062993
20
0.1375196456692913
11
1.0090129527559055
21
0.1375196062992126
0
LINE
8
BLACK
6
CONTINUOUS
10
1.0090129527559055
20
0.1375196062992126
11
1.0060905118110235
21
0.1369383464566929
0
LINE
8
BLACK
6
CONTINUOUS
10
1.0060905118110235
20
0.1369383464566929
11
1.0060904330708662
21
0.1369383070866142
0
LINE
8
BLACK
6
CONTINUOUS
10
1.0060904330708662
20
0.1369383070866142
11
1.0033058661417322
21
0.1350776771653543
0
LINE
8
BLACK
6
CONTINUOUS
10
1.0033058661417322
20
0.1350776771653543
11
1.0027762204724409
21
0.134723779527559
0
LINE
8
BLACK
6
CONTINUOUS
10
1.0027762204724409
20
0.134723779527559
11
1.0005616535433071
21
0.1314094881889764
0
LINE
8
BLACK
6
CONTINUOUS
10
1.0005616535433071
20
0.1314094881889764
11
1.0002538976377953
21
0.1298622047244095
0
LINE
8
BLACK
6
CONTINUOUS
10
1.0002538976377953
20
0.1298622047244095
11
0.9999803149606299
21
0.1284868503937008
0
LINE
8
BLACK
6
CONTINUOUS
10
0.9999803149606299
20
0.1284868503937008
11
0.9999803149606299
21
0.0715132283464567
0
LINE
8
BLACK
6
CONTINUOUS
10
0.9999803149606299
20
0.0715132283464567
11
0.9999803543307086
21
0.0715129527559055
0
LINE
8
BLACK
6
CONTINUOUS
10
0.9999803543307086
20
0.0715129527559055
11
1.0005616141732283
21
0.0685905118110236
0
LINE
8
BLACK
6
CONTINUOUS
10
1.0005616141732283
20
0.0685905118110236
11
1.0005616535433071
21
0.0685904330708661
0
LINE
8
BLACK
6
CONTINUOUS
10
1.0005616535433071
20
0.0685904330708661
11
1.0027761023622046
21
0.0652763385826772
0
LINE
8
BLACK
6
CONTINUOUS
10
1.0027761023622046
20
0.0652763385826772
11
1.0027762992125984
21
0.0652761417322835
0
LINE
8
BLACK
6
CONTINUOUS
10
1.0027762992125984
20
0.0652761417322835
11
1.0049857480314961
21
0.063799842519685
0
LINE
8
BLACK
6
CONTINUOUS
10
1.0049857480314961
20
0.063799842519685
11
1.0060905118110235
21
0.0630616535433071
0
LINE
8
BLACK
6
CONTINUOUS
10
1.0060905118110235
20
0.0630616535433071
11
1.0090131102362205
21
0.0624803149606299
0
LINE
8
BLACK
6
CONTINUOUS
10
1.0090131102362205
20
0.0624803149606299
11
1.0459867322834646
21
0.0624803149606299
0
LINE
8
BLACK
6
CONTINUOUS
10
1.0459867322834646
20
0.0624803149606299
11
1.0459870078740157
21
0.0624803543307087
0
LINE
8
BLACK
6
CONTINUOUS
10
1.0459870078740157
20
0.0624803543307087
11
1.0489094488188977
21
0.0630616141732284
0
LINE
8
BLACK
6
CONTINUOUS
10
1.0489094488188977
20
0.0630616141732284
11
1.0489095275590552
21
0.0630616535433071
0
LINE
8
BLACK
6
CONTINUOUS
10
1.0489095275590552
20
0.0630616535433071
11
1.0522236220472441
21
0.0652761023622047
0
LINE
8
BLACK
6
CONTINUOUS
10
1.0522236220472441
20
0.0652761023622047
11
1.0522236614173228
21
0.0652761417322835
0
LINE
8
BLACK
6
CONTINUOUS
10
1.0522236614173228
20
0.0652761417322835
11
1.0522237795275591
21
0.0652762204724409
0
LINE
8
BLACK
6
CONTINUOUS
10
1.0522237795275591
20
0.0652762204724409
11
1.0544383464566929
21
0.0685905118110236
0
LINE
8
BLACK
6
CONTINUOUS
10
1.0544383464566929
20
0.0685905118110236
11
1.05501968503937
21
0.0715131102362205
0
LINE
8
BLACK
6
CONTINUOUS
10
1.05501968503937
20
0.0715131102362205
11
1.05501968503937
21
0.0801771653543307
0
LINE
8
BLACK
6
CONTINUOUS
10
1.05501968503937
20
0.0801771653543307
11
1.0557640551181102
21
0.0824681496062992
0
LINE
8
BLACK
6
CONTINUOUS
10
1.0557640551181102
20
0.0824681496062992
11
1.057712874015748
21
0.0838840551181102
0
LINE
8
BLACK
6
CONTINUOUS
10
1.057712874015748
20
0.0838840551181102
11
1.0589173228346456
21
0.0840748031496063
0
LINE
8
BLACK
6
CONTINUOUS
10
1.0589173228346456
20
0.0840748031496063
11
1.0810827165354331
21
0.0840748031496063
0
LINE
8
BLACK
6
CONTINUOUS
10
1.0810827165354331
20
0.0840748031496063
11
1.0833737007874016
21
0.0833304330708661
0
LINE
8
BLACK
6
CONTINUOUS
10
1.0833737007874016
20
0.0833304330708661
11
1.0847896062992126
21
0.0813816141732283
0
LINE
8
BLACK
6
CONTINUOUS
10
1.0847896062992126
20
0.0813816141732283
11
1.0849803543307086
21
0.0801771653543307
0
LINE
8
BLACK
6
CONTINUOUS
10
1.0849803543307086
20
0.0801771653543307
11
1.0849803543307086
21
0.0715129527559055
0
LINE
8
BLACK
6
CONTINUOUS
10
1.0849803543307086
20
0.0715129527559055
11
1.0855616141732283
21
0.0685905118110236
0
LINE
8
BLACK
6
CONTINUOUS
10
1.0855616141732283
20
0.0685905118110236
11
1.085561653543307
21
0.0685904330708661
0
LINE
8
BLACK
6
CONTINUOUS
10
1.085561653543307
20
0.0685904330708661
11
1.0877761023622048
21
0.0652763385826772
0
LINE
8
BLACK
6
CONTINUOUS
10
1.0877761023622048
20
0.0652763385826772
11
1.0877762992125983
21
0.0652761417322835
0
LINE
8
BLACK
6
CONTINUOUS
10
1.0877762992125983
20
0.0652761417322835
11
1.0899857480314961
21
0.063799842519685
0
LINE
8
BLACK
6
CONTINUOUS
10
1.0899857480314961
20
0.063799842519685
11
1.0910905118110237
21
0.0630616535433071
0
LINE
8
BLACK
6
CONTINUOUS
10
1.0910905118110237
20
0.0630616535433071
11
1.0940131102362205
21
0.0624803149606299
0
LINE
8
BLACK
6
CONTINUOUS
10
1.0940131102362205
20
0.0624803149606299
11
1.1309867322834646
21
0.0624803149606299
0
LINE
8
BLACK
6
CONTINUOUS
10
1.1309867322834646
20
0.0624803149606299
11
1.1309870078740156
21
0.0624803543307087
0
LINE
8
BLACK
6
CONTINUOUS
10
1.1309870078740156
20
0.0624803543307087
11
1.1339094488188977
21
0.0630616141732284
0
LINE
8
BLACK
6
CONTINUOUS
10
1.1339094488188977
20
0.0630616141732284
11
1.1339095275590552
21
0.0630616535433071
0
LINE
8
BLACK
6
CONTINUOUS
10
1.1339095275590552
20
0.0630616535433071
11
1.137223622047244
21
0.0652761023622047
0
LINE
8
BLACK
6
CONTINUOUS
10
1.137223622047244
20
0.0652761023622047
11
1.1372236614173228
21
0.0652761417322835
0
LINE
8
BLACK
6
CONTINUOUS
10
1.1372236614173228
20
0.0652761417322835
11
1.137223779527559
21
0.0652762204724409
0
LINE
8
BLACK
6
CONTINUOUS
10
1.137223779527559
20
0.0652762204724409
11
1.1394383464566928
21
0.0685905118110236
0
LINE
8
BLACK
6
CONTINUOUS
10
1.1394383464566928
20
0.0685905118110236
11
1.14001968503937
21
0.0715131102362205
0
LINE
8
BLACK
6
CONTINUOUS
10
1.14001968503937
20
0.0715131102362205
11
1.1400196456692913
21
0.1284868503937008
0
LINE
8
BLACK
6
CONTINUOUS
10
1.1400196456692913
20
0.1284868503937008
11
1.1394383464566928
21
0.1314094881889764
0
LINE
8
BLACK
6
CONTINUOUS
10
1.1394383464566928
20
0.1314094881889764
11
1.137223779527559
21
0.134723779527559
0
LINE
8
BLACK
6
CONTINUOUS
10
1.137223779527559
20
0.134723779527559
11
1.1339094881889764
21
0.1369383464566929
0
LINE
8
BLACK
6
CONTINUOUS
10
1.1339094881889764
20
0.1369383464566929
11
1.1315623622047244
21
0.1374051968503937
0
LINE
8
BLACK
6
CONTINUOUS
10
1.1315623622047244
20
0.1374051968503937
11
1.1294607086614172
21
0.1385821653543307
0
LINE
8
BLACK
6
CONTINUOUS
10
1.1294607086614172
20
0.1385821653543307
11
1.1284522047244094
21
0.1407697637795275
0
LINE
8
BLACK
6
CONTINUOUS
10
1.1284522047244094
20
0.1407697637795275
11
1.1284251968503938
21
0.1412279133858268
0
LINE
8
BLACK
6
CONTINUOUS
10
1.1284251968503938
20
0.1412279133858268
11
1.1284251968503938
21
0.1733918503937008
0
LINE
8
BLACK
6
CONTINUOUS
10
1.1284251968503938
20
0.1733918503937008
11
1.1290820472440946
21
0.1755572047244094
0
LINE
8
BLACK
6
CONTINUOUS
10
1.1290820472440946
20
0.1755572047244094
11
1.1294383070866141
21
0.1760903937007874
0
LINE
8
BLACK
6
CONTINUOUS
10
1.1294383070866141
20
0.1760903937007874
11
1.1294383464566928
21
0.1760904724409449
0
LINE
8
BLACK
6
CONTINUOUS
10
1.1294383464566928
20
0.1760904724409449
11
1.1300196456692913
21
0.1790129921259843
0
LINE
8
BLACK
6
CONTINUOUS
10
1.1300196456692913
20
0.1790129921259843
11
1.13001968503937
21
0.1790131102362205
0
LINE
8
BLACK
6
CONTINUOUS
10
1.13001968503937
20
0.1790131102362205
11
1.1300196456692913
21
0.2409868503937008
0
LINE
8
BLACK
6
CONTINUOUS
10
1.1300196456692913
20
0.2409868503937008
11
1.129663779527559
21
0.2427761417322835
0
LINE
8
BLACK
6
CONTINUOUS
10
1.129663779527559
20
0.2427761417322835
11
1.1295175590551181
21
0.2435112992125984
0
LINE
8
BLACK
6
CONTINUOUS
10
1.1295175590551181
20
0.2435112992125984
11
1.1298007086614172
21
0.2459034645669291
0
LINE
8
BLACK
6
CONTINUOUS
10
1.1298007086614172
20
0.2459034645669291
11
1.1314359055118111
21
0.2476723228346457
0
LINE
8
BLACK
6
CONTINUOUS
10
1.1314359055118111
20
0.2476723228346457
11
1.1333403149606298
21
0.2481692519685039
0
LINE
8
BLACK
6
CONTINUOUS
10
1.1333403149606298
20
0.2481692519685039
11
1.14665968503937
21
0.2481692519685039
0
LINE
8
BLACK
6
CONTINUOUS
10
1.14665968503937
20
0.2481692519685039
11
1.1489506692913385
21
0.2474248818897638
0
LINE
8
BLACK
6
CONTINUOUS
10
1.1489506692913385
20
0.2474248818897638
11
1.1503665748031495
21
0.245476062992126
0
LINE
8
BLACK
6
CONTINUOUS
10
1.1503665748031495
20
0.245476062992126
11
1.1504824409448819
21
0.2435112992125984
0
LINE
8
BLACK
6
CONTINUOUS
10
1.1504824409448819
20
0.2435112992125984
11
1.1503603149606298
21
0.2428972440944882
0
LINE
8
BLACK
6
CONTINUOUS
10
1.1503603149606298
20
0.2428972440944882
11
1.1499803149606298
21
0.240986968503937
0
LINE
8
BLACK
6
CONTINUOUS
10
1.1499803149606298
20
0.240986968503937
11
1.1499803149606298
21
0.1790132283464567
0
LINE
8
BLACK
6
CONTINUOUS
10
1.1499803149606298
20
0.1790132283464567
11
1.1499803543307086
21
0.1790129527559055
0
LINE
8
BLACK
6
CONTINUOUS
10
1.1499803543307086
20
0.1790129527559055
11
1.1505616141732282
21
0.1760905118110236
0
LINE
8
BLACK
6
CONTINUOUS
10
1.1505616141732282
20
0.1760905118110236
11
1.150561653543307
21
0.1760904330708661
0
LINE
8
BLACK
6
CONTINUOUS
10
1.150561653543307
20
0.1760904330708661
11
1.1527761023622047
21
0.1727763385826772
0
LINE
8
BLACK
6
CONTINUOUS
10
1.1527761023622047
20
0.1727763385826772
11
1.1527762992125985
21
0.1727761417322835
0
LINE
8
BLACK
6
CONTINUOUS
10
1.1527762992125985
20
0.1727761417322835
11
1.154985748031496
21
0.171299842519685
0
LINE
8
BLACK
6
CONTINUOUS
10
1.154985748031496
20
0.171299842519685
11
1.1560905118110236
21
0.1705616535433071
0
LINE
8
BLACK
6
CONTINUOUS
10
1.1560905118110236
20
0.1705616535433071
11
1.1584317322834645
21
0.1700959448818898
0
LINE
8
BLACK
6
CONTINUOUS
10
1.1584317322834645
20
0.1700959448818898
11
1.1590130708661417
21
0.1699803149606299
0
LINE
8
BLACK
6
CONTINUOUS
10
1.1590130708661417
20
0.1699803149606299
11
1.1590131102362204
21
0.1699803149606299
0
LINE
8
BLACK
6
CONTINUOUS
10
1.1590131102362204
20
0.1699803149606299
11
1.1701771653543307
21
0.1699803149606299
0
LINE
8
BLACK
6
CONTINUOUS
10
1.1701771653543307
20
0.1699803149606299
11
1.1724681496062992
21
0.1692359448818898
0
LINE
8
BLACK
6
CONTINUOUS
10
1.1724681496062992
20
0.1692359448818898
11
1.1738840551181102
21
0.167287125984252
0
LINE
8
BLACK
6
CONTINUOUS
10
1.1738840551181102
20
0.167287125984252
11
1.1740333070866142
21
0.1663446062992126
0
LINE
8
BLACK
6
CONTINUOUS
10
1.1740333070866142
20
0.1663446062992126
11
1.1740414566929134
21
0.1663457086614173
0
LINE
8
BLACK
6
CONTINUOUS
10
1.1740414566929134
20
0.1663457086614173
11
1.1740747637795275
21
0.1660924803149606
0
LINE
8
BLACK
6
CONTINUOUS
10
1.1740747637795275
20
0.1660924803149606
11
1.1751601181102362
21
0.1620418897637795
0
LINE
8
BLACK
6
CONTINUOUS
10
1.1751601181102362
20
0.1620418897637795
11
1.1772565354330708
21
0.1584108267716536
0
LINE
8
BLACK
6
CONTINUOUS
10
1.1772565354330708
20
0.1584108267716536
11
1.2918163779527558
21
0.0438509842519685
0
LINE
8
BLACK
6
CONTINUOUS
10
1.2918163779527558
20
0.0438509842519685
11
1.2954474803149607
21
0.0417545669291339
0
LINE
8
BLACK
6
CONTINUOUS
10
1.2954474803149607
20
0.0417545669291339
11
1.2954474015748032
21
0.0417545669291339
0
LINE
8
BLACK
6
CONTINUOUS
10
1.2954474015748032
20
0.0417545669291339
11
1.2975998425196851
21
0.0411778346456693
0
LINE
8
BLACK
6
CONTINUOUS
10
1.2975998425196851
20
0.0411778346456693
11
1.2994979527559054
21
0.0406692519685039
0
LINE
8
BLACK
6
CONTINUOUS
10
1.2994979527559054
20
0.0406692519685039
11
1.2994980314960629
21
0.0406692519685039
0
LINE
8
BLACK
6
CONTINUOUS
10
1.2994980314960629
20
0.0406692519685039
11
1.4155019685039369
21
0.0406692519685039
0
LINE
8
BLACK
6
CONTINUOUS
10
1.4155019685039369
20
0.0406692519685039
11
1.4155020472440945
21
0.0406692519685039
0
LINE
8
BLACK
6
CONTINUOUS
10
1.4155020472440945
20
0.0406692519685039
11
1.4195523622047244
21
0.0417545275590551
0
LINE
8
BLACK
6
CONTINUOUS
10
1.4195523622047244
20
0.0417545275590551
11
1.4195525196850394
21
0.0417545669291339
0
LINE
8
BLACK
6
CONTINUOUS
10
1.4195525196850394
20
0.0417545669291339
11
1.4231835826771653
21
0.0438509842519685
0
LINE
8
BLACK
6
CONTINUOUS
10
1.4231835826771653
20
0.0438509842519685
11
1.423183779527559
21
0.0438511417322835
0
LINE
8
BLACK
6
CONTINUOUS
10
1.423183779527559
20
0.0438511417322835
11
1.4302432283464566
21
0.0509105511811024
0
LINE
8
BLACK
6
CONTINUOUS
10
1.4302432283464566
20
0.0509105511811024
11
1.4302433464566928
21
0.0509106692913386
0
LINE
8
BLACK
6
CONTINUOUS
10
1.4302433464566928
20
0.0509106692913386
11
1.4323399212598424
21
0.0545420866141732
0
LINE
8
BLACK
6
CONTINUOUS
10
1.4323399212598424
20
0.0545420866141732
11
1.4334251968503937
21
0.0585924015748031
0
LINE
8
BLACK
6
CONTINUOUS
10
1.4334251968503937
20
0.0585924015748031
11
1.4334251968503937
21
0.0587720472440945
0
LINE
8
BLACK
6
CONTINUOUS
10
1.4334251968503937
20
0.0587720472440945
11
1.4341695669291339
21
0.061063031496063
0
LINE
8
BLACK
6
CONTINUOUS
10
1.4341695669291339
20
0.061063031496063
11
1.4361183858267716
21
0.062478937007874
0
LINE
8
BLACK
6
CONTINUOUS
10
1.4361183858267716
20
0.062478937007874
11
1.4365624409448818
21
0.0625948031496063
0
LINE
8
BLACK
6
CONTINUOUS
10
1.4365624409448818
20
0.0625948031496063
11
1.4389094488188976
21
0.0630616141732284
0
LINE
8
BLACK
6
CONTINUOUS
10
1.4389094488188976
20
0.0630616141732284
11
1.4389095275590551
21
0.0630616535433071
0
LINE
8
BLACK
6
CONTINUOUS
10
1.4389095275590551
20
0.0630616535433071
11
1.442223622047244
21
0.0652761023622047
0
LINE
8
BLACK
6
CONTINUOUS
10
1.442223622047244
20
0.0652761023622047
11
1.4422236614173227
21
0.0652761417322835
0
LINE
8
BLACK
6
CONTINUOUS
10
1.4422236614173227
20
0.0652761417322835
11
1.442223779527559
21
0.0652762204724409
0
LINE
8
BLACK
6
CONTINUOUS
10
1.442223779527559
20
0.0652762204724409
11
1.4444383464566928
21
0.0685905118110236
0
LINE
8
BLACK
6
CONTINUOUS
10
1.4444383464566928
20
0.0685905118110236
11
1.4450196850393699
21
0.0715131102362205
0
LINE
8
BLACK
6
CONTINUOUS
10
1.4450196850393699
20
0.0715131102362205
11
1.4450196850393699
21
0.0801771653543307
0
LINE
8
BLACK
6
CONTINUOUS
10
1.4450196850393699
20
0.0801771653543307
11
1.4457640551181101
21
0.0824681496062992
0
LINE
8
BLACK
6
CONTINUOUS
10
1.4457640551181101
20
0.0824681496062992
11
1.4477128740157481
21
0.0838840551181102
0
LINE
8
BLACK
6
CONTINUOUS
10
1.4477128740157481
20
0.0838840551181102
11
1.4489173228346457
21
0.0840748031496063
0
LINE
8
BLACK
6
CONTINUOUS
10
1.4489173228346457
20
0.0840748031496063
11
1.471082716535433
21
0.0840748031496063
0
LINE
8
BLACK
6
CONTINUOUS
10
1.471082716535433
20
0.0840748031496063
11
1.4733737007874015
21
0.0833304330708661
0
LINE
8
BLACK
6
CONTINUOUS
10
1.4733737007874015
20
0.0833304330708661
11
1.4747896062992125
21
0.0813816141732283
0
LINE
8
BLACK
6
CONTINUOUS
10
1.4747896062992125
20
0.0813816141732283
11
1.4749803543307087
21
0.0801771653543307
0
LINE
8
BLACK
6
CONTINUOUS
10
1.4749803543307087
20
0.0801771653543307
11
1.4749803543307087
21
0.0715129527559055
0
LINE
8
BLACK
6
CONTINUOUS
10
1.4749803543307087
20
0.0715129527559055
11
1.4755616141732284
21
0.0685905118110236
0
LINE
8
BLACK
6
CONTINUOUS
10
1.4755616141732284
20
0.0685905118110236
11
1.4755616535433072
21
0.0685904330708661
0
LINE
8
BLACK
6
CONTINUOUS
10
1.4755616535433072
20
0.0685904330708661
11
1.4777761023622047
21
0.0652763385826772
0
LINE
8
BLACK
6
CONTINUOUS
10
1.4777761023622047
20
0.0652763385826772
11
1.4777762992125985
21
0.0652761417322835
0
LINE
8
BLACK
6
CONTINUOUS
10
1.4777762992125985
20
0.0652761417322835
11
1.479985748031496
21
0.063799842519685
0
LINE
8
BLACK
6
CONTINUOUS
10
1.479985748031496
20
0.063799842519685
11
1.4810905118110236
21
0.0630616535433071
0
LINE
8
BLACK
6
CONTINUOUS
10
1.4810905118110236
20
0.0630616535433071
11
1.4840131102362204
21
0.0624803149606299
0
LINE
8
BLACK
6
CONTINUOUS
10
1.4840131102362204
20
0.0624803149606299
11
1.5209867322834645
21
0.0624803149606299
0
LINE
8
BLACK
6
CONTINUOUS
10
1.5209867322834645
20
0.0624803149606299
11
1.5209870078740158
21
0.0624803543307087
0
LINE
8
BLACK
6
CONTINUOUS
10
1.5209870078740158
20
0.0624803543307087
11
1.5239094488188976
21
0.0630616141732284
0
LINE
8
BLACK
6
CONTINUOUS
10
1.5239094488188976
20
0.0630616141732284
11
1.5239095275590551
21
0.0630616535433071
0
LINE
8
BLACK
6
CONTINUOUS
10
1.5239095275590551
20
0.0630616535433071
11
1.5272236220472442
21
0.0652761023622047
0
LINE
8
BLACK
6
CONTINUOUS
10
1.5272236220472442
20
0.0652761023622047
11
1.5272236614173229
21
0.0652761417322835
0
LINE
8
BLACK
6
CONTINUOUS
10
1.5272236614173229
20
0.0652761417322835
11
1.5272237795275589
21
0.0652762204724409
0
LINE
8
BLACK
6
CONTINUOUS
10
1.5272237795275589
20
0.0652762204724409
11
1.529438346456693
21
0.0685905118110236
0
LINE
8
BLACK
6
CONTINUOUS
10
1.529438346456693
20
0.0685905118110236
11
1.5300196850393701
21
0.0715131102362205
0
LINE
8
BLACK
6
CONTINUOUS
10
1.5300196850393701
20
0.0715131102362205
11
1.5300196456692914
21
0.1284868503937008
0
LINE
8
BLACK
6
CONTINUOUS
10
1.5300196456692914
20
0.1284868503937008
11
1.529438346456693
21
0.1314094881889764
0
LINE
8
BLACK
6
CONTINUOUS
10
1.529438346456693
20
0.1314094881889764
11
1.5272237795275589
21
0.134723779527559
0
LINE
8
BLACK
6
CONTINUOUS
10
1.5272237795275589
20
0.134723779527559
11
1.5239094881889763
21
0.1369383464566929
0
LINE
8
BLACK
6
CONTINUOUS
10
1.5239094881889763
20
0.1369383464566929
11
1.5209868897637795
21
0.1375196850393701
0
LINE
8
BLACK
6
CONTINUOUS
10
1.5209868897637795
20
0.1375196850393701
11
1.4840131496062992
21
0.1375196456692913
0
LINE
8
BLACK
6
CONTINUOUS
10
1.4840131496062992
20
0.1375196456692913
11
1.4840129527559054
21
0.1375196062992126
0
LINE
8
BLACK
6
CONTINUOUS
10
1.4840129527559054
20
0.1375196062992126
11
1.4810905118110236
21
0.1369383464566929
0
LINE
8
BLACK
6
CONTINUOUS
10
1.4810905118110236
20
0.1369383464566929
11
1.4810904330708661
21
0.1369383070866142
0
LINE
8
BLACK
6
CONTINUOUS
10
1.4810904330708661
20
0.1369383070866142
11
1.4783058661417323
21
0.1350776771653543
0
LINE
8
BLACK
6
CONTINUOUS
10
1.4783058661417323
20
0.1350776771653543
11
1.4777762204724409
21
0.134723779527559
0
LINE
8
BLACK
6
CONTINUOUS
10
1.4777762204724409
20
0.134723779527559
11
1.4755616535433072
21
0.1314094881889764
0
LINE
8
BLACK
6
CONTINUOUS
10
1.4755616535433072
20
0.1314094881889764
11
1.4752538976377954
21
0.1298622047244095
0
LINE
8
BLACK
6
CONTINUOUS
10
1.4752538976377954
20
0.1298622047244095
11
1.47498031496063
21
0.1284868897637795
0
LINE
8
BLACK
6
CONTINUOUS
10
1.47498031496063
20
0.1284868897637795
11
1.47498031496063
21
0.1198228346456693
0
LINE
8
BLACK
6
CONTINUOUS
10
1.47498031496063
20
0.1198228346456693
11
1.4742359448818898
21
0.1175318503937008
0
LINE
8
BLACK
6
CONTINUOUS
10
1.4742359448818898
20
0.1175318503937008
11
1.472287125984252
21
0.1161159448818898
0
LINE
8
BLACK
6
CONTINUOUS
10
1.472287125984252
20
0.1161159448818898
11
1.4710826771653542
21
0.1159251968503937
0
LINE
8
BLACK
6
CONTINUOUS
10
1.4710826771653542
20
0.1159251968503937
11
1.4489172834645669
21
0.1159251968503937
0
LINE
8
BLACK
6
CONTINUOUS
10
1.4489172834645669
20
0.1159251968503937
11
1.4466262992125984
21
0.1166695669291339
0
LINE
8
BLACK
6
CONTINUOUS
10
1.4466262992125984
20
0.1166695669291339
11
1.4452103937007874
21
0.1186183858267716
0
LINE
8
BLACK
6
CONTINUOUS
10
1.4452103937007874
20
0.1186183858267716
11
1.4450196456692912
21
0.1198228346456693
0
LINE
8
BLACK
6
CONTINUOUS
10
1.4450196456692912
20
0.1198228346456693
11
1.4450196456692912
21
0.1284867322834646
0
LINE
8
BLACK
6
CONTINUOUS
10
1.4450196456692912
20
0.1284867322834646
11
1.4450196062992127
21
0.1284868897637795
0
LINE
8
BLACK
6
CONTINUOUS
10
1.4450196062992127
20
0.1284868897637795
11
1.4444383464566928
21
0.1314094881889764
0
LINE
8
BLACK
6
CONTINUOUS
10
1.4444383464566928
20
0.1314094881889764
11
1.442223779527559
21
0.134723779527559
0
LINE
8
BLACK
6
CONTINUOUS
10
1.442223779527559
20
0.134723779527559
11
1.4389094881889763
21
0.1369383464566929
0
LINE
8
BLACK
6
CONTINUOUS
10
1.4389094881889763
20
0.1369383464566929
11
1.4359868897637795
21
0.1375196850393701
0
LINE
8
BLACK
6
CONTINUOUS
10
1.4359868897637795
20
0.1375196850393701
11
1.3990131496062992
21
0.1375196456692913
0
LINE
8
BLACK
6
CONTINUOUS
10
1.3990131496062992
20
0.1375196456692913
11
1.3990129527559054
21
0.1375196062992126
0
LINE
8
BLACK
6
CONTINUOUS
10
1.3990129527559054
20
0.1375196062992126
11
1.3960905118110236
21
0.1369383464566929
0
LINE
8
BLACK
6
CONTINUOUS
10
1.3960905118110236
20
0.1369383464566929
11
1.3960904330708661
21
0.1369383070866142
0
LINE
8
BLACK
6
CONTINUOUS
10
1.3960904330708661
20
0.1369383070866142
11
1.3933058661417324
21
0.1350776771653543
0
LINE
8
BLACK
6
CONTINUOUS
10
1.3933058661417324
20
0.1350776771653543
11
1.392776220472441
21
0.134723779527559
0
LINE
8
BLACK
6
CONTINUOUS
10
1.392776220472441
20
0.134723779527559
11
1.390561653543307
21
0.1314094881889764
0
LINE
8
BLACK
6
CONTINUOUS
10
1.390561653543307
20
0.1314094881889764
11
1.3902538976377952
21
0.1298622047244095
0
LINE
8
BLACK
6
CONTINUOUS
10
1.3902538976377952
20
0.1298622047244095
11
1.3899803149606298
21
0.1284868503937008
0
LINE
8
BLACK
6
CONTINUOUS
10
1.3899803149606298
20
0.1284868503937008
11
1.3899803543307085
21
0.0764172834645669
0
LINE
8
BLACK
6
CONTINUOUS
10
1.3899803543307085
20
0.0764172834645669
11
1.3892359842519684
21
0.0741262992125984
0
LINE
8
BLACK
6
CONTINUOUS
10
1.3892359842519684
20
0.0741262992125984
11
1.3872871653543306
21
0.0727103937007874
0
LINE
8
BLACK
6
CONTINUOUS
10
1.3872871653543306
20
0.0727103937007874
11
1.386082716535433
21
0.0725196456692913
0
LINE
8
BLACK
6
CONTINUOUS
10
1.386082716535433
20
0.0725196456692913
11
1.3739173228346457
21
0.0725196456692913
0
LINE
8
BLACK
6
CONTINUOUS
10
1.3739173228346457
20
0.0725196456692913
11
1.3716263385826772
21
0.0732640157480315
0
LINE
8
BLACK
6
CONTINUOUS
10
1.3716263385826772
20
0.0732640157480315
11
1.3702104330708662
21
0.0752128346456693
0
LINE
8
BLACK
6
CONTINUOUS
10
1.3702104330708662
20
0.0752128346456693
11
1.37001968503937
21
0.0764172834645669
0
LINE
8
BLACK
6
CONTINUOUS
10
1.37001968503937
20
0.0764172834645669
11
1.3700196456692912
21
0.1284867322834646
0
LINE
8
BLACK
6
CONTINUOUS
10
1.3700196456692912
20
0.1284867322834646
11
1.3700196062992125
21
0.1284868897637795
0
LINE
8
BLACK
6
CONTINUOUS
10
1.3700196062992125
20
0.1284868897637795
11
1.3694383464566928
21
0.1314094881889764
0
LINE
8
BLACK
6
CONTINUOUS
10
1.3694383464566928
20
0.1314094881889764
11
1.367223779527559
21
0.134723779527559
0
LINE
8
BLACK
6
CONTINUOUS
10
1.367223779527559
20
0.134723779527559
11
1.3639094881889764
21
0.1369383464566929
0
LINE
8
BLACK
6
CONTINUOUS
10
1.3639094881889764
20
0.1369383464566929
11
1.3615623622047244
21
0.1374051968503937
0
LINE
8
BLACK
6
CONTINUOUS
10
1.3615623622047244
20
0.1374051968503937
11
1.3594607086614172
21
0.1385821653543307
0
LINE
8
BLACK
6
CONTINUOUS
10
1.3594607086614172
20
0.1385821653543307
11
1.3584522047244094
21
0.1407697637795275
0
LINE
8
BLACK
6
CONTINUOUS
10
1.3584522047244094
20
0.1407697637795275
11
1.3584251968503938
21
0.1412279133858268
0
LINE
8
BLACK
6
CONTINUOUS
10
1.3584251968503938
20
0.1412279133858268
11
1.3584251968503938
21
0.1717890551181102
0
LINE
8
BLACK
6
CONTINUOUS
10
1.3584251968503938
20
0.1717890551181102
11
1.3591695669291339
21
0.1740800393700787
0
LINE
8
BLACK
6
CONTINUOUS
10
1.3591695669291339
20
0.1740800393700787
11
1.3595667716535433
21
0.1745450787401575
0
LINE
8
BLACK
6
CONTINUOUS
10
1.3595667716535433
20
0.1745450787401575
11
1.3788603543307085
21
0.1938387007874016
0
LINE
8
BLACK
6
CONTINUOUS
10
1.3788603543307085
20
0.1938387007874016
11
1.3810066929133857
21
0.1949323228346457
0
LINE
8
BLACK
6
CONTINUOUS
10
1.3810066929133857
20
0.1949323228346457
11
1.3816164173228347
21
0.1949803149606299
0
LINE
8
BLACK
6
CONTINUOUS
10
1.3816164173228347
20
0.1949803149606299
11
1.4234867322834646
21
0.1949803149606299
0
LINE
8
BLACK
6
CONTINUOUS
10
1.4234867322834646
20
0.1949803149606299
11
1.4234870078740156
21
0.1949803543307086
0
LINE
8
BLACK
6
CONTINUOUS
10
1.4234870078740156
20
0.1949803543307086
11
1.4264094488188976
21
0.1955616141732283
0
LINE
8
BLACK
6
CONTINUOUS
10
1.4264094488188976
20
0.1955616141732283
11
1.4264095275590551
21
0.1955616535433071
0
LINE
8
BLACK
6
CONTINUOUS
10
1.4264095275590551
20
0.1955616535433071
11
1.429723622047244
21
0.1977761023622047
0
LINE
8
BLACK
6
CONTINUOUS
10
1.429723622047244
20
0.1977761023622047
11
1.429723779527559
21
0.197776220472441
0
LINE
8
BLACK
6
CONTINUOUS
10
1.429723779527559
20
0.197776220472441
11
1.4319383464566928
21
0.2010905118110236
0
LINE
8
BLACK
6
CONTINUOUS
10
1.4319383464566928
20
0.2010905118110236
11
1.43251968503937
21
0.2040131102362205
0
LINE
8
BLACK
6
CONTINUOUS
10
1.43251968503937
20
0.2040131102362205
11
1.4325196456692912
21
0.2409868503937008
0
LINE
8
BLACK
6
CONTINUOUS
10
1.4325196456692912
20
0.2409868503937008
11
1.432163779527559
21
0.2427761417322835
0
LINE
8
BLACK
6
CONTINUOUS
10
1.432163779527559
20
0.2427761417322835
11
1.4320175590551181
21
0.2435112992125984
0
LINE
8
BLACK
6
CONTINUOUS
10
1.4320175590551181
20
0.2435112992125984
11
1.4323007086614172
21
0.2459034645669291
0
LINE
8
BLACK
6
CONTINUOUS
10
1.4323007086614172
20
0.2459034645669291
11
1.433935905511811
21
0.2476723228346457
0
LINE
8
BLACK
6
CONTINUOUS
10
1.433935905511811
20
0.2476723228346457
11
1.4358403149606298
21
0.2481692519685039
0
LINE
8
BLACK
6
CONTINUOUS
10
1.4358403149606298
20
0.2481692519685039
11
1.4445962992125985
21
0.2481692519685039
0
LINE
8
BLACK
6
CONTINUOUS
10
1.4445962992125985
20
0.2481692519685039
11
1.446887283464567
21
0.2474248818897638
0
LINE
8
BLACK
6
CONTINUOUS
10
1.446887283464567
20
0.2474248818897638
11
1.4477426771653543
21
0.246339094488189
0
LINE
8
BLACK
6
CONTINUOUS
10
1.4477426771653543
20
0.246339094488189
11
1.4478483464566929
21
0.2464097244094488
0
LINE
8
BLACK
6
CONTINUOUS
10
1.4478483464566929
20
0.2464097244094488
11
1.4502761023622046
21
0.2427763385826772
0
LINE
8
BLACK
6
CONTINUOUS
10
1.4502761023622046
20
0.2427763385826772
11
1.4502762992125984
21
0.2427761417322835
0
LINE
8
BLACK
6
CONTINUOUS
10
1.4502762992125984
20
0.2427761417322835
11
1.4524857480314961
21
0.241299842519685
0
LINE
8
BLACK
6
CONTINUOUS
10
1.4524857480314961
20
0.241299842519685
11
1.4535905118110235
21
0.2405616535433071
0
LINE
8
BLACK
6
CONTINUOUS
10
1.4535905118110235
20
0.2405616535433071
11
1.4565131102362205
21
0.2399803149606299
0
LINE
8
BLACK
6
CONTINUOUS
10
1.4565131102362205
20
0.2399803149606299
11
1.5134867322834646
21
0.2399803149606299
0
LINE
8
BLACK
6
CONTINUOUS
10
1.5134867322834646
20
0.2399803149606299
11
1.5134870078740157
21
0.2399803543307087
0
LINE
8
BLACK
6
CONTINUOUS
10
1.5134870078740157
20
0.2399803543307087
11
1.5164094488188975
21
0.2405616141732283
0
LINE
8
BLACK
6
CONTINUOUS
10
1.5164094488188975
20
0.2405616141732283
11
1.516409527559055
21
0.2405616535433071
0
LINE
8
BLACK
6
CONTINUOUS
10
1.516409527559055
20
0.2405616535433071
11
1.5197236220472441
21
0.2427761023622047
0
LINE
8
BLACK
6
CONTINUOUS
10
1.5197236220472441
20
0.2427761023622047
11
1.5197236614173228
21
0.2427761417322835
0
LINE
8
BLACK
6
CONTINUOUS
10
1.5197236614173228
20
0.2427761417322835
11
1.5197237795275591
21
0.2427762204724409
0
LINE
8
BLACK
6
CONTINUOUS
10
1.5197237795275591
20
0.2427762204724409
11
1.5198046456692913
21
0.2428972440944882
0
LINE
8
BLACK
6
CONTINUOUS
10
1.5198046456692913
20
0.2428972440944882
11
1.5199941338582676
21
0.2430466141732283
0
LINE
8
BLACK
6
CONTINUOUS
10
1.5199941338582676
20
0.2430466141732283
11
1.5199951968503937
21
0.2430476771653543
0
LINE
8
BLACK
6
CONTINUOUS
10
1.5199951968503937
20
0.2430476771653543
11
1.5199953149606298
21
0.2430475196850394
0
LINE
8
BLACK
6
CONTINUOUS
10
1.5199953149606298
20
0.2430475196850394
11
1.5216963779527559
21
0.2443885433070866
0
LINE
8
BLACK
6
CONTINUOUS
10
1.5216963779527559
20
0.2443885433070866
11
1.5241033858267716
21
0.2444831102362205
0
LINE
8
BLACK
6
CONTINUOUS
10
1.5241033858267716
20
0.2444831102362205
11
1.5258014566929134
21
0.243487874015748
0
LINE
8
BLACK
6
CONTINUOUS
10
1.5258014566929134
20
0.243487874015748
11
1.5358987007874016
21
0.2333906299212598
0
LINE
8
BLACK
6
CONTINUOUS
10
1.5358987007874016
20
0.2333906299212598
11
1.5369922834645668
21
0.2312442913385827
0
LINE
8
BLACK
6
CONTINUOUS
10
1.5369922834645668
20
0.2312442913385827
11
1.5369653937007874
21
0.2298741732283464
0
LINE
8
BLACK
6
CONTINUOUS
10
1.5369653937007874
20
0.2298741732283464
11
1.53653031496063
21
0.227686968503937
0
LINE
8
BLACK
6
CONTINUOUS
10
1.53653031496063
20
0.227686968503937
11
1.53653031496063
21
0.1745132283464567
0
LINE
8
BLACK
6
CONTINUOUS
10
1.53653031496063
20
0.1745132283464567
11
1.5365303543307087
21
0.1745129527559055
0
LINE
8
BLACK
6
CONTINUOUS
10
1.5365303543307087
20
0.1745129527559055
11
1.5371116141732284
21
0.1715905118110236
0
LINE
8
BLACK
6
CONTINUOUS
10
1.5371116141732284
20
0.1715905118110236
11
1.5371116535433071
21
0.1715904330708661
0
LINE
8
BLACK
6
CONTINUOUS
10
1.5371116535433071
20
0.1715904330708661
11
1.5393261023622047
21
0.1682763385826772
0
LINE
8
BLACK
6
CONTINUOUS
10
1.5393261023622047
20
0.1682763385826772
11
1.5393262992125984
21
0.1682761417322835
0
LINE
8
BLACK
6
CONTINUOUS
10
1.5393262992125984
20
0.1682761417322835
11
1.5412655905511812
21
0.1669803543307087
0
LINE
8
BLACK
6
CONTINUOUS
10
1.5412655905511812
20
0.1669803543307087
11
1.5426405118110236
21
0.1660616535433071
0
LINE
8
BLACK
6
CONTINUOUS
10
1.5426405118110236
20
0.1660616535433071
11
1.5455631102362204
21
0.1654803149606299
0
LINE
8
BLACK
6
CONTINUOUS
10
1.5455631102362204
20
0.1654803149606299
11
1.6144367322834645
21
0.1654803149606299
0
LINE
8
BLACK
6
CONTINUOUS
10
1.6144367322834645
20
0.1654803149606299
11
1.6144370078740158
21
0.1654803543307087
0
LINE
8
BLACK
6
CONTINUOUS
10
1.6144370078740158
20
0.1654803543307087
11
1.6173594488188976
21
0.1660616141732283
0
LINE
8
BLACK
6
CONTINUOUS
10
1.6173594488188976
20
0.1660616141732283
11
1.6173595275590551
21
0.1660616535433071
0
LINE
8
BLACK
6
CONTINUOUS
10
1.6173595275590551
20
0.1660616535433071
11
1.620673622047244
21
0.1682761023622047
0
LINE
8
BLACK
6
CONTINUOUS
10
1.620673622047244
20
0.1682761023622047
11
1.6206736614173227
21
0.1682761417322835
0
LINE
8
BLACK
6
CONTINUOUS
10
1.6206736614173227
20
0.1682761417322835
11
1.620673779527559
21
0.168276220472441
0
LINE
8
BLACK
6
CONTINUOUS
10
1.620673779527559
20
0.168276220472441
11
1.6228883464566928
21
0.1715905118110236
0
LINE
8
BLACK
6
CONTINUOUS
10
1.6228883464566928
20
0.1715905118110236
11
1.6234696850393699
21
0.1745131102362205
0
LINE
8
BLACK
6
CONTINUOUS
10
1.6234696850393699
20
0.1745131102362205
11
1.6234696456692912
21
0.2276868503937008
0
LINE
8
BLACK
6
CONTINUOUS
10
1.6234696456692912
20
0.2276868503937008
11
1.6228883464566928
21
0.2306094881889764
0
LINE
8
BLACK
6
CONTINUOUS
10
1.6228883464566928
20
0.2306094881889764
11
1.620673779527559
21
0.2339237795275591
0
LINE
8
BLACK
6
CONTINUOUS
10
1.620673779527559
20
0.2339237795275591
11
1.6173594881889763
21
0.2361383464566929
0
LINE
8
BLACK
6
CONTINUOUS
10
1.6173594881889763
20
0.2361383464566929
11
1.6144368897637795
21
0.2367196850393701
0
LINE
8
BLACK
6
CONTINUOUS
10
1.6144368897637795
20
0.2367196850393701
11
1.5792273622047244
21
0.2367196456692913
0
LINE
8
BLACK
6
CONTINUOUS
10
1.5792273622047244
20
0.2367196456692913
11
1.5769364173228346
21
0.2374640157480315
0
LINE
8
BLACK
6
CONTINUOUS
10
1.5769364173228346
20
0.2374640157480315
11
1.5764716141732282
21
0.2378609448818897
0
LINE
8
BLACK
6
CONTINUOUS
10
1.5764716141732282
20
0.2378609448818897
11
1.5340893307086614
21
0.2802433070866142
0
LINE
8
BLACK
6
CONTINUOUS
10
1.5340893307086614
20
0.2802433070866142
11
1.530458031496063
21
0.282339842519685
0
LINE
8
BLACK
6
CONTINUOUS
10
1.530458031496063
20
0.282339842519685
11
1.5304579921259842
21
0.282339842519685
0
LINE
8
BLACK
6
CONTINUOUS
10
1.5304579921259842
20
0.282339842519685
11
1.5304579133858267
21
0.2823399212598425
0
LINE
8
BLACK
6
CONTINUOUS
10
1.5304579133858267
20
0.2823399212598425
11
1.5264075984251968
21
0.2834251968503937
0
LINE
8
BLACK
6
CONTINUOUS
10
1.5264075984251968
20
0.2834251968503937
11
1.5264075196850393
21
0.2834251968503937
0
LINE
8
BLACK
6
CONTINUOUS
10
1.5264075196850393
20
0.2834251968503937
11
1.5262279133858268
21
0.2834251968503937
0
LINE
8
BLACK
6
CONTINUOUS
10
1.5262279133858268
20
0.2834251968503937
11
1.5239369291338583
21
0.2841695669291339
0
LINE
8
BLACK
6
CONTINUOUS
10
1.5239369291338583
20
0.2841695669291339
11
1.5225210236220472
21
0.2861183858267716
0
LINE
8
BLACK
6
CONTINUOUS
10
1.5225210236220472
20
0.2861183858267716
11
1.522405157480315
21
0.2865625196850394
0
LINE
8
BLACK
6
CONTINUOUS
10
1.522405157480315
20
0.2865625196850394
11
1.5219383464566929
21
0.2889094094488189
0
LINE
8
BLACK
6
CONTINUOUS
10
1.5219383464566929
20
0.2889094094488189
11
1.5219383464566929
21
0.2889094881889764
0
LINE
8
BLACK
6
CONTINUOUS
10
1.5219383464566929
20
0.2889094881889764
11
1.5197237795275591
21
0.2922237795275591
0
LINE
8
BLACK
6
CONTINUOUS
10
1.5197237795275591
20
0.2922237795275591
11
1.5164094881889763
21
0.2944383464566929
0
LINE
8
BLACK
6
CONTINUOUS
10
1.5164094881889763
20
0.2944383464566929
11
1.5134868897637794
21
0.2950196850393701
0
LINE
8
BLACK
6
CONTINUOUS
10
1.5134868897637794
20
0.2950196850393701
11
1.4565131496062991
21
0.2950196456692913
0
LINE
8
BLACK
6
CONTINUOUS
10
1.4565131496062991
20
0.2950196456692913
11
1.4565129527559055
21
0.2950196062992126
0
LINE
8
BLACK
6
CONTINUOUS
10
1.4565129527559055
20
0.2950196062992126
11
1.4535905118110235
21
0.2944383464566929
0
LINE
8
BLACK
6
CONTINUOUS
10
1.4535905118110235
20
0.2944383464566929
11
1.4535904330708662
21
0.2944383070866142
0
LINE
8
BLACK
6
CONTINUOUS
10
1.4535904330708662
20
0.2944383070866142
11
1.4535903937007875
21
0.2944382677165354
0
LINE
8
BLACK
6
CONTINUOUS
10
1.4535903937007875
20
0.2944382677165354
11
1.4502762204724409
21
0.2922237795275591
0
LINE
8
BLACK
6
CONTINUOUS
10
1.4502762204724409
20
0.2922237795275591
11
1.4480616535433071
21
0.2889094881889764
0
LINE
8
BLACK
6
CONTINUOUS
10
1.4480616535433071
20
0.2889094881889764
11
1.4475948031496062
21
0.2865624015748031
0
LINE
8
BLACK
6
CONTINUOUS
10
1.4475948031496062
20
0.2865624015748031
11
1.4464177559055118
21
0.2844606692913386
0
LINE
8
BLACK
6
CONTINUOUS
10
1.4464177559055118
20
0.2844606692913386
11
1.444929094488189
21
0.283600905511811
0
LINE
8
BLACK
6
CONTINUOUS
10
1.444929094488189
20
0.283600905511811
11
1.4443638976377953
21
0.2834251968503937
0
LINE
8
BLACK
6
CONTINUOUS
10
1.4443638976377953
20
0.2834251968503937
11
1.4435924015748032
21
0.2834251968503937
0
LINE
8
BLACK
6
CONTINUOUS
10
1.4435924015748032
20
0.2834251968503937
11
1.4395420866141733
21
0.2823399212598425
0
LINE
8
BLACK
6
CONTINUOUS
10
1.4395420866141733
20
0.2823399212598425
11
1.4379895669291338
21
0.2814435826771653
0
LINE
8
BLACK
6
CONTINUOUS
10
1.4379895669291338
20
0.2814435826771653
11
1.4375743307086615
21
0.2813144881889764
0
LINE
8
BLACK
6
CONTINUOUS
10
1.4375743307086615
20
0.2813144881889764
11
1.4367835433070866
21
0.2813245669291339
0
LINE
8
BLACK
6
CONTINUOUS
10
1.4367835433070866
20
0.2813245669291339
11
1.4360099212598425
21
0.2811601181102362
0
LINE
8
BLACK
6
CONTINUOUS
10
1.4360099212598425
20
0.2811601181102362
11
1.4356068503937007
21
0.2813395669291339
0
LINE
8
BLACK
6
CONTINUOUS
10
1.4356068503937007
20
0.2813395669291339
11
1.4351656692913386
21
0.2813451968503937
0
LINE
8
BLACK
6
CONTINUOUS
10
1.4351656692913386
20
0.2813451968503937
11
1.434531811023622
21
0.2818181889763779
0
LINE
8
BLACK
6
CONTINUOUS
10
1.434531811023622
20
0.2818181889763779
11
1.4338092913385827
21
0.2821398818897638
0
LINE
8
BLACK
6
CONTINUOUS
10
1.4338092913385827
20
0.2821398818897638
11
1.4335886614173228
21
0.282521968503937
0
LINE
8
BLACK
6
CONTINUOUS
10
1.4335886614173228
20
0.282521968503937
11
1.4332350787401575
21
0.2827858661417323
0
LINE
8
BLACK
6
CONTINUOUS
10
1.4332350787401575
20
0.2827858661417323
11
1.4330002755905511
21
0.283541062992126
0
LINE
8
BLACK
6
CONTINUOUS
10
1.4330002755905511
20
0.283541062992126
11
1.4326048425196851
21
0.2842260236220472
0
LINE
8
BLACK
6
CONTINUOUS
10
1.4326048425196851
20
0.2842260236220472
11
1.4325196456692912
21
0.285036062992126
0
LINE
8
BLACK
6
CONTINUOUS
10
1.4325196456692912
20
0.285036062992126
11
1.4325196456692912
21
0.3159868503937008
0
LINE
8
BLACK
6
CONTINUOUS
10
1.4325196456692912
20
0.3159868503937008
11
1.4319383464566928
21
0.3189094881889764
0
LINE
8
BLACK
6
CONTINUOUS
10
1.4319383464566928
20
0.3189094881889764
11
1.429723779527559
21
0.322223779527559
0
LINE
8
BLACK
6
CONTINUOUS
10
1.429723779527559
20
0.322223779527559
11
1.4297235039370078
21
0.322223937007874
0
LINE
8
BLACK
6
CONTINUOUS
10
1.4297235039370078
20
0.322223937007874
11
1.4295667716535432
21
0.3223807480314961
0
LINE
8
BLACK
6
CONTINUOUS
10
1.4295667716535432
20
0.3223807480314961
11
1.428473188976378
21
0.3245270866141732
0
LINE
8
BLACK
6
CONTINUOUS
10
1.428473188976378
20
0.3245270866141732
11
1.4284251968503936
21
0.325136811023622
0
LINE
8
BLACK
6
CONTINUOUS
10
1.4284251968503936
20
0.325136811023622
11
1.4284251968503936
21
0.3987720472440945
0
LINE
8
BLACK
6
CONTINUOUS
10
1.4284251968503936
20
0.3987720472440945
11
1.4291695669291338
21
0.401063031496063
0
LINE
8
BLACK
6
CONTINUOUS
10
1.4291695669291338
20
0.401063031496063
11
1.4311183858267715
21
0.402478937007874
0
LINE
8
BLACK
6
CONTINUOUS
10
1.4311183858267715
20
0.402478937007874
11
1.4315624409448819
21
0.4025948031496063
0
LINE
8
BLACK
6
CONTINUOUS
10
1.4315624409448819
20
0.4025948031496063
11
1.4339094488188977
21
0.4030616141732283
0
LINE
8
BLACK
6
CONTINUOUS
10
1.4339094488188977
20
0.4030616141732283
11
1.433909527559055
21
0.4030616535433071
0
LINE
8
BLACK
6
CONTINUOUS
10
1.433909527559055
20
0.4030616535433071
11
1.4372236220472441
21
0.4052761023622047
0
LINE
8
BLACK
6
CONTINUOUS
10
1.4372236220472441
20
0.4052761023622047
11
1.4372236614173228
21
0.4052761417322834
0
LINE
8
BLACK
6
CONTINUOUS
10
1.4372236614173228
20
0.4052761417322834
11
1.4372237795275591
21
0.4052762204724409
0
LINE
8
BLACK
6
CONTINUOUS
10
1.4372237795275591
20
0.4052762204724409
11
1.4394383464566929
21
0.4085905118110236
0
LINE
8
BLACK
6
CONTINUOUS
10
1.4394383464566929
20
0.4085905118110236
11
1.4400196850393701
21
0.4115131102362204
0
LINE
8
BLACK
6
CONTINUOUS
10
1.4400196850393701
20
0.4115131102362204
11
1.4400196456692913
21
0.4684868503937008
0
LINE
8
BLACK
6
CONTINUOUS
10
1.4400196456692913
20
0.4684868503937008
11
1.4394383464566929
21
0.4714094881889764
0
LINE
8
BLACK
6
CONTINUOUS
10
1.4394383464566929
20
0.4714094881889764
11
1.4372237795275591
21
0.4747237795275591
0
LINE
8
BLACK
6
CONTINUOUS
10
1.4372237795275591
20
0.4747237795275591
11
1.4339094881889765
21
0.4769383464566929
0
LINE
8
BLACK
6
CONTINUOUS
10
1.4339094881889765
20
0.4769383464566929
11
1.4309868897637794
21
0.4775196850393701
0
LINE
8
BLACK
6
CONTINUOUS
10
1.4309868897637794
20
0.4775196850393701
11
1.3940131496062991
21
0.4775196456692913
0
LINE
8
BLACK
6
CONTINUOUS
10
1.3940131496062991
20
0.4775196456692913
11
1.3940129527559055
21
0.4775196062992126
0
LINE
8
BLACK
6
CONTINUOUS
10
1.3940129527559055
20
0.4775196062992126
11
1.3910905118110235
21
0.4769383464566929
0
LINE
8
BLACK
6
CONTINUOUS
10
1.3910905118110235
20
0.4769383464566929
11
1.3910904330708662
21
0.4769383070866142
0
LINE
8
BLACK
6
CONTINUOUS
10
1.3910904330708662
20
0.4769383070866142
11
1.3910903937007875
21
0.4769382677165354
0
LINE
8
BLACK
6
CONTINUOUS
10
1.3910903937007875
20
0.4769382677165354
11
1.3877762204724409
21
0.4747237795275591
0
LINE
8
BLACK
6
CONTINUOUS
10
1.3877762204724409
20
0.4747237795275591
11
1.3855616535433071
21
0.4714094881889764
0
LINE
8
BLACK
6
CONTINUOUS
10
1.3855616535433071
20
0.4714094881889764
11
1.3850055118110236
21
0.4686134645669291
0
LINE
8
BLACK
6
CONTINUOUS
10
1.3850055118110236
20
0.4686134645669291
11
1.3849803149606299
21
0.4684868897637795
0
LINE
8
BLACK
6
CONTINUOUS
10
1.3849803149606299
20
0.4684868897637795
11
1.3849803149606299
21
0.4633481496062992
0
LINE
8
BLACK
6
CONTINUOUS
10
1.3849803149606299
20
0.4633481496062992
11
1.3842359448818897
21
0.4610571653543307
0
LINE
8
BLACK
6
CONTINUOUS
10
1.3842359448818897
20
0.4610571653543307
11
1.382287125984252
21
0.4596412598425197
0
LINE
8
BLACK
6
CONTINUOUS
10
1.382287125984252
20
0.4596412598425197
11
1.3798782283464566
21
0.4596412598425197
0
LINE
8
BLACK
6
CONTINUOUS
10
1.3798782283464566
20
0.4596412598425197
11
1.3783266141732282
21
0.4605920866141732
0
LINE
8
BLACK
6
CONTINUOUS
10
1.3783266141732282
20
0.4605920866141732
11
1.3775427559055118
21
0.4613759448818898
0
LINE
8
BLACK
6
CONTINUOUS
10
1.3775427559055118
20
0.4613759448818898
11
1.3730354724409448
21
0.4643876377952756
0
LINE
8
BLACK
6
CONTINUOUS
10
1.3730354724409448
20
0.4643876377952756
11
1.3680272047244093
21
0.466462125984252
0
LINE
8
BLACK
6
CONTINUOUS
10
1.3680272047244093
20
0.466462125984252
11
1.3627104330708661
21
0.4675196850393701
0
LINE
8
BLACK
6
CONTINUOUS
10
1.3627104330708661
20
0.4675196850393701
11
1.3572895669291338
21
0.4675196850393701
0
LINE
8
BLACK
6
CONTINUOUS
10
1.3572895669291338
20
0.4675196850393701
11
1.3519727952755904
21
0.466462125984252
0
LINE
8
BLACK
6
CONTINUOUS
10
1.3519727952755904
20
0.466462125984252
11
1.3519727165354329
21
0.4664620866141732
0
LINE
8
BLACK
6
CONTINUOUS
10
1.3519727165354329
20
0.4664620866141732
11
1.3469646062992127
21
0.4643876771653543
0
LINE
8
BLACK
6
CONTINUOUS
10
1.3469646062992127
20
0.4643876771653543
11
1.3469645669291339
21
0.4643876771653543
0
LINE
8
BLACK
6
CONTINUOUS
10
1.3469645669291339
20
0.4643876771653543
11
1.3424572440944882
21
0.4613759448818898
0
LINE
8
BLACK
6
CONTINUOUS
10
1.3424572440944882
20
0.4613759448818898
11
1.3386240157480314
21
0.457542716535433
0
LINE
8
BLACK
6
CONTINUOUS
10
1.3386240157480314
20
0.457542716535433
11
1.335612283464567
21
0.4530353937007874
0
LINE
8
BLACK
6
CONTINUOUS
10
1.335612283464567
20
0.4530353937007874
11
1.335612283464567
21
0.4530353543307086
0
LINE
8
BLACK
6
CONTINUOUS
10
1.335612283464567
20
0.4530353543307086
11
1.333537874015748
21
0.4480272440944882
0
LINE
8
BLACK
6
CONTINUOUS
10
1.333537874015748
20
0.4480272440944882
11
1.333537874015748
21
0.4480271653543307
0
LINE
8
BLACK
6
CONTINUOUS
10
1.333537874015748
20
0.4480271653543307
11
1.3324803149606299
21
0.4427105118110236
0
LINE
8
BLACK
6
CONTINUOUS
10
1.3324803149606299
20
0.4427105118110236
11
1.3324803149606299
21
0.4372894488188976
0
LINE
8
BLACK
6
CONTINUOUS
10
1.3324803149606299
20
0.4372894488188976
11
1.333537874015748
21
0.4319727952755905
0
LINE
8
BLACK
6
CONTINUOUS
10
1.333537874015748
20
0.4319727952755905
11
1.333537874015748
21
0.4319727165354331
0
LINE
8
BLACK
6
CONTINUOUS
10
1.333537874015748
20
0.4319727165354331
11
1.335612283464567
21
0.4269646062992126
0
LINE
8
BLACK
6
CONTINUOUS
10
1.335612283464567
20
0.4269646062992126
11
1.335612283464567
21
0.4269645669291339
0
LINE
8
BLACK
6
CONTINUOUS
10
1.335612283464567
20
0.4269645669291339
11
1.3386240157480314
21
0.4224572440944882
0
LINE
8
BLACK
6
CONTINUOUS
10
1.3386240157480314
20
0.4224572440944882
11
1.3424572440944882
21
0.4186240157480315
0
LINE
8
BLACK
6
CONTINUOUS
10
1.3424572440944882
20
0.4186240157480315
11
1.3469646062992127
21
0.4156122834645669
0
LINE
8
BLACK
6
CONTINUOUS
10
1.3469646062992127
20
0.4156122834645669
11
1.3519727559055117
21
0.413537874015748
0
LINE
8
BLACK
6
CONTINUOUS
10
1.3519727559055117
20
0.413537874015748
11
1.3572894488188976
21
0.4124803149606299
0
LINE
8
BLACK
6
CONTINUOUS
10
1.3572894488188976
20
0.4124803149606299
11
1.3572895669291338
21
0.4124803149606299
0
LINE
8
BLACK
6
CONTINUOUS
10
1.3572895669291338
20
0.4124803149606299
11
1.3627105118110237
21
0.4124803149606299
0
LINE
8
BLACK
6
CONTINUOUS
10
1.3627105118110237
20
0.4124803149606299
11
1.3677777952755905
21
0.4134882677165354
0
LINE
8
BLACK
6
CONTINUOUS
10
1.3677777952755905
20
0.4134882677165354
11
1.3680272047244093
21
0.413537874015748
0
LINE
8
BLACK
6
CONTINUOUS
10
1.3680272047244093
20
0.413537874015748
11
1.3680272440944881
21
0.413537874015748
0
LINE
8
BLACK
6
CONTINUOUS
10
1.3680272440944881
20
0.413537874015748
11
1.3730353543307086
21
0.4156122834645669
0
LINE
8
BLACK
6
CONTINUOUS
10
1.3730353543307086
20
0.4156122834645669
11
1.3730353937007873
21
0.4156122834645669
0
LINE
8
BLACK
6
CONTINUOUS
10
1.3730353937007873
20
0.4156122834645669
11
1.377542716535433
21
0.4186240157480315
0
LINE
8
BLACK
6
CONTINUOUS
10
1.377542716535433
20
0.4186240157480315
11
1.378326653543307
21
0.4194079527559055
0
LINE
8
BLACK
6
CONTINUOUS
10
1.378326653543307
20
0.4194079527559055
11
1.3804729921259842
21
0.4205015354330708
0
LINE
8
BLACK
6
CONTINUOUS
10
1.3804729921259842
20
0.4205015354330708
11
1.3828522047244094
21
0.4201247244094488
0
LINE
8
BLACK
6
CONTINUOUS
10
1.3828522047244094
20
0.4201247244094488
11
1.3845555511811023
21
0.4184213779527559
0
LINE
8
BLACK
6
CONTINUOUS
10
1.3845555511811023
20
0.4184213779527559
11
1.3849803543307087
21
0.4166518897637795
0
LINE
8
BLACK
6
CONTINUOUS
10
1.3849803543307087
20
0.4166518897637795
11
1.3849803543307087
21
0.4115129527559055
0
LINE
8
BLACK
6
CONTINUOUS
10
1.3849803543307087
20
0.4115129527559055
11
1.3855616141732283
21
0.4085905118110236
0
LINE
8
BLACK
6
CONTINUOUS
10
1.3855616141732283
20
0.4085905118110236
11
1.3855616535433071
21
0.4085904330708661
0
LINE
8
BLACK
6
CONTINUOUS
10
1.3855616535433071
20
0.4085904330708661
11
1.3877761023622046
21
0.4052763385826771
0
LINE
8
BLACK
6
CONTINUOUS
10
1.3877761023622046
20
0.4052763385826771
11
1.3877762992125984
21
0.4052761417322834
0
LINE
8
BLACK
6
CONTINUOUS
10
1.3877762992125984
20
0.4052761417322834
11
1.3910904724409447
21
0.4030616535433071
0
LINE
8
BLACK
6
CONTINUOUS
10
1.3910904724409447
20
0.4030616535433071
11
1.3910906299212598
21
0.4030616141732283
0
LINE
8
BLACK
6
CONTINUOUS
10
1.3910906299212598
20
0.4030616141732283
11
1.3934376377952755
21
0.4025947244094488
0
LINE
8
BLACK
6
CONTINUOUS
10
1.3934376377952755
20
0.4025947244094488
11
1.3955393307086614
21
0.4014176771653543
0
LINE
8
BLACK
6
CONTINUOUS
10
1.3955393307086614
20
0.4014176771653543
11
1.3965477952755905
21
0.3992300393700787
0
LINE
8
BLACK
6
CONTINUOUS
10
1.3965477952755905
20
0.3992300393700787
11
1.3965748031496064
21
0.3987720078740157
0
LINE
8
BLACK
6
CONTINUOUS
10
1.3965748031496064
20
0.3987720078740157
11
1.3965748031496064
21
0.3289172834645669
0
LINE
8
BLACK
6
CONTINUOUS
10
1.3965748031496064
20
0.3289172834645669
11
1.3958304330708662
21
0.3266262992125984
0
LINE
8
BLACK
6
CONTINUOUS
10
1.3958304330708662
20
0.3266262992125984
11
1.3938816141732284
21
0.3252103937007874
0
LINE
8
BLACK
6
CONTINUOUS
10
1.3938816141732284
20
0.3252103937007874
11
1.3926771653543306
21
0.3250196456692913
0
LINE
8
BLACK
6
CONTINUOUS
10
1.3926771653543306
20
0.3250196456692913
11
1.3665131496062992
21
0.3250196456692913
0
LINE
8
BLACK
6
CONTINUOUS
10
1.3665131496062992
20
0.3250196456692913
11
1.3665129527559055
21
0.3250196062992126
0
LINE
8
BLACK
6
CONTINUOUS
10
1.3665129527559055
20
0.3250196062992126
11
1.3635905118110236
21
0.3244383464566929
0
LINE
8
BLACK
6
CONTINUOUS
10
1.3635905118110236
20
0.3244383464566929
11
1.3635904330708661
21
0.3244383070866141
0
LINE
8
BLACK
6
CONTINUOUS
10
1.3635904330708661
20
0.3244383070866141
11
1.362242874015748
21
0.323537874015748
0
LINE
8
BLACK
6
CONTINUOUS
10
1.362242874015748
20
0.323537874015748
11
1.360276220472441
21
0.322223779527559
0
LINE
8
BLACK
6
CONTINUOUS
10
1.360276220472441
20
0.322223779527559
11
1.358061653543307
21
0.3189094881889764
0
LINE
8
BLACK
6
CONTINUOUS
10
1.358061653543307
20
0.3189094881889764
11
1.3574803149606298
21
0.3159868897637795
0
LINE
8
BLACK
6
CONTINUOUS
10
1.3574803149606298
20
0.3159868897637795
11
1.3574803149606298
21
0.2982479921259842
0
LINE
8
BLACK
6
CONTINUOUS
10
1.3574803149606298
20
0.2982479921259842
11
1.3574803543307086
21
0.2839172834645669
0
LINE
8
BLACK
6
CONTINUOUS
10
1.3574803543307086
20
0.2839172834645669
11
1.3567359842519684
21
0.2816262992125984
0
LINE
8
BLACK
6
CONTINUOUS
10
1.3567359842519684
20
0.2816262992125984
11
1.3547871653543306
21
0.2802103937007874
0
LINE
8
BLACK
6
CONTINUOUS
10
1.3547871653543306
20
0.2802103937007874
11
1.3535827165354331
21
0.2800196456692913
0
LINE
8
BLACK
6
CONTINUOUS
10
1.3535827165354331
20
0.2800196456692913
11
1.3339173228346457
21
0.2800196456692913
0
LINE
8
BLACK
6
CONTINUOUS
10
1.3339173228346457
20
0.2800196456692913
11
1.3316263385826772
21
0.2807640157480315
0
LINE
8
BLACK
6
CONTINUOUS
10
1.3316263385826772
20
0.2807640157480315
11
1.3302104330708662
21
0.2827128346456693
0
LINE
8
BLACK
6
CONTINUOUS
10
1.3302104330708662
20
0.2827128346456693
11
1.33001968503937
21
0.2839172834645669
0
LINE
8
BLACK
6
CONTINUOUS
10
1.33001968503937
20
0.2839172834645669
11
1.3300196456692912
21
0.3409867322834645
0
LINE
8
BLACK
6
CONTINUOUS
10
1.3300196456692912
20
0.3409867322834645
11
1.3300196062992127
21
0.3409868897637795
0
LINE
8
BLACK
6
CONTINUOUS
10
1.3300196062992127
20
0.3409868897637795
11
1.3294383464566928
21
0.3439094881889764
0
LINE
8
BLACK
6
CONTINUOUS
10
1.3294383464566928
20
0.3439094881889764
11
1.327223779527559
21
0.3472237795275591
0
LINE
8
BLACK
6
CONTINUOUS
10
1.327223779527559
20
0.3472237795275591
11
1.3239094881889764
21
0.3494383464566929
0
LINE
8
BLACK
6
CONTINUOUS
10
1.3239094881889764
20
0.3494383464566929
11
1.3209868897637795
21
0.3500196850393701
0
LINE
8
BLACK
6
CONTINUOUS
10
1.3209868897637795
20
0.3500196850393701
11
1.2590131496062993
21
0.3500196456692913
0
LINE
8
BLACK
6
CONTINUOUS
10
1.2590131496062993
20
0.3500196456692913
11
1.2590129527559055
21
0.3500196062992126
0
LINE
8
BLACK
6
CONTINUOUS
10
1.2590129527559055
20
0.3500196062992126
11
1.2560905118110235
21
0.3494383464566929
0
LINE
8
BLACK
6
CONTINUOUS
10
1.2560905118110235
20
0.3494383464566929
11
1.2560904330708662
21
0.3494383070866142
0
LINE
8
BLACK
6
CONTINUOUS
10
1.2560904330708662
20
0.3494383070866142
11
1.2560903937007875
21
0.3494382677165354
0
LINE
8
BLACK
6
CONTINUOUS
10
1.2560903937007875
20
0.3494382677165354
11
1.2527762204724409
21
0.3472237795275591
0
LINE
8
BLACK
6
CONTINUOUS
10
1.2527762204724409
20
0.3472237795275591
11
1.2505616535433071
21
0.3439094881889764
0
LINE
8
BLACK
6
CONTINUOUS
10
1.2505616535433071
20
0.3439094881889764
11
1.2499803149606299
21
0.3409868897637795
0
LINE
8
BLACK
6
CONTINUOUS
10
1.2499803149606299
20
0.3409868897637795
11
1.2499803149606299
21
0.3122236220472441
0
LINE
8
BLACK
6
CONTINUOUS
10
1.2499803149606299
20
0.3122236220472441
11
1.2499803543307086
21
0.2839172834645669
0
LINE
8
BLACK
6
CONTINUOUS
10
1.2499803543307086
20
0.2839172834645669
11
1.2492359842519685
21
0.2816262992125984
0
LINE
8
BLACK
6
CONTINUOUS
10
1.2492359842519685
20
0.2816262992125984
11
1.2472871653543307
21
0.2802103937007874
0
LINE
8
BLACK
6
CONTINUOUS
10
1.2472871653543307
20
0.2802103937007874
11
1.2460827165354331
21
0.2800196456692913
0
LINE
8
BLACK
6
CONTINUOUS
10
1.2460827165354331
20
0.2800196456692913
11
1.2339173228346456
21
0.2800196456692913
0
LINE
8
BLACK
6
CONTINUOUS
10
1.2339173228346456
20
0.2800196456692913
11
1.2316263385826771
21
0.2807640157480315
0
LINE
8
BLACK
6
CONTINUOUS
10
1.2316263385826771
20
0.2807640157480315
11
1.2302104330708661
21
0.2827128346456693
0
LINE
8
BLACK
6
CONTINUOUS
10
1.2302104330708661
20
0.2827128346456693
11
1.2300196850393701
21
0.2839172834645669
0
LINE
8
BLACK
6
CONTINUOUS
10
1.2300196850393701
20
0.2839172834645669
11
1.2300196456692913
21
0.3409867322834645
0
LINE
8
BLACK
6
CONTINUOUS
10
1.2300196456692913
20
0.3409867322834645
11
1.2300196062992126
21
0.3409868897637795
0
LINE
8
BLACK
6
CONTINUOUS
10
1.2300196062992126
20
0.3409868897637795
11
1.2294383464566929
21
0.3439094881889764
0
LINE
8
BLACK
6
CONTINUOUS
10
1.2294383464566929
20
0.3439094881889764
11
1.2272237795275591
21
0.3472237795275591
0
LINE
8
BLACK
6
CONTINUOUS
10
1.2272237795275591
20
0.3472237795275591
11
1.2239094881889763
21
0.3494383464566929
0
LINE
8
BLACK
6
CONTINUOUS
10
1.2239094881889763
20
0.3494383464566929
11
1.2209868897637794
21
0.3500196850393701
0
LINE
8
BLACK
6
CONTINUOUS
10
1.2209868897637794
20
0.3500196850393701
11
1.2098227952755904
21
0.3500196456692913
0
LINE
8
BLACK
6
CONTINUOUS
10
1.2098227952755904
20
0.3500196456692913
11
1.2075318897637795
21
0.3507640157480315
0
LINE
8
BLACK
6
CONTINUOUS
10
1.2075318897637795
20
0.3507640157480315
11
1.2061159842519684
21
0.3527128346456693
0
LINE
8
BLACK
6
CONTINUOUS
10
1.2061159842519684
20
0.3527128346456693
11
1.2059251968503937
21
0.3539172834645669
0
LINE
8
BLACK
6
CONTINUOUS
10
1.2059251968503937
20
0.3539172834645669
11
1.2059251968503937
21
0.3770964960629921
0
LINE
8
BLACK
6
CONTINUOUS
10
1.2059251968503937
20
0.3770964960629921
11
1.2059251968503937
21
0.3770965748031496
0
LINE
8
BLACK
6
CONTINUOUS
10
1.2059251968503937
20
0.3770965748031496
11
1.2048399212598424
21
0.3811468897637795
0
LINE
8
BLACK
6
CONTINUOUS
10
1.2048399212598424
20
0.3811468897637795
11
1.2043630708661417
21
0.3819727952755905
0
LINE
8
BLACK
6
CONTINUOUS
10
1.2043630708661417
20
0.3819727952755905
11
1.2027433464566928
21
0.3847783070866141
0
LINE
8
BLACK
6
CONTINUOUS
10
1.2027433464566928
20
0.3847783070866141
11
1.1747783070866142
21
0.4127433070866142
0
LINE
8
BLACK
6
CONTINUOUS
10
1.1747783070866142
20
0.4127433070866142
11
1.1711470078740158
21
0.414839842519685
0
LINE
8
BLACK
6
CONTINUOUS
10
1.1711470078740158
20
0.414839842519685
11
1.1711469685039371
21
0.414839842519685
0
LINE
8
BLACK
6
CONTINUOUS
10
1.1711469685039371
20
0.414839842519685
11
1.1711468897637796
21
0.4148399212598425
0
LINE
8
BLACK
6
CONTINUOUS
10
1.1711468897637796
20
0.4148399212598425
11
1.1670965748031497
21
0.4159251968503937
0
LINE
8
BLACK
6
CONTINUOUS
10
1.1670965748031497
20
0.4159251968503937
11
1.1670964960629922
21
0.4159251968503937
0
LINE
8
BLACK
6
CONTINUOUS
10
1.1670964960629922
20
0.4159251968503937
11
1.1567202755905512
21
0.4159251968503937
0
LINE
8
BLACK
6
CONTINUOUS
10
1.1567202755905512
20
0.4159251968503937
11
1.1544292913385827
21
0.4166695669291339
0
LINE
8
BLACK
6
CONTINUOUS
10
1.1544292913385827
20
0.4166695669291339
11
1.1530133858267717
21
0.4186183858267716
0
LINE
8
BLACK
6
CONTINUOUS
10
1.1530133858267717
20
0.4186183858267716
11
1.1528346456692913
21
0.4195169291338582
0
LINE
8
BLACK
6
CONTINUOUS
10
1.1528346456692913
20
0.4195169291338582
11
1.152757125984252
21
0.4205015354330708
0
LINE
8
BLACK
6
CONTINUOUS
10
1.152757125984252
20
0.4205015354330708
11
1.1526042913385826
21
0.4224431496062992
0
LINE
8
BLACK
6
CONTINUOUS
10
1.1526042913385826
20
0.4224431496062992
11
1.1519503937007873
21
0.4247615748031496
0
LINE
8
BLACK
6
CONTINUOUS
10
1.1519503937007873
20
0.4247615748031496
11
1.1506121259842519
21
0.4276644094488189
0
LINE
8
BLACK
6
CONTINUOUS
10
1.1506121259842519
20
0.4276644094488189
11
1.150503779527559
21
0.4278264960629921
0
LINE
8
BLACK
6
CONTINUOUS
10
1.150503779527559
20
0.4278264960629921
11
1.1502236220472442
21
0.42875
0
LINE
8
BLACK
6
CONTINUOUS
10
1.1502236220472442
20
0.42875
11
1.1496500000000001
21
0.42875
0
LINE
8
BLACK
6
CONTINUOUS
10
1.1496500000000001
20
0.42875
11
1.1496500000000001
21
0.48385
0
LINE
8
BLACK
6
CONTINUOUS
10
1.1496500000000001
20
0.48385
11
1.150892440944882
21
0.48385
0
LINE
8
BLACK
6
CONTINUOUS
10
1.150892440944882
20
0.48385
11
1.1514252362204724
21
0.4843875984251969
0
LINE
8
BLACK
6
CONTINUOUS
10
1.1514252362204724
20
0.4843875984251969
11
1.1517325196850394
21
0.4846151181102362
0
LINE
8
BLACK
6
CONTINUOUS
10
1.1517325196850394
20
0.4846151181102362
11
1.153311968503937
21
0.4853620472440945
0
LINE
8
BLACK
6
CONTINUOUS
10
1.153311968503937
20
0.4853620472440945
11
1.1552607874015748
21
0.4867779527559055
0
LINE
8
BLACK
6
CONTINUOUS
10
1.1552607874015748
20
0.4867779527559055
11
1.1570243700787401
21
0.4884082283464567
0
LINE
8
BLACK
6
CONTINUOUS
10
1.1570243700787401
20
0.4884082283464567
11
1.1571438582677165
21
0.4886215748031496
0
LINE
8
BLACK
6
CONTINUOUS
10
1.1571438582677165
20
0.4886215748031496
11
1.1576797244094488
21
0.4890183464566929
0
LINE
8
BLACK
6
CONTINUOUS
10
1.1576797244094488
20
0.4890183464566929
11
1.1583516141732284
21
0.4892433464566929
0
LINE
8
BLACK
6
CONTINUOUS
10
1.1583516141732284
20
0.4892433464566929
11
1.1589408267716534
21
0.4896370866141732
0
LINE
8
BLACK
6
CONTINUOUS
10
1.1589408267716534
20
0.4896370866141732
11
1.15994
21
0.4897752755905512
0
LINE
8
BLACK
6
CONTINUOUS
10
1.15994
20
0.4897752755905512
11
1.1599638976377953
21
0.4897833070866142
0
LINE
8
BLACK
6
CONTINUOUS
10
1.1599638976377953
20
0.4897833070866142
11
1.1599742519685039
21
0.4897800393700787
0
LINE
8
BLACK
6
CONTINUOUS
10
1.1599742519685039
20
0.4897800393700787
11
1.1599989763779528
21
0.4897834645669291
0
LINE
8
BLACK
6
CONTINUOUS
10
1.1599989763779528
20
0.4897834645669291
11
1.1955030314960631
21
0.4897834645669291
0
LINE
8
BLACK
6
CONTINUOUS
10
1.1955030314960631
20
0.4897834645669291
11
1.1977940157480316
21
0.4890390944881889
0
LINE
8
BLACK
6
CONTINUOUS
10
1.1977940157480316
20
0.4890390944881889
11
1.1992099212598424
21
0.4870902755905512
0
LINE
8
BLACK
6
CONTINUOUS
10
1.1992099212598424
20
0.4870902755905512
11
1.1992099212598424
21
0.4846813779527559
0
LINE
8
BLACK
6
CONTINUOUS
10
1.1992099212598424
20
0.4846813779527559
11
1.1991039763779527
21
0.4843942913385826
0
LINE
8
BLACK
6
CONTINUOUS
10
1.1991039763779527
20
0.4843942913385826
11
1.198537716535433
21
0.4830272440944882
0
LINE
8
BLACK
6
CONTINUOUS
10
1.198537716535433
20
0.4830272440944882
11
1.198537716535433
21
0.4830271653543307
0
LINE
8
BLACK
6
CONTINUOUS
10
1.198537716535433
20
0.4830271653543307
11
1.1974801574803149
21
0.4777105118110236
0
LINE
8
BLACK
6
CONTINUOUS
10
1.1974801574803149
20
0.4777105118110236
11
1.1974801574803149
21
0.4722894488188976
0
LINE
8
BLACK
6
CONTINUOUS
10
1.1974801574803149
20
0.4722894488188976
11
1.198537716535433
21
0.4669727952755905
0
LINE
8
BLACK
6
CONTINUOUS
10
1.198537716535433
20
0.4669727952755905
11
1.198537716535433
21
0.466972716535433
0
LINE
8
BLACK
6
CONTINUOUS
10
1.198537716535433
20
0.466972716535433
11
1.2006121259842519
21
0.4619646062992126
0
LINE
8
BLACK
6
CONTINUOUS
10
1.2006121259842519
20
0.4619646062992126
11
1.2006121259842519
21
0.4619645669291338
0
LINE
8
BLACK
6
CONTINUOUS
10
1.2006121259842519
20
0.4619645669291338
11
1.2036238582677166
21
0.4574572440944882
0
LINE
8
BLACK
6
CONTINUOUS
10
1.2036238582677166
20
0.4574572440944882
11
1.2074570866141732
21
0.4536240157480315
0
LINE
8
BLACK
6
CONTINUOUS
10
1.2074570866141732
20
0.4536240157480315
11
1.2119644488188976
21
0.4506122834645669
0
LINE
8
BLACK
6
CONTINUOUS
10
1.2119644488188976
20
0.4506122834645669
11
1.2169725984251969
21
0.448537874015748
0
LINE
8
BLACK
6
CONTINUOUS
10
1.2169725984251969
20
0.448537874015748
11
1.2222892913385826
21
0.4474803149606299
0
LINE
8
BLACK
6
CONTINUOUS
10
1.2222892913385826
20
0.4474803149606299
11
1.2222894094488188
21
0.4474803149606299
0
LINE
8
BLACK
6
CONTINUOUS
10
1.2222894094488188
20
0.4474803149606299
11
1.2277103543307086
21
0.4474803149606299
0
LINE
8
BLACK
6
CONTINUOUS
10
1.2277103543307086
20
0.4474803149606299
11
1.2312547637795275
21
0.4481853543307087
0
LINE
8
BLACK
6
CONTINUOUS
10
1.2312547637795275
20
0.4481853543307087
11
1.2330270472440945
21
0.448537874015748
0
LINE
8
BLACK
6
CONTINUOUS
10
1.2330270472440945
20
0.448537874015748
11
1.2330270866141733
21
0.448537874015748
0
LINE
8
BLACK
6
CONTINUOUS
10
1.2330270866141733
20
0.448537874015748
11
1.2380351968503938
21
0.4506122834645669
0
LINE
8
BLACK
6
CONTINUOUS
10
1.2380351968503938
20
0.4506122834645669
11
1.2380354330708661
21
0.4506124015748031
0
LINE
8
BLACK
6
CONTINUOUS
10
1.2380354330708661
20
0.4506124015748031
11
1.2414173228346457
21
0.452872125984252
0
LINE
8
BLACK
6
CONTINUOUS
10
1.2414173228346457
20
0.452872125984252
11
1.2437357480314961
21
0.4535260236220472
0
LINE
8
BLACK
6
CONTINUOUS
10
1.2437357480314961
20
0.4535260236220472
11
1.2459957086614173
21
0.4526922440944882
0
LINE
8
BLACK
6
CONTINUOUS
10
1.2459957086614173
20
0.4526922440944882
11
1.2473340157480315
21
0.4506893700787402
0
LINE
8
BLACK
6
CONTINUOUS
10
1.2473340157480315
20
0.4506893700787402
11
1.2474803543307087
21
0.4496313779527559
0
LINE
8
BLACK
6
CONTINUOUS
10
1.2474803543307087
20
0.4496313779527559
11
1.2474803543307087
21
0.4490129527559055
0
LINE
8
BLACK
6
CONTINUOUS
10
1.2474803543307087
20
0.4490129527559055
11
1.2480616141732284
21
0.4460905118110236
0
LINE
8
BLACK
6
CONTINUOUS
10
1.2480616141732284
20
0.4460905118110236
11
1.2480616535433071
21
0.4460904330708662
0
LINE
8
BLACK
6
CONTINUOUS
10
1.2480616535433071
20
0.4460904330708662
11
1.2502761023622047
21
0.4427763385826772
0
LINE
8
BLACK
6
CONTINUOUS
10
1.2502761023622047
20
0.4427763385826772
11
1.2502762992125984
21
0.4427761417322835
0
LINE
8
BLACK
6
CONTINUOUS
10
1.2502762992125984
20
0.4427761417322835
11
1.2524857480314959
21
0.441299842519685
0
LINE
8
BLACK
6
CONTINUOUS
10
1.2524857480314959
20
0.441299842519685
11
1.2535905118110235
21
0.4405616535433071
0
LINE
8
BLACK
6
CONTINUOUS
10
1.2535905118110235
20
0.4405616535433071
11
1.2565131102362204
21
0.4399803149606299
0
LINE
8
BLACK
6
CONTINUOUS
10
1.2565131102362204
20
0.4399803149606299
11
1.3134867322834645
21
0.4399803149606299
0
LINE
8
BLACK
6
CONTINUOUS
10
1.3134867322834645
20
0.4399803149606299
11
1.3134870078740157
21
0.4399803543307086
0
LINE
8
BLACK
6
CONTINUOUS
10
1.3134870078740157
20
0.4399803543307086
11
1.3164094488188975
21
0.4405616141732283
0
LINE
8
BLACK
6
CONTINUOUS
10
1.3164094488188975
20
0.4405616141732283
11
1.316409527559055
21
0.4405616535433071
0
LINE
8
BLACK
6
CONTINUOUS
10
1.316409527559055
20
0.4405616535433071
11
1.3197236220472441
21
0.4427761023622047
0
LINE
8
BLACK
6
CONTINUOUS
10
1.3197236220472441
20
0.4427761023622047
11
1.3197236614173229
21
0.4427761417322835
0
LINE
8
BLACK
6
CONTINUOUS
10
1.3197236614173229
20
0.4427761417322835
11
1.3197237795275589
21
0.4427762204724409
0
LINE
8
BLACK
6
CONTINUOUS
10
1.3197237795275589
20
0.4427762204724409
11
1.3219383464566929
21
0.4460905118110236
0
LINE
8
BLACK
6
CONTINUOUS
10
1.3219383464566929
20
0.4460905118110236
11
1.3225196850393701
21
0.4490131102362205
0
LINE
8
BLACK
6
CONTINUOUS
10
1.3225196850393701
20
0.4490131102362205
11
1.3225196456692914
21
0.4858858267716535
0
LINE
8
BLACK
6
CONTINUOUS
10
1.3225196456692914
20
0.4858858267716535
11
1.3232640157480315
21
0.488176811023622
0
LINE
8
BLACK
6
CONTINUOUS
10
1.3232640157480315
20
0.488176811023622
11
1.3252128346456693
21
0.4895927165354331
0
LINE
8
BLACK
6
CONTINUOUS
10
1.3252128346456693
20
0.4895927165354331
11
1.3264172834645669
21
0.4897834645669291
0
LINE
8
BLACK
6
CONTINUOUS
10
1.3264172834645669
20
0.4897834645669291
11
1.8961021259842519
21
0.4897834645669291
0
LINE
8
BLACK
6
CONTINUOUS
10
1.8961021259842519
20
0.4897834645669291
11
1.8961023622047244
21
0.4897834645669291
0
LINE
8
BLACK
6
CONTINUOUS
10
1.8961023622047244
20
0.4897834645669291
11
1.8969974803149605
21
0.4898538976377952
0
LINE
8
BLACK
6
CONTINUOUS
10
1.8969974803149605
20
0.4898538976377952
11
1.8977001181102362
21
0.4899091732283464
0
LINE
8
BLACK
6
CONTINUOUS
10
1.8977001181102362
20
0.4899091732283464
11
1.897700433070866
21
0.4899092125984252
0
LINE
8
BLACK
6
CONTINUOUS
10
1.897700433070866
20
0.4899092125984252
11
1.8989048818897638
21
0.4900999606299212
0
LINE
8
BLACK
6
CONTINUOUS
10
1.8989048818897638
20
0.4900999606299212
11
1.8989051574803149
21
0.4901
0
LINE
8
BLACK
6
CONTINUOUS
10
1.8989051574803149
20
0.4901
11
1.8989055511811024
21
0.4901000787401575
0
LINE
8
BLACK
6
CONTINUOUS
10
1.8989055511811024
20
0.4901000787401575
11
1.8996915748031495
21
0.4902564173228346
0
LINE
8
BLACK
6
CONTINUOUS
10
1.8996915748031495
20
0.4902564173228346
11
1.8996917322834646
21
0.4902564566929134
0
LINE
8
BLACK
6
CONTINUOUS
10
1.8996917322834646
20
0.4902564566929134
11
1.8996918503937008
21
0.4902564960629921
0
LINE
8
BLACK
6
CONTINUOUS
10
1.8996918503937008
20
0.4902564960629921
11
1.900057125984252
21
0.4904248818897637
0
LINE
8
BLACK
6
CONTINUOUS
10
1.900057125984252
20
0.4904248818897637
11
1.9033117716535433
21
0.4919252755905512
0
LINE
8
BLACK
6
CONTINUOUS
10
1.9033117716535433
20
0.4919252755905512
11
1.903311968503937
21
0.4919253937007874
0
LINE
8
BLACK
6
CONTINUOUS
10
1.903311968503937
20
0.4919253937007874
11
1.9052606299212598
21
0.4933411417322834
0
LINE
8
BLACK
6
CONTINUOUS
10
1.9052606299212598
20
0.4933411417322834
11
1.905260748031496
21
0.4933412598425197
0
LINE
8
BLACK
6
CONTINUOUS
10
1.905260748031496
20
0.4933412598425197
11
1.9058323622047244
21
0.4938696850393701
0
LINE
8
BLACK
6
CONTINUOUS
10
1.9058323622047244
20
0.4938696850393701
11
1.9070243700787401
21
0.4949715748031496
0
LINE
8
BLACK
6
CONTINUOUS
10
1.9070243700787401
20
0.4949715748031496
11
1.9089721653543306
21
0.4984496456692913
0
LINE
8
BLACK
6
CONTINUOUS
10
1.9089721653543306
20
0.4984496456692913
11
1.9097165354330707
21
0.5007406299212598
0
LINE
8
BLACK
6
CONTINUOUS
10
1.9097165354330707
20
0.5007406299212598
11
1.9098165354330707
21
0.5013720078740157
0
LINE
8
BLACK
6
CONTINUOUS
10
1.9098165354330707
20
0.5013720078740157
11
1.9102165354330709
21
0.5038974803149606
0
LINE
8
BLACK
6
CONTINUOUS
10
1.9102165354330709
20
0.5038974803149606
11
1.9102165354330709
21
0.6661020866141732
0
LINE
8
BLACK
6
CONTINUOUS
10
1.9102165354330709
20
0.6661020866141732
11
1.9102165354330709
21
0.6661023622047244
0
LINE
8
BLACK
6
CONTINUOUS
10
1.9102165354330709
20
0.6661023622047244
11
1.9100907874015747
21
0.6677004330708661
0
LINE
8
BLACK
6
CONTINUOUS
10
1.9100907874015747
20
0.6677004330708661
11
1.9099000393700787
21
0.6689048818897637
0
LINE
8
BLACK
6
CONTINUOUS
10
1.9099000393700787
20
0.6689048818897637
11
1.9097435039370079
21
0.6696918503937008
0
LINE
8
BLACK
6
CONTINUOUS
10
1.9097435039370079
20
0.6696918503937008
11
1.9080746062992127
21
0.673311968503937
0
LINE
8
BLACK
6
CONTINUOUS
10
1.9080746062992127
20
0.673311968503937
11
1.9066587007874016
21
0.6752607874015748
0
LINE
8
BLACK
6
CONTINUOUS
10
1.9066587007874016
20
0.6752607874015748
11
1.9050284251968503
21
0.6770243700787402
0
LINE
8
BLACK
6
CONTINUOUS
10
1.9050284251968503
20
0.6770243700787402
11
1.9015503543307086
21
0.6789721653543307
0
LINE
8
BLACK
6
CONTINUOUS
10
1.9015503543307086
20
0.6789721653543307
11
1.8992593700787401
21
0.6797165354330709
0
LINE
8
BLACK
6
CONTINUOUS
10
1.8992593700787401
20
0.6797165354330709
11
1.8961024803149606
21
0.6802165354330708
0
LINE
8
BLACK
6
CONTINUOUS
10
1.8961024803149606
20
0.6802165354330708
11
1.8961023622047244
21
0.6802165354330708
0
LINE
8
BLACK
6
CONTINUOUS
10
1.8961023622047244
20
0.6802165354330708
11
1.4507795669291339
21
0.6802165354330708
0
LINE
8
BLACK
6
CONTINUOUS
10
1.4507795669291339
20
0.6802165354330708
11
1.4487760236220473
21
0.6800181496062992
0
LINE
8
BLACK
6
CONTINUOUS
10
1.4487760236220473
20
0.6800181496062992
11
1.4472769291338583
21
0.6797183464566929
0
LINE
8
BLACK
6
CONTINUOUS
10
1.4472769291338583
20
0.6797183464566929
11
1.4453510236220473
21
0.6791308267716535
0
LINE
8
BLACK
6
CONTINUOUS
10
1.4453510236220473
20
0.6791308267716535
11
1.2536596062992125
21
0.5992593700787402
0
LINE
8
BLACK
6
CONTINUOUS
10
1.2536596062992125
20
0.5992593700787402
11
1.0955561417322834
21
0.5333829133858268
0
LINE
8
BLACK
6
CONTINUOUS
10
1.0955561417322834
20
0.5333829133858268
11
1.0931550787401574
21
0.5331888976377953
0
LINE
8
BLACK
6
CONTINUOUS
10
1.0931550787401574
20
0.5331888976377953
11
1.0910985433070866
21
0.5344432283464566
0
LINE
8
BLACK
6
CONTINUOUS
10
1.0910985433070866
20
0.5344432283464566
11
1.0901721259842518
21
0.5366666929133859
0
LINE
8
BLACK
6
CONTINUOUS
10
1.0901721259842518
20
0.5366666929133859
11
1.0900907874015748
21
0.5377004330708661
0
LINE
8
BLACK
6
CONTINUOUS
10
1.0900907874015748
20
0.5377004330708661
11
1.0899000393700786
21
0.5389048818897638
0
LINE
8
BLACK
6
CONTINUOUS
10
1.0899000393700786
20
0.5389048818897638
11
1.0897435039370078
21
0.5396918503937008
0
LINE
8
BLACK
6
CONTINUOUS
10
1.0897435039370078
20
0.5396918503937008
11
1.0880746062992126
21
0.543311968503937
0
LINE
8
BLACK
6
CONTINUOUS
10
1.0880746062992126
20
0.543311968503937
11
1.0866587007874016
21
0.5452607874015748
0
LINE
8
BLACK
6
CONTINUOUS
10
1.0866587007874016
20
0.5452607874015748
11
1.0850284251968503
21
0.5470243700787402
0
LINE
8
BLACK
6
CONTINUOUS
10
1.0850284251968503
20
0.5470243700787402
11
1.0815503543307086
21
0.5489721653543307
0
LINE
8
BLACK
6
CONTINUOUS
10
1.0815503543307086
20
0.5489721653543307
11
1.0792593700787401
21
0.5497165354330709
0
LINE
8
BLACK
6
CONTINUOUS
10
1.0792593700787401
20
0.5497165354330709
11
1.0761024803149606
21
0.5502165354330708
0
LINE
8
BLACK
6
CONTINUOUS
10
1.0761024803149606
20
0.5502165354330708
11
1.0761023622047243
21
0.5502165354330708
0
LINE
8
BLACK
6
CONTINUOUS
10
1.0761023622047243
20
0.5502165354330708
11
1.0438976377952756
21
0.5502165354330708
0
LINE
8
BLACK
6
CONTINUOUS
10
1.0438976377952756
20
0.5502165354330708
11
1.0422995669291337
21
0.5500907874015748
0
LINE
8
BLACK
6
CONTINUOUS
10
1.0422995669291337
20
0.5500907874015748
11
1.0410951181102361
21
0.5499000393700787
0
LINE
8
BLACK
6
CONTINUOUS
10
1.0410951181102361
20
0.5499000393700787
11
1.0403081496062991
21
0.5497435039370079
0
LINE
8
BLACK
6
CONTINUOUS
10
1.0403081496062991
20
0.5497435039370079
11
1.0366880314960629
21
0.5480746062992126
0
LINE
8
BLACK
6
CONTINUOUS
10
1.0366880314960629
20
0.5480746062992126
11
1.0366879921259842
21
0.5480745669291338
0
LINE
8
BLACK
6
CONTINUOUS
10
1.0366879921259842
20
0.5480745669291338
11
1.0347393307086614
21
0.5466588188976378
0
LINE
8
BLACK
6
CONTINUOUS
10
1.0347393307086614
20
0.5466588188976378
11
1.0347392125984252
21
0.5466587007874015
0
LINE
8
BLACK
6
CONTINUOUS
10
1.0347392125984252
20
0.5466587007874015
11
1.0329756299212598
21
0.5450284251968504
0
LINE
8
BLACK
6
CONTINUOUS
10
1.0329756299212598
20
0.5450284251968504
11
1.032975590551181
21
0.5450283858267716
0
LINE
8
BLACK
6
CONTINUOUS
10
1.032975590551181
20
0.5450283858267716
11
1.0310278346456692
21
0.5415503543307086
0
LINE
8
BLACK
6
CONTINUOUS
10
1.0310278346456692
20
0.5415503543307086
11
1.0302834251968505
21
0.5392592913385826
0
LINE
8
BLACK
6
CONTINUOUS
10
1.0302834251968505
20
0.5392592913385826
11
1.029783464566929
21
0.5361024803149607
0
LINE
8
BLACK
6
CONTINUOUS
10
1.029783464566929
20
0.5361024803149607
11
1.029783464566929
21
0.4977672834645669
0
LINE
8
BLACK
6
CONTINUOUS
10
1.029783464566929
20
0.4977672834645669
11
1.0290390944881889
21
0.4954762992125984
0
LINE
8
BLACK
6
CONTINUOUS
10
1.0290390944881889
20
0.4954762992125984
11
1.0270902755905511
21
0.4940603937007874
0
LINE
8
BLACK
6
CONTINUOUS
10
1.0270902755905511
20
0.4940603937007874
11
1.0258858267716535
21
0.4938696456692913
0
LINE
8
BLACK
6
CONTINUOUS
10
1.0258858267716535
20
0.4938696456692913
11
1.0206631496062992
21
0.4938696456692913
0
LINE
8
BLACK
6
CONTINUOUS
10
1.0206631496062992
20
0.4938696456692913
11
1.0177405118110237
21
0.4932883464566929
0
LINE
8
BLACK
6
CONTINUOUS
10
1.0177405118110237
20
0.4932883464566929
11
1.0177404724409449
21
0.4932883070866141
0
LINE
8
BLACK
6
CONTINUOUS
10
1.0177404724409449
20
0.4932883070866141
11
1.0174602755905511
21
0.4932325984251968
0
LINE
8
BLACK
6
CONTINUOUS
10
1.0174602755905511
20
0.4932325984251968
11
1.0159394881889763
21
0.4932326377952756
0
LINE
8
BLACK
6
CONTINUOUS
10
1.0159394881889763
20
0.4932326377952756
11
1.0156594881889764
21
0.4932883070866141
0
LINE
8
BLACK
6
CONTINUOUS
10
1.0156594881889764
20
0.4932883070866141
11
1.0156594881889764
21
0.4932883464566929
0
LINE
8
BLACK
6
CONTINUOUS
10
1.0156594881889764
20
0.4932883464566929
11
1.0127368897637794
21
0.4938696850393701
0
LINE
8
BLACK
6
CONTINUOUS
10
1.0127368897637794
20
0.4938696850393701
11
0.9950631496062992
21
0.4938696456692913
0
LINE
8
BLACK
6
CONTINUOUS
10
0.9950631496062992
20
0.4938696456692913
11
0.9921405118110236
21
0.4932883464566929
0
LINE
8
BLACK
6
CONTINUOUS
10
0.9921405118110236
20
0.4932883464566929
11
0.9921404724409448
21
0.4932883070866141
0
LINE
8
BLACK
6
CONTINUOUS
10
0.9921404724409448
20
0.4932883070866141
11
0.9918602755905511
21
0.4932325984251968
0
LINE
8
BLACK
6
CONTINUOUS
10
0.9918602755905511
20
0.4932325984251968
11
0.9903394881889763
21
0.4932326377952756
0
LINE
8
BLACK
6
CONTINUOUS
10
0.9903394881889763
20
0.4932326377952756
11
0.9900594881889764
21
0.4932883070866141
0
LINE
8
BLACK
6
CONTINUOUS
10
0.9900594881889764
20
0.4932883070866141
11
0.9900594881889764
21
0.4932883464566929
0
LINE
8
BLACK
6
CONTINUOUS
10
0.9900594881889764
20
0.4932883464566929
11
0.9871368897637796
21
0.4938696850393701
0
LINE
8
BLACK
6
CONTINUOUS
10
0.9871368897637796
20
0.4938696850393701
11
0.9694631496062992
21
0.4938696456692913
0
LINE
8
BLACK
6
CONTINUOUS
10
0.9694631496062992
20
0.4938696456692913
11
0.9665405118110236
21
0.4932883464566929
0
LINE
8
BLACK
6
CONTINUOUS
10
0.9665405118110236
20
0.4932883464566929
11
0.9665404724409449
21
0.4932883070866141
0
LINE
8
BLACK
6
CONTINUOUS
10
0.9665404724409449
20
0.4932883070866141
11
0.9662602755905512
21
0.4932325984251968
0
LINE
8
BLACK
6
CONTINUOUS
10
0.9662602755905512
20
0.4932325984251968
11
0.9647394881889764
21
0.4932326377952756
0
LINE
8
BLACK
6
CONTINUOUS
10
0.9647394881889764
20
0.4932326377952756
11
0.9644594881889763
21
0.4932883070866141
0
LINE
8
BLACK
6
CONTINUOUS
10
0.9644594881889763
20
0.4932883070866141
11
0.9644594881889763
21
0.4932883464566929
0
LINE
8
BLACK
6
CONTINUOUS
10
0.9644594881889763
20
0.4932883464566929
11
0.9615368897637795
21
0.4938696850393701
0
LINE
8
BLACK
6
CONTINUOUS
10
0.9615368897637795
20
0.4938696850393701
11
0.9438631496062992
21
0.4938696456692913
0
LINE
8
BLACK
6
CONTINUOUS
10
0.9438631496062992
20
0.4938696456692913
11
0.9409405118110236
21
0.4932883464566929
0
LINE
8
BLACK
6
CONTINUOUS
10
0.9409405118110236
20
0.4932883464566929
11
0.9409404724409448
21
0.4932883070866141
0
LINE
8
BLACK
6
CONTINUOUS
10
0.9409404724409448
20
0.4932883070866141
11
0.9407602755905512
21
0.4932524803149606
0
LINE
8
BLACK
6
CONTINUOUS
10
0.9407602755905512
20
0.4932524803149606
11
0.9392394488188976
21
0.4932525196850394
0
LINE
8
BLACK
6
CONTINUOUS
10
0.9392394488188976
20
0.4932525196850394
11
0.9390595275590551
21
0.4932883070866141
0
LINE
8
BLACK
6
CONTINUOUS
10
0.9390595275590551
20
0.4932883070866141
11
0.9390594881889763
21
0.4932883464566929
0
LINE
8
BLACK
6
CONTINUOUS
10
0.9390594881889763
20
0.4932883464566929
11
0.9361368897637795
21
0.4938696850393701
0
LINE
8
BLACK
6
CONTINUOUS
10
0.9361368897637795
20
0.4938696850393701
11
0.9184631496062992
21
0.4938696456692913
0
LINE
8
BLACK
6
CONTINUOUS
10
0.9184631496062992
20
0.4938696456692913
11
0.9155405118110236
21
0.4932883464566929
0
LINE
8
BLACK
6
CONTINUOUS
10
0.9155405118110236
20
0.4932883464566929
11
0.9155404724409448
21
0.4932883070866141
0
LINE
8
BLACK
6
CONTINUOUS
10
0.9155404724409448
20
0.4932883070866141
11
0.9152602755905511
21
0.4932325984251968
0
LINE
8
BLACK
6
CONTINUOUS
10
0.9152602755905511
20
0.4932325984251968
11
0.9137394881889763
21
0.4932326377952756
0
LINE
8
BLACK
6
CONTINUOUS
10
0.9137394881889763
20
0.4932326377952756
11
0.9134594881889764
21
0.4932883070866141
0
LINE
8
BLACK
6
CONTINUOUS
10
0.9134594881889764
20
0.4932883070866141
11
0.9134594881889764
21
0.4932883464566929
0
LINE
8
BLACK
6
CONTINUOUS
10
0.9134594881889764
20
0.4932883464566929
11
0.9105368897637796
21
0.4938696850393701
0
LINE
8
BLACK
6
CONTINUOUS
10
0.9105368897637796
20
0.4938696850393701
11
0.8928631496062992
21
0.4938696456692913
0
LINE
8
BLACK
6
CONTINUOUS
10
0.8928631496062992
20
0.4938696456692913
11
0.8928629527559054
21
0.4938696062992126
0
LINE
8
BLACK
6
CONTINUOUS
10
0.8928629527559054
20
0.4938696062992126
11
0.8899405118110236
21
0.4932883464566929
0
LINE
8
BLACK
6
CONTINUOUS
10
0.8899405118110236
20
0.4932883464566929
11
0.8899404330708661
21
0.4932883070866141
0
LINE
8
BLACK
6
CONTINUOUS
10
0.8899404330708661
20
0.4932883070866141
11
0.8879005511811023
21
0.4919252755905512
0
LINE
8
BLACK
6
CONTINUOUS
10
0.8879005511811023
20
0.4919252755905512
11
0.8866262204724409
21
0.491073779527559
0
LINE
8
BLACK
6
CONTINUOUS
10
0.8866262204724409
20
0.491073779527559
11
0.8844116535433071
21
0.4877594881889764
0
LINE
8
BLACK
6
CONTINUOUS
10
0.8844116535433071
20
0.4877594881889764
11
0.8838303543307087
21
0.4848370078740157
0
LINE
8
BLACK
6
CONTINUOUS
10
0.8838303543307087
20
0.4848370078740157
11
0.8838303149606299
21
0.4848368503937008
0
LINE
8
BLACK
6
CONTINUOUS
10
0.8838303149606299
20
0.4848368503937008
11
0.8838303149606299
21
0.48385
0
LINE
8
BLACK
6
CONTINUOUS
10
0.8838303149606299
20
0.48385
11
0.88395
21
0.48385
0
LINE
8
BLACK
6
CONTINUOUS
10
0.88395
20
0.48385
11
0.88395
21
0.42875
0
LINE
8
BLACK
6
CONTINUOUS
10
0.88395
20
0.42875
11
0.8838303149606299
21
0.42875
0
LINE
8
BLACK
6
CONTINUOUS
10
0.8838303149606299
20
0.42875
11
0.8838303149606299
21
0.4277632283464567
0
LINE
8
BLACK
6
CONTINUOUS
10
0.8838303149606299
20
0.4277632283464567
11
0.8838303543307087
21
0.4277629527559055
0
LINE
8
BLACK
6
CONTINUOUS
10
0.8838303543307087
20
0.4277629527559055
11
0.8844116141732283
21
0.4248405118110236
0
LINE
8
BLACK
6
CONTINUOUS
10
0.8844116141732283
20
0.4248405118110236
11
0.8844116535433071
21
0.4248404330708661
0
LINE
8
BLACK
6
CONTINUOUS
10
0.8844116535433071
20
0.4248404330708661
11
0.8851179133858268
21
0.4237835039370079
0
LINE
8
BLACK
6
CONTINUOUS
10
0.8851179133858268
20
0.4237835039370079
11
0.8857748031496063
21
0.4216180708661417
0
LINE
8
BLACK
6
CONTINUOUS
10
0.8857748031496063
20
0.4216180708661417
11
0.8857748031496063
21
0.4204170866141732
0
LINE
8
BLACK
6
CONTINUOUS
10
0.8857748031496063
20
0.4204170866141732
11
0.8850304330708662
21
0.4181261023622047
0
LINE
8
BLACK
6
CONTINUOUS
10
0.8850304330708662
20
0.4181261023622047
11
0.8830816141732283
21
0.4167101968503937
0
LINE
8
BLACK
6
CONTINUOUS
10
0.8830816141732283
20
0.4167101968503937
11
0.8826376377952756
21
0.4165943307086614
0
LINE
8
BLACK
6
CONTINUOUS
10
0.8826376377952756
20
0.4165943307086614
11
0.8819727952755906
21
0.416462125984252
0
LINE
8
BLACK
6
CONTINUOUS
10
0.8819727952755906
20
0.416462125984252
11
0.8806765354330709
21
0.4159251968503937
0
LINE
8
BLACK
6
CONTINUOUS
10
0.8806765354330709
20
0.4159251968503937
11
0.8770333464566928
21
0.4144161417322835
0
LINE
8
BLACK
6
CONTINUOUS
10
0.8770333464566928
20
0.4144161417322835
11
0.8769645275590551
21
0.4143876377952756
0
LINE
8
BLACK
6
CONTINUOUS
10
0.8769645275590551
20
0.4143876377952756
11
0.8724881889763779
21
0.4113966141732283
0
LINE
8
BLACK
6
CONTINUOUS
10
0.8724881889763779
20
0.4113966141732283
11
0.8719661811023622
21
0.4112493700787401
0
LINE
8
BLACK
6
CONTINUOUS
10
0.8719661811023622
20
0.4112493700787401
11
0.8715272834645669
21
0.4109305118110236
0
LINE
8
BLACK
6
CONTINUOUS
10
0.8715272834645669
20
0.4109305118110236
11
0.8708355511811023
21
0.4109305118110236
0
LINE
8
BLACK
6
CONTINUOUS
10
0.8708355511811023
20
0.4109305118110236
11
0.870169842519685
21
0.4107427559055118
0
LINE
8
BLACK
6
CONTINUOUS
10
0.870169842519685
20
0.4107427559055118
11
0.869660905511811
21
0.4109305118110236
0
LINE
8
BLACK
6
CONTINUOUS
10
0.869660905511811
20
0.4109305118110236
11
0.8691183858267716
21
0.4109305118110236
0
LINE
8
BLACK
6
CONTINUOUS
10
0.8691183858267716
20
0.4109305118110236
11
0.8685587401574802
21
0.4113370866141732
0
LINE
8
BLACK
6
CONTINUOUS
10
0.8685587401574802
20
0.4113370866141732
11
0.8679098425196851
21
0.4115764960629921
0
LINE
8
BLACK
6
CONTINUOUS
10
0.8679098425196851
20
0.4115764960629921
11
0.8676084645669291
21
0.4120275196850394
0
LINE
8
BLACK
6
CONTINUOUS
10
0.8676084645669291
20
0.4120275196850394
11
0.8671695669291338
21
0.4123464173228346
0
LINE
8
BLACK
6
CONTINUOUS
10
0.8671695669291338
20
0.4123464173228346
11
0.8669557874015748
21
0.4130042913385827
0
LINE
8
BLACK
6
CONTINUOUS
10
0.8669557874015748
20
0.4130042913385827
11
0.8665715354330709
21
0.4135794094488189
0
LINE
8
BLACK
6
CONTINUOUS
10
0.8665715354330709
20
0.4135794094488189
11
0.8664251968503937
21
0.4146374015748032
0
LINE
8
BLACK
6
CONTINUOUS
10
0.8664251968503937
20
0.4146374015748032
11
0.8664251968503937
21
0.4216180708661417
0
LINE
8
BLACK
6
CONTINUOUS
10
0.8664251968503937
20
0.4216180708661417
11
0.8670820866141732
21
0.4237835039370079
0
LINE
8
BLACK
6
CONTINUOUS
10
0.8670820866141732
20
0.4237835039370079
11
0.8677882283464566
21
0.4248403543307087
0
LINE
8
BLACK
6
CONTINUOUS
10
0.8677882283464566
20
0.4248403543307087
11
0.8677883464566929
21
0.4248405118110236
0
LINE
8
BLACK
6
CONTINUOUS
10
0.8677883464566929
20
0.4248405118110236
11
0.8683696850393701
21
0.4277631102362205
0
LINE
8
BLACK
6
CONTINUOUS
10
0.8683696850393701
20
0.4277631102362205
11
0.8683696850393701
21
0.42875
0
LINE
8
BLACK
6
CONTINUOUS
10
0.8683696850393701
20
0.42875
11
0.86825
21
0.42875
0
LINE
8
BLACK
6
CONTINUOUS
10
0.86825
20
0.42875
11
0.86825
21
0.48385
0
LINE
8
BLACK
6
CONTINUOUS
10
0.86825
20
0.48385
11
0.8683696456692913
21
0.48385
0
LINE
8
BLACK
6
CONTINUOUS
10
0.8683696456692913
20
0.48385
11
0.8683696456692913
21
0.4848368503937008
0
LINE
8
BLACK
6
CONTINUOUS
10
0.8683696456692913
20
0.4848368503937008
11
0.8677883464566929
21
0.4877594881889764
0
LINE
8
BLACK
6
CONTINUOUS
10
0.8677883464566929
20
0.4877594881889764
11
0.865573779527559
21
0.491073779527559
0
LINE
8
BLACK
6
CONTINUOUS
10
0.865573779527559
20
0.491073779527559
11
0.8622594881889764
21
0.4932883464566929
0
LINE
8
BLACK
6
CONTINUOUS
10
0.8622594881889764
20
0.4932883464566929
11
0.8593368897637795
21
0.4938696850393701
0
LINE
8
BLACK
6
CONTINUOUS
10
0.8593368897637795
20
0.4938696850393701
11
0.8416631496062992
21
0.4938696456692913
0
LINE
8
BLACK
6
CONTINUOUS
10
0.8416631496062992
20
0.4938696456692913
11
0.8387405118110236
21
0.4932883464566929
0
LINE
8
BLACK
6
CONTINUOUS
10
0.8387405118110236
20
0.4932883464566929
11
0.8387404724409449
21
0.4932883070866141
0
LINE
8
BLACK
6
CONTINUOUS
10
0.8387404724409449
20
0.4932883070866141
11
0.8384602755905511
21
0.4932325984251968
0
LINE
8
BLACK
6
CONTINUOUS
10
0.8384602755905511
20
0.4932325984251968
11
0.8369394881889763
21
0.4932326377952756
0
LINE
8
BLACK
6
CONTINUOUS
10
0.8369394881889763
20
0.4932326377952756
11
0.8366594881889764
21
0.4932883070866141
0
LINE
8
BLACK
6
CONTINUOUS
10
0.8366594881889764
20
0.4932883070866141
11
0.8366594881889764
21
0.4932883464566929
0
LINE
8
BLACK
6
CONTINUOUS
10
0.8366594881889764
20
0.4932883464566929
11
0.8337368897637795
21
0.4938696850393701
0
LINE
8
BLACK
6
CONTINUOUS
10
0.8337368897637795
20
0.4938696850393701
11
0.8241141338582677
21
0.4938696456692913
0
LINE
8
BLACK
6
CONTINUOUS
10
0.8241141338582677
20
0.4938696456692913
11
0.8218232283464567
21
0.4946140157480315
0
LINE
8
BLACK
6
CONTINUOUS
10
0.8218232283464567
20
0.4946140157480315
11
0.8204073228346457
21
0.4965628346456693
0
LINE
8
BLACK
6
CONTINUOUS
10
0.8204073228346457
20
0.4965628346456693
11
0.8202165354330708
21
0.4977672834645669
0
LINE
8
BLACK
6
CONTINUOUS
10
0.8202165354330708
20
0.4977672834645669
11
0.8202165354330708
21
0.5361020866141732
0
LINE
8
BLACK
6
CONTINUOUS
10
0.8202165354330708
20
0.5361020866141732
11
0.8202165354330708
21
0.5361023622047244
0
LINE
8
BLACK
6
CONTINUOUS
10
0.8202165354330708
20
0.5361023622047244
11
0.8200907874015748
21
0.5377004330708661
0
LINE
8
BLACK
6
CONTINUOUS
10
0.8200907874015748
20
0.5377004330708661
11
0.8199000393700787
21
0.5389048818897638
0
LINE
8
BLACK
6
CONTINUOUS
10
0.8199000393700787
20
0.5389048818897638
11
0.8197435039370079
21
0.5396918503937008
0
LINE
8
BLACK
6
CONTINUOUS
10
0.8197435039370079
20
0.5396918503937008
11
0.8180746062992126
21
0.543311968503937
0
LINE
8
BLACK
6
CONTINUOUS
10
0.8180746062992126
20
0.543311968503937
11
0.8166587007874015
21
0.5452607874015748
0
LINE
8
BLACK
6
CONTINUOUS
10
0.8166587007874015
20
0.5452607874015748
11
0.8150284251968504
21
0.5470243700787402
0
LINE
8
BLACK
6
CONTINUOUS
10
0.8150284251968504
20
0.5470243700787402
11
0.8115503543307087
21
0.5489721653543307
0
LINE
8
BLACK
6
CONTINUOUS
10
0.8115503543307087
20
0.5489721653543307
11
0.8092593700787402
21
0.5497165354330709
0
LINE
8
BLACK
6
CONTINUOUS
10
0.8092593700787402
20
0.5497165354330709
11
0.8061024803149606
21
0.5502165354330708
0
LINE
8
BLACK
6
CONTINUOUS
10
0.8061024803149606
20
0.5502165354330708
11
0.8061023622047244
21
0.5502165354330708
0
LINE
8
BLACK
6
CONTINUOUS
10
0.8061023622047244
20
0.5502165354330708
11
0.7738976377952755
21
0.5502165354330708
0
LINE
8
BLACK
6
CONTINUOUS
10
0.7738976377952755
20
0.5502165354330708
11
0.7722995669291338
21
0.5500907874015748
0
LINE
8
BLACK
6
CONTINUOUS
10
0.7722995669291338
20
0.5500907874015748
11
0.7710951181102362
21
0.5499000393700787
0
LINE
8
BLACK
6
CONTINUOUS
10
0.7710951181102362
20
0.5499000393700787
11
0.7703081496062992
21
0.5497435039370079
0
LINE
8
BLACK
6
CONTINUOUS
10
0.7703081496062992
20
0.5497435039370079
11
0.766688031496063
21
0.5480746062992126
0
LINE
8
BLACK
6
CONTINUOUS
10
0.766688031496063
20
0.5480746062992126
11
0.7666879921259843
21
0.5480745669291338
0
LINE
8
BLACK
6
CONTINUOUS
10
0.7666879921259843
20
0.5480745669291338
11
0.7647393307086614
21
0.5466588188976378
0
LINE
8
BLACK
6
CONTINUOUS
10
0.7647393307086614
20
0.5466588188976378
11
0.7647392125984251
21
0.5466587007874015
0
LINE
8
BLACK
6
CONTINUOUS
10
0.7647392125984251
20
0.5466587007874015
11
0.7629756299212598
21
0.5450284251968504
0
LINE
8
BLACK
6
CONTINUOUS
10
0.7629756299212598
20
0.5450284251968504
11
0.7629755905511811
21
0.5450283858267716
0
LINE
8
BLACK
6
CONTINUOUS
10
0.7629755905511811
20
0.5450283858267716
11
0.7610278346456693
21
0.5415503543307086
0
LINE
8
BLACK
6
CONTINUOUS
10
0.7610278346456693
20
0.5415503543307086
11
0.7602834251968503
21
0.5392592913385826
0
LINE
8
BLACK
6
CONTINUOUS
10
0.7602834251968503
20
0.5392592913385826
11
0.7597834645669291
21
0.5361024803149607
0
LINE
8
BLACK
6
CONTINUOUS
10
0.7597834645669291
20
0.5361024803149607
11
0.7597834645669291
21
0.5167044094488189
0
LINE
8
BLACK
6
CONTINUOUS
10
0.7597834645669291
20
0.5167044094488189
11
0.759039094488189
21
0.5144134251968504
0
LINE
8
BLACK
6
CONTINUOUS
10
0.759039094488189
20
0.5144134251968504
11
0.7570902755905512
21
0.5129975196850394
0
LINE
8
BLACK
6
CONTINUOUS
10
0.7570902755905512
20
0.5129975196850394
11
0.7546813779527559
21
0.5129975196850394
0
LINE
8
BLACK
6
CONTINUOUS
10
0.7546813779527559
20
0.5129975196850394
11
0.7544876771653544
21
0.5130661811023622
0
LINE
8
BLACK
6
CONTINUOUS
10
0.7544876771653544
20
0.5130661811023622
11
0.5043429921259842
21
0.6092757480314961
0
LINE
8
BLACK
6
CONTINUOUS
10
0.5043429921259842
20
0.6092757480314961
11
0.5025406299212598
21
0.6097850393700788
0
LINE
8
BLACK
6
CONTINUOUS
10
0.5025406299212598
20
0.6097850393700788
11
0.5011414566929133
21
0.610044842519685
0
LINE
8
BLACK
6
CONTINUOUS
10
0.5011414566929133
20
0.610044842519685
11
0.4992762992125984
21
0.6102165354330709
0
LINE
8
BLACK
6
CONTINUOUS
10
0.4992762992125984
20
0.6102165354330709
11
0.1038976377952756
21
0.6102165354330709
0
LINE
8
BLACK
6
CONTINUOUS
10
0.1038976377952756
20
0.6102165354330709
11
0.1022995669291339
21
0.6100907874015747
0
LINE
8
BLACK
6
CONTINUOUS
10
0.1022995669291339
20
0.6100907874015747
11
0.1010951181102362
21
0.6099000393700788
0
LINE
8
BLACK
6
CONTINUOUS
10
0.1010951181102362
20
0.6099000393700788
11
0.1003081496062992
21
0.6097435039370078
0
LINE
8
BLACK
6
CONTINUOUS
10
0.1003081496062992
20
0.6097435039370078
11
0.096688031496063
21
0.6080746062992126
0
LINE
8
BLACK
6
CONTINUOUS
10
0.096688031496063
20
0.6080746062992126
11
0.0966879921259843
21
0.6080745669291339
0
LINE
8
BLACK
6
CONTINUOUS
10
0.0966879921259843
20
0.6080745669291339
11
0.0947393307086614
21
0.6066588188976377
0
LINE
8
BLACK
6
CONTINUOUS
10
0.0947393307086614
20
0.6066588188976377
11
0.0947392125984252
21
0.6066587007874016
0
LINE
8
BLACK
6
CONTINUOUS
10
0.0947392125984252
20
0.6066587007874016
11
0.0929756299212598
21
0.6050284251968504
0
LINE
8
BLACK
6
CONTINUOUS
10
0.0929756299212598
20
0.6050284251968504
11
0.0929755905511811
21
0.6050283858267717
0
LINE
8
BLACK
6
CONTINUOUS
10
0.0929755905511811
20
0.6050283858267717
11
0.0910278346456693
21
0.6015503543307087
0
LINE
8
BLACK
6
CONTINUOUS
10
0.0910278346456693
20
0.6015503543307087
11
0.0902834251968504
21
0.5992592913385827
0
LINE
8
BLACK
6
CONTINUOUS
10
0.0902834251968504
20
0.5992592913385827
11
0.0897834645669291
21
0.5961024803149606
0
LINE
8
BLACK
6
CONTINUOUS
10
0.0897834645669291
20
0.5961024803149606
11
0.0897834645669291
21
0.413897874015748
0
LINE
8
BLACK
6
CONTINUOUS
10
0.5094383464566929
20
0.2839094881889764
11
0.507223779527559
21
0.2872237795275591
0
LINE
8
BLACK
6
CONTINUOUS
10
0.507223779527559
20
0.2872237795275591
11
0.5039094881889764
21
0.2894383464566929
0
LINE
8
BLACK
6
CONTINUOUS
10
0.5039094881889764
20
0.2894383464566929
11
0.5009868897637795
21
0.2900196850393701
0
LINE
8
BLACK
6
CONTINUOUS
10
0.5009868897637795
20
0.2900196850393701
11
0.4390131496062992
21
0.2900196456692913
0
LINE
8
BLACK
6
CONTINUOUS
10
0.4390131496062992
20
0.2900196456692913
11
0.4390129527559055
21
0.2900196062992126
0
LINE
8
BLACK
6
CONTINUOUS
10
0.4390129527559055
20
0.2900196062992126
11
0.4360905118110236
21
0.2894383464566929
0
LINE
8
BLACK
6
CONTINUOUS
10
0.4360905118110236
20
0.2894383464566929
11
0.4360904330708661
21
0.2894383070866142
0
LINE
8
BLACK
6
CONTINUOUS
10
0.4360904330708661
20
0.2894383070866142
11
0.4352990157480315
21
0.2889094881889764
0
LINE
8
BLACK
6
CONTINUOUS
10
0.4352990157480315
20
0.2889094881889764
11
0.4327762204724409
21
0.2872237795275591
0
LINE
8
BLACK
6
CONTINUOUS
10
0.4327762204724409
20
0.2872237795275591
11
0.4305616535433071
21
0.2839094881889764
0
LINE
8
BLACK
6
CONTINUOUS
10
0.4305616535433071
20
0.2839094881889764
11
0.4300504724409449
21
0.2813395669291339
0
LINE
8
BLACK
6
CONTINUOUS
10
0.4300504724409449
20
0.2813395669291339
11
0.4299803149606299
21
0.2809868503937008
0
LINE
8
BLACK
6
CONTINUOUS
10
0.4299803149606299
20
0.2809868503937008
11
0.4299803149606299
21
0.2190132283464567
0
LINE
8
BLACK
6
CONTINUOUS
10
0.4299803149606299
20
0.2190132283464567
11
0.4299803543307086
21
0.2190129527559055
0
LINE
8
BLACK
6
CONTINUOUS
10
0.4299803543307086
20
0.2190129527559055
11
0.4305616141732284
21
0.2160905118110236
0
LINE
8
BLACK
6
CONTINUOUS
10
0.4305616141732284
20
0.2160905118110236
11
0.4305616535433071
21
0.2160904330708661
0
LINE
8
BLACK
6
CONTINUOUS
10
0.4305616535433071
20
0.2160904330708661
11
0.4327761023622047
21
0.2127763385826772
0
LINE
8
BLACK
6
CONTINUOUS
10
0.4327761023622047
20
0.2127763385826772
11
0.4327762992125984
21
0.2127761417322835
0
LINE
8
BLACK
6
CONTINUOUS
10
0.4327762992125984
20
0.2127761417322835
11
0.434985748031496
21
0.211299842519685
0
LINE
8
BLACK
6
CONTINUOUS
10
0.434985748031496
20
0.211299842519685
11
0.4360905118110236
21
0.2105616535433071
0
LINE
8
BLACK
6
CONTINUOUS
10
0.4360905118110236
20
0.2105616535433071
11
0.4384317322834645
21
0.2100959448818898
0
LINE
8
BLACK
6
CONTINUOUS
10
0.4384317322834645
20
0.2100959448818898
11
0.4390130708661417
21
0.2099803149606299
0
LINE
8
BLACK
6
CONTINUOUS
10
0.4390130708661417
20
0.2099803149606299
11
0.4390131102362205
21
0.2099803149606299
0
LINE
8
BLACK
6
CONTINUOUS
10
0.4390131102362205
20
0.2099803149606299
11
0.4501771653543307
21
0.2099803149606299
0
LINE
8
BLACK
6
CONTINUOUS
10
0.4501771653543307
20
0.2099803149606299
11
0.4524681496062992
21
0.2092359448818898
0
LINE
8
BLACK
6
CONTINUOUS
10
0.4524681496062992
20
0.2092359448818898
11
0.4538840551181103
21
0.207287125984252
0
LINE
8
BLACK
6
CONTINUOUS
10
0.4538840551181103
20
0.207287125984252
11
0.4540748031496063
21
0.2060826771653543
0
LINE
8
BLACK
6
CONTINUOUS
10
0.4540748031496063
20
0.2060826771653543
11
0.4540748031496063
21
0.1939172834645669
0
LINE
8
BLACK
6
CONTINUOUS
10
0.4540748031496063
20
0.1939172834645669
11
0.4533304330708661
21
0.1916262992125984
0
LINE
8
BLACK
6
CONTINUOUS
10
0.4533304330708661
20
0.1916262992125984
11
0.4513816141732284
21
0.1902103937007874
0
LINE
8
BLACK
6
CONTINUOUS
10
0.4513816141732284
20
0.1902103937007874
11
0.4501771653543307
21
0.1900196456692913
0
LINE
8
BLACK
6
CONTINUOUS
10
0.4501771653543307
20
0.1900196456692913
11
0.4390131496062992
21
0.1900196456692913
0
LINE
8
BLACK
6
CONTINUOUS
10
0.4390131496062992
20
0.1900196456692913
11
0.4390129527559055
21
0.1900196062992126
0
LINE
8
BLACK
6
CONTINUOUS
10
0.4390129527559055
20
0.1900196062992126
11
0.4360905118110236
21
0.1894383464566929
0
LINE
8
BLACK
6
CONTINUOUS
10
0.4360905118110236
20
0.1894383464566929
11
0.4360904330708661
21
0.1894383070866142
0
LINE
8
BLACK
6
CONTINUOUS
10
0.4360904330708661
20
0.1894383070866142
11
0.4328206692913386
21
0.1872534645669291
0
LINE
8
BLACK
6
CONTINUOUS
10
0.4328206692913386
20
0.1872534645669291
11
0.4327762204724409
21
0.1872237795275591
0
LINE
8
BLACK
6
CONTINUOUS
10
0.4327762204724409
20
0.1872237795275591
11
0.4305616535433071
21
0.1839094881889764
0
LINE
8
BLACK
6
CONTINUOUS
10
0.4305616535433071
20
0.1839094881889764
11
0.4301540157480315
21
0.1818601181102362
0
LINE
8
BLACK
6
CONTINUOUS
10
0.4301540157480315
20
0.1818601181102362
11
0.4299803149606299
21
0.1809868503937008
0
LINE
8
BLACK
6
CONTINUOUS
10
0.4299803149606299
20
0.1809868503937008
11
0.4299803149606299
21
0.1190132283464567
0
LINE
8
BLACK
6
CONTINUOUS
10
0.4299803149606299
20
0.1190132283464567
11
0.4299803543307086
21
0.1190129527559055
0
LINE
8
BLACK
6
CONTINUOUS
10
0.4299803543307086
20
0.1190129527559055
11
0.4305616141732284
21
0.1160905118110236
0
LINE
8
BLACK
6
CONTINUOUS
10
0.4305616141732284
20
0.1160905118110236
11
0.4305616535433071
21
0.1160904330708661
0
LINE
8
BLACK
6
CONTINUOUS
10
0.4305616535433071
20
0.1160904330708661
11
0.4327761023622047
21
0.1127763385826772
0
LINE
8
BLACK
6
CONTINUOUS
10
0.4327761023622047
20
0.1127763385826772
11
0.4327762992125984
21
0.1127761417322835
0
LINE
8
BLACK
6
CONTINUOUS
10
0.4327762992125984
20
0.1127761417322835
11
0.434985748031496
21
0.111299842519685
0
LINE
8
BLACK
6
CONTINUOUS
10
0.434985748031496
20
0.111299842519685
11
0.4360905118110236
21
0.1105616535433071
0
LINE
8
BLACK
6
CONTINUOUS
10
0.4360905118110236
20
0.1105616535433071
11
0.4390131102362205
21
0.1099803149606299
0
LINE
8
BLACK
6
CONTINUOUS
10
0.4390131102362205
20
0.1099803149606299
11
0.5009867322834646
21
0.1099803149606299
0
LINE
8
BLACK
6
CONTINUOUS
10
0.5009867322834646
20
0.1099803149606299
11
0.5009870078740157
21
0.1099803543307087
0
LINE
8
BLACK
6
CONTINUOUS
10
0.5009870078740157
20
0.1099803543307087
11
0.5039094488188977
21
0.1105616141732284
0
LINE
8
BLACK
6
CONTINUOUS
10
0.5039094488188977
20
0.1105616141732284
11
0.5039095275590552
21
0.1105616535433071
0
LINE
8
BLACK
6
CONTINUOUS
10
0.5039095275590552
20
0.1105616535433071
11
0.5072236220472441
21
0.1127761023622047
0
LINE
8
BLACK
6
CONTINUOUS
10
0.5072236220472441
20
0.1127761023622047
11
0.5072236614173228
21
0.1127761417322835
0
LINE
8
BLACK
6
CONTINUOUS
10
0.5072236614173228
20
0.1127761417322835
11
0.507223779527559
21
0.1127762204724409
0
LINE
8
BLACK
6
CONTINUOUS
10
0.507223779527559
20
0.1127762204724409
11
0.5094383464566929
21
0.1160905118110236
0
LINE
8
BLACK
6
CONTINUOUS
10
0.5094383464566929
20
0.1160905118110236
11
0.5100196850393701
21
0.1190131102362205
0
LINE
8
BLACK
6
CONTINUOUS
10
0.5100196850393701
20
0.1190131102362205
11
0.5100196456692914
21
0.1809868503937008
0
LINE
8
BLACK
6
CONTINUOUS
10
0.5100196456692914
20
0.1809868503937008
11
0.5094383464566929
21
0.1839094881889764
0
LINE
8
BLACK
6
CONTINUOUS
10
0.5094383464566929
20
0.1839094881889764
11
0.507223779527559
21
0.1872237795275591
0
LINE
8
BLACK
6
CONTINUOUS
10
0.507223779527559
20
0.1872237795275591
11
0.5039094881889764
21
0.1894383464566929
0
LINE
8
BLACK
6
CONTINUOUS
10
0.5039094881889764
20
0.1894383464566929
11
0.5009868897637795
21
0.1900196850393701
0
LINE
8
BLACK
6
CONTINUOUS
10
0.5009868897637795
20
0.1900196850393701
11
0.4898227952755905
21
0.1900196456692913
0
LINE
8
BLACK
6
CONTINUOUS
10
0.4898227952755905
20
0.1900196456692913
11
0.4875318897637795
21
0.1907640157480315
0
LINE
8
BLACK
6
CONTINUOUS
10
0.4875318897637795
20
0.1907640157480315
11
0.4861159842519685
21
0.1927128346456693
0
LINE
8
BLACK
6
CONTINUOUS
10
0.4861159842519685
20
0.1927128346456693
11
0.4859251968503937
21
0.1939172834645669
0
LINE
8
BLACK
6
CONTINUOUS
10
0.4859251968503937
20
0.1939172834645669
11
0.4859251968503937
21
0.2060826771653543
0
LINE
8
BLACK
6
CONTINUOUS
10
0.4859251968503937
20
0.2060826771653543
11
0.4866695669291338
21
0.2083736614173228
0
LINE
8
BLACK
6
CONTINUOUS
10
0.4866695669291338
20
0.2083736614173228
11
0.4886183858267716
21
0.2097895669291339
0
LINE
8
BLACK
6
CONTINUOUS
10
0.4886183858267716
20
0.2097895669291339
11
0.4898228346456693
21
0.2099803149606299
0
LINE
8
BLACK
6
CONTINUOUS
10
0.4898228346456693
20
0.2099803149606299
11
0.5009867322834646
21
0.2099803149606299
0
LINE
8
BLACK
6
CONTINUOUS
10
0.5009867322834646
20
0.2099803149606299
11
0.5009870078740157
21
0.2099803543307087
0
LINE
8
BLACK
6
CONTINUOUS
10
0.5009870078740157
20
0.2099803543307087
11
0.5039094488188977
21
0.2105616141732283
0
LINE
8
BLACK
6
CONTINUOUS
10
0.5039094488188977
20
0.2105616141732283
11
0.5039095275590552
21
0.2105616535433071
0
LINE
8
BLACK
6
CONTINUOUS
10
0.5039095275590552
20
0.2105616535433071
11
0.5072236220472441
21
0.2127761023622047
0
LINE
8
BLACK
6
CONTINUOUS
10
0.5072236220472441
20
0.2127761023622047
11
0.5072236614173228
21
0.2127761417322835
0
LINE
8
BLACK
6
CONTINUOUS
10
0.5072236614173228
20
0.2127761417322835
11
0.507223779527559
21
0.2127762204724409
0
LINE
8
BLACK
6
CONTINUOUS
10
0.507223779527559
20
0.2127762204724409
11
0.5094383464566929
21
0.2160905118110236
0
LINE
8
BLACK
6
CONTINUOUS
10
0.5094383464566929
20
0.2160905118110236
11
0.5100196850393701
21
0.2190131102362205
0
LINE
8
BLACK
6
CONTINUOUS
10
0.5100196850393701
20
0.2190131102362205
11
0.5100196456692914
21
0.2809868503937008
0
LINE
8
BLACK
6
CONTINUOUS
10
0.5100196456692914
20
0.2809868503937008
11
0.5094383464566929
21
0.2839094881889764
0
LINE
8
BLACK
6
CONTINUOUS
10
0.5299803149606299
20
0.2190132283464567
11
0.5299803543307087
21
0.2190129527559055
0
LINE
8
BLACK
6
CONTINUOUS
10
0.5299803543307087
20
0.2190129527559055
11
0.5305616141732283
21
0.2160905118110236
0
LINE
8
BLACK
6
CONTINUOUS
10
0.5305616141732283
20
0.2160905118110236
11
0.5305616535433071
21
0.2160904330708661
0
LINE
8
BLACK
6
CONTINUOUS
10
0.5305616535433071
20
0.2160904330708661
11
0.5327761023622047
21
0.2127763385826772
0
LINE
8
BLACK
6
CONTINUOUS
10
0.5327761023622047
20
0.2127763385826772
11
0.5327762992125984
21
0.2127761417322835
0
LINE
8
BLACK
6
CONTINUOUS
10
0.5327762992125984
20
0.2127761417322835
11
0.534985748031496
21
0.211299842519685
0
LINE
8
BLACK
6
CONTINUOUS
10
0.534985748031496
20
0.211299842519685
11
0.5360905118110236
21
0.2105616535433071
0
LINE
8
BLACK
6
CONTINUOUS
10
0.5360905118110236
20
0.2105616535433071
11
0.5384317322834645
21
0.2100959448818898
0
LINE
8
BLACK
6
CONTINUOUS
10
0.5384317322834645
20
0.2100959448818898
11
0.5390130708661417
21
0.2099803149606299
0
LINE
8
BLACK
6
CONTINUOUS
10
0.5390130708661417
20
0.2099803149606299
11
0.5390131102362204
21
0.2099803149606299
0
LINE
8
BLACK
6
CONTINUOUS
10
0.5390131102362204
20
0.2099803149606299
11
0.5501771653543307
21
0.2099803149606299
0
LINE
8
BLACK
6
CONTINUOUS
10
0.5501771653543307
20
0.2099803149606299
11
0.5524681496062992
21
0.2092359448818898
0
LINE
8
BLACK
6
CONTINUOUS
10
0.5524681496062992
20
0.2092359448818898
11
0.5538840551181102
21
0.207287125984252
0
LINE
8
BLACK
6
CONTINUOUS
10
0.5538840551181102
20
0.207287125984252
11
0.5540748031496063
21
0.2060826771653543
0
LINE
8
BLACK
6
CONTINUOUS
10
0.5540748031496063
20
0.2060826771653543
11
0.5540748031496063
21
0.1939172834645669
0
LINE
8
BLACK
6
CONTINUOUS
10
0.5540748031496063
20
0.1939172834645669
11
0.5533304330708662
21
0.1916262992125984
0
LINE
8
BLACK
6
CONTINUOUS
10
0.5533304330708662
20
0.1916262992125984
11
0.5513816141732283
21
0.1902103937007874
0
LINE
8
BLACK
6
CONTINUOUS
10
0.5513816141732283
20
0.1902103937007874
11
0.5501771653543307
21
0.1900196456692913
0
LINE
8
BLACK
6
CONTINUOUS
10
0.5501771653543307
20
0.1900196456692913
11
0.5390131496062992
21
0.1900196456692913
0
LINE
8
BLACK
6
CONTINUOUS
10
0.5390131496062992
20
0.1900196456692913
11
0.5390129527559056
21
0.1900196062992126
0
LINE
8
BLACK
6
CONTINUOUS
10
0.5390129527559056
20
0.1900196062992126
11
0.5360905118110236
21
0.1894383464566929
0
LINE
8
BLACK
6
CONTINUOUS
10
0.5360905118110236
20
0.1894383464566929
11
0.5360904330708661
21
0.1894383070866142
0
LINE
8
BLACK
6
CONTINUOUS
10
0.5360904330708661
20
0.1894383070866142
11
0.5328206692913385
21
0.1872534645669291
0
LINE
8
BLACK
6
CONTINUOUS
10
0.5328206692913385
20
0.1872534645669291
11
0.5327762204724409
21
0.1872237795275591
0
LINE
8
BLACK
6
CONTINUOUS
10
0.5327762204724409
20
0.1872237795275591
11
0.5305616535433071
21
0.1839094881889764
0
LINE
8
BLACK
6
CONTINUOUS
10
0.5305616535433071
20
0.1839094881889764
11
0.5301540157480314
21
0.1818601181102362
0
LINE
8
BLACK
6
CONTINUOUS
10
0.5301540157480314
20
0.1818601181102362
11
0.5299803149606299
21
0.1809868503937008
0
LINE
8
BLACK
6
CONTINUOUS
10
0.5299803149606299
20
0.1809868503937008
11
0.5299803149606299
21
0.1190132283464567
0
LINE
8
BLACK
6
CONTINUOUS
10
0.5299803149606299
20
0.1190132283464567
11
0.5299803543307087
21
0.1190129527559055
0
LINE
8
BLACK
6
CONTINUOUS
10
0.5299803543307087
20
0.1190129527559055
11
0.5305616141732283
21
0.1160905118110236
0
LINE
8
BLACK
6
CONTINUOUS
10
0.5305616141732283
20
0.1160905118110236
11
0.5305616535433071
21
0.1160904330708661
0
LINE
8
BLACK
6
CONTINUOUS
10
0.5305616535433071
20
0.1160904330708661
11
0.5327761023622047
21
0.1127763385826772
0
LINE
8
BLACK
6
CONTINUOUS
10
0.5327761023622047
20
0.1127763385826772
11
0.5327762992125984
21
0.1127761417322835
0
LINE
8
BLACK
6
CONTINUOUS
10
0.5327762992125984
20
0.1127761417322835
11
0.534985748031496
21
0.111299842519685
0
LINE
8
BLACK
6
CONTINUOUS
10
0.534985748031496
20
0.111299842519685
11
0.5360905118110236
21
0.1105616535433071
0
LINE
8
BLACK
6
CONTINUOUS
10
0.5360905118110236
20
0.1105616535433071
11
0.5390131102362204
21
0.1099803149606299
0
LINE
8
BLACK
6
CONTINUOUS
10
0.5390131102362204
20
0.1099803149606299
11
0.6009867322834646
21
0.1099803149606299
0
LINE
8
BLACK
6
CONTINUOUS
10
0.6009867322834646
20
0.1099803149606299
11
0.6009870078740157
21
0.1099803543307087
0
LINE
8
BLACK
6
CONTINUOUS
10
0.6009870078740157
20
0.1099803543307087
11
0.6039094488188976
21
0.1105616141732284
0
LINE
8
BLACK
6
CONTINUOUS
10
0.6039094488188976
20
0.1105616141732284
11
0.6039095275590551
21
0.1105616535433071
0
LINE
8
BLACK
6
CONTINUOUS
10
0.6039095275590551
20
0.1105616535433071
11
0.6072236220472441
21
0.1127761023622047
0
LINE
8
BLACK
6
CONTINUOUS
10
0.6072236220472441
20
0.1127761023622047
11
0.6072236614173229
21
0.1127761417322835
0
LINE
8
BLACK
6
CONTINUOUS
10
0.6072236614173229
20
0.1127761417322835
11
0.607223779527559
21
0.1127762204724409
0
LINE
8
BLACK
6
CONTINUOUS
10
0.607223779527559
20
0.1127762204724409
11
0.6094383464566929
21
0.1160905118110236
0
LINE
8
BLACK
6
CONTINUOUS
10
0.6094383464566929
20
0.1160905118110236
11
0.6100196850393701
21
0.1190131102362205
0
LINE
8
BLACK
6
CONTINUOUS
10
0.6100196850393701
20
0.1190131102362205
11
0.6100196456692913
21
0.1809868503937008
0
LINE
8
BLACK
6
CONTINUOUS
10
0.6100196456692913
20
0.1809868503937008
11
0.6094383464566929
21
0.1839094881889764
0
LINE
8
BLACK
6
CONTINUOUS
10
0.6094383464566929
20
0.1839094881889764
11
0.607223779527559
21
0.1872237795275591
0
LINE
8
BLACK
6
CONTINUOUS
10
0.607223779527559
20
0.1872237795275591
11
0.6039094881889764
21
0.1894383464566929
0
LINE
8
BLACK
6
CONTINUOUS
10
0.6039094881889764
20
0.1894383464566929
11
0.6009868897637796
21
0.1900196850393701
0
LINE
8
BLACK
6
CONTINUOUS
10
0.6009868897637796
20
0.1900196850393701
11
0.5898227952755906
21
0.1900196456692913
0
LINE
8
BLACK
6
CONTINUOUS
10
0.5898227952755906
20
0.1900196456692913
11
0.5875318897637796
21
0.1907640157480315
0
LINE
8
BLACK
6
CONTINUOUS
10
0.5875318897637796
20
0.1907640157480315
11
0.5861159842519685
21
0.1927128346456693
0
LINE
8
BLACK
6
CONTINUOUS
10
0.5861159842519685
20
0.1927128346456693
11
0.5859251968503937
21
0.1939172834645669
0
LINE
8
BLACK
6
CONTINUOUS
10
0.5859251968503937
20
0.1939172834645669
11
0.5859251968503937
21
0.2060826771653543
0
LINE
8
BLACK
6
CONTINUOUS
10
0.5859251968503937
20
0.2060826771653543
11
0.5866695669291339
21
0.2083736614173228
0
LINE
8
BLACK
6
CONTINUOUS
10
0.5866695669291339
20
0.2083736614173228
11
0.5886183858267716
21
0.2097895669291339
0
LINE
8
BLACK
6
CONTINUOUS
10
0.5886183858267716
20
0.2097895669291339
11
0.5898228346456693
21
0.2099803149606299
0
LINE
8
BLACK
6
CONTINUOUS
10
0.5898228346456693
20
0.2099803149606299
11
0.6009867322834646
21
0.2099803149606299
0
LINE
8
BLACK
6
CONTINUOUS
10
0.6009867322834646
20
0.2099803149606299
11
0.6009870078740157
21
0.2099803543307087
0
LINE
8
BLACK
6
CONTINUOUS
10
0.6009870078740157
20
0.2099803543307087
11
0.6039094488188976
21
0.2105616141732283
0
LINE
8
BLACK
6
CONTINUOUS
10
0.6039094488188976
20
0.2105616141732283
11
0.6039095275590551
21
0.2105616535433071
0
LINE
8
BLACK
6
CONTINUOUS
10
0.6039095275590551
20
0.2105616535433071
11
0.6072236220472441
21
0.2127761023622047
0
LINE
8
BLACK
6
CONTINUOUS
10
0.6072236220472441
20
0.2127761023622047
11
0.6072236614173229
21
0.2127761417322835
0
LINE
8
BLACK
6
CONTINUOUS
10
0.6072236614173229
20
0.2127761417322835
11
0.607223779527559
21
0.2127762204724409
0
LINE
8
BLACK
6
CONTINUOUS
10
0.607223779527559
20
0.2127762204724409
11
0.6094383464566929
21
0.2160905118110236
0
LINE
8
BLACK
6
CONTINUOUS
10
0.6094383464566929
20
0.2160905118110236
11
0.6100196850393701
21
0.2190131102362205
0
LINE
8
BLACK
6
CONTINUOUS
10
0.6100196850393701
20
0.2190131102362205
11
0.6100196456692913
21
0.2809868503937008
0
LINE
8
BLACK
6
CONTINUOUS
10
0.6100196456692913
20
0.2809868503937008
11
0.6094383464566929
21
0.2839094881889764
0
LINE
8
BLACK
6
CONTINUOUS
10
0.6094383464566929
20
0.2839094881889764
11
0.607223779527559
21
0.2872237795275591
0
LINE
8
BLACK
6
CONTINUOUS
10
0.607223779527559
20
0.2872237795275591
11
0.6039094881889764
21
0.2894383464566929
0
LINE
8
BLACK
6
CONTINUOUS
10
0.6039094881889764
20
0.2894383464566929
11
0.6009868897637796
21
0.2900196850393701
0
LINE
8
BLACK
6
CONTINUOUS
10
0.6009868897637796
20
0.2900196850393701
11
0.5390131496062992
21
0.2900196456692913
0
LINE
8
BLACK
6
CONTINUOUS
10
0.5390131496062992
20
0.2900196456692913
11
0.5390129527559056
21
0.2900196062992126
0
LINE
8
BLACK
6
CONTINUOUS
10
0.5390129527559056
20
0.2900196062992126
11
0.5360905118110236
21
0.2894383464566929
0
LINE
8
BLACK
6
CONTINUOUS
10
0.5360905118110236
20
0.2894383464566929
11
0.5360904330708661
21
0.2894383070866142
0
LINE
8
BLACK
6
CONTINUOUS
10
0.5360904330708661
20
0.2894383070866142
11
0.5352990157480315
21
0.2889094881889764
0
LINE
8
BLACK
6
CONTINUOUS
10
0.5352990157480315
20
0.2889094881889764
11
0.5327762204724409
21
0.2872237795275591
0
LINE
8
BLACK
6
CONTINUOUS
10
0.5327762204724409
20
0.2872237795275591
11
0.5305616535433071
21
0.2839094881889764
0
LINE
8
BLACK
6
CONTINUOUS
10
0.5305616535433071
20
0.2839094881889764
11
0.5300504724409448
21
0.2813395669291339
0
LINE
8
BLACK
6
CONTINUOUS
10
0.5300504724409448
20
0.2813395669291339
11
0.5299803149606299
21
0.2809868503937008
0
LINE
8
BLACK
6
CONTINUOUS
10
0.5299803149606299
20
0.2809868503937008
11
0.5299803149606299
21
0.2190132283464567
0
LINE
8
BLACK
6
CONTINUOUS
10
0.6792303149606299
20
0.1760132283464567
11
0.6792303543307087
21
0.1760129527559055
0
LINE
8
BLACK
6
CONTINUOUS
10
0.6792303543307087
20
0.1760129527559055
11
0.6798116141732283
21
0.1730905118110236
0
LINE
8
BLACK
6
CONTINUOUS
10
0.6798116141732283
20
0.1730905118110236
11
0.6798116535433071
21
0.1730904330708661
0
LINE
8
BLACK
6
CONTINUOUS
10
0.6798116535433071
20
0.1730904330708661
11
0.6820261023622047
21
0.1697763385826772
0
LINE
8
BLACK
6
CONTINUOUS
10
0.6820261023622047
20
0.1697763385826772
11
0.6820262992125984
21
0.1697761417322834
0
LINE
8
BLACK
6
CONTINUOUS
10
0.6820262992125984
20
0.1697761417322834
11
0.6837291338582677
21
0.1686383464566929
0
LINE
8
BLACK
6
CONTINUOUS
10
0.6837291338582677
20
0.1686383464566929
11
0.6853405118110236
21
0.1675616535433071
0
LINE
8
BLACK
6
CONTINUOUS
10
0.6853405118110236
20
0.1675616535433071
11
0.6882631102362204
21
0.1669803149606299
0
LINE
8
BLACK
6
CONTINUOUS
10
0.6882631102362204
20
0.1669803149606299
11
0.7217367322834646
21
0.1669803149606299
0
LINE
8
BLACK
6
CONTINUOUS
10
0.7217367322834646
20
0.1669803149606299
11
0.7217370078740157
21
0.1669803543307087
0
LINE
8
BLACK
6
CONTINUOUS
10
0.7217370078740157
20
0.1669803543307087
11
0.7246594488188977
21
0.1675616141732283
0
LINE
8
BLACK
6
CONTINUOUS
10
0.7246594488188977
20
0.1675616141732283
11
0.7246595275590551
21
0.1675616535433071
0
LINE
8
BLACK
6
CONTINUOUS
10
0.7246595275590551
20
0.1675616535433071
11
0.727973622047244
21
0.1697761023622047
0
LINE
8
BLACK
6
CONTINUOUS
10
0.727973622047244
20
0.1697761023622047
11
0.7279736614173228
21
0.1697761417322834
0
LINE
8
BLACK
6
CONTINUOUS
10
0.7279736614173228
20
0.1697761417322834
11
0.727973779527559
21
0.169776220472441
0
LINE
8
BLACK
6
CONTINUOUS
10
0.727973779527559
20
0.169776220472441
11
0.7301883464566929
21
0.1730905118110236
0
LINE
8
BLACK
6
CONTINUOUS
10
0.7301883464566929
20
0.1730905118110236
11
0.73076968503937
21
0.1760131102362205
0
LINE
8
BLACK
6
CONTINUOUS
10
0.73076968503937
20
0.1760131102362205
11
0.73076968503937
21
0.1768771653543307
0
LINE
8
BLACK
6
CONTINUOUS
10
0.73076968503937
20
0.1768771653543307
11
0.7315140551181102
21
0.1791681496062992
0
LINE
8
BLACK
6
CONTINUOUS
10
0.7315140551181102
20
0.1791681496062992
11
0.7334628740157481
21
0.1805840551181102
0
LINE
8
BLACK
6
CONTINUOUS
10
0.7334628740157481
20
0.1805840551181102
11
0.7346673228346456
21
0.1807748031496063
0
LINE
8
BLACK
6
CONTINUOUS
10
0.7346673228346456
20
0.1807748031496063
11
0.7962964960629921
21
0.1807748031496063
0
LINE
8
BLACK
6
CONTINUOUS
10
0.7962964960629921
20
0.1807748031496063
11
0.7962965748031496
21
0.1807748031496063
0
LINE
8
BLACK
6
CONTINUOUS
10
0.7962965748031496
20
0.1807748031496063
11
0.8003468897637795
21
0.1818600787401575
0
LINE
8
BLACK
6
CONTINUOUS
10
0.8003468897637795
20
0.1818600787401575
11
0.8003470472440944
21
0.1818601181102362
0
LINE
8
BLACK
6
CONTINUOUS
10
0.8003470472440944
20
0.1818601181102362
11
0.8039781102362205
21
0.1839565354330709
0
LINE
8
BLACK
6
CONTINUOUS
10
0.8039781102362205
20
0.1839565354330709
11
0.804180905511811
21
0.1841121653543307
0
LINE
8
BLACK
6
CONTINUOUS
10
0.804180905511811
20
0.1841121653543307
11
0.8042416141732284
21
0.1840329921259843
0
LINE
8
BLACK
6
CONTINUOUS
10
0.8042416141732284
20
0.1840329921259843
11
0.806006653543307
21
0.1849323228346457
0
LINE
8
BLACK
6
CONTINUOUS
10
0.806006653543307
20
0.1849323228346457
11
0.8066163779527559
21
0.1849803149606299
0
LINE
8
BLACK
6
CONTINUOUS
10
0.8066163779527559
20
0.1849803149606299
11
0.8384867322834646
21
0.1849803149606299
0
LINE
8
BLACK
6
CONTINUOUS
10
0.8384867322834646
20
0.1849803149606299
11
0.8384870078740158
21
0.1849803543307087
0
LINE
8
BLACK
6
CONTINUOUS
10
0.8384870078740158
20
0.1849803543307087
11
0.8414094488188976
21
0.1855616141732283
0
LINE
8
BLACK
6
CONTINUOUS
10
0.8414094488188976
20
0.1855616141732283
11
0.8414095275590551
21
0.1855616535433071
0
LINE
8
BLACK
6
CONTINUOUS
10
0.8414095275590551
20
0.1855616535433071
11
0.844723622047244
21
0.1877761023622047
0
LINE
8
BLACK
6
CONTINUOUS
10
0.844723622047244
20
0.1877761023622047
11
0.8447237795275591
21
0.1877762204724409
0
LINE
8
BLACK
6
CONTINUOUS
10
0.8447237795275591
20
0.1877762204724409
11
0.8469383464566929
21
0.1910905118110236
0
LINE
8
BLACK
6
CONTINUOUS
10
0.8469383464566929
20
0.1910905118110236
11
0.84751968503937
21
0.1940131102362205
0
LINE
8
BLACK
6
CONTINUOUS
10
0.84751968503937
20
0.1940131102362205
11
0.8475196456692913
21
0.2309868503937008
0
LINE
8
BLACK
6
CONTINUOUS
10
0.8475196456692913
20
0.2309868503937008
11
0.8469383464566929
21
0.2339094881889764
0
LINE
8
BLACK
6
CONTINUOUS
10
0.8469383464566929
20
0.2339094881889764
11
0.8447237795275591
21
0.237223779527559
0
LINE
8
BLACK
6
CONTINUOUS
10
0.8447237795275591
20
0.237223779527559
11
0.8414094881889763
21
0.2394383464566929
0
LINE
8
BLACK
6
CONTINUOUS
10
0.8414094881889763
20
0.2394383464566929
11
0.8384868897637795
21
0.2400196850393701
0
LINE
8
BLACK
6
CONTINUOUS
10
0.8384868897637795
20
0.2400196850393701
11
0.7815131496062991
21
0.2400196456692913
0
LINE
8
BLACK
6
CONTINUOUS
10
0.7815131496062991
20
0.2400196456692913
11
0.7815129527559055
21
0.2400196062992126
0
LINE
8
BLACK
6
CONTINUOUS
10
0.7815129527559055
20
0.2400196062992126
11
0.7785905118110236
21
0.2394383464566929
0
LINE
8
BLACK
6
CONTINUOUS
10
0.7785905118110236
20
0.2394383464566929
11
0.7785904330708662
21
0.2394383070866142
0
LINE
8
BLACK
6
CONTINUOUS
10
0.7785904330708662
20
0.2394383070866142
11
0.7780348818897638
21
0.2390670866141732
0
LINE
8
BLACK
6
CONTINUOUS
10
0.7780348818897638
20
0.2390670866141732
11
0.7752762204724409
21
0.237223779527559
0
LINE
8
BLACK
6
CONTINUOUS
10
0.7752762204724409
20
0.237223779527559
11
0.773061653543307
21
0.2339094881889764
0
LINE
8
BLACK
6
CONTINUOUS
10
0.773061653543307
20
0.2339094881889764
11
0.7724803543307086
21
0.2309870078740157
0
LINE
8
BLACK
6
CONTINUOUS
10
0.7724803543307086
20
0.2309870078740157
11
0.7724803149606299
21
0.2309868897637795
0
LINE
8
BLACK
6
CONTINUOUS
10
0.7724803149606299
20
0.2309868897637795
11
0.7724803149606299
21
0.2165228346456693
0
LINE
8
BLACK
6
CONTINUOUS
10
0.7724803149606299
20
0.2165228346456693
11
0.7717359448818898
21
0.2142318503937008
0
LINE
8
BLACK
6
CONTINUOUS
10
0.7717359448818898
20
0.2142318503937008
11
0.7697871259842519
21
0.2128159448818898
0
LINE
8
BLACK
6
CONTINUOUS
10
0.7697871259842519
20
0.2128159448818898
11
0.7685826771653543
21
0.2126251968503937
0
LINE
8
BLACK
6
CONTINUOUS
10
0.7685826771653543
20
0.2126251968503937
11
0.7346672834645669
21
0.2126251968503937
0
LINE
8
BLACK
6
CONTINUOUS
10
0.7346672834645669
20
0.2126251968503937
11
0.7323762992125984
21
0.2133695669291339
0
LINE
8
BLACK
6
CONTINUOUS
10
0.7323762992125984
20
0.2133695669291339
11
0.7309603937007874
21
0.2153183858267717
0
LINE
8
BLACK
6
CONTINUOUS
10
0.7309603937007874
20
0.2153183858267717
11
0.7307696456692914
21
0.2165228346456693
0
LINE
8
BLACK
6
CONTINUOUS
10
0.7307696456692914
20
0.2165228346456693
11
0.7307696456692914
21
0.2173867322834646
0
LINE
8
BLACK
6
CONTINUOUS
10
0.7307696456692914
20
0.2173867322834646
11
0.7307696062992126
21
0.2173868897637795
0
LINE
8
BLACK
6
CONTINUOUS
10
0.7307696062992126
20
0.2173868897637795
11
0.7301883464566929
21
0.2203094881889764
0
LINE
8
BLACK
6
CONTINUOUS
10
0.7301883464566929
20
0.2203094881889764
11
0.727973779527559
21
0.223623779527559
0
LINE
8
BLACK
6
CONTINUOUS
10
0.727973779527559
20
0.223623779527559
11
0.7246594881889764
21
0.2258383464566929
0
LINE
8
BLACK
6
CONTINUOUS
10
0.7246594881889764
20
0.2258383464566929
11
0.7217368897637795
21
0.2264196850393701
0
LINE
8
BLACK
6
CONTINUOUS
10
0.7217368897637795
20
0.2264196850393701
11
0.6882631496062992
21
0.2264196456692913
0
LINE
8
BLACK
6
CONTINUOUS
10
0.6882631496062992
20
0.2264196456692913
11
0.6882629527559055
21
0.2264196062992126
0
LINE
8
BLACK
6
CONTINUOUS
10
0.6882629527559055
20
0.2264196062992126
11
0.6853405118110236
21
0.2258383464566929
0
LINE
8
BLACK
6
CONTINUOUS
10
0.6853405118110236
20
0.2258383464566929
11
0.6853404330708661
21
0.2258383070866142
0
LINE
8
BLACK
6
CONTINUOUS
10
0.6853404330708661
20
0.2258383070866142
11
0.6853403937007874
21
0.2258382677165354
0
LINE
8
BLACK
6
CONTINUOUS
10
0.6853403937007874
20
0.2258382677165354
11
0.6820262204724409
21
0.223623779527559
0
LINE
8
BLACK
6
CONTINUOUS
10
0.6820262204724409
20
0.223623779527559
11
0.6798116535433071
21
0.2203094881889764
0
LINE
8
BLACK
6
CONTINUOUS
10
0.6798116535433071
20
0.2203094881889764
11
0.6792303543307087
21
0.2173870078740157
0
LINE
8
BLACK
6
CONTINUOUS
10
0.6792303543307087
20
0.2173870078740157
11
0.6792303149606299
21
0.2173868503937008
0
LINE
8
BLACK
6
CONTINUOUS
10
0.6792303149606299
20
0.2173868503937008
11
0.6792303149606299
21
0.1760132283464567
0
LINE
8
BLACK
6
CONTINUOUS
10
1.4599803149606299
20
0.4115132283464567
11
1.4599803543307086
21
0.4115129527559055
0
LINE
8
BLACK
6
CONTINUOUS
10
1.4599803543307086
20
0.4115129527559055
11
1.4605616141732283
21
0.4085905118110236
0
LINE
8
BLACK
6
CONTINUOUS
10
1.4605616141732283
20
0.4085905118110236
11
1.460561653543307
21
0.4085904330708661
0
LINE
8
BLACK
6
CONTINUOUS
10
1.460561653543307
20
0.4085904330708661
11
1.4627761023622048
21
0.4052763385826771
0
LINE
8
BLACK
6
CONTINUOUS
10
1.4627761023622048
20
0.4052763385826771
11
1.4627762992125983
21
0.4052761417322834
0
LINE
8
BLACK
6
CONTINUOUS
10
1.4627762992125983
20
0.4052761417322834
11
1.4649857480314961
21
0.403799842519685
0
LINE
8
BLACK
6
CONTINUOUS
10
1.4649857480314961
20
0.403799842519685
11
1.4660905118110237
21
0.4030616535433071
0
LINE
8
BLACK
6
CONTINUOUS
10
1.4660905118110237
20
0.4030616535433071
11
1.4690131102362205
21
0.4024803149606299
0
LINE
8
BLACK
6
CONTINUOUS
10
1.4690131102362205
20
0.4024803149606299
11
1.5059867322834646
21
0.4024803149606299
0
LINE
8
BLACK
6
CONTINUOUS
10
1.5059867322834646
20
0.4024803149606299
11
1.5059870078740156
21
0.4024803543307087
0
LINE
8
BLACK
6
CONTINUOUS
10
1.5059870078740156
20
0.4024803543307087
11
1.5089094488188977
21
0.4030616141732283
0
LINE
8
BLACK
6
CONTINUOUS
10
1.5089094488188977
20
0.4030616141732283
11
1.5089095275590552
21
0.4030616535433071
0
LINE
8
BLACK
6
CONTINUOUS
10
1.5089095275590552
20
0.4030616535433071
11
1.512223622047244
21
0.4052761023622047
0
LINE
8
BLACK
6
CONTINUOUS
10
1.512223622047244
20
0.4052761023622047
11
1.5122236614173228
21
0.4052761417322834
0
LINE
8
BLACK
6
CONTINUOUS
10
1.5122236614173228
20
0.4052761417322834
11
1.512223779527559
21
0.4052762204724409
0
LINE
8
BLACK
6
CONTINUOUS
10
1.512223779527559
20
0.4052762204724409
11
1.5144383464566928
21
0.4085905118110236
0
LINE
8
BLACK
6
CONTINUOUS
10
1.5144383464566928
20
0.4085905118110236
11
1.5149944881889763
21
0.4113865748031496
0
LINE
8
BLACK
6
CONTINUOUS
10
1.5149944881889763
20
0.4113865748031496
11
1.5161715354330709
21
0.4134882677165354
0
LINE
8
BLACK
6
CONTINUOUS
10
1.5161715354330709
20
0.4134882677165354
11
1.5183591338582676
21
0.4144967716535433
0
LINE
8
BLACK
6
CONTINUOUS
10
1.5183591338582676
20
0.4144967716535433
11
1.5203087401574802
21
0.4142271259842519
0
LINE
8
BLACK
6
CONTINUOUS
10
1.5203087401574802
20
0.4142271259842519
11
1.5219728346456693
21
0.4135378346456693
0
LINE
8
BLACK
6
CONTINUOUS
10
1.5219728346456693
20
0.4135378346456693
11
1.5272894488188975
21
0.4124803149606299
0
LINE
8
BLACK
6
CONTINUOUS
10
1.5272894488188975
20
0.4124803149606299
11
1.5272895669291338
21
0.4124803149606299
0
LINE
8
BLACK
6
CONTINUOUS
10
1.5272895669291338
20
0.4124803149606299
11
1.5327105118110236
21
0.4124803149606299
0
LINE
8
BLACK
6
CONTINUOUS
10
1.5327105118110236
20
0.4124803149606299
11
1.5377777952755904
21
0.4134882677165354
0
LINE
8
BLACK
6
CONTINUOUS
10
1.5377777952755904
20
0.4134882677165354
11
1.5380272047244095
21
0.413537874015748
0
LINE
8
BLACK
6
CONTINUOUS
10
1.5380272047244095
20
0.413537874015748
11
1.5380272440944882
21
0.413537874015748
0
LINE
8
BLACK
6
CONTINUOUS
10
1.5380272440944882
20
0.413537874015748
11
1.5396912204724409
21
0.4142271259842519
0
LINE
8
BLACK
6
CONTINUOUS
10
1.5396912204724409
20
0.4142271259842519
11
1.5420926377952755
21
0.4144161417322835
0
LINE
8
BLACK
6
CONTINUOUS
10
1.5420926377952755
20
0.4144161417322835
11
1.5441465354330708
21
0.4131574803149606
0
LINE
8
BLACK
6
CONTINUOUS
10
1.5441465354330708
20
0.4131574803149606
11
1.5450055118110235
21
0.4113865354330709
0
LINE
8
BLACK
6
CONTINUOUS
10
1.5450055118110235
20
0.4113865354330709
11
1.5455616141732282
21
0.4085905118110236
0
LINE
8
BLACK
6
CONTINUOUS
10
1.5455616141732282
20
0.4085905118110236
11
1.545561653543307
21
0.4085904330708661
0
LINE
8
BLACK
6
CONTINUOUS
10
1.545561653543307
20
0.4085904330708661
11
1.5477761023622048
21
0.4052763385826771
0
LINE
8
BLACK
6
CONTINUOUS
10
1.5477761023622048
20
0.4052763385826771
11
1.5477762992125983
21
0.4052761417322834
0
LINE
8
BLACK
6
CONTINUOUS
10
1.5477762992125983
20
0.4052761417322834
11
1.549985748031496
21
0.403799842519685
0
LINE
8
BLACK
6
CONTINUOUS
10
1.549985748031496
20
0.403799842519685
11
1.5510905118110236
21
0.4030616535433071
0
LINE
8
BLACK
6
CONTINUOUS
10
1.5510905118110236
20
0.4030616535433071
11
1.5540131102362205
21
0.4024803149606299
0
LINE
8
BLACK
6
CONTINUOUS
10
1.5540131102362205
20
0.4024803149606299
11
1.5909867322834645
21
0.4024803149606299
0
LINE
8
BLACK
6
CONTINUOUS
10
1.5909867322834645
20
0.4024803149606299
11
1.5909870078740158
21
0.4024803543307087
0
LINE
8
BLACK
6
CONTINUOUS
10
1.5909870078740158
20
0.4024803543307087
11
1.5939094488188976
21
0.4030616141732283
0
LINE
8
BLACK
6
CONTINUOUS
10
1.5939094488188976
20
0.4030616141732283
11
1.5939095275590551
21
0.4030616535433071
0
LINE
8
BLACK
6
CONTINUOUS
10
1.5939095275590551
20
0.4030616535433071
11
1.597223622047244
21
0.4052761023622047
0
LINE
8
BLACK
6
CONTINUOUS
10
1.597223622047244
20
0.4052761023622047
11
1.5972236614173227
21
0.4052761417322834
0
LINE
8
BLACK
6
CONTINUOUS
10
1.5972236614173227
20
0.4052761417322834
11
1.597223779527559
21
0.4052762204724409
0
LINE
8
BLACK
6
CONTINUOUS
10
1.597223779527559
20
0.4052762204724409
11
1.5994383464566928
21
0.4085905118110236
0
LINE
8
BLACK
6
CONTINUOUS
10
1.5994383464566928
20
0.4085905118110236
11
1.60001968503937
21
0.4115131102362204
0
LINE
8
BLACK
6
CONTINUOUS
10
1.60001968503937
20
0.4115131102362204
11
1.6000196456692912
21
0.4684868503937008
0
LINE
8
BLACK
6
CONTINUOUS
10
1.6000196456692912
20
0.4684868503937008
11
1.5994383464566928
21
0.4714094881889764
0
LINE
8
BLACK
6
CONTINUOUS
10
1.5994383464566928
20
0.4714094881889764
11
1.597223779527559
21
0.4747237795275591
0
LINE
8
BLACK
6
CONTINUOUS
10
1.597223779527559
20
0.4747237795275591
11
1.5939094881889764
21
0.4769383464566929
0
LINE
8
BLACK
6
CONTINUOUS
10
1.5939094881889764
20
0.4769383464566929
11
1.5909868897637796
21
0.4775196850393701
0
LINE
8
BLACK
6
CONTINUOUS
10
1.5909868897637796
20
0.4775196850393701
11
1.5540131496062992
21
0.4775196456692913
0
LINE
8
BLACK
6
CONTINUOUS
10
1.5540131496062992
20
0.4775196456692913
11
1.5540129527559055
21
0.4775196062992126
0
LINE
8
BLACK
6
CONTINUOUS
10
1.5540129527559055
20
0.4775196062992126
11
1.5510905118110236
21
0.4769383464566929
0
LINE
8
BLACK
6
CONTINUOUS
10
1.5510905118110236
20
0.4769383464566929
11
1.5510904330708661
21
0.4769383070866142
0
LINE
8
BLACK
6
CONTINUOUS
10
1.5510904330708661
20
0.4769383070866142
11
1.5510903937007874
21
0.4769382677165354
0
LINE
8
BLACK
6
CONTINUOUS
10
1.5510903937007874
20
0.4769382677165354
11
1.547776220472441
21
0.4747237795275591
0
LINE
8
BLACK
6
CONTINUOUS
10
1.547776220472441
20
0.4747237795275591
11
1.5477761417322835
21
0.4747236614173228
0
LINE
8
BLACK
6
CONTINUOUS
10
1.5477761417322835
20
0.4747236614173228
11
1.545561653543307
21
0.4714094881889764
0
LINE
8
BLACK
6
CONTINUOUS
10
1.545561653543307
20
0.4714094881889764
11
1.5450054724409448
21
0.4686133858267716
0
LINE
8
BLACK
6
CONTINUOUS
10
1.5450054724409448
20
0.4686133858267716
11
1.5438283858267716
21
0.4665116535433071
0
LINE
8
BLACK
6
CONTINUOUS
10
1.5438283858267716
20
0.4665116535433071
11
1.5416407874015747
21
0.4655031889763779
0
LINE
8
BLACK
6
CONTINUOUS
10
1.5416407874015747
20
0.4655031889763779
11
1.5396912204724409
21
0.4657728346456693
0
LINE
8
BLACK
6
CONTINUOUS
10
1.5396912204724409
20
0.4657728346456693
11
1.5380272047244095
21
0.466462125984252
0
LINE
8
BLACK
6
CONTINUOUS
10
1.5380272047244095
20
0.466462125984252
11
1.5327104330708661
21
0.4675196850393701
0
LINE
8
BLACK
6
CONTINUOUS
10
1.5327104330708661
20
0.4675196850393701
11
1.5272895669291338
21
0.4675196850393701
0
LINE
8
BLACK
6
CONTINUOUS
10
1.5272895669291338
20
0.4675196850393701
11
1.5219727952755906
21
0.466462125984252
0
LINE
8
BLACK
6
CONTINUOUS
10
1.5219727952755906
20
0.466462125984252
11
1.5203086614173229
21
0.4657727952755906
0
LINE
8
BLACK
6
CONTINUOUS
10
1.5203086614173229
20
0.4657727952755906
11
1.5179073622047243
21
0.4655838188976378
0
LINE
8
BLACK
6
CONTINUOUS
10
1.5179073622047243
20
0.4655838188976378
11
1.5158534251968503
21
0.4668424409448819
0
LINE
8
BLACK
6
CONTINUOUS
10
1.5158534251968503
20
0.4668424409448819
11
1.5149944488188976
21
0.4686134645669291
0
LINE
8
BLACK
6
CONTINUOUS
10
1.5149944488188976
20
0.4686134645669291
11
1.5144383464566928
21
0.4714094094488189
0
LINE
8
BLACK
6
CONTINUOUS
10
1.5144383464566928
20
0.4714094094488189
11
1.5144383464566928
21
0.4714094488188976
0
LINE
8
BLACK
6
CONTINUOUS
10
1.5144383464566928
20
0.4714094488188976
11
1.5144383464566928
21
0.4714094881889764
0
LINE
8
BLACK
6
CONTINUOUS
10
1.5144383464566928
20
0.4714094881889764
11
1.512223779527559
21
0.4747237795275591
0
LINE
8
BLACK
6
CONTINUOUS
10
1.512223779527559
20
0.4747237795275591
11
1.5089094881889764
21
0.4769383464566929
0
LINE
8
BLACK
6
CONTINUOUS
10
1.5089094881889764
20
0.4769383464566929
11
1.5059868897637796
21
0.4775196850393701
0
LINE
8
BLACK
6
CONTINUOUS
10
1.5059868897637796
20
0.4775196850393701
11
1.4690131496062993
21
0.4775196456692913
0
LINE
8
BLACK
6
CONTINUOUS
10
1.4690131496062993
20
0.4775196456692913
11
1.4690129527559055
21
0.4775196062992126
0
LINE
8
BLACK
6
CONTINUOUS
10
1.4690129527559055
20
0.4775196062992126
11
1.4660905118110237
21
0.4769383464566929
0
LINE
8
BLACK
6
CONTINUOUS
10
1.4660905118110237
20
0.4769383464566929
11
1.4660904330708662
21
0.4769383070866142
0
LINE
8
BLACK
6
CONTINUOUS
10
1.4660904330708662
20
0.4769383070866142
11
1.4660903937007874
21
0.4769382677165354
0
LINE
8
BLACK
6
CONTINUOUS
10
1.4660903937007874
20
0.4769382677165354
11
1.4627762204724408
21
0.4747237795275591
0
LINE
8
BLACK
6
CONTINUOUS
10
1.4627762204724408
20
0.4747237795275591
11
1.460561653543307
21
0.4714094881889764
0
LINE
8
BLACK
6
CONTINUOUS
10
1.460561653543307
20
0.4714094881889764
11
1.4600055118110236
21
0.4686134645669291
0
LINE
8
BLACK
6
CONTINUOUS
10
1.4600055118110236
20
0.4686134645669291
11
1.4599803149606299
21
0.4684868503937008
0
LINE
8
BLACK
6
CONTINUOUS
10
1.4599803149606299
20
0.4684868503937008
11
1.4599803149606299
21
0.4115132283464567
0
LINE
8
BLACK
6
CONTINUOUS
10
0.0897834645669291
20
0.8161023622047244
11
0.0897834645669291
21
0.6438976377952755
0
LINE
8
BLACK
6
CONTINUOUS
10
0.0897834645669291
20
0.6438976377952755
11
0.0899092125984252
21
0.6422995669291338
0
LINE
8
BLACK
6
CONTINUOUS
10
0.0899092125984252
20
0.6422995669291338
11
0.0900999606299213
21
0.6410951181102362
0
LINE
8
BLACK
6
CONTINUOUS
10
0.0900999606299213
20
0.6410951181102362
11
0.0901000787401575
21
0.6410944094488189
0
LINE
8
BLACK
6
CONTINUOUS
10
0.0901000787401575
20
0.6410944094488189
11
0.0902564173228346
21
0.6403083858267716
0
LINE
8
BLACK
6
CONTINUOUS
10
0.0902564173228346
20
0.6403083858267716
11
0.0902565354330709
21
0.640308031496063
0
LINE
8
BLACK
6
CONTINUOUS
10
0.0902565354330709
20
0.640308031496063
11
0.0919252755905512
21
0.6366881889763779
0
LINE
8
BLACK
6
CONTINUOUS
10
0.0919252755905512
20
0.6366881889763779
11
0.0919253937007874
21
0.6366879921259843
0
LINE
8
BLACK
6
CONTINUOUS
10
0.0919253937007874
20
0.6366879921259843
11
0.0933411417322835
21
0.6347393307086614
0
LINE
8
BLACK
6
CONTINUOUS
10
0.0933411417322835
20
0.6347393307086614
11
0.0933412598425197
21
0.6347392125984251
0
LINE
8
BLACK
6
CONTINUOUS
10
0.0933412598425197
20
0.6347392125984251
11
0.0949715354330709
21
0.6329756692913385
0
LINE
8
BLACK
6
CONTINUOUS
10
0.0949715354330709
20
0.6329756692913385
11
0.0949715748031496
21
0.6329755905511811
0
LINE
8
BLACK
6
CONTINUOUS
10
0.0949715748031496
20
0.6329755905511811
11
0.0984496062992126
21
0.6310278346456692
0
LINE
8
BLACK
6
CONTINUOUS
10
0.0984496062992126
20
0.6310278346456692
11
0.1007407086614173
21
0.6302834251968504
0
LINE
8
BLACK
6
CONTINUOUS
10
0.1007407086614173
20
0.6302834251968504
11
0.1007405905511811
21
0.6302834251968504
0
LINE
8
BLACK
6
CONTINUOUS
10
0.1007405905511811
20
0.6302834251968504
11
0.1038975196850394
21
0.6297834645669291
0
LINE
8
BLACK
6
CONTINUOUS
10
0.1038975196850394
20
0.6297834645669291
11
0.1038976377952756
21
0.6297834645669291
0
LINE
8
BLACK
6
CONTINUOUS
10
0.1038976377952756
20
0.6297834645669291
11
0.4883851181102362
21
0.6297834645669291
0
LINE
8
BLACK
6
CONTINUOUS
10
0.4883851181102362
20
0.6297834645669291
11
0.4883855118110236
21
0.6297834645669291
0
LINE
8
BLACK
6
CONTINUOUS
10
0.4883855118110236
20
0.6297834645669291
11
0.4889199606299213
21
0.6298044488188976
0
LINE
8
BLACK
6
CONTINUOUS
10
0.4889199606299213
20
0.6298044488188976
11
0.4891874015748031
21
0.6298149606299213
0
LINE
8
BLACK
6
CONTINUOUS
10
0.4891874015748031
20
0.6298149606299213
11
0.4897970078740158
21
0.6298629527559055
0
LINE
8
BLACK
6
CONTINUOUS
10
0.4897970078740158
20
0.6298629527559055
11
0.4936332283464567
21
0.6309448818897637
0
LINE
8
BLACK
6
CONTINUOUS
10
0.4936332283464567
20
0.6309448818897637
11
0.4936334645669291
21
0.6309449606299212
0
LINE
8
BLACK
6
CONTINUOUS
10
0.4936334645669291
20
0.6309449606299212
11
0.4957797637795275
21
0.6320385433070866
0
LINE
8
BLACK
6
CONTINUOUS
10
0.4957797637795275
20
0.6320385433070866
11
0.4983655118110236
21
0.6339172047244095
0
LINE
8
BLACK
6
CONTINUOUS
10
0.4983655118110236
20
0.6339172047244095
11
0.4983655905511811
21
0.6339172834645669
0
LINE
8
BLACK
6
CONTINUOUS
10
0.4983655905511811
20
0.6339172834645669
11
0.498365748031496
21
0.6339174015748031
0
LINE
8
BLACK
6
CONTINUOUS
10
0.498365748031496
20
0.6339174015748031
11
0.6211629133858267
21
0.7567145669291339
0
LINE
8
BLACK
6
CONTINUOUS
10
0.6211629133858267
20
0.7567145669291339
11
0.6211635039370078
21
0.7567151968503937
0
LINE
8
BLACK
6
CONTINUOUS
10
0.6211635039370078
20
0.7567151968503937
11
0.6217073228346457
21
0.7573034645669291
0
LINE
8
BLACK
6
CONTINUOUS
10
0.6217073228346457
20
0.7573034645669291
11
0.621934842519685
21
0.7575698818897637
0
LINE
8
BLACK
6
CONTINUOUS
10
0.621934842519685
20
0.7575698818897637
11
0.6221047244094488
21
0.7577688188976378
0
LINE
8
BLACK
6
CONTINUOUS
10
0.6221047244094488
20
0.7577688188976378
11
0.6240524803149606
21
0.761246811023622
0
LINE
8
BLACK
6
CONTINUOUS
10
0.6240524803149606
20
0.761246811023622
11
0.6247968503937008
21
0.7635377952755905
0
LINE
8
BLACK
6
CONTINUOUS
10
0.6247968503937008
20
0.7635377952755905
11
0.6248968503937008
21
0.7641691732283464
0
LINE
8
BLACK
6
CONTINUOUS
10
0.6248968503937008
20
0.7641691732283464
11
0.6251
21
0.7654517716535433
0
LINE
8
BLACK
6
CONTINUOUS
10
0.6251
20
0.7654517716535433
11
0.6251
21
0.77705
0
LINE
8
BLACK
6
CONTINUOUS
10
0.6251
20
0.77705
11
0.6372829133858268
21
0.77705
0
LINE
8
BLACK
6
CONTINUOUS
10
0.6372829133858268
20
0.77705
11
0.640702874015748
21
0.7780145275590551
0
LINE
8
BLACK
6
CONTINUOUS
10
0.640702874015748
20
0.7780145275590551
11
0.6407031102362205
21
0.7780146062992126
0
LINE
8
BLACK
6
CONTINUOUS
10
0.6407031102362205
20
0.7780146062992126
11
0.6428494094488189
21
0.7791081889763779
0
LINE
8
BLACK
6
CONTINUOUS
10
0.6428494094488189
20
0.7791081889763779
11
0.645435157480315
21
0.7809868503937007
0
LINE
8
BLACK
6
CONTINUOUS
10
0.645435157480315
20
0.7809868503937007
11
0.6454352362204724
21
0.7809869291338583
0
LINE
8
BLACK
6
CONTINUOUS
10
0.6454352362204724
20
0.7809869291338583
11
0.6454353937007874
21
0.7809870472440945
0
LINE
8
BLACK
6
CONTINUOUS
10
0.6454353937007874
20
0.7809870472440945
11
0.7330902362204724
21
0.8686418897637795
0
LINE
8
BLACK
6
CONTINUOUS
10
0.7330902362204724
20
0.8686418897637795
11
0.7352365748031496
21
0.8697354724409448
0
LINE
8
BLACK
6
CONTINUOUS
10
0.7352365748031496
20
0.8697354724409448
11
0.7358462992125984
21
0.8697834645669291
0
LINE
8
BLACK
6
CONTINUOUS
10
0.7358462992125984
20
0.8697834645669291
11
0.786102125984252
21
0.8697834645669291
0
LINE
8
BLACK
6
CONTINUOUS
10
0.786102125984252
20
0.8697834645669291
11
0.7861023622047244
21
0.8697834645669291
0
LINE
8
BLACK
6
CONTINUOUS
10
0.7861023622047244
20
0.8697834645669291
11
0.7869974803149606
21
0.8698538976377953
0
LINE
8
BLACK
6
CONTINUOUS
10
0.7869974803149606
20
0.8698538976377953
11
0.7877001181102362
21
0.8699091732283465
0
LINE
8
BLACK
6
CONTINUOUS
10
0.7877001181102362
20
0.8699091732283465
11
0.7877004330708661
21
0.8699092125984251
0
LINE
8
BLACK
6
CONTINUOUS
10
0.7877004330708661
20
0.8699092125984251
11
0.7889048818897637
21
0.8700999606299212
0
LINE
8
BLACK
6
CONTINUOUS
10
0.7889048818897637
20
0.8700999606299212
11
0.788905157480315
21
0.8701
0
LINE
8
BLACK
6
CONTINUOUS
10
0.788905157480315
20
0.8701
11
0.7889055511811024
21
0.8701000787401575
0
LINE
8
BLACK
6
CONTINUOUS
10
0.7889055511811024
20
0.8701000787401575
11
0.7896915748031496
21
0.8702564173228347
0
LINE
8
BLACK
6
CONTINUOUS
10
0.7896915748031496
20
0.8702564173228347
11
0.7896917322834646
21
0.8702564566929134
0
LINE
8
BLACK
6
CONTINUOUS
10
0.7896917322834646
20
0.8702564566929134
11
0.7896918503937008
21
0.8702564960629922
0
LINE
8
BLACK
6
CONTINUOUS
10
0.7896918503937008
20
0.8702564960629922
11
0.7900571259842519
21
0.8704248818897637
0
LINE
8
BLACK
6
CONTINUOUS
10
0.7900571259842519
20
0.8704248818897637
11
0.7933117716535433
21
0.8719252755905511
0
LINE
8
BLACK
6
CONTINUOUS
10
0.7933117716535433
20
0.8719252755905511
11
0.793311968503937
21
0.8719253937007874
0
LINE
8
BLACK
6
CONTINUOUS
10
0.793311968503937
20
0.8719253937007874
11
0.7952606299212598
21
0.8733411417322835
0
LINE
8
BLACK
6
CONTINUOUS
10
0.7952606299212598
20
0.8733411417322835
11
0.795260748031496
21
0.8733412598425196
0
LINE
8
BLACK
6
CONTINUOUS
10
0.795260748031496
20
0.8733412598425196
11
0.7954049212598425
21
0.8734745669291338
0
LINE
8
BLACK
6
CONTINUOUS
10
0.7954049212598425
20
0.8734745669291338
11
0.7970243700787402
21
0.8749715748031496
0
LINE
8
BLACK
6
CONTINUOUS
10
0.7970243700787402
20
0.8749715748031496
11
0.7989721653543307
21
0.8784496456692913
0
LINE
8
BLACK
6
CONTINUOUS
10
0.7989721653543307
20
0.8784496456692913
11
0.7997165354330709
21
0.8807406299212598
0
LINE
8
BLACK
6
CONTINUOUS
10
0.7997165354330709
20
0.8807406299212598
11
0.7999686614173228
21
0.8823325984251968
0
LINE
8
BLACK
6
CONTINUOUS
10
0.7999686614173228
20
0.8823325984251968
11
0.8002165354330708
21
0.8838974803149606
0
LINE
8
BLACK
6
CONTINUOUS
10
0.8002165354330708
20
0.8838974803149606
11
0.8002165354330708
21
0.9358858267716536
0
LINE
8
BLACK
6
CONTINUOUS
10
0.8002165354330708
20
0.9358858267716536
11
0.800960905511811
21
0.938176811023622
0
LINE
8
BLACK
6
CONTINUOUS
10
0.800960905511811
20
0.938176811023622
11
0.8029097244094489
21
0.9395927165354331
0
LINE
8
BLACK
6
CONTINUOUS
10
0.8029097244094489
20
0.9395927165354331
11
0.8041141732283464
21
0.9397834645669291
0
LINE
8
BLACK
6
CONTINUOUS
10
0.8041141732283464
20
0.9397834645669291
11
0.828908031496063
21
0.9397834645669291
0
LINE
8
BLACK
6
CONTINUOUS
10
0.828908031496063
20
0.9397834645669291
11
0.8289080708661417
21
0.9397834645669291
0
LINE
8
BLACK
6
CONTINUOUS
10
0.8289080708661417
20
0.9397834645669291
11
0.8292084251968503
21
0.9398220078740157
0
LINE
8
BLACK
6
CONTINUOUS
10
0.8292084251968503
20
0.9398220078740157
11
0.8314874015748032
21
0.9401144094488189
0
LINE
8
BLACK
6
CONTINUOUS
10
0.8314874015748032
20
0.9401144094488189
11
0.8314876377952756
21
0.9401144488188976
0
LINE
8
BLACK
6
CONTINUOUS
10
0.8314876377952756
20
0.9401144488188976
11
0.8314877165354331
21
0.9401144881889764
0
LINE
8
BLACK
6
CONTINUOUS
10
0.8314877165354331
20
0.9401144881889764
11
0.8321352755905511
21
0.9402834645669291
0
LINE
8
BLACK
6
CONTINUOUS
10
0.8321352755905511
20
0.9402834645669291
11
0.833391811023622
21
0.9406113385826771
0
LINE
8
BLACK
6
CONTINUOUS
10
0.833391811023622
20
0.9406113385826771
11
0.8333925590551181
21
0.9406115748031496
0
LINE
8
BLACK
6
CONTINUOUS
10
0.8333925590551181
20
0.9406115748031496
11
0.8350896062992126
21
0.9412187795275591
0
LINE
8
BLACK
6
CONTINUOUS
10
0.8350896062992126
20
0.9412187795275591
11
0.836917874015748
21
0.9425470866141732
0
LINE
8
BLACK
6
CONTINUOUS
10
0.836917874015748
20
0.9425470866141732
11
0.8383146456692914
21
0.9435618897637795
0
LINE
8
BLACK
6
CONTINUOUS
10
0.8383146456692914
20
0.9435618897637795
11
0.8395316929133858
21
0.9448784645669291
0
LINE
8
BLACK
6
CONTINUOUS
10
0.8395316929133858
20
0.9448784645669291
11
0.8416333858267716
21
0.9460554330708661
0
LINE
8
BLACK
6
CONTINUOUS
10
0.8416333858267716
20
0.9460554330708661
11
0.8423937401574803
21
0.9461303149606299
0
LINE
8
BLACK
6
CONTINUOUS
10
0.8423937401574803
20
0.9461303149606299
11
0.8593367322834645
21
0.9461303149606299
0
LINE
8
BLACK
6
CONTINUOUS
10
0.8593367322834645
20
0.9461303149606299
11
0.8593370866141732
21
0.9461303543307087
0
LINE
8
BLACK
6
CONTINUOUS
10
0.8593370866141732
20
0.9461303543307087
11
0.8625396456692913
21
0.9467673622047243
0
LINE
8
BLACK
6
CONTINUOUS
10
0.8625396456692913
20
0.9467673622047243
11
0.8640603543307086
21
0.9467673622047243
0
LINE
8
BLACK
6
CONTINUOUS
10
0.8640603543307086
20
0.9467673622047243
11
0.8672629921259842
21
0.9461303149606299
0
LINE
8
BLACK
6
CONTINUOUS
10
0.8672629921259842
20
0.9461303149606299
11
0.8778018503937007
21
0.9461303149606299
0
LINE
8
BLACK
6
CONTINUOUS
10
0.8778018503937007
20
0.9461303149606299
11
0.8800928346456692
21
0.9453859448818898
0
LINE
8
BLACK
6
CONTINUOUS
10
0.8800928346456692
20
0.9453859448818898
11
0.8815087401574803
21
0.943437125984252
0
LINE
8
BLACK
6
CONTINUOUS
10
0.8815087401574803
20
0.943437125984252
11
0.8815087401574803
21
0.9410282283464567
0
LINE
8
BLACK
6
CONTINUOUS
10
0.8815087401574803
20
0.9410282283464567
11
0.8805579133858268
21
0.9394766141732284
0
LINE
8
BLACK
6
CONTINUOUS
10
0.8805579133858268
20
0.9394766141732284
11
0.8786240157480315
21
0.9375427165354331
0
LINE
8
BLACK
6
CONTINUOUS
10
0.8786240157480315
20
0.9375427165354331
11
0.8756122834645669
21
0.9330353937007874
0
LINE
8
BLACK
6
CONTINUOUS
10
0.8756122834645669
20
0.9330353937007874
11
0.8756122834645669
21
0.9330353543307086
0
LINE
8
BLACK
6
CONTINUOUS
10
0.8756122834645669
20
0.9330353543307086
11
0.8739570078740158
21
0.929039094488189
0
LINE
8
BLACK
6
CONTINUOUS
10
0.8739570078740158
20
0.929039094488189
11
0.873537874015748
21
0.9280272047244095
0
LINE
8
BLACK
6
CONTINUOUS
10
0.873537874015748
20
0.9280272047244095
11
0.8733911417322835
21
0.9272895669291339
0
LINE
8
BLACK
6
CONTINUOUS
10
0.8733911417322835
20
0.9272895669291339
11
0.8724803149606299
21
0.9227105118110236
0
LINE
8
BLACK
6
CONTINUOUS
10
0.8724803149606299
20
0.9227105118110236
11
0.8724803149606299
21
0.9172894488188976
0
LINE
8
BLACK
6
CONTINUOUS
10
0.8724803149606299
20
0.9172894488188976
11
0.873537874015748
21
0.9119727952755905
0
LINE
8
BLACK
6
CONTINUOUS
10
0.873537874015748
20
0.9119727952755905
11
0.873537874015748
21
0.9119727165354331
0
LINE
8
BLACK
6
CONTINUOUS
10
0.873537874015748
20
0.9119727165354331
11
0.8756122834645669
21
0.9069646062992126
0
LINE
8
BLACK
6
CONTINUOUS
10
0.8756122834645669
20
0.9069646062992126
11
0.8756122834645669
21
0.9069645669291339
0
LINE
8
BLACK
6
CONTINUOUS
10
0.8756122834645669
20
0.9069645669291339
11
0.8786240157480315
21
0.9024572440944881
0
LINE
8
BLACK
6
CONTINUOUS
10
0.8786240157480315
20
0.9024572440944881
11
0.8824572440944881
21
0.8986240157480315
0
LINE
8
BLACK
6
CONTINUOUS
10
0.8824572440944881
20
0.8986240157480315
11
0.8869646062992126
21
0.8956122834645669
0
LINE
8
BLACK
6
CONTINUOUS
10
0.8869646062992126
20
0.8956122834645669
11
0.8919727559055118
21
0.893537874015748
0
LINE
8
BLACK
6
CONTINUOUS
10
0.8919727559055118
20
0.893537874015748
11
0.8972894488188976
21
0.8924803149606299
0
LINE
8
BLACK
6
CONTINUOUS
10
0.8972894488188976
20
0.8924803149606299
11
0.8972895669291339
21
0.8924803149606299
0
LINE
8
BLACK
6
CONTINUOUS
10
0.8972895669291339
20
0.8924803149606299
11
0.9027105118110236
21
0.8924803149606299
0
LINE
8
BLACK
6
CONTINUOUS
10
0.9027105118110236
20
0.8924803149606299
11
0.9062549212598425
21
0.8931853543307087
0
LINE
8
BLACK
6
CONTINUOUS
10
0.9062549212598425
20
0.8931853543307087
11
0.9080272047244095
21
0.893537874015748
0
LINE
8
BLACK
6
CONTINUOUS
10
0.9080272047244095
20
0.893537874015748
11
0.9080272440944882
21
0.893537874015748
0
LINE
8
BLACK
6
CONTINUOUS
10
0.9080272440944882
20
0.893537874015748
11
0.9130353543307086
21
0.8956122834645669
0
LINE
8
BLACK
6
CONTINUOUS
10
0.9130353543307086
20
0.8956122834645669
11
0.9130353937007873
21
0.8956122834645669
0
LINE
8
BLACK
6
CONTINUOUS
10
0.9130353937007873
20
0.8956122834645669
11
0.9175427165354331
21
0.8986240157480315
0
LINE
8
BLACK
6
CONTINUOUS
10
0.9175427165354331
20
0.8986240157480315
11
0.9213759448818898
21
0.9024572440944881
0
LINE
8
BLACK
6
CONTINUOUS
10
0.9213759448818898
20
0.9024572440944881
11
0.9243876771653543
21
0.9069645669291339
0
LINE
8
BLACK
6
CONTINUOUS
10
0.9243876771653543
20
0.9069645669291339
11
0.9243876771653543
21
0.9069646062992126
0
LINE
8
BLACK
6
CONTINUOUS
10
0.9243876771653543
20
0.9069646062992126
11
0.9264620866141732
21
0.9119727165354331
0
LINE
8
BLACK
6
CONTINUOUS
10
0.9264620866141732
20
0.9119727165354331
11
0.9264621259842519
21
0.9119727952755905
0
LINE
8
BLACK
6
CONTINUOUS
10
0.9264621259842519
20
0.9119727952755905
11
0.9275196850393701
21
0.9172895669291339
0
LINE
8
BLACK
6
CONTINUOUS
10
0.9275196850393701
20
0.9172895669291339
11
0.9275196850393701
21
0.9227104330708661
0
LINE
8
BLACK
6
CONTINUOUS
10
0.9275196850393701
20
0.9227104330708661
11
0.9275196456692913
21
0.9227105905511811
0
LINE
8
BLACK
6
CONTINUOUS
10
0.9275196456692913
20
0.9227105905511811
11
0.927500905511811
21
0.9229008267716535
0
LINE
8
BLACK
6
CONTINUOUS
10
0.927500905511811
20
0.9229008267716535
11
0.9275866141732283
21
0.9229092519685039
0
LINE
8
BLACK
6
CONTINUOUS
10
0.9275866141732283
20
0.9229092519685039
11
0.9278286614173228
21
0.9249651574803149
0
LINE
8
BLACK
6
CONTINUOUS
10
0.9278286614173228
20
0.9249651574803149
11
0.9286132283464567
21
0.9260915748031496
0
LINE
8
BLACK
6
CONTINUOUS
10
0.9286132283464567
20
0.9260915748031496
11
0.9400432677165355
21
0.9375216535433071
0
LINE
8
BLACK
6
CONTINUOUS
10
0.9400432677165355
20
0.9375216535433071
11
0.9400434251968504
21
0.9375218503937007
0
LINE
8
BLACK
6
CONTINUOUS
10
0.9400434251968504
20
0.9375218503937007
11
0.942139842519685
21
0.9411529133858267
0
LINE
8
BLACK
6
CONTINUOUS
10
0.942139842519685
20
0.9411529133858267
11
0.942139842519685
21
0.9411529921259842
0
LINE
8
BLACK
6
CONTINUOUS
10
0.942139842519685
20
0.9411529921259842
11
0.9421399212598425
21
0.9411531102362205
0
LINE
8
BLACK
6
CONTINUOUS
10
0.9421399212598425
20
0.9411531102362205
11
0.9432251968503936
21
0.9452034251968504
0
LINE
8
BLACK
6
CONTINUOUS
10
0.9432251968503936
20
0.9452034251968504
11
0.9432251968503936
21
0.9490180708661418
0
LINE
8
BLACK
6
CONTINUOUS
10
0.9432251968503936
20
0.9490180708661418
11
0.9438820866141732
21
0.9511835039370079
0
LINE
8
BLACK
6
CONTINUOUS
10
0.9438820866141732
20
0.9511835039370079
11
0.9445882283464567
21
0.9522403543307086
0
LINE
8
BLACK
6
CONTINUOUS
10
0.9445882283464567
20
0.9522403543307086
11
0.9445883464566929
21
0.9522405118110236
0
LINE
8
BLACK
6
CONTINUOUS
10
0.9445883464566929
20
0.9522405118110236
11
0.94516968503937
21
0.9551631102362205
0
LINE
8
BLACK
6
CONTINUOUS
10
0.94516968503937
20
0.9551631102362205
11
0.94516968503937
21
0.9561499999999999
0
LINE
8
BLACK
6
CONTINUOUS
10
0.94516968503937
20
0.9561499999999999
11
0.94485
21
0.9561499999999999
0
LINE
8
BLACK
6
CONTINUOUS
10
0.94485
20
0.9561499999999999
11
0.94485
21
1.01125
0
LINE
8
BLACK
6
CONTINUOUS
10
0.94485
20
1.01125
11
0.9451696456692913
21
1.01125
0
LINE
8
BLACK
6
CONTINUOUS
10
0.9451696456692913
20
1.01125
11
0.9451696456692913
21
1.0122368503937007
0
LINE
8
BLACK
6
CONTINUOUS
10
0.9451696456692913
20
1.0122368503937007
11
0.9445883464566929
21
1.0151594881889763
0
LINE
8
BLACK
6
CONTINUOUS
10
0.9445883464566929
20
1.0151594881889763
11
0.9423737795275591
21
1.0184737795275591
0
LINE
8
BLACK
6
CONTINUOUS
10
0.9423737795275591
20
1.0184737795275591
11
0.9411128740157481
21
1.0193162598425196
0
LINE
8
BLACK
6
CONTINUOUS
10
0.9411128740157481
20
1.0193162598425196
11
0.9396215748031496
21
1.0212079133858267
0
LINE
8
BLACK
6
CONTINUOUS
10
0.9396215748031496
20
1.0212079133858267
11
0.9395270078740158
21
1.0236149212598424
0
LINE
8
BLACK
6
CONTINUOUS
10
0.9395270078740158
20
1.0236149212598424
11
0.9408652755905511
21
1.025617874015748
0
LINE
8
BLACK
6
CONTINUOUS
10
0.9408652755905511
20
1.025617874015748
11
0.9411128740157481
21
1.0257977559055118
0
LINE
8
BLACK
6
CONTINUOUS
10
0.9411128740157481
20
1.0257977559055118
11
0.9436642913385827
21
1.0275025590551181
0
LINE
8
BLACK
6
CONTINUOUS
10
0.9436642913385827
20
1.0275025590551181
11
0.9474975196850394
21
1.0313357874015747
0
LINE
8
BLACK
6
CONTINUOUS
10
0.9474975196850394
20
1.0313357874015747
11
0.9505092519685039
21
1.0358431102362204
0
LINE
8
BLACK
6
CONTINUOUS
10
0.9505092519685039
20
1.0358431102362204
11
0.9505092519685039
21
1.0358431496062992
0
LINE
8
BLACK
6
CONTINUOUS
10
0.9505092519685039
20
1.0358431496062992
11
0.9524637007874015
21
1.0405616535433071
0
LINE
8
BLACK
6
CONTINUOUS
10
0.9524637007874015
20
1.0405616535433071
11
0.9525837007874015
21
1.0408513385826772
0
LINE
8
BLACK
6
CONTINUOUS
10
0.9525837007874015
20
1.0408513385826772
11
0.9536412598425197
21
1.0461681102362204
0
LINE
8
BLACK
6
CONTINUOUS
10
0.9536412598425197
20
1.0461681102362204
11
0.9536412598425197
21
1.0515889763779527
0
LINE
8
BLACK
6
CONTINUOUS
10
0.9536412598425197
20
1.0515889763779527
11
0.9525837007874015
21
1.0569057480314961
0
LINE
8
BLACK
6
CONTINUOUS
10
0.9525837007874015
20
1.0569057480314961
11
0.9505092125984251
21
1.0619140157480316
0
LINE
8
BLACK
6
CONTINUOUS
10
0.9505092125984251
20
1.0619140157480316
11
0.9474975196850394
21
1.0664212992125983
0
LINE
8
BLACK
6
CONTINUOUS
10
0.9474975196850394
20
1.0664212992125983
11
0.9436643307086614
21
1.0702544881889764
0
LINE
8
BLACK
6
CONTINUOUS
10
0.9436643307086614
20
1.0702544881889764
11
0.9391570472440944
21
1.0732661811023623
0
LINE
8
BLACK
6
CONTINUOUS
10
0.9391570472440944
20
1.0732661811023623
11
0.934148779527559
21
1.0753406692913385
0
LINE
8
BLACK
6
CONTINUOUS
10
0.934148779527559
20
1.0753406692913385
11
0.9288320078740158
21
1.0763982283464566
0
LINE
8
BLACK
6
CONTINUOUS
10
0.9288320078740158
20
1.0763982283464566
11
0.9234111417322834
21
1.0763982283464566
0
LINE
8
BLACK
6
CONTINUOUS
10
0.9234111417322834
20
1.0763982283464566
11
0.9180943700787402
21
1.0753406692913385
0
LINE
8
BLACK
6
CONTINUOUS
10
0.9180943700787402
20
1.0753406692913385
11
0.9173192519685039
21
1.0750196062992126
0
LINE
8
BLACK
6
CONTINUOUS
10
0.9173192519685039
20
1.0750196062992126
11
0.9130861811023622
21
1.073266220472441
0
LINE
8
BLACK
6
CONTINUOUS
10
0.9130861811023622
20
1.073266220472441
11
0.9130861417322834
21
1.073266220472441
0
LINE
8
BLACK
6
CONTINUOUS
10
0.9130861417322834
20
1.073266220472441
11
0.9085788188976378
21
1.0702544881889764
0
LINE
8
BLACK
6
CONTINUOUS
10
0.9085788188976378
20
1.0702544881889764
11
0.9063775590551181
21
1.0680532283464568
0
LINE
8
BLACK
6
CONTINUOUS
10
0.9063775590551181
20
1.0680532283464568
11
0.904231220472441
21
1.0669596456692914
0
LINE
8
BLACK
6
CONTINUOUS
10
0.904231220472441
20
1.0669596456692914
11
0.9018520078740158
21
1.0673364566929133
0
LINE
8
BLACK
6
CONTINUOUS
10
0.9018520078740158
20
1.0673364566929133
11
0.9008654330708661
21
1.0680532677165353
0
LINE
8
BLACK
6
CONTINUOUS
10
0.9008654330708661
20
1.0680532677165353
11
0.8975428346456693
21
1.0713758661417323
0
LINE
8
BLACK
6
CONTINUOUS
10
0.8975428346456693
20
1.0713758661417323
11
0.8975427559055118
21
1.0713759448818898
0
LINE
8
BLACK
6
CONTINUOUS
10
0.8975427559055118
20
1.0713759448818898
11
0.8930354724409448
21
1.0743876377952755
0
LINE
8
BLACK
6
CONTINUOUS
10
0.8930354724409448
20
1.0743876377952755
11
0.8880272047244094
21
1.0764621259842519
0
LINE
8
BLACK
6
CONTINUOUS
10
0.8880272047244094
20
1.0764621259842519
11
0.8827104330708662
21
1.07751968503937
0
LINE
8
BLACK
6
CONTINUOUS
10
0.8827104330708662
20
1.07751968503937
11
0.8772895669291338
21
1.07751968503937
0
LINE
8
BLACK
6
CONTINUOUS
10
0.8772895669291338
20
1.07751968503937
11
0.8719727952755906
21
1.0764621259842519
0
LINE
8
BLACK
6
CONTINUOUS
10
0.8719727952755906
20
1.0764621259842519
11
0.8714929133858268
21
1.0762633464566929
0
LINE
8
BLACK
6
CONTINUOUS
10
0.8714929133858268
20
1.0762633464566929
11
0.8679088188976378
21
1.074778779527559
0
LINE
8
BLACK
6
CONTINUOUS
10
0.8679088188976378
20
1.074778779527559
11
0.8655074015748031
21
1.0745897637795276
0
LINE
8
BLACK
6
CONTINUOUS
10
0.8655074015748031
20
1.0745897637795276
11
0.8634535039370078
21
1.0758484251968503
0
LINE
8
BLACK
6
CONTINUOUS
10
0.8634535039370078
20
1.0758484251968503
11
0.8625316535433071
21
1.078073937007874
0
LINE
8
BLACK
6
CONTINUOUS
10
0.8625316535433071
20
1.078073937007874
11
0.8625196456692913
21
1.0783797244094488
0
LINE
8
BLACK
6
CONTINUOUS
10
0.8625196456692913
20
1.0783797244094488
11
0.8625196456692913
21
1.0983835433070865
0
LINE
8
BLACK
6
CONTINUOUS
10
0.8625196456692913
20
1.0983835433070865
11
0.862616811023622
21
1.0986826377952756
0
LINE
8
BLACK
6
CONTINUOUS
10
0.862616811023622
20
1.0986826377952756
11
0.8625676377952756
21
1.0989932677165355
0
LINE
8
BLACK
6
CONTINUOUS
10
0.8625676377952756
20
1.0989932677165355
11
0.8629819685039369
21
1.0998064566929133
0
LINE
8
BLACK
6
CONTINUOUS
10
0.8629819685039369
20
1.0998064566929133
11
0.8632640157480315
21
1.100674527559055
0
LINE
8
BLACK
6
CONTINUOUS
10
0.8632640157480315
20
1.100674527559055
11
0.8636612204724409
21
1.1011396062992125
0
LINE
8
BLACK
6
CONTINUOUS
10
0.8636612204724409
20
1.1011396062992125
11
0.8639083070866141
21
1.1013866929133858
0
LINE
8
BLACK
6
CONTINUOUS
10
0.8639083070866141
20
1.1013866929133858
11
0.8660546456692914
21
1.1024802755905512
0
LINE
8
BLACK
6
CONTINUOUS
10
0.8660546456692914
20
1.1024802755905512
11
0.8670950393700787
21
1.1024601968503938
0
LINE
8
BLACK
6
CONTINUOUS
10
0.8670950393700787
20
1.1024601968503938
11
0.8670988976377952
21
1.1024990944881889
0
LINE
8
BLACK
6
CONTINUOUS
10
0.8670988976377952
20
1.1024990944881889
11
0.8672894881889763
21
1.1024803149606299
0
LINE
8
BLACK
6
CONTINUOUS
10
0.8672894881889763
20
1.1024803149606299
11
0.8672895669291338
21
1.1024803149606299
0
LINE
8
BLACK
6
CONTINUOUS
10
0.8672895669291338
20
1.1024803149606299
11
0.8672896456692913
21
1.1024803149606299
0
LINE
8
BLACK
6
CONTINUOUS
10
0.8672896456692913
20
1.1024803149606299
11
0.8727105118110235
21
1.1024803149606299
0
LINE
8
BLACK
6
CONTINUOUS
10
0.8727105118110235
20
1.1024803149606299
11
0.876719094488189
21
1.1032776771653543
0
LINE
8
BLACK
6
CONTINUOUS
10
0.876719094488189
20
1.1032776771653543
11
0.8780272047244094
21
1.103537874015748
0
LINE
8
BLACK
6
CONTINUOUS
10
0.8780272047244094
20
1.103537874015748
11
0.8780272440944882
21
1.103537874015748
0
LINE
8
BLACK
6
CONTINUOUS
10
0.8780272440944882
20
1.103537874015748
11
0.8830353543307087
21
1.105612283464567
0
LINE
8
BLACK
6
CONTINUOUS
10
0.8830353543307087
20
1.105612283464567
11
0.8830353937007874
21
1.105612283464567
0
LINE
8
BLACK
6
CONTINUOUS
10
0.8830353937007874
20
1.105612283464567
11
0.887542716535433
21
1.1086240157480314
0
LINE
8
BLACK
6
CONTINUOUS
10
0.887542716535433
20
1.1086240157480314
11
0.8879149212598425
21
1.1089962204724408
0
LINE
8
BLACK
6
CONTINUOUS
10
0.8879149212598425
20
1.1089962204724408
11
0.8881951181102362
21
1.1091389763779527
0
LINE
8
BLACK
6
CONTINUOUS
10
0.8881951181102362
20
1.1091389763779527
11
0.8883799999999999
21
1.1093934251968505
0
LINE
8
BLACK
6
CONTINUOUS
10
0.8883799999999999
20
1.1093934251968505
11
0.889248031496063
21
1.109675433070866
0
LINE
8
BLACK
6
CONTINUOUS
10
0.889248031496063
20
1.109675433070866
11
0.8900612598425197
21
1.1100898031496063
0
LINE
8
BLACK
6
CONTINUOUS
10
0.8900612598425197
20
1.1100898031496063
11
0.8906709842519684
21
1.1101377952755904
0
LINE
8
BLACK
6
CONTINUOUS
10
0.8906709842519684
20
1.1101377952755904
11
0.891082716535433
21
1.1101377952755904
0
LINE
8
BLACK
6
CONTINUOUS
10
0.891082716535433
20
1.1101377952755904
11
0.8933737007874015
21
1.1093934251968505
0
LINE
8
BLACK
6
CONTINUOUS
10
0.8933737007874015
20
1.1093934251968505
11
0.8947896062992126
21
1.1074446062992125
0
LINE
8
BLACK
6
CONTINUOUS
10
0.8947896062992126
20
1.1074446062992125
11
0.8949803543307087
21
1.1062401574803149
0
LINE
8
BLACK
6
CONTINUOUS
10
0.8949803543307087
20
1.1062401574803149
11
0.8949803543307087
21
1.1015129527559056
0
LINE
8
BLACK
6
CONTINUOUS
10
0.8949803543307087
20
1.1015129527559056
11
0.8955616141732283
21
1.0985905118110235
0
LINE
8
BLACK
6
CONTINUOUS
10
0.8955616141732283
20
1.0985905118110235
11
0.8955616535433071
21
1.098590433070866
0
LINE
8
BLACK
6
CONTINUOUS
10
0.8955616535433071
20
1.098590433070866
11
0.8977761023622047
21
1.0952763385826771
0
LINE
8
BLACK
6
CONTINUOUS
10
0.8977761023622047
20
1.0952763385826771
11
0.8977762992125984
21
1.0952761417322834
0
LINE
8
BLACK
6
CONTINUOUS
10
0.8977762992125984
20
1.0952761417322834
11
0.8996664960629921
21
1.0940131496062993
0
LINE
8
BLACK
6
CONTINUOUS
10
0.8996664960629921
20
1.0940131496062993
11
0.9010905118110236
21
1.0930616535433071
0
LINE
8
BLACK
6
CONTINUOUS
10
0.9010905118110236
20
1.0930616535433071
11
0.9040131102362204
21
1.0924803149606299
0
LINE
8
BLACK
6
CONTINUOUS
10
0.9040131102362204
20
1.0924803149606299
11
0.9409867322834645
21
1.0924803149606299
0
LINE
8
BLACK
6
CONTINUOUS
10
0.9409867322834645
20
1.0924803149606299
11
0.9409870078740157
21
1.0924803543307087
0
LINE
8
BLACK
6
CONTINUOUS
10
0.9409870078740157
20
1.0924803543307087
11
0.9439094488188976
21
1.0930616141732283
0
LINE
8
BLACK
6
CONTINUOUS
10
0.9439094488188976
20
1.0930616141732283
11
0.9439095275590551
21
1.0930616535433071
0
LINE
8
BLACK
6
CONTINUOUS
10
0.9439095275590551
20
1.0930616535433071
11
0.9472236220472441
21
1.0952761023622046
0
LINE
8
BLACK
6
CONTINUOUS
10
0.9472236220472441
20
1.0952761023622046
11
0.9472236614173228
21
1.0952761417322834
0
LINE
8
BLACK
6
CONTINUOUS
10
0.9472236614173228
20
1.0952761417322834
11
0.947223779527559
21
1.0952762204724409
0
LINE
8
BLACK
6
CONTINUOUS
10
0.947223779527559
20
1.0952762204724409
11
0.9494383464566929
21
1.0985905118110235
0
LINE
8
BLACK
6
CONTINUOUS
10
0.9494383464566929
20
1.0985905118110235
11
0.9500196850393701
21
1.1015131102362203
0
LINE
8
BLACK
6
CONTINUOUS
10
0.9500196850393701
20
1.1015131102362203
11
0.9500196456692913
21
1.1584868503937007
0
LINE
8
BLACK
6
CONTINUOUS
10
0.9500196456692913
20
1.1584868503937007
11
0.9494383464566929
21
1.1614094881889763
0
LINE
8
BLACK
6
CONTINUOUS
10
0.9494383464566929
20
1.1614094881889763
11
0.9485250393700787
21
1.162776338582677
0
LINE
8
BLACK
6
CONTINUOUS
10
0.9485250393700787
20
1.162776338582677
11
0.947894251968504
21
1.1637203937007874
0
LINE
8
BLACK
6
CONTINUOUS
10
0.947894251968504
20
1.1637203937007874
11
0.9472403543307086
21
1.1660388188976378
0
LINE
8
BLACK
6
CONTINUOUS
10
0.9472403543307086
20
1.1660388188976378
11
0.9480740944881889
21
1.1682988188976378
0
LINE
8
BLACK
6
CONTINUOUS
10
0.9480740944881889
20
1.1682988188976378
11
0.9500770078740157
21
1.169637125984252
0
LINE
8
BLACK
6
CONTINUOUS
10
0.9500770078740157
20
1.169637125984252
11
0.951135
21
1.1697834645669292
0
LINE
8
BLACK
6
CONTINUOUS
10
0.951135
20
1.1697834645669292
11
1.0158858267716535
21
1.1697834645669292
0
LINE
8
BLACK
6
CONTINUOUS
10
1.0158858267716535
20
1.1697834645669292
11
1.018176811023622
21
1.169039094488189
0
LINE
8
BLACK
6
CONTINUOUS
10
1.018176811023622
20
1.169039094488189
11
1.019592716535433
21
1.1670902755905512
0
LINE
8
BLACK
6
CONTINUOUS
10
1.019592716535433
20
1.1670902755905512
11
1.019783464566929
21
1.1658858267716534
0
LINE
8
BLACK
6
CONTINUOUS
10
1.019783464566929
20
1.1658858267716534
11
1.019783464566929
21
1.0768580708661417
0
LINE
8
BLACK
6
CONTINUOUS
10
1.019783464566929
20
1.0768580708661417
11
1.0190390944881889
21
1.0745670866141732
0
LINE
8
BLACK
6
CONTINUOUS
10
1.0190390944881889
20
1.0745670866141732
11
1.0170902755905511
21
1.0731511811023622
0
LINE
8
BLACK
6
CONTINUOUS
10
1.0170902755905511
20
1.0731511811023622
11
1.0166464960629922
21
1.0730353937007875
0
LINE
8
BLACK
6
CONTINUOUS
10
1.0166464960629922
20
1.0730353937007875
11
1.0114359842519685
21
1.0719989763779527
0
LINE
8
BLACK
6
CONTINUOUS
10
1.0114359842519685
20
1.0719989763779527
11
1.011435905511811
21
1.071998937007874
0
LINE
8
BLACK
6
CONTINUOUS
10
1.011435905511811
20
1.071998937007874
11
1.0064277952755905
21
1.069924527559055
0
LINE
8
BLACK
6
CONTINUOUS
10
1.0064277952755905
20
1.069924527559055
11
1.0064277559055117
21
1.069924527559055
0
LINE
8
BLACK
6
CONTINUOUS
10
1.0064277559055117
20
1.069924527559055
11
1.0019204330708662
21
1.0669127952755906
0
LINE
8
BLACK
6
CONTINUOUS
10
1.0019204330708662
20
1.0669127952755906
11
0.9980872047244094
21
1.0630795669291337
0
LINE
8
BLACK
6
CONTINUOUS
10
0.9980872047244094
20
1.0630795669291337
11
0.9955490157480315
21
1.0592809055118111
0
LINE
8
BLACK
6
CONTINUOUS
10
0.9955490157480315
20
1.0592809055118111
11
0.9948737401574803
21
1.0585120866141733
0
LINE
8
BLACK
6
CONTINUOUS
10
0.9948737401574803
20
1.0585120866141733
11
0.9945869291338583
21
1.0582612992125984
0
LINE
8
BLACK
6
CONTINUOUS
10
0.9945869291338583
20
1.0582612992125984
11
0.9933645275590551
21
1.0575555905511811
0
LINE
8
BLACK
6
CONTINUOUS
10
0.9933645275590551
20
1.0575555905511811
11
0.9905681102362205
21
1.0547591732283463
0
LINE
8
BLACK
6
CONTINUOUS
10
0.9905681102362205
20
1.0547591732283463
11
0.990568031496063
21
1.0547590551181103
0
LINE
8
BLACK
6
CONTINUOUS
10
0.990568031496063
20
1.0547590551181103
11
0.9904761023622047
21
1.0546671259842519
0
LINE
8
BLACK
6
CONTINUOUS
10
0.9904761023622047
20
1.0546671259842519
11
0.9690776771653543
21
1.0332687401574803
0
LINE
8
BLACK
6
CONTINUOUS
10
0.9690776771653543
20
1.0332687401574803
11
0.9690776377952756
21
1.0332687401574803
0
LINE
8
BLACK
6
CONTINUOUS
10
0.9690776377952756
20
1.0332687401574803
11
0.9673221653543307
21
1.0315132283464568
0
LINE
8
BLACK
6
CONTINUOUS
10
0.9673221653543307
20
1.0315132283464568
11
0.9662812598425197
21
1.0304723228346457
0
LINE
8
BLACK
6
CONTINUOUS
10
0.9662812598425197
20
1.0304723228346457
11
0.9643038976377952
21
1.0270474015748032
0
LINE
8
BLACK
6
CONTINUOUS
10
0.9643038976377952
20
1.0270474015748032
11
0.9632803149606299
21
1.0232273622047243
0
LINE
8
BLACK
6
CONTINUOUS
10
0.9632803149606299
20
1.0232273622047243
11
0.9632803149606299
21
1.0232272834645668
0
LINE
8
BLACK
6
CONTINUOUS
10
0.9632803149606299
20
1.0232272834645668
11
0.9632803149606299
21
1.0197370472440945
0
LINE
8
BLACK
6
CONTINUOUS
10
0.9632803149606299
20
1.0197370472440945
11
0.9626234251968504
21
1.017571653543307
0
LINE
8
BLACK
6
CONTINUOUS
10
0.9626234251968504
20
1.017571653543307
11
0.9610116535433071
21
1.0151594881889763
0
LINE
8
BLACK
6
CONTINUOUS
10
0.9610116535433071
20
1.0151594881889763
11
0.9604407874015748
21
1.0122895669291339
0
LINE
8
BLACK
6
CONTINUOUS
10
0.9604407874015748
20
1.0122895669291339
11
0.9604303149606299
21
1.0122368503937007
0
LINE
8
BLACK
6
CONTINUOUS
10
0.9604303149606299
20
1.0122368503937007
11
0.9604303149606299
21
1.01125
0
LINE
8
BLACK
6
CONTINUOUS
10
0.9604303149606299
20
1.01125
11
0.96055
21
1.01125
0
LINE
8
BLACK
6
CONTINUOUS
10
0.96055
20
1.01125
11
0.96055
21
0.9561499999999999
0
LINE
8
BLACK
6
CONTINUOUS
10
0.96055
20
0.9561499999999999
11
0.9604303149606299
21
0.9561499999999999
0
LINE
8
BLACK
6
CONTINUOUS
10
0.9604303149606299
20
0.9561499999999999
11
0.9604303149606299
21
0.9551632283464566
0
LINE
8
BLACK
6
CONTINUOUS
10
0.9604303149606299
20
0.9551632283464566
11
0.9604303543307087
21
0.9551629527559055
0
LINE
8
BLACK
6
CONTINUOUS
10
0.9604303543307087
20
0.9551629527559055
11
0.9610116141732283
21
0.9522405118110236
0
LINE
8
BLACK
6
CONTINUOUS
10
0.9610116141732283
20
0.9522405118110236
11
0.9610116535433071
21
0.9522404330708661
0
LINE
8
BLACK
6
CONTINUOUS
10
0.9610116535433071
20
0.9522404330708661
11
0.9632261023622047
21
0.9489263385826772
0
LINE
8
BLACK
6
CONTINUOUS
10
0.9632261023622047
20
0.9489263385826772
11
0.9632263385826771
21
0.9489261023622046
0
LINE
8
BLACK
6
CONTINUOUS
10
0.9632263385826771
20
0.9489261023622046
11
0.9663396850393701
21
0.9468458267716535
0
LINE
8
BLACK
6
CONTINUOUS
10
0.9663396850393701
20
0.9468458267716535
11
0.9678309842519685
21
0.9449540944881889
0
LINE
8
BLACK
6
CONTINUOUS
10
0.9678309842519685
20
0.9449540944881889
11
0.9679255511811024
21
0.9425470866141732
0
LINE
8
BLACK
6
CONTINUOUS
10
0.9679255511811024
20
0.9425470866141732
11
0.9669303149606299
21
0.9408490157480315
0
LINE
8
BLACK
6
CONTINUOUS
10
0.9669303149606299
20
0.9408490157480315
11
0.9636240157480315
21
0.9375427165354331
0
LINE
8
BLACK
6
CONTINUOUS
10
0.9636240157480315
20
0.9375427165354331
11
0.960612283464567
21
0.9330353937007874
0
LINE
8
BLACK
6
CONTINUOUS
10
0.960612283464567
20
0.9330353937007874
11
0.960612283464567
21
0.9330353543307086
0
LINE
8
BLACK
6
CONTINUOUS
10
0.960612283464567
20
0.9330353543307086
11
0.9589570078740157
21
0.929039094488189
0
LINE
8
BLACK
6
CONTINUOUS
10
0.9589570078740157
20
0.929039094488189
11
0.958537874015748
21
0.9280272047244095
0
LINE
8
BLACK
6
CONTINUOUS
10
0.958537874015748
20
0.9280272047244095
11
0.9583911417322835
21
0.9272895669291339
0
LINE
8
BLACK
6
CONTINUOUS
10
0.9583911417322835
20
0.9272895669291339
11
0.9574803149606299
21
0.9227105118110236
0
LINE
8
BLACK
6
CONTINUOUS
10
0.9574803149606299
20
0.9227105118110236
11
0.9574803149606299
21
0.9172894488188976
0
LINE
8
BLACK
6
CONTINUOUS
10
0.9574803149606299
20
0.9172894488188976
11
0.958537874015748
21
0.9119727952755905
0
LINE
8
BLACK
6
CONTINUOUS
10
0.958537874015748
20
0.9119727952755905
11
0.958537874015748
21
0.9119727165354331
0
LINE
8
BLACK
6
CONTINUOUS
10
0.958537874015748
20
0.9119727165354331
11
0.960612283464567
21
0.9069646062992126
0
LINE
8
BLACK
6
CONTINUOUS
10
0.960612283464567
20
0.9069646062992126
11
0.960612283464567
21
0.9069645669291339
0
LINE
8
BLACK
6
CONTINUOUS
10
0.960612283464567
20
0.9069645669291339
11
0.9636240157480315
21
0.9024572440944881
0
LINE
8
BLACK
6
CONTINUOUS
10
0.9636240157480315
20
0.9024572440944881
11
0.9674572440944882
21
0.8986240157480315
0
LINE
8
BLACK
6
CONTINUOUS
10
0.9674572440944882
20
0.8986240157480315
11
0.9719646062992126
21
0.8956122834645669
0
LINE
8
BLACK
6
CONTINUOUS
10
0.9719646062992126
20
0.8956122834645669
11
0.9769727559055118
21
0.893537874015748
0
LINE
8
BLACK
6
CONTINUOUS
10
0.9769727559055118
20
0.893537874015748
11
0.9822894488188976
21
0.8924803149606299
0
LINE
8
BLACK
6
CONTINUOUS
10
0.9822894488188976
20
0.8924803149606299
11
0.9822895669291338
21
0.8924803149606299
0
LINE
8
BLACK
6
CONTINUOUS
10
0.9822895669291338
20
0.8924803149606299
11
0.9877105118110237
21
0.8924803149606299
0
LINE
8
BLACK
6
CONTINUOUS
10
0.9877105118110237
20
0.8924803149606299
11
0.9912549212598425
21
0.8931853543307087
0
LINE
8
BLACK
6
CONTINUOUS
10
0.9912549212598425
20
0.8931853543307087
11
0.9930272047244094
21
0.893537874015748
0
LINE
8
BLACK
6
CONTINUOUS
10
0.9930272047244094
20
0.893537874015748
11
0.9930272440944882
21
0.893537874015748
0
LINE
8
BLACK
6
CONTINUOUS
10
0.9930272440944882
20
0.893537874015748
11
0.9980353543307087
21
0.8956122834645669
0
LINE
8
BLACK
6
CONTINUOUS
10
0.9980353543307087
20
0.8956122834645669
11
0.9980353937007874
21
0.8956122834645669
0
LINE
8
BLACK
6
CONTINUOUS
10
0.9980353937007874
20
0.8956122834645669
11
1.002542716535433
21
0.8986240157480315
0
LINE
8
BLACK
6
CONTINUOUS
10
1.002542716535433
20
0.8986240157480315
11
1.0047439370078739
21
0.9008252362204724
0
LINE
8
BLACK
6
CONTINUOUS
10
1.0047439370078739
20
0.9008252362204724
11
1.0068902755905511
21
0.9019188188976378
0
LINE
8
BLACK
6
CONTINUOUS
10
1.0068902755905511
20
0.9019188188976378
11
1.0092694881889763
21
0.9015420078740157
0
LINE
8
BLACK
6
CONTINUOUS
10
1.0092694881889763
20
0.9015420078740157
11
1.010256062992126
21
0.9008252362204724
0
LINE
8
BLACK
6
CONTINUOUS
10
1.010256062992126
20
0.9008252362204724
11
1.0124572440944881
21
0.8986240157480315
0
LINE
8
BLACK
6
CONTINUOUS
10
1.0124572440944881
20
0.8986240157480315
11
1.0169646062992126
21
0.8956122834645669
0
LINE
8
BLACK
6
CONTINUOUS
10
1.0169646062992126
20
0.8956122834645669
11
1.0219727559055118
21
0.893537874015748
0
LINE
8
BLACK
6
CONTINUOUS
10
1.0219727559055118
20
0.893537874015748
11
1.0272894488188977
21
0.8924803149606299
0
LINE
8
BLACK
6
CONTINUOUS
10
1.0272894488188977
20
0.8924803149606299
11
1.0272895669291338
21
0.8924803149606299
0
LINE
8
BLACK
6
CONTINUOUS
10
1.0272895669291338
20
0.8924803149606299
11
1.0327105118110236
21
0.8924803149606299
0
LINE
8
BLACK
6
CONTINUOUS
10
1.0327105118110236
20
0.8924803149606299
11
1.0380270472440944
21
0.8935378346456693
0
LINE
8
BLACK
6
CONTINUOUS
10
1.0380270472440944
20
0.8935378346456693
11
1.0380272047244095
21
0.893537874015748
0
LINE
8
BLACK
6
CONTINUOUS
10
1.0380272047244095
20
0.893537874015748
11
1.0387453937007873
21
0.8938353543307086
0
LINE
8
BLACK
6
CONTINUOUS
10
1.0387453937007873
20
0.8938353543307086
11
1.0411467716535432
21
0.8940242913385826
0
LINE
8
BLACK
6
CONTINUOUS
10
1.0411467716535432
20
0.8940242913385826
11
1.0432006692913385
21
0.8927656299212599
0
LINE
8
BLACK
6
CONTINUOUS
10
1.0432006692913385
20
0.8927656299212599
11
1.0438377952755906
21
0.891725905511811
0
LINE
8
BLACK
6
CONTINUOUS
10
1.0438377952755906
20
0.891725905511811
11
1.0458615748031497
21
0.8868399606299212
0
LINE
8
BLACK
6
CONTINUOUS
10
1.0458615748031497
20
0.8868399606299212
11
1.0458615748031497
21
0.8868399212598425
0
LINE
8
BLACK
6
CONTINUOUS
10
1.0458615748031497
20
0.8868399212598425
11
1.0488733070866141
21
0.8823325984251968
0
LINE
8
BLACK
6
CONTINUOUS
10
1.0488733070866141
20
0.8823325984251968
11
1.0527065354330709
21
0.8784993700787401
0
LINE
8
BLACK
6
CONTINUOUS
10
1.0527065354330709
20
0.8784993700787401
11
1.0572138976377952
21
0.8754876377952756
0
LINE
8
BLACK
6
CONTINUOUS
10
1.0572138976377952
20
0.8754876377952756
11
1.0622220472440944
21
0.8734132283464566
0
LINE
8
BLACK
6
CONTINUOUS
10
1.0622220472440944
20
0.8734132283464566
11
1.0675387401574803
21
0.8723556692913386
0
LINE
8
BLACK
6
CONTINUOUS
10
1.0675387401574803
20
0.8723556692913386
11
1.0675388582677166
21
0.8723556692913386
0
LINE
8
BLACK
6
CONTINUOUS
10
1.0675388582677166
20
0.8723556692913386
11
1.0729598031496064
21
0.8723556692913386
0
LINE
8
BLACK
6
CONTINUOUS
10
1.0729598031496064
20
0.8723556692913386
11
1.0765042125984252
21
0.8730607086614173
0
LINE
8
BLACK
6
CONTINUOUS
10
1.0765042125984252
20
0.8730607086614173
11
1.078276496062992
21
0.8734132283464566
0
LINE
8
BLACK
6
CONTINUOUS
10
1.078276496062992
20
0.8734132283464566
11
1.0782765354330708
21
0.8734132283464566
0
LINE
8
BLACK
6
CONTINUOUS
10
1.0782765354330708
20
0.8734132283464566
11
1.0832846456692913
21
0.8754876377952756
0
LINE
8
BLACK
6
CONTINUOUS
10
1.0832846456692913
20
0.8754876377952756
11
1.08328468503937
21
0.8754876377952756
0
LINE
8
BLACK
6
CONTINUOUS
10
1.08328468503937
20
0.8754876377952756
11
1.0877920078740158
21
0.8784993700787401
0
LINE
8
BLACK
6
CONTINUOUS
10
1.0877920078740158
20
0.8784993700787401
11
1.0916252362204724
21
0.8823325984251968
0
LINE
8
BLACK
6
CONTINUOUS
10
1.0916252362204724
20
0.8823325984251968
11
1.094636968503937
21
0.8868399212598425
0
LINE
8
BLACK
6
CONTINUOUS
10
1.094636968503937
20
0.8868399212598425
11
1.094636968503937
21
0.8868399606299212
0
LINE
8
BLACK
6
CONTINUOUS
10
1.094636968503937
20
0.8868399606299212
11
1.096711377952756
21
0.8918480708661417
0
LINE
8
BLACK
6
CONTINUOUS
10
1.096711377952756
20
0.8918480708661417
11
1.0967114173228347
21
0.8918481496062992
0
LINE
8
BLACK
6
CONTINUOUS
10
1.0967114173228347
20
0.8918481496062992
11
1.0977689763779528
21
0.8971649212598425
0
LINE
8
BLACK
6
CONTINUOUS
10
1.0977689763779528
20
0.8971649212598425
11
1.0977689763779528
21
0.9025857874015748
0
LINE
8
BLACK
6
CONTINUOUS
10
1.0977689763779528
20
0.9025857874015748
11
1.0967114173228347
21
0.9079025590551181
0
LINE
8
BLACK
6
CONTINUOUS
10
1.0967114173228347
20
0.9079025590551181
11
1.0946369291338582
21
0.9129108267716535
0
LINE
8
BLACK
6
CONTINUOUS
10
1.0946369291338582
20
0.9129108267716535
11
1.0916252362204724
21
0.9174181102362204
0
LINE
8
BLACK
6
CONTINUOUS
10
1.0916252362204724
20
0.9174181102362204
11
1.0877920472440945
21
0.9212512992125984
0
LINE
8
BLACK
6
CONTINUOUS
10
1.0877920472440945
20
0.9212512992125984
11
1.0870011417322833
21
0.9217797244094488
0
LINE
8
BLACK
6
CONTINUOUS
10
1.0870011417322833
20
0.9217797244094488
11
1.0865729921259841
21
0.9223228346456692
0
LINE
8
BLACK
6
CONTINUOUS
10
1.0865729921259841
20
0.9223228346456692
11
1.0860133464566928
21
0.9227294881889764
0
LINE
8
BLACK
6
CONTINUOUS
10
1.0860133464566928
20
0.9227294881889764
11
1.0858456692913385
21
0.9232454330708662
0
LINE
8
BLACK
6
CONTINUOUS
10
1.0858456692913385
20
0.9232454330708662
11
1.0855098818897637
21
0.9236714566929134
0
LINE
8
BLACK
6
CONTINUOUS
10
1.0855098818897637
20
0.9236714566929134
11
1.0852689763779528
21
0.9250204724409449
0
LINE
8
BLACK
6
CONTINUOUS
10
1.0852689763779528
20
0.9250204724409449
11
1.0852689763779528
21
0.9258858267716535
0
LINE
8
BLACK
6
CONTINUOUS
10
1.0852689763779528
20
0.9258858267716535
11
1.0860133464566928
21
0.928176811023622
0
LINE
8
BLACK
6
CONTINUOUS
10
1.0860133464566928
20
0.928176811023622
11
1.0879621653543308
21
0.9295927165354331
0
LINE
8
BLACK
6
CONTINUOUS
10
1.0879621653543308
20
0.9295927165354331
11
1.0891666141732284
21
0.9297834645669291
0
LINE
8
BLACK
6
CONTINUOUS
10
1.0891666141732284
20
0.9297834645669291
11
1.1058858267716536
21
0.9297834645669291
0
LINE
8
BLACK
6
CONTINUOUS
10
1.1058858267716536
20
0.9297834645669291
11
1.1081768110236221
21
0.929039094488189
0
LINE
8
BLACK
6
CONTINUOUS
10
1.1081768110236221
20
0.929039094488189
11
1.1095927165354331
21
0.9270902755905511
0
LINE
8
BLACK
6
CONTINUOUS
10
1.1095927165354331
20
0.9270902755905511
11
1.1097834645669291
21
0.9258858267716535
0
LINE
8
BLACK
6
CONTINUOUS
10
1.1097834645669291
20
0.9258858267716535
11
1.1097834645669291
21
0.9221392125984251
0
LINE
8
BLACK
6
CONTINUOUS
10
1.1097834645669291
20
0.9221392125984251
11
1.1099631889763779
21
0.9202314566929134
0
LINE
8
BLACK
6
CONTINUOUS
10
1.1099631889763779
20
0.9202314566929134
11
1.1102351181102361
21
0.9188011417322834
0
LINE
8
BLACK
6
CONTINUOUS
10
1.1102351181102361
20
0.9188011417322834
11
1.1102351968503936
21
0.918800905511811
0
LINE
8
BLACK
6
CONTINUOUS
10
1.1102351968503936
20
0.918800905511811
11
1.1105032283464567
21
0.9177175590551181
0
LINE
8
BLACK
6
CONTINUOUS
10
1.1105032283464567
20
0.9177175590551181
11
1.1105033464566929
21
0.9177172440944882
0
LINE
8
BLACK
6
CONTINUOUS
10
1.1105033464566929
20
0.9177172440944882
11
1.1123916929133859
21
0.9142069291338583
0
LINE
8
BLACK
6
CONTINUOUS
10
1.1123916929133859
20
0.9142069291338583
11
1.1123918110236219
21
0.9142067716535432
0
LINE
8
BLACK
6
CONTINUOUS
10
1.1123918110236219
20
0.9142067716535432
11
1.1139248818897638
21
0.9123488582677165
0
LINE
8
BLACK
6
CONTINUOUS
10
1.1139248818897638
20
0.9123488582677165
11
1.1139250787401576
21
0.9123486614173228
0
LINE
8
BLACK
6
CONTINUOUS
10
1.1139250787401576
20
0.9123486614173228
11
1.1163197244094487
21
0.9102322047244095
0
LINE
8
BLACK
6
CONTINUOUS
10
1.1163197244094487
20
0.9102322047244095
11
1.1163201181102362
21
0.9102319291338582
0
LINE
8
BLACK
6
CONTINUOUS
10
1.1163201181102362
20
0.9102319291338582
11
1.4435572440944882
21
0.7019901574803149
0
LINE
8
BLACK
6
CONTINUOUS
10
1.4435572440944882
20
0.7019901574803149
11
1.4435573228346457
21
0.7019900787401575
0
LINE
8
BLACK
6
CONTINUOUS
10
1.4435573228346457
20
0.7019900787401575
11
1.4435574015748032
21
0.7019900787401575
0
LINE
8
BLACK
6
CONTINUOUS
10
1.4435574015748032
20
0.7019900787401575
11
1.4453097244094488
21
0.7011968503937007
0
LINE
8
BLACK
6
CONTINUOUS
10
1.4453097244094488
20
0.7011968503937007
11
1.4461859842519684
21
0.7008002362204724
0
LINE
8
BLACK
6
CONTINUOUS
10
1.4461859842519684
20
0.7008002362204724
11
1.4482785826771654
21
0.7001908267716536
0
LINE
8
BLACK
6
CONTINUOUS
10
1.4482785826771654
20
0.7001908267716536
11
1.4508973622047243
21
0.6998173228346457
0
LINE
8
BLACK
6
CONTINUOUS
10
1.4508973622047243
20
0.6998173228346457
11
1.4511349606299213
21
0.6997834645669291
0
LINE
8
BLACK
6
CONTINUOUS
10
1.4511349606299213
20
0.6997834645669291
11
1.4511350000000001
21
0.6997834645669291
0
LINE
8
BLACK
6
CONTINUOUS
10
1.4511350000000001
20
0.6997834645669291
11
1.8961021259842519
21
0.6997834645669291
0
LINE
8
BLACK
6
CONTINUOUS
10
1.8961021259842519
20
0.6997834645669291
11
1.8961023622047244
21
0.6997834645669291
0
LINE
8
BLACK
6
CONTINUOUS
10
1.8961023622047244
20
0.6997834645669291
11
1.8969974803149605
21
0.6998538976377953
0
LINE
8
BLACK
6
CONTINUOUS
10
1.8969974803149605
20
0.6998538976377953
11
1.8977001181102362
21
0.6999091732283464
0
LINE
8
BLACK
6
CONTINUOUS
10
1.8977001181102362
20
0.6999091732283464
11
1.897700433070866
21
0.6999092125984252
0
LINE
8
BLACK
6
CONTINUOUS
10
1.897700433070866
20
0.6999092125984252
11
1.8989048818897638
21
0.7000999606299212
0
LINE
8
BLACK
6
CONTINUOUS
10
1.8989048818897638
20
0.7000999606299212
11
1.8989051574803149
21
0.7000999999999999
0
LINE
8
BLACK
6
CONTINUOUS
10
1.8989051574803149
20
0.7000999999999999
11
1.8989055511811024
21
0.7001000787401574
0
LINE
8
BLACK
6
CONTINUOUS
10
1.8989055511811024
20
0.7001000787401574
11
1.8996915748031495
21
0.7002564173228346
0
LINE
8
BLACK
6
CONTINUOUS
10
1.8996915748031495
20
0.7002564173228346
11
1.8996917322834646
21
0.7002564566929134
0
LINE
8
BLACK
6
CONTINUOUS
10
1.8996917322834646
20
0.7002564566929134
11
1.8996918503937008
21
0.7002564960629921
0
LINE
8
BLACK
6
CONTINUOUS
10
1.8996918503937008
20
0.7002564960629921
11
1.900057125984252
21
0.7004248818897638
0
LINE
8
BLACK
6
CONTINUOUS
10
1.900057125984252
20
0.7004248818897638
11
1.9033117716535433
21
0.7019252755905512
0
LINE
8
BLACK
6
CONTINUOUS
10
1.9033117716535433
20
0.7019252755905512
11
1.903311968503937
21
0.7019253937007874
0
LINE
8
BLACK
6
CONTINUOUS
10
1.903311968503937
20
0.7019253937007874
11
1.9052606299212598
21
0.7033411417322835
0
LINE
8
BLACK
6
CONTINUOUS
10
1.9052606299212598
20
0.7033411417322835
11
1.905260748031496
21
0.7033412598425197
0
LINE
8
BLACK
6
CONTINUOUS
10
1.905260748031496
20
0.7033412598425197
11
1.9054049212598425
21
0.7034745669291338
0
LINE
8
BLACK
6
CONTINUOUS
10
1.9054049212598425
20
0.7034745669291338
11
1.9070243700787401
21
0.7049715748031495
0
LINE
8
BLACK
6
CONTINUOUS
10
1.9070243700787401
20
0.7049715748031495
11
1.9089721653543306
21
0.7084496456692914
0
LINE
8
BLACK
6
CONTINUOUS
10
1.9089721653543306
20
0.7084496456692914
11
1.9097165354330707
21
0.7107406299212599
0
LINE
8
BLACK
6
CONTINUOUS
10
1.9097165354330707
20
0.7107406299212599
11
1.9098165354330707
21
0.7113720078740158
0
LINE
8
BLACK
6
CONTINUOUS
10
1.9098165354330707
20
0.7113720078740158
11
1.9102165354330709
21
0.7138974803149606
0
LINE
8
BLACK
6
CONTINUOUS
10
1.9102165354330709
20
0.7138974803149606
11
1.9102165354330709
21
0.8861020866141732
0
LINE
8
BLACK
6
CONTINUOUS
10
1.9102165354330709
20
0.8861020866141732
11
1.9102165354330709
21
0.8861023622047244
0
LINE
8
BLACK
6
CONTINUOUS
10
1.9102165354330709
20
0.8861023622047244
11
1.9100907874015747
21
0.8877004330708661
0
LINE
8
BLACK
6
CONTINUOUS
10
1.9100907874015747
20
0.8877004330708661
11
1.9099000393700787
21
0.8889048818897638
0
LINE
8
BLACK
6
CONTINUOUS
10
1.9099000393700787
20
0.8889048818897638
11
1.9097435039370079
21
0.8896918503937008
0
LINE
8
BLACK
6
CONTINUOUS
10
1.9097435039370079
20
0.8896918503937008
11
1.9080746062992127
21
0.893311968503937
0
LINE
8
BLACK
6
CONTINUOUS
10
1.9080746062992127
20
0.893311968503937
11
1.9066587007874016
21
0.8952607874015748
0
LINE
8
BLACK
6
CONTINUOUS
10
1.9066587007874016
20
0.8952607874015748
11
1.9050284251968503
21
0.8970243700787401
0
LINE
8
BLACK
6
CONTINUOUS
10
1.9050284251968503
20
0.8970243700787401
11
1.9015503543307086
21
0.8989721653543307
0
LINE
8
BLACK
6
CONTINUOUS
10
1.9015503543307086
20
0.8989721653543307
11
1.8992593700787401
21
0.8997165354330708
0
LINE
8
BLACK
6
CONTINUOUS
10
1.8992593700787401
20
0.8997165354330708
11
1.8961024803149606
21
0.9002165354330709
0
LINE
8
BLACK
6
CONTINUOUS
10
1.8961024803149606
20
0.9002165354330709
11
1.8961023622047244
21
0.9002165354330709
0
LINE
8
BLACK
6
CONTINUOUS
10
1.8961023622047244
20
0.9002165354330709
11
1.5142734251968504
21
0.9002165354330709
0
LINE
8
BLACK
6
CONTINUOUS
10
1.5142734251968504
20
0.9002165354330709
11
1.5121114173228347
21
0.9008711417322834
0
LINE
8
BLACK
6
CONTINUOUS
10
1.5121114173228347
20
0.9008711417322834
11
1.4693802755905512
21
0.9293585433070866
0
LINE
8
BLACK
6
CONTINUOUS
10
1.4693802755905512
20
0.9293585433070866
11
1.4266490157480314
21
0.9578460629921259
0
LINE
8
BLACK
6
CONTINUOUS
10
1.4266490157480314
20
0.9578460629921259
11
1.423942559055118
21
0.9591235433070866
0
LINE
8
BLACK
6
CONTINUOUS
10
1.423942559055118
20
0.9591235433070866
11
1.4217805905511811
21
0.9597781496062991
0
LINE
8
BLACK
6
CONTINUOUS
10
1.4217805905511811
20
0.9597781496062991
11
1.4188199212598425
21
0.9602165354330708
0
LINE
8
BLACK
6
CONTINUOUS
10
1.4188199212598425
20
0.9602165354330708
11
1.2041141732283465
21
0.9602165354330708
0
LINE
8
BLACK
6
CONTINUOUS
10
1.2041141732283465
20
0.9602165354330708
11
1.201823188976378
21
0.960960905511811
0
LINE
8
BLACK
6
CONTINUOUS
10
1.201823188976378
20
0.960960905511811
11
1.2004072834645669
21
0.9629097244094488
0
LINE
8
BLACK
6
CONTINUOUS
10
1.2004072834645669
20
0.9629097244094488
11
1.2002165354330709
21
0.9641141732283465
0
LINE
8
BLACK
6
CONTINUOUS
10
1.2002165354330709
20
0.9641141732283465
11
1.2002165354330709
21
1.0161020866141732
0
LINE
8
BLACK
6
CONTINUOUS
10
1.2002165354330709
20
1.0161020866141732
11
1.2002165354330709
21
1.0161023622047245
0
LINE
8
BLACK
6
CONTINUOUS
10
1.2002165354330709
20
1.0161023622047245
11
1.2000907874015747
21
1.0177004330708661
0
LINE
8
BLACK
6
CONTINUOUS
10
1.2000907874015747
20
1.0177004330708661
11
1.1999000393700787
21
1.0189048818897637
0
LINE
8
BLACK
6
CONTINUOUS
10
1.1999000393700787
20
1.0189048818897637
11
1.1997435039370079
21
1.0196918503937007
0
LINE
8
BLACK
6
CONTINUOUS
10
1.1997435039370079
20
1.0196918503937007
11
1.1980746062992125
21
1.0233119685039369
0
LINE
8
BLACK
6
CONTINUOUS
10
1.1980746062992125
20
1.0233119685039369
11
1.1966587007874014
21
1.0252607874015747
0
LINE
8
BLACK
6
CONTINUOUS
10
1.1966587007874014
20
1.0252607874015747
11
1.1950284251968504
21
1.02702437007874
0
LINE
8
BLACK
6
CONTINUOUS
10
1.1950284251968504
20
1.02702437007874
11
1.1915503543307087
21
1.0289721653543307
0
LINE
8
BLACK
6
CONTINUOUS
10
1.1915503543307087
20
1.0289721653543307
11
1.1892593700787402
21
1.0297165354330708
0
LINE
8
BLACK
6
CONTINUOUS
10
1.1892593700787402
20
1.0297165354330708
11
1.1861024803149607
21
1.0302165354330708
0
LINE
8
BLACK
6
CONTINUOUS
10
1.1861024803149607
20
1.0302165354330708
11
1.1861023622047244
21
1.0302165354330708
0
LINE
8
BLACK
6
CONTINUOUS
10
1.1861023622047244
20
1.0302165354330708
11
1.1682890551181102
21
1.0302165354330708
0
LINE
8
BLACK
6
CONTINUOUS
10
1.1682890551181102
20
1.0302165354330708
11
1.1659980708661417
21
1.030960905511811
0
LINE
8
BLACK
6
CONTINUOUS
10
1.1659980708661417
20
1.030960905511811
11
1.1645821653543307
21
1.0329097244094487
0
LINE
8
BLACK
6
CONTINUOUS
10
1.1645821653543307
20
1.0329097244094487
11
1.1645821653543307
21
1.0353186220472441
0
LINE
8
BLACK
6
CONTINUOUS
10
1.1645821653543307
20
1.0353186220472441
11
1.1659980708661417
21
1.0372674409448819
0
LINE
8
BLACK
6
CONTINUOUS
10
1.1659980708661417
20
1.0372674409448819
11
1.166841496062992
21
1.0377330314960629
0
LINE
8
BLACK
6
CONTINUOUS
10
1.166841496062992
20
1.0377330314960629
11
1.1713442125984252
21
1.039534094488189
0
LINE
8
BLACK
6
CONTINUOUS
10
1.1713442125984252
20
1.039534094488189
11
1.1724016141732283
21
1.0401409448818897
0
LINE
8
BLACK
6
CONTINUOUS
10
1.1724016141732283
20
1.0401409448818897
11
1.1738258267716535
21
1.0409583070866142
0
LINE
8
BLACK
6
CONTINUOUS
10
1.1738258267716535
20
1.0409583070866142
11
1.1755315354330709
21
1.0422861811023623
0
LINE
8
BLACK
6
CONTINUOUS
10
1.1755315354330709
20
1.0422861811023623
11
1.1770243700787402
21
1.0437127559055117
0
LINE
8
BLACK
6
CONTINUOUS
10
1.1770243700787402
20
1.0437127559055117
11
1.1774145669291338
21
1.0444094881889763
0
LINE
8
BLACK
6
CONTINUOUS
10
1.1774145669291338
20
1.0444094881889763
11
1.1789721259842521
21
1.0471906692913386
0
LINE
8
BLACK
6
CONTINUOUS
10
1.1789721259842521
20
1.0471906692913386
11
1.179530590551181
21
1.0489094881889764
0
LINE
8
BLACK
6
CONTINUOUS
10
1.179530590551181
20
1.0489094881889764
11
1.1797165354330708
21
1.0494818110236219
0
LINE
8
BLACK
6
CONTINUOUS
10
1.1797165354330708
20
1.0494818110236219
11
1.1799844094488188
21
1.0511730708661418
0
LINE
8
BLACK
6
CONTINUOUS
10
1.1799844094488188
20
1.0511730708661418
11
1.1802165354330709
21
1.0526386614173229
0
LINE
8
BLACK
6
CONTINUOUS
10
1.1802165354330709
20
1.0526386614173229
11
1.1802165354330709
21
1.0609868503937008
0
LINE
8
BLACK
6
CONTINUOUS
10
1.1802165354330709
20
1.0609868503937008
11
1.1802165354330709
21
1.1609868503937009
0
LINE
8
BLACK
6
CONTINUOUS
10
1.1802165354330709
20
1.1609868503937009
11
1.1802165354330709
21
1.2461020866141732
0
LINE
8
BLACK
6
CONTINUOUS
10
1.1802165354330709
20
1.2461020866141732
11
1.1802165354330709
21
1.2461023622047245
0
LINE
8
BLACK
6
CONTINUOUS
10
1.1802165354330709
20
1.2461023622047245
11
1.1800907874015747
21
1.2477004330708661
0
LINE
8
BLACK
6
CONTINUOUS
10
1.1800907874015747
20
1.2477004330708661
11
1.1799000393700787
21
1.2489048818897637
0
LINE
8
BLACK
6
CONTINUOUS
10
1.1799000393700787
20
1.2489048818897637
11
1.1797435039370079
21
1.2496918503937007
0
LINE
8
BLACK
6
CONTINUOUS
10
1.1797435039370079
20
1.2496918503937007
11
1.1780746062992127
21
1.2533119685039369
0
LINE
8
BLACK
6
CONTINUOUS
10
1.1780746062992127
20
1.2533119685039369
11
1.1766587007874016
21
1.2552607874015749
0
LINE
8
BLACK
6
CONTINUOUS
10
1.1766587007874016
20
1.2552607874015749
11
1.1750284251968504
21
1.2570243700787402
0
LINE
8
BLACK
6
CONTINUOUS
10
1.1750284251968504
20
1.2570243700787402
11
1.1715503543307086
21
1.2589721653543307
0
LINE
8
BLACK
6
CONTINUOUS
10
1.1715503543307086
20
1.2589721653543307
11
1.1692593700787401
21
1.2597165354330708
0
LINE
8
BLACK
6
CONTINUOUS
10
1.1692593700787401
20
1.2597165354330708
11
1.1661024803149607
21
1.2602165354330708
0
LINE
8
BLACK
6
CONTINUOUS
10
1.1661024803149607
20
1.2602165354330708
11
1.1661023622047244
21
1.2602165354330708
0
LINE
8
BLACK
6
CONTINUOUS
10
1.1661023622047244
20
1.2602165354330708
11
1.0823922047244094
21
1.2602165354330708
0
LINE
8
BLACK
6
CONTINUOUS
10
1.0823922047244094
20
1.2602165354330708
11
1.0801012204724409
21
1.2609609055118109
0
LINE
8
BLACK
6
CONTINUOUS
10
1.0801012204724409
20
1.2609609055118109
11
1.0800708267716534
21
1.2609868503937007
0
LINE
8
BLACK
6
CONTINUOUS
10
1.0800708267716534
20
1.2609868503937007
11
1.0796361417322835
21
1.2613581496062991
0
LINE
8
BLACK
6
CONTINUOUS
10
1.0796361417322835
20
1.2613581496062991
11
1.0749692913385827
21
1.266025
0
LINE
8
BLACK
6
CONTINUOUS
10
1.0749692913385827
20
1.266025
11
1.0749692125984252
21
1.2660250787401575
0
LINE
8
BLACK
6
CONTINUOUS
10
1.0749692125984252
20
1.2660250787401575
11
1.0685538188976378
21
1.2703117322834645
0
LINE
8
BLACK
6
CONTINUOUS
10
1.0685538188976378
20
1.2703117322834645
11
1.0630953937007874
21
1.2725726771653543
0
LINE
8
BLACK
6
CONTINUOUS
10
1.0630953937007874
20
1.2725726771653543
11
1.0614253937007874
21
1.2732644094488188
0
LINE
8
BLACK
6
CONTINUOUS
10
1.0614253937007874
20
1.2732644094488188
11
1.053857874015748
21
1.2747696850393702
0
LINE
8
BLACK
6
CONTINUOUS
10
1.053857874015748
20
1.2747696850393702
11
1.046142125984252
21
1.2747696850393702
0
LINE
8
BLACK
6
CONTINUOUS
10
1.046142125984252
20
1.2747696850393702
11
1.0439656299212599
21
1.2743367322834644
0
LINE
8
BLACK
6
CONTINUOUS
10
1.0439656299212599
20
1.2743367322834644
11
1.0415735433070865
21
1.2746198818897638
0
LINE
8
BLACK
6
CONTINUOUS
10
1.0415735433070865
20
1.2746198818897638
11
1.0410436614173229
21
1.2749162204724409
0
LINE
8
BLACK
6
CONTINUOUS
10
1.0410436614173229
20
1.2749162204724409
11
0.9766490157480314
21
1.317846062992126
0
LINE
8
BLACK
6
CONTINUOUS
10
0.9766490157480314
20
1.317846062992126
11
0.9739425590551181
21
1.3191235433070865
0
LINE
8
BLACK
6
CONTINUOUS
10
0.9739425590551181
20
1.3191235433070865
11
0.971780590551181
21
1.3197781496062992
0
LINE
8
BLACK
6
CONTINUOUS
10
0.971780590551181
20
1.3197781496062992
11
0.9688199212598425
21
1.3202165354330708
0
LINE
8
BLACK
6
CONTINUOUS
10
0.9688199212598425
20
1.3202165354330708
11
0.8441141732283465
21
1.3202165354330708
0
LINE
8
BLACK
6
CONTINUOUS
10
0.8441141732283465
20
1.3202165354330708
11
0.841823188976378
21
1.320960905511811
0
LINE
8
BLACK
6
CONTINUOUS
10
0.841823188976378
20
1.320960905511811
11
0.8404072834645669
21
1.3229097244094488
0
LINE
8
BLACK
6
CONTINUOUS
10
0.8404072834645669
20
1.3229097244094488
11
0.8402165354330708
21
1.3241141732283463
0
LINE
8
BLACK
6
CONTINUOUS
10
0.8402165354330708
20
1.3241141732283463
11
0.8402165354330708
21
1.3609868503937008
0
LINE
8
BLACK
6
CONTINUOUS
10
0.8402165354330708
20
1.3609868503937008
11
0.8402165354330708
21
1.4609868503937007
0
LINE
8
BLACK
6
CONTINUOUS
10
0.8402165354330708
20
1.4609868503937007
11
0.8402165354330708
21
1.4761020866141732
0
LINE
8
BLACK
6
CONTINUOUS
10
0.8402165354330708
20
1.4761020866141732
11
0.8402165354330708
21
1.4761023622047245
0
LINE
8
BLACK
6
CONTINUOUS
10
0.8402165354330708
20
1.4761023622047245
11
0.8400907874015748
21
1.4777004330708661
0
LINE
8
BLACK
6
CONTINUOUS
10
0.8400907874015748
20
1.4777004330708661
11
0.8399000393700787
21
1.4789048818897637
0
LINE
8
BLACK
6
CONTINUOUS
10
0.8399000393700787
20
1.4789048818897637
11
0.8397435039370078
21
1.4796918503937007
0
LINE
8
BLACK
6
CONTINUOUS
10
0.8397435039370078
20
1.4796918503937007
11
0.8380746062992126
21
1.4833119685039369
0
LINE
8
BLACK
6
CONTINUOUS
10
0.8380746062992126
20
1.4833119685039369
11
0.8366587007874016
21
1.4852607874015749
0
LINE
8
BLACK
6
CONTINUOUS
10
0.8366587007874016
20
1.4852607874015749
11
0.8350284251968504
21
1.4870243700787402
0
LINE
8
BLACK
6
CONTINUOUS
10
0.8350284251968504
20
1.4870243700787402
11
0.8315503543307087
21
1.4889721653543306
0
LINE
8
BLACK
6
CONTINUOUS
10
0.8315503543307087
20
1.4889721653543306
11
0.8292593700787402
21
1.4897165354330708
0
LINE
8
BLACK
6
CONTINUOUS
10
0.8292593700787402
20
1.4897165354330708
11
0.8261024803149606
21
1.4902165354330708
0
LINE
8
BLACK
6
CONTINUOUS
10
0.8261024803149606
20
1.4902165354330708
11
0.8261023622047244
21
1.4902165354330708
0
LINE
8
BLACK
6
CONTINUOUS
10
0.8261023622047244
20
1.4902165354330708
11
0.6638976377952756
21
1.4902165354330708
0
LINE
8
BLACK
6
CONTINUOUS
10
0.6638976377952756
20
1.4902165354330708
11
0.6622995669291338
21
1.4900907874015747
0
LINE
8
BLACK
6
CONTINUOUS
10
0.6622995669291338
20
1.4900907874015747
11
0.6610951181102362
21
1.4899000393700788
0
LINE
8
BLACK
6
CONTINUOUS
10
0.6610951181102362
20
1.4899000393700788
11
0.6603081496062992
21
1.4897435039370079
0
LINE
8
BLACK
6
CONTINUOUS
10
0.6603081496062992
20
1.4897435039370079
11
0.656688031496063
21
1.4880746062992125
0
LINE
8
BLACK
6
CONTINUOUS
10
0.656688031496063
20
1.4880746062992125
11
0.6566879921259843
21
1.4880745669291338
0
LINE
8
BLACK
6
CONTINUOUS
10
0.6566879921259843
20
1.4880745669291338
11
0.6547393307086614
21
1.4866588188976377
0
LINE
8
BLACK
6
CONTINUOUS
10
0.6547393307086614
20
1.4866588188976377
11
0.6547392125984252
21
1.4866587007874015
0
LINE
8
BLACK
6
CONTINUOUS
10
0.6547392125984252
20
1.4866587007874015
11
0.6529756299212598
21
1.4850284251968504
0
LINE
8
BLACK
6
CONTINUOUS
10
0.6529756299212598
20
1.4850284251968504
11
0.652975590551181
21
1.4850283858267717
0
LINE
8
BLACK
6
CONTINUOUS
10
0.652975590551181
20
1.4850283858267717
11
0.6510278346456693
21
1.4815503543307087
0
LINE
8
BLACK
6
CONTINUOUS
10
0.6510278346456693
20
1.4815503543307087
11
0.6502834251968503
21
1.4792592913385827
0
LINE
8
BLACK
6
CONTINUOUS
10
0.6502834251968503
20
1.4792592913385827
11
0.6497834645669291
21
1.4761024803149605
0
LINE
8
BLACK
6
CONTINUOUS
10
0.6497834645669291
20
1.4761024803149605
11
0.6497834645669291
21
1.1122614173228347
0
LINE
8
BLACK
6
CONTINUOUS
10
0.6497834645669291
20
1.1122614173228347
11
0.6500114566929134
21
1.11011531496063
0
LINE
8
BLACK
6
CONTINUOUS
10
0.6500114566929134
20
1.11011531496063
11
0.6503553937007874
21
1.1085148031496064
0
LINE
8
BLACK
6
CONTINUOUS
10
0.6503553937007874
20
1.1085148031496064
11
0.6503555511811023
21
1.1085141338582676
0
LINE
8
BLACK
6
CONTINUOUS
10
0.6503555511811023
20
1.1085141338582676
11
0.650728779527559
21
1.1072074803149605
0
LINE
8
BLACK
6
CONTINUOUS
10
0.650728779527559
20
1.1072074803149605
11
0.6507288188976378
21
1.107207401574803
0
LINE
8
BLACK
6
CONTINUOUS
10
0.6507288188976378
20
1.107207401574803
11
0.6527820078740157
21
1.1037910236220472
0
LINE
8
BLACK
6
CONTINUOUS
10
0.6527820078740157
20
1.1037910236220472
11
0.6527822440944882
21
1.1037906692913386
0
LINE
8
BLACK
6
CONTINUOUS
10
0.6527822440944882
20
1.1037906692913386
11
0.6544017716535433
21
1.102008031496063
0
LINE
8
BLACK
6
CONTINUOUS
10
0.6544017716535433
20
1.102008031496063
11
0.656895
21
1.1000073622047244
0
LINE
8
BLACK
6
CONTINUOUS
10
0.656895
20
1.1000073622047244
11
0.6758731889763779
21
1.0891626377952757
0
LINE
8
BLACK
6
CONTINUOUS
10
0.6758731889763779
20
1.0891626377952757
11
0.6783196062992126
21
1.0881588582677164
0
LINE
8
BLACK
6
CONTINUOUS
10
0.6783196062992126
20
1.0881588582677164
11
0.6802533070866141
21
1.0876453543307087
0
LINE
8
BLACK
6
CONTINUOUS
10
0.6802533070866141
20
1.0876453543307087
11
0.681366968503937
21
1.0874999999999999
0
LINE
8
BLACK
6
CONTINUOUS
10
0.681366968503937
20
1.0874999999999999
11
0.6925
21
1.0874999999999999
0
LINE
8
BLACK
6
CONTINUOUS
10
0.6925
20
1.0874999999999999
11
0.6925
21
1.084981377952756
0
LINE
8
BLACK
6
CONTINUOUS
10
0.6925
20
1.084981377952756
11
0.6927698818897637
21
1.0846099212598426
0
LINE
8
BLACK
6
CONTINUOUS
10
0.6927698818897637
20
1.0846099212598426
11
0.6928583858267716
21
1.0842811417322835
0
LINE
8
BLACK
6
CONTINUOUS
10
0.6928583858267716
20
1.0842811417322835
11
0.6928591732283464
21
1.0842813385826771
0
LINE
8
BLACK
6
CONTINUOUS
10
0.6928591732283464
20
1.0842813385826771
11
0.69287
21
1.0842379527559054
0
LINE
8
BLACK
6
CONTINUOUS
10
0.69287
20
1.0842379527559054
11
0.6928734645669291
21
1.0842251968503938
0
LINE
8
BLACK
6
CONTINUOUS
10
0.6928734645669291
20
1.0842251968503938
11
0.6928749212598425
21
1.0842182677165355
0
LINE
8
BLACK
6
CONTINUOUS
10
0.6928749212598425
20
1.0842182677165355
11
0.6928751574803149
21
1.0842174409448819
0
LINE
8
BLACK
6
CONTINUOUS
10
0.6928751574803149
20
1.0842174409448819
11
0.6932483464566929
21
1.0829108661417322
0
LINE
8
BLACK
6
CONTINUOUS
10
0.6932483464566929
20
1.0829108661417322
11
0.6932483858267716
21
1.0829106692913386
0
LINE
8
BLACK
6
CONTINUOUS
10
0.6932483858267716
20
1.0829106692913386
11
0.6953016141732283
21
1.0794940551181103
0
LINE
8
BLACK
6
CONTINUOUS
10
0.6953016141732283
20
1.0794940551181103
11
0.6969214566929134
21
1.0777110236220473
0
LINE
8
BLACK
6
CONTINUOUS
10
0.6969214566929134
20
1.0777110236220473
11
0.6994146456692913
21
1.0757103937007875
0
LINE
8
BLACK
6
CONTINUOUS
10
0.6994146456692913
20
1.0757103937007875
11
0.7205164566929134
21
1.0636522047244095
0
LINE
8
BLACK
6
CONTINUOUS
10
0.7205164566929134
20
1.0636522047244095
11
0.7221362598425197
21
1.061869251968504
0
LINE
8
BLACK
6
CONTINUOUS
10
0.7221362598425197
20
1.061869251968504
11
0.7224803149606299
21
1.0602681102362204
0
LINE
8
BLACK
6
CONTINUOUS
10
0.7224803149606299
20
1.0602681102362204
11
0.7224803149606299
21
1.0315132283464568
0
LINE
8
BLACK
6
CONTINUOUS
10
0.7224803149606299
20
1.0315132283464568
11
0.7224803543307087
21
1.0315129527559055
0
LINE
8
BLACK
6
CONTINUOUS
10
0.7224803543307087
20
1.0315129527559055
11
0.7230616141732283
21
1.0285905118110237
0
LINE
8
BLACK
6
CONTINUOUS
10
0.7230616141732283
20
1.0285905118110237
11
0.7230616535433071
21
1.0285904330708662
0
LINE
8
BLACK
6
CONTINUOUS
10
0.7230616535433071
20
1.0285904330708662
11
0.7252761023622047
21
1.0252763385826771
0
LINE
8
BLACK
6
CONTINUOUS
10
0.7252761023622047
20
1.0252763385826771
11
0.7252763385826771
21
1.0252761023622048
0
LINE
8
BLACK
6
CONTINUOUS
10
0.7252763385826771
20
1.0252761023622048
11
0.7283062598425196
21
1.0232515748031497
0
LINE
8
BLACK
6
CONTINUOUS
10
0.7283062598425196
20
1.0232515748031497
11
0.7297975590551181
21
1.021359842519685
0
LINE
8
BLACK
6
CONTINUOUS
10
0.7297975590551181
20
1.021359842519685
11
0.7298850787401575
21
1.0191318897637796
0
LINE
8
BLACK
6
CONTINUOUS
10
0.7298850787401575
20
1.0191318897637796
11
0.7299305118110236
21
1.0191219291338582
0
LINE
8
BLACK
6
CONTINUOUS
10
0.7299305118110236
20
1.0191219291338582
11
0.7298894881889764
21
1.0189350393700787
0
LINE
8
BLACK
6
CONTINUOUS
10
0.7298894881889764
20
1.0189350393700787
11
0.7296063385826771
21
1.0165429527559056
0
LINE
8
BLACK
6
CONTINUOUS
10
0.7296063385826771
20
1.0165429527559056
11
0.7297317716535433
21
1.0133488582677166
0
LINE
8
BLACK
6
CONTINUOUS
10
0.7297317716535433
20
1.0133488582677166
11
0.7300782283464566
21
1.0116070472440946
0
LINE
8
BLACK
6
CONTINUOUS
10
0.7300782283464566
20
1.0116070472440946
11
0.7301133858267717
21
1.01125
0
LINE
8
BLACK
6
CONTINUOUS
10
0.7301133858267717
20
1.01125
11
0.7303499999999999
21
1.01125
0
LINE
8
BLACK
6
CONTINUOUS
10
0.7303499999999999
20
1.01125
11
0.7303499999999999
21
0.9561499999999999
0
LINE
8
BLACK
6
CONTINUOUS
10
0.7303499999999999
20
0.9561499999999999
11
0.71465
21
0.9561499999999999
0
LINE
8
BLACK
6
CONTINUOUS
10
0.71465
20
0.9561499999999999
11
0.71465
21
0.9563847244094488
0
LINE
8
BLACK
6
CONTINUOUS
10
0.71465
20
0.9563847244094488
11
0.7143274409448819
21
0.9564150393700788
0
LINE
8
BLACK
6
CONTINUOUS
10
0.7143274409448819
20
0.9564150393700788
11
0.7143078346456693
21
0.9564187401574803
0
LINE
8
BLACK
6
CONTINUOUS
10
0.7143078346456693
20
0.9564187401574803
11
0.7123571259842519
21
0.9568067716535433
0
LINE
8
BLACK
6
CONTINUOUS
10
0.7123571259842519
20
0.9568067716535433
11
0.7122604724409448
21
0.9568067716535433
0
LINE
8
BLACK
6
CONTINUOUS
10
0.7122604724409448
20
0.9568067716535433
11
0.7119858661417323
21
0.9568588582677165
0
LINE
8
BLACK
6
CONTINUOUS
10
0.7119858661417323
20
0.9568588582677165
11
0.7119808661417323
21
0.9568615748031496
0
LINE
8
BLACK
6
CONTINUOUS
10
0.7119808661417323
20
0.9568615748031496
11
0.7119433464566929
21
0.9568671653543307
0
LINE
8
BLACK
6
CONTINUOUS
10
0.7119433464566929
20
0.9568671653543307
11
0.7114927952755905
21
0.9569578740157481
0
LINE
8
BLACK
6
CONTINUOUS
10
0.7114927952755905
20
0.9569578740157481
11
0.707509094488189
21
0.9568133464566929
0
LINE
8
BLACK
6
CONTINUOUS
10
0.707509094488189
20
0.9568133464566929
11
0.7051650787401574
21
0.9562580314960629
0
LINE
8
BLACK
6
CONTINUOUS
10
0.7051650787401574
20
0.9562580314960629
11
0.7022082283464567
21
0.955043622047244
0
LINE
8
BLACK
6
CONTINUOUS
10
0.7022082283464567
20
0.955043622047244
11
0.4989938188976378
21
0.8313479133858267
0
LINE
8
BLACK
6
CONTINUOUS
10
0.4989938188976378
20
0.8313479133858267
11
0.4980687007874016
21
0.8307848031496062
0
LINE
8
BLACK
6
CONTINUOUS
10
0.4980687007874016
20
0.8307848031496062
11
0.496042125984252
21
0.8302165354330708
0
LINE
8
BLACK
6
CONTINUOUS
10
0.496042125984252
20
0.8302165354330708
11
0.1038976377952756
21
0.8302165354330708
0
LINE
8
BLACK
6
CONTINUOUS
10
0.1038976377952756
20
0.8302165354330708
11
0.1022995669291339
21
0.8300907874015748
0
LINE
8
BLACK
6
CONTINUOUS
10
0.1022995669291339
20
0.8300907874015748
11
0.1010951181102362
21
0.8299000393700787
0
LINE
8
BLACK
6
CONTINUOUS
10
0.1010951181102362
20
0.8299000393700787
11
0.1003081496062992
21
0.8297435039370079
0
LINE
8
BLACK
6
CONTINUOUS
10
0.1003081496062992
20
0.8297435039370079
11
0.096688031496063
21
0.8280746062992126
0
LINE
8
BLACK
6
CONTINUOUS
10
0.096688031496063
20
0.8280746062992126
11
0.0966879921259843
21
0.8280745669291338
0
LINE
8
BLACK
6
CONTINUOUS
10
0.0966879921259843
20
0.8280745669291338
11
0.0947393307086614
21
0.8266588188976378
0
LINE
8
BLACK
6
CONTINUOUS
10
0.0947393307086614
20
0.8266588188976378
11
0.0947392125984252
21
0.8266587007874016
0
LINE
8
BLACK
6
CONTINUOUS
10
0.0947392125984252
20
0.8266587007874016
11
0.0929756299212598
21
0.8250284251968504
0
LINE
8
BLACK
6
CONTINUOUS
10
0.0929756299212598
20
0.8250284251968504
11
0.0929755905511811
21
0.8250283858267716
0
LINE
8
BLACK
6
CONTINUOUS
10
0.0929755905511811
20
0.8250283858267716
11
0.0910278346456693
21
0.8215503543307087
0
LINE
8
BLACK
6
CONTINUOUS
10
0.0910278346456693
20
0.8215503543307087
11
0.0902834251968504
21
0.8192592913385827
0
LINE
8
BLACK
6
CONTINUOUS
10
0.0902834251968504
20
0.8192592913385827
11
0.0897834645669291
21
0.8161024803149606
0
LINE
8
BLACK
6
CONTINUOUS
10
0.0897834645669291
20
0.8161024803149606
11
0.0897834645669291
21
0.8161023622047244
0
LINE
8
BLACK
6
CONTINUOUS
10
0.0599803149606299
20
1.0490132283464566
11
0.0599803543307087
21
1.0490129527559056
0
LINE
8
BLACK
6
CONTINUOUS
10
0.0599803543307087
20
1.0490129527559056
11
0.0605616141732283
21
1.0460905118110235
0
LINE
8
BLACK
6
CONTINUOUS
10
0.0605616141732283
20
1.0460905118110235
11
0.0605616535433071
21
1.046090433070866
0
LINE
8
BLACK
6
CONTINUOUS
10
0.0605616535433071
20
1.046090433070866
11
0.0627761023622047
21
1.0427763385826772
0
LINE
8
BLACK
6
CONTINUOUS
10
0.0627761023622047
20
1.0427763385826772
11
0.0627762992125984
21
1.0427761417322834
0
LINE
8
BLACK
6
CONTINUOUS
10
0.0627762992125984
20
1.0427761417322834
11
0.0647056299212598
21
1.0414870078740157
0
LINE
8
BLACK
6
CONTINUOUS
10
0.0647056299212598
20
1.0414870078740157
11
0.0660905118110236
21
1.0405616535433071
0
LINE
8
BLACK
6
CONTINUOUS
10
0.0660905118110236
20
1.0405616535433071
11
0.0690131102362205
21
1.0399803149606299
0
LINE
8
BLACK
6
CONTINUOUS
10
0.0690131102362205
20
1.0399803149606299
11
0.1309867322834646
21
1.0399803149606299
0
LINE
8
BLACK
6
CONTINUOUS
10
0.1309867322834646
20
1.0399803149606299
11
0.1309870078740157
21
1.0399803543307087
0
LINE
8
BLACK
6
CONTINUOUS
10
0.1309870078740157
20
1.0399803543307087
11
0.1339094488188976
21
1.0405616141732283
0
LINE
8
BLACK
6
CONTINUOUS
10
0.1339094488188976
20
1.0405616141732283
11
0.1339095275590551
21
1.0405616535433071
0
LINE
8
BLACK
6
CONTINUOUS
10
0.1339095275590551
20
1.0405616535433071
11
0.1372236220472441
21
1.0427761023622046
0
LINE
8
BLACK
6
CONTINUOUS
10
0.1372236220472441
20
1.0427761023622046
11
0.1372236614173228
21
1.0427761417322834
0
LINE
8
BLACK
6
CONTINUOUS
10
0.1372236614173228
20
1.0427761417322834
11
0.137223779527559
21
1.0427762204724409
0
LINE
8
BLACK
6
CONTINUOUS
10
0.137223779527559
20
1.0427762204724409
11
0.1394383464566929
21
1.0460905118110235
0
LINE
8
BLACK
6
CONTINUOUS
10
0.1394383464566929
20
1.0460905118110235
11
0.1400196850393701
21
1.0490131102362203
0
LINE
8
BLACK
6
CONTINUOUS
10
0.1400196850393701
20
1.0490131102362203
11
0.1400196850393701
21
1.0562401574803149
0
LINE
8
BLACK
6
CONTINUOUS
10
0.1400196850393701
20
1.0562401574803149
11
0.1407640551181102
21
1.0585311417322834
0
LINE
8
BLACK
6
CONTINUOUS
10
0.1407640551181102
20
1.0585311417322834
11
0.142712874015748
21
1.0599470472440944
0
LINE
8
BLACK
6
CONTINUOUS
10
0.142712874015748
20
1.0599470472440944
11
0.1439173228346457
21
1.0601377952755906
0
LINE
8
BLACK
6
CONTINUOUS
10
0.1439173228346457
20
1.0601377952755906
11
0.1560827165354331
21
1.0601377952755906
0
LINE
8
BLACK
6
CONTINUOUS
10
0.1560827165354331
20
1.0601377952755906
11
0.1583737007874016
21
1.0593934251968504
0
LINE
8
BLACK
6
CONTINUOUS
10
0.1583737007874016
20
1.0593934251968504
11
0.1597896062992126
21
1.0574446062992127
0
LINE
8
BLACK
6
CONTINUOUS
10
0.1597896062992126
20
1.0574446062992127
11
0.1599803543307086
21
1.0562401574803149
0
LINE
8
BLACK
6
CONTINUOUS
10
0.1599803543307086
20
1.0562401574803149
11
0.1599803543307086
21
1.0490129527559056
0
LINE
8
BLACK
6
CONTINUOUS
10
0.1599803543307086
20
1.0490129527559056
11
0.1605616141732283
21
1.0460905118110235
0
LINE
8
BLACK
6
CONTINUOUS
10
0.1605616141732283
20
1.0460905118110235
11
0.1605616535433071
21
1.046090433070866
0
LINE
8
BLACK
6
CONTINUOUS
10
0.1605616535433071
20
1.046090433070866
11
0.1627761023622047
21
1.0427763385826772
0
LINE
8
BLACK
6
CONTINUOUS
10
0.1627761023622047
20
1.0427763385826772
11
0.1627762992125984
21
1.0427761417322834
0
LINE
8
BLACK
6
CONTINUOUS
10
0.1627762992125984
20
1.0427761417322834
11
0.1647056299212598
21
1.0414870078740157
0
LINE
8
BLACK
6
CONTINUOUS
10
0.1647056299212598
20
1.0414870078740157
11
0.1660905118110236
21
1.0405616535433071
0
LINE
8
BLACK
6
CONTINUOUS
10
0.1660905118110236
20
1.0405616535433071
11
0.1690131102362205
21
1.0399803149606299
0
LINE
8
BLACK
6
CONTINUOUS
10
0.1690131102362205
20
1.0399803149606299
11
0.2309867322834646
21
1.0399803149606299
0
LINE
8
BLACK
6
CONTINUOUS
10
0.2309867322834646
20
1.0399803149606299
11
0.2309870078740157
21
1.0399803543307087
0
LINE
8
BLACK
6
CONTINUOUS
10
0.2309870078740157
20
1.0399803543307087
11
0.2339094488188976
21
1.0405616141732283
0
LINE
8
BLACK
6
CONTINUOUS
10
0.2339094488188976
20
1.0405616141732283
11
0.2339095275590551
21
1.0405616535433071
0
LINE
8
BLACK
6
CONTINUOUS
10
0.2339095275590551
20
1.0405616535433071
11
0.2372236220472441
21
1.0427761023622046
0
LINE
8
BLACK
6
CONTINUOUS
10
0.2372236220472441
20
1.0427761023622046
11
0.2372236614173228
21
1.0427761417322834
0
LINE
8
BLACK
6
CONTINUOUS
10
0.2372236614173228
20
1.0427761417322834
11
0.237223779527559
21
1.0427762204724409
0
LINE
8
BLACK
6
CONTINUOUS
10
0.237223779527559
20
1.0427762204724409
11
0.2394383464566929
21
1.0460905118110235
0
LINE
8
BLACK
6
CONTINUOUS
10
0.2394383464566929
20
1.0460905118110235
11
0.2400196850393701
21
1.0490131102362203
0
LINE
8
BLACK
6
CONTINUOUS
10
0.2400196850393701
20
1.0490131102362203
11
0.2400196850393701
21
1.0562401574803149
0
LINE
8
BLACK
6
CONTINUOUS
10
0.2400196850393701
20
1.0562401574803149
11
0.2402104330708661
21
1.0568272047244094
0
LINE
8
BLACK
6
CONTINUOUS
10
0.2402104330708661
20
1.0568272047244094
11
0.2402104330708661
21
1.0574446062992127
0
LINE
8
BLACK
6
CONTINUOUS
10
0.2402104330708661
20
1.0574446062992127
11
0.2405732677165354
21
1.0579440157480315
0
LINE
8
BLACK
6
CONTINUOUS
10
0.2405732677165354
20
1.0579440157480315
11
0.2407640551181102
21
1.0585311417322834
0
LINE
8
BLACK
6
CONTINUOUS
10
0.2407640551181102
20
1.0585311417322834
11
0.2412634645669291
21
1.0588939763779528
0
LINE
8
BLACK
6
CONTINUOUS
10
0.2412634645669291
20
1.0588939763779528
11
0.2416263385826772
21
1.0593934251968504
0
LINE
8
BLACK
6
CONTINUOUS
10
0.2416263385826772
20
1.0593934251968504
11
0.2422134251968504
21
1.0595841732283464
0
LINE
8
BLACK
6
CONTINUOUS
10
0.2422134251968504
20
1.0595841732283464
11
0.242712874015748
21
1.0599470472440944
0
LINE
8
BLACK
6
CONTINUOUS
10
0.242712874015748
20
1.0599470472440944
11
0.2439173228346457
21
1.0601377952755906
0
LINE
8
BLACK
6
CONTINUOUS
10
0.2439173228346457
20
1.0601377952755906
11
0.2514583070866142
21
1.0601377952755906
0
LINE
8
BLACK
6
CONTINUOUS
10
0.2514583070866142
20
1.0601377952755906
11
0.2537492913385826
21
1.0593934251968504
0
LINE
8
BLACK
6
CONTINUOUS
10
0.2537492913385826
20
1.0593934251968504
11
0.2542143700787401
21
1.058996220472441
0
LINE
8
BLACK
6
CONTINUOUS
10
0.2542143700787401
20
1.058996220472441
11
0.3033887401574803
21
1.0098217716535434
0
LINE
8
BLACK
6
CONTINUOUS
10
0.3033887401574803
20
1.0098217716535434
11
0.3044823228346457
21
1.0076754330708662
0
LINE
8
BLACK
6
CONTINUOUS
10
0.3044823228346457
20
1.0076754330708662
11
0.3045303149606299
21
1.0070657086614172
0
LINE
8
BLACK
6
CONTINUOUS
10
0.3045303149606299
20
1.0070657086614172
11
0.3045303149606299
21
0.9411132283464567
0
LINE
8
BLACK
6
CONTINUOUS
10
0.3045303149606299
20
0.9411132283464567
11
0.3045303543307086
21
0.9411129527559055
0
LINE
8
BLACK
6
CONTINUOUS
10
0.3045303543307086
20
0.9411129527559055
11
0.3051116141732284
21
0.9381905118110236
0
LINE
8
BLACK
6
CONTINUOUS
10
0.3051116141732284
20
0.9381905118110236
11
0.3051116535433071
21
0.9381904330708661
0
LINE
8
BLACK
6
CONTINUOUS
10
0.3051116535433071
20
0.9381904330708661
11
0.3073261023622047
21
0.9348763385826772
0
LINE
8
BLACK
6
CONTINUOUS
10
0.3073261023622047
20
0.9348763385826772
11
0.3073262992125984
21
0.9348761417322834
0
LINE
8
BLACK
6
CONTINUOUS
10
0.3073262992125984
20
0.9348761417322834
11
0.3095357480314961
21
0.933399842519685
0
LINE
8
BLACK
6
CONTINUOUS
10
0.3095357480314961
20
0.933399842519685
11
0.3106405118110236
21
0.9326616535433071
0
LINE
8
BLACK
6
CONTINUOUS
10
0.3106405118110236
20
0.9326616535433071
11
0.3129817322834645
21
0.9321959448818897
0
LINE
8
BLACK
6
CONTINUOUS
10
0.3129817322834645
20
0.9321959448818897
11
0.3135630708661417
21
0.9320803149606299
0
LINE
8
BLACK
6
CONTINUOUS
10
0.3135630708661417
20
0.9320803149606299
11
0.3135631102362205
21
0.9320803149606299
0
LINE
8
BLACK
6
CONTINUOUS
10
0.3135631102362205
20
0.9320803149606299
11
0.3795157874015748
21
0.9320803149606299
0
LINE
8
BLACK
6
CONTINUOUS
10
0.3795157874015748
20
0.9320803149606299
11
0.3818067716535433
21
0.9313359448818898
0
LINE
8
BLACK
6
CONTINUOUS
10
0.3818067716535433
20
0.9313359448818898
11
0.3822718110236221
21
0.9309387401574803
0
LINE
8
BLACK
6
CONTINUOUS
10
0.3822718110236221
20
0.9309387401574803
11
0.3991042125984252
21
0.9141063385826771
0
LINE
8
BLACK
6
CONTINUOUS
10
0.3991042125984252
20
0.9141063385826771
11
0.3991042913385827
21
0.9141062598425197
0
LINE
8
BLACK
6
CONTINUOUS
10
0.3991042913385827
20
0.9141062598425197
11
0.3991043307086614
21
0.9141062598425197
0
LINE
8
BLACK
6
CONTINUOUS
10
0.3991043307086614
20
0.9141062598425197
11
0.4019605511811024
21
0.9124572440944881
0
LINE
8
BLACK
6
CONTINUOUS
10
0.4019605511811024
20
0.9124572440944881
11
0.4019606299212599
21
0.9124572047244094
0
LINE
8
BLACK
6
CONTINUOUS
10
0.4019606299212599
20
0.9124572047244094
11
0.4036333464566929
21
0.9114914173228347
0
LINE
8
BLACK
6
CONTINUOUS
10
0.4036333464566929
20
0.9114914173228347
11
0.4036334251968504
21
0.9114913779527559
0
LINE
8
BLACK
6
CONTINUOUS
10
0.4036334251968504
20
0.9114913779527559
11
0.4036334645669291
21
0.9114913779527559
0
LINE
8
BLACK
6
CONTINUOUS
10
0.4036334645669291
20
0.9114913779527559
11
0.4086850787401575
21
0.9101377952755906
0
LINE
8
BLACK
6
CONTINUOUS
10
0.4086850787401575
20
0.9101377952755906
11
0.4086851181102362
21
0.9101377952755906
0
LINE
8
BLACK
6
CONTINUOUS
10
0.4086851181102362
20
0.9101377952755906
11
0.4093290157480315
21
0.9101377952755906
0
LINE
8
BLACK
6
CONTINUOUS
10
0.4093290157480315
20
0.9101377952755906
11
0.41162
21
0.9093934251968504
0
LINE
8
BLACK
6
CONTINUOUS
10
0.41162
20
0.9093934251968504
11
0.4120850787401575
21
0.9089962204724409
0
LINE
8
BLACK
6
CONTINUOUS
10
0.4120850787401575
20
0.9089962204724409
11
0.4124572440944882
21
0.9086240157480314
0
LINE
8
BLACK
6
CONTINUOUS
10
0.4124572440944882
20
0.9086240157480314
11
0.4169646062992126
21
0.9056122834645669
0
LINE
8
BLACK
6
CONTINUOUS
10
0.4169646062992126
20
0.9056122834645669
11
0.4219727559055118
21
0.903537874015748
0
LINE
8
BLACK
6
CONTINUOUS
10
0.4219727559055118
20
0.903537874015748
11
0.4272894488188976
21
0.9024803149606299
0
LINE
8
BLACK
6
CONTINUOUS
10
0.4272894488188976
20
0.9024803149606299
11
0.4272895669291338
21
0.9024803149606299
0
LINE
8
BLACK
6
CONTINUOUS
10
0.4272895669291338
20
0.9024803149606299
11
0.4327105118110236
21
0.9024803149606299
0
LINE
8
BLACK
6
CONTINUOUS
10
0.4327105118110236
20
0.9024803149606299
11
0.4362549212598425
21
0.9031853543307087
0
LINE
8
BLACK
6
CONTINUOUS
10
0.4362549212598425
20
0.9031853543307087
11
0.4380272047244094
21
0.903537874015748
0
LINE
8
BLACK
6
CONTINUOUS
10
0.4380272047244094
20
0.903537874015748
11
0.4380272440944882
21
0.903537874015748
0
LINE
8
BLACK
6
CONTINUOUS
10
0.4380272440944882
20
0.903537874015748
11
0.4430353543307087
21
0.9056122834645669
0
LINE
8
BLACK
6
CONTINUOUS
10
0.4430353543307087
20
0.9056122834645669
11
0.4430353937007874
21
0.9056122834645669
0
LINE
8
BLACK
6
CONTINUOUS
10
0.4430353937007874
20
0.9056122834645669
11
0.447542716535433
21
0.9086240157480314
0
LINE
8
BLACK
6
CONTINUOUS
10
0.447542716535433
20
0.9086240157480314
11
0.4513759448818898
21
0.9124572440944881
0
LINE
8
BLACK
6
CONTINUOUS
10
0.4513759448818898
20
0.9124572440944881
11
0.4543876771653543
21
0.9169645669291339
0
LINE
8
BLACK
6
CONTINUOUS
10
0.4543876771653543
20
0.9169645669291339
11
0.4543876771653543
21
0.9169646062992126
0
LINE
8
BLACK
6
CONTINUOUS
10
0.4543876771653543
20
0.9169646062992126
11
0.4554248818897638
21
0.9194686614173229
0
LINE
8
BLACK
6
CONTINUOUS
10
0.4554248818897638
20
0.9194686614173229
11
0.456462125984252
21
0.9219727952755905
0
LINE
8
BLACK
6
CONTINUOUS
10
0.456462125984252
20
0.9219727952755905
11
0.4575196850393701
21
0.9272895669291339
0
LINE
8
BLACK
6
CONTINUOUS
10
0.4575196850393701
20
0.9272895669291339
11
0.4575196850393701
21
0.9327104330708661
0
LINE
8
BLACK
6
CONTINUOUS
10
0.4575196850393701
20
0.9327104330708661
11
0.456462125984252
21
0.9380272047244095
0
LINE
8
BLACK
6
CONTINUOUS
10
0.456462125984252
20
0.9380272047244095
11
0.4543876377952756
21
0.9430354724409449
0
LINE
8
BLACK
6
CONTINUOUS
10
0.4543876377952756
20
0.9430354724409449
11
0.4513759448818898
21
0.9475427559055117
0
LINE
8
BLACK
6
CONTINUOUS
10
0.4513759448818898
20
0.9475427559055117
11
0.4475427559055118
21
0.9513759448818897
0
LINE
8
BLACK
6
CONTINUOUS
10
0.4475427559055118
20
0.9513759448818897
11
0.4430354724409449
21
0.9543876377952756
0
LINE
8
BLACK
6
CONTINUOUS
10
0.4430354724409449
20
0.9543876377952756
11
0.4380272047244094
21
0.956462125984252
0
LINE
8
BLACK
6
CONTINUOUS
10
0.4380272047244094
20
0.956462125984252
11
0.4327104330708662
21
0.95751968503937
0
LINE
8
BLACK
6
CONTINUOUS
10
0.4327104330708662
20
0.95751968503937
11
0.4272895669291338
21
0.95751968503937
0
LINE
8
BLACK
6
CONTINUOUS
10
0.4272895669291338
20
0.95751968503937
11
0.4219727952755906
21
0.956462125984252
0
LINE
8
BLACK
6
CONTINUOUS
10
0.4219727952755906
20
0.956462125984252
11
0.4179826377952756
21
0.9548093307086614
0
LINE
8
BLACK
6
CONTINUOUS
10
0.4179826377952756
20
0.9548093307086614
11
0.4155812598425197
21
0.9546203543307087
0
LINE
8
BLACK
6
CONTINUOUS
10
0.4155812598425197
20
0.9546203543307087
11
0.4137350787401575
21
0.9556542913385827
0
LINE
8
BLACK
6
CONTINUOUS
10
0.4137350787401575
20
0.9556542913385827
11
0.396611220472441
21
0.9727781889763779
0
LINE
8
BLACK
6
CONTINUOUS
10
0.396611220472441
20
0.9727781889763779
11
0.3955176377952756
21
0.9749244881889764
0
LINE
8
BLACK
6
CONTINUOUS
10
0.3955176377952756
20
0.9749244881889764
11
0.3954696456692913
21
0.9755342125984252
0
LINE
8
BLACK
6
CONTINUOUS
10
0.3954696456692913
20
0.9755342125984252
11
0.3954696456692913
21
1.0414867322834644
0
LINE
8
BLACK
6
CONTINUOUS
10
0.3954696456692913
20
1.0414867322834644
11
0.3954696062992126
21
1.0414870078740157
0
LINE
8
BLACK
6
CONTINUOUS
10
0.3954696062992126
20
1.0414870078740157
11
0.3953106299212598
21
1.042286220472441
0
LINE
8
BLACK
6
CONTINUOUS
10
0.3953106299212598
20
1.042286220472441
11
0.3948883464566929
21
1.0444094881889763
0
LINE
8
BLACK
6
CONTINUOUS
10
0.3948883464566929
20
1.0444094881889763
11
0.3926737795275591
21
1.0477237795275591
0
LINE
8
BLACK
6
CONTINUOUS
10
0.3926737795275591
20
1.0477237795275591
11
0.3893594881889764
21
1.0499383464566929
0
LINE
8
BLACK
6
CONTINUOUS
10
0.3893594881889764
20
1.0499383464566929
11
0.3864368897637795
21
1.0505196850393701
0
LINE
8
BLACK
6
CONTINUOUS
10
0.3864368897637795
20
1.0505196850393701
11
0.3204841338582677
21
1.0505196456692913
0
LINE
8
BLACK
6
CONTINUOUS
10
0.3204841338582677
20
1.0505196456692913
11
0.3181931889763779
21
1.0512640157480315
0
LINE
8
BLACK
6
CONTINUOUS
10
0.3181931889763779
20
1.0512640157480315
11
0.3177283858267717
21
1.0516609842519684
0
LINE
8
BLACK
6
CONTINUOUS
10
0.3177283858267717
20
1.0516609842519684
11
0.2734956692913386
21
1.0958937401574802
0
LINE
8
BLACK
6
CONTINUOUS
10
0.2734956692913386
20
1.0958937401574802
11
0.2704361811023622
21
1.0976601181102361
0
LINE
8
BLACK
6
CONTINUOUS
10
0.2704361811023622
20
1.0976601181102361
11
0.2689665354330709
21
1.098508622047244
0
LINE
8
BLACK
6
CONTINUOUS
10
0.2689665354330709
20
1.098508622047244
11
0.2639149212598425
21
1.0998622047244093
0
LINE
8
BLACK
6
CONTINUOUS
10
0.2639149212598425
20
1.0998622047244093
11
0.2639148425196851
21
1.0998622047244093
0
LINE
8
BLACK
6
CONTINUOUS
10
0.2639148425196851
20
1.0998622047244093
11
0.2439172834645669
21
1.0998622047244093
0
LINE
8
BLACK
6
CONTINUOUS
10
0.2439172834645669
20
1.0998622047244093
11
0.2416262992125984
21
1.1006065748031495
0
LINE
8
BLACK
6
CONTINUOUS
10
0.2416262992125984
20
1.1006065748031495
11
0.2402103937007874
21
1.1025553937007875
0
LINE
8
BLACK
6
CONTINUOUS
10
0.2402103937007874
20
1.1025553937007875
11
0.2400196456692913
21
1.1037598425196851
0
LINE
8
BLACK
6
CONTINUOUS
10
0.2400196456692913
20
1.1037598425196851
11
0.2400196456692913
21
1.1109867322834646
0
LINE
8
BLACK
6
CONTINUOUS
10
0.2400196456692913
20
1.1109867322834646
11
0.2400196062992126
21
1.1109868897637796
0
LINE
8
BLACK
6
CONTINUOUS
10
0.2400196062992126
20
1.1109868897637796
11
0.2394383464566929
21
1.1139094881889764
0
LINE
8
BLACK
6
CONTINUOUS
10
0.2394383464566929
20
1.1139094881889764
11
0.237223779527559
21
1.117223779527559
0
LINE
8
BLACK
6
CONTINUOUS
10
0.237223779527559
20
1.117223779527559
11
0.2339094881889764
21
1.1194383464566928
0
LINE
8
BLACK
6
CONTINUOUS
10
0.2339094881889764
20
1.1194383464566928
11
0.2309868897637795
21
1.12001968503937
0
LINE
8
BLACK
6
CONTINUOUS
10
0.2309868897637795
20
1.12001968503937
11
0.1690131496062992
21
1.1200196456692912
0
LINE
8
BLACK
6
CONTINUOUS
10
0.1690131496062992
20
1.1200196456692912
11
0.1690129527559055
21
1.1200196062992125
0
LINE
8
BLACK
6
CONTINUOUS
10
0.1690129527559055
20
1.1200196062992125
11
0.1660905118110236
21
1.1194383464566928
0
LINE
8
BLACK
6
CONTINUOUS
10
0.1660905118110236
20
1.1194383464566928
11
0.1660904330708661
21
1.1194383070866141
0
LINE
8
BLACK
6
CONTINUOUS
10
0.1660904330708661
20
1.1194383070866141
11
0.1660903937007874
21
1.1194382677165353
0
LINE
8
BLACK
6
CONTINUOUS
10
0.1660903937007874
20
1.1194382677165353
11
0.1627762204724409
21
1.117223779527559
0
LINE
8
BLACK
6
CONTINUOUS
10
0.1627762204724409
20
1.117223779527559
11
0.1605616535433071
21
1.1139094881889764
0
LINE
8
BLACK
6
CONTINUOUS
10
0.1605616535433071
20
1.1139094881889764
11
0.1599993700787402
21
1.1110826771653544
0
LINE
8
BLACK
6
CONTINUOUS
10
0.1599993700787402
20
1.1110826771653544
11
0.1599803149606299
21
1.1109868897637796
0
LINE
8
BLACK
6
CONTINUOUS
10
0.1599803149606299
20
1.1109868897637796
11
0.1599803149606299
21
1.1037598425196851
0
LINE
8
BLACK
6
CONTINUOUS
10
0.1599803149606299
20
1.1037598425196851
11
0.1592359448818898
21
1.1014688582677166
0
LINE
8
BLACK
6
CONTINUOUS
10
0.1592359448818898
20
1.1014688582677166
11
0.157287125984252
21
1.1000529527559055
0
LINE
8
BLACK
6
CONTINUOUS
10
0.157287125984252
20
1.1000529527559055
11
0.1560826771653543
21
1.0998622047244093
0
LINE
8
BLACK
6
CONTINUOUS
10
0.1560826771653543
20
1.0998622047244093
11
0.1439172834645669
21
1.0998622047244093
0
LINE
8
BLACK
6
CONTINUOUS
10
0.1439172834645669
20
1.0998622047244093
11
0.1416262992125984
21
1.1006065748031495
0
LINE
8
BLACK
6
CONTINUOUS
10
0.1416262992125984
20
1.1006065748031495
11
0.1402103937007874
21
1.1025553937007875
0
LINE
8
BLACK
6
CONTINUOUS
10
0.1402103937007874
20
1.1025553937007875
11
0.1400196456692913
21
1.1037598425196851
0
LINE
8
BLACK
6
CONTINUOUS
10
0.1400196456692913
20
1.1037598425196851
11
0.1400196456692913
21
1.1109867322834646
0
LINE
8
BLACK
6
CONTINUOUS
10
0.1400196456692913
20
1.1109867322834646
11
0.1400196062992126
21
1.1109868897637796
0
LINE
8
BLACK
6
CONTINUOUS
10
0.1400196062992126
20
1.1109868897637796
11
0.1394383464566929
21
1.1139094881889764
0
LINE
8
BLACK
6
CONTINUOUS
10
0.1394383464566929
20
1.1139094881889764
11
0.137223779527559
21
1.117223779527559
0
LINE
8
BLACK
6
CONTINUOUS
10
0.137223779527559
20
1.117223779527559
11
0.1339094881889764
21
1.1194383464566928
0
LINE
8
BLACK
6
CONTINUOUS
10
0.1339094881889764
20
1.1194383464566928
11
0.1309868897637795
21
1.12001968503937
0
LINE
8
BLACK
6
CONTINUOUS
10
0.1309868897637795
20
1.12001968503937
11
0.0690131496062992
21
1.1200196456692912
0
LINE
8
BLACK
6
CONTINUOUS
10
0.0690131496062992
20
1.1200196456692912
11
0.0690129527559055
21
1.1200196062992125
0
LINE
8
BLACK
6
CONTINUOUS
10
0.0690129527559055
20
1.1200196062992125
11
0.0660905118110236
21
1.1194383464566928
0
LINE
8
BLACK
6
CONTINUOUS
10
0.0660905118110236
20
1.1194383464566928
11
0.0660904330708661
21
1.1194383070866141
0
LINE
8
BLACK
6
CONTINUOUS
10
0.0660904330708661
20
1.1194383070866141
11
0.0660903937007874
21
1.1194382677165353
0
LINE
8
BLACK
6
CONTINUOUS
10
0.0660903937007874
20
1.1194382677165353
11
0.0627762204724409
21
1.117223779527559
0
LINE
8
BLACK
6
CONTINUOUS
10
0.0627762204724409
20
1.117223779527559
11
0.0605616535433071
21
1.1139094881889764
0
LINE
8
BLACK
6
CONTINUOUS
10
0.0605616535433071
20
1.1139094881889764
11
0.0599993700787402
21
1.1110826771653544
0
LINE
8
BLACK
6
CONTINUOUS
10
0.0599993700787402
20
1.1110826771653544
11
0.0599803149606299
21
1.1109868503937008
0
LINE
8
BLACK
6
CONTINUOUS
10
0.0599803149606299
20
1.1109868503937008
11
0.0599803149606299
21
1.0490132283464566
0
LINE
8
BLACK
6
CONTINUOUS
10
1.3099803149606299
20
0.9990132283464567
11
1.3099803543307087
21
0.9990129527559055
0
LINE
8
BLACK
6
CONTINUOUS
10
1.3099803543307087
20
0.9990129527559055
11
1.3105616141732284
21
0.9960905118110236
0
LINE
8
BLACK
6
CONTINUOUS
10
1.3105616141732284
20
0.9960905118110236
11
1.3105616535433071
21
0.9960904330708661
0
LINE
8
BLACK
6
CONTINUOUS
10
1.3105616535433071
20
0.9960904330708661
11
1.3127761023622047
21
0.9927763385826771
0
LINE
8
BLACK
6
CONTINUOUS
10
1.3127761023622047
20
0.9927763385826771
11
1.3127762992125984
21
0.9927761417322835
0
LINE
8
BLACK
6
CONTINUOUS
10
1.3127762992125984
20
0.9927761417322835
11
1.3149857480314959
21
0.9912998425196851
0
LINE
8
BLACK
6
CONTINUOUS
10
1.3149857480314959
20
0.9912998425196851
11
1.3160905118110235
21
0.9905616535433071
0
LINE
8
BLACK
6
CONTINUOUS
10
1.3160905118110235
20
0.9905616535433071
11
1.3190131102362204
21
0.9899803149606299
0
LINE
8
BLACK
6
CONTINUOUS
10
1.3190131102362204
20
0.9899803149606299
11
1.3809867322834646
21
0.9899803149606299
0
LINE
8
BLACK
6
CONTINUOUS
10
1.3809867322834646
20
0.9899803149606299
11
1.3809870078740156
21
0.9899803543307086
0
LINE
8
BLACK
6
CONTINUOUS
10
1.3809870078740156
20
0.9899803543307086
11
1.3839094488188977
21
0.9905616141732283
0
LINE
8
BLACK
6
CONTINUOUS
10
1.3839094488188977
20
0.9905616141732283
11
1.3839095275590552
21
0.9905616535433071
0
LINE
8
BLACK
6
CONTINUOUS
10
1.3839095275590552
20
0.9905616535433071
11
1.387223622047244
21
0.9927761023622047
0
LINE
8
BLACK
6
CONTINUOUS
10
1.387223622047244
20
0.9927761023622047
11
1.3872236614173228
21
0.9927761417322835
0
LINE
8
BLACK
6
CONTINUOUS
10
1.3872236614173228
20
0.9927761417322835
11
1.387223779527559
21
0.992776220472441
0
LINE
8
BLACK
6
CONTINUOUS
10
1.387223779527559
20
0.992776220472441
11
1.3894383464566928
21
0.9960905118110236
0
LINE
8
BLACK
6
CONTINUOUS
10
1.3894383464566928
20
0.9960905118110236
11
1.39001968503937
21
0.9990131102362204
0
LINE
8
BLACK
6
CONTINUOUS
10
1.39001968503937
20
0.9990131102362204
11
1.39001968503937
21
1.0101771653543308
0
LINE
8
BLACK
6
CONTINUOUS
10
1.39001968503937
20
1.0101771653543308
11
1.3907640551181102
21
1.0124681496062993
0
LINE
8
BLACK
6
CONTINUOUS
10
1.3907640551181102
20
1.0124681496062993
11
1.3927128740157479
21
1.0138840551181103
0
LINE
8
BLACK
6
CONTINUOUS
10
1.3927128740157479
20
1.0138840551181103
11
1.3939173228346455
21
1.0140748031496063
0
LINE
8
BLACK
6
CONTINUOUS
10
1.3939173228346455
20
1.0140748031496063
11
1.406082716535433
21
1.0140748031496063
0
LINE
8
BLACK
6
CONTINUOUS
10
1.406082716535433
20
1.0140748031496063
11
1.4083737007874015
21
1.0133304330708661
0
LINE
8
BLACK
6
CONTINUOUS
10
1.4083737007874015
20
1.0133304330708661
11
1.4097896062992126
21
1.0113816141732284
0
LINE
8
BLACK
6
CONTINUOUS
10
1.4097896062992126
20
1.0113816141732284
11
1.4099803543307086
21
1.0101771653543308
0
LINE
8
BLACK
6
CONTINUOUS
10
1.4099803543307086
20
1.0101771653543308
11
1.4099803543307086
21
0.9990129527559055
0
LINE
8
BLACK
6
CONTINUOUS
10
1.4099803543307086
20
0.9990129527559055
11
1.4105616141732282
21
0.9960905118110236
0
LINE
8
BLACK
6
CONTINUOUS
10
1.4105616141732282
20
0.9960905118110236
11
1.410561653543307
21
0.9960904330708661
0
LINE
8
BLACK
6
CONTINUOUS
10
1.410561653543307
20
0.9960904330708661
11
1.4127761023622047
21
0.9927763385826771
0
LINE
8
BLACK
6
CONTINUOUS
10
1.4127761023622047
20
0.9927763385826771
11
1.4127762992125983
21
0.9927761417322835
0
LINE
8
BLACK
6
CONTINUOUS
10
1.4127762992125983
20
0.9927761417322835
11
1.414985748031496
21
0.9912998425196851
0
LINE
8
BLACK
6
CONTINUOUS
10
1.414985748031496
20
0.9912998425196851
11
1.4160905118110236
21
0.9905616535433071
0
LINE
8
BLACK
6
CONTINUOUS
10
1.4160905118110236
20
0.9905616535433071
11
1.4190131102362205
21
0.9899803149606299
0
LINE
8
BLACK
6
CONTINUOUS
10
1.4190131102362205
20
0.9899803149606299
11
1.4809867322834644
21
0.9899803149606299
0
LINE
8
BLACK
6
CONTINUOUS
10
1.4809867322834644
20
0.9899803149606299
11
1.4809870078740157
21
0.9899803543307086
0
LINE
8
BLACK
6
CONTINUOUS
10
1.4809870078740157
20
0.9899803543307086
11
1.4839094488188975
21
0.9905616141732283
0
LINE
8
BLACK
6
CONTINUOUS
10
1.4839094488188975
20
0.9905616141732283
11
1.483909527559055
21
0.9905616535433071
0
LINE
8
BLACK
6
CONTINUOUS
10
1.483909527559055
20
0.9905616535433071
11
1.4872236220472441
21
0.9927761023622047
0
LINE
8
BLACK
6
CONTINUOUS
10
1.4872236220472441
20
0.9927761023622047
11
1.4872236614173229
21
0.9927761417322835
0
LINE
8
BLACK
6
CONTINUOUS
10
1.4872236614173229
20
0.9927761417322835
11
1.4872237795275591
21
0.992776220472441
0
LINE
8
BLACK
6
CONTINUOUS
10
1.4872237795275591
20
0.992776220472441
11
1.4894383464566929
21
0.9960905118110236
0
LINE
8
BLACK
6
CONTINUOUS
10
1.4894383464566929
20
0.9960905118110236
11
1.4900196850393701
21
0.9990131102362204
0
LINE
8
BLACK
6
CONTINUOUS
10
1.4900196850393701
20
0.9990131102362204
11
1.4900196850393701
21
1.0085826771653543
0
LINE
8
BLACK
6
CONTINUOUS
10
1.4900196850393701
20
1.0085826771653543
11
1.4902104330708661
21
1.0091697244094489
0
LINE
8
BLACK
6
CONTINUOUS
10
1.4902104330708661
20
1.0091697244094489
11
1.4902104330708661
21
1.0097871259842519
0
LINE
8
BLACK
6
CONTINUOUS
10
1.4902104330708661
20
1.0097871259842519
11
1.4905732677165353
21
1.0102865354330708
0
LINE
8
BLACK
6
CONTINUOUS
10
1.4905732677165353
20
1.0102865354330708
11
1.4907640551181103
21
1.0108736614173228
0
LINE
8
BLACK
6
CONTINUOUS
10
1.4907640551181103
20
1.0108736614173228
11
1.4912634645669292
21
1.011236496062992
0
LINE
8
BLACK
6
CONTINUOUS
10
1.4912634645669292
20
1.011236496062992
11
1.4916263385826771
21
1.0117359448818897
0
LINE
8
BLACK
6
CONTINUOUS
10
1.4916263385826771
20
1.0117359448818897
11
1.4922134251968504
21
1.0119266929133859
0
LINE
8
BLACK
6
CONTINUOUS
10
1.4922134251968504
20
1.0119266929133859
11
1.492712874015748
21
1.0122895669291339
0
LINE
8
BLACK
6
CONTINUOUS
10
1.492712874015748
20
1.0122895669291339
11
1.4939173228346456
21
1.0124803149606298
0
LINE
8
BLACK
6
CONTINUOUS
10
1.4939173228346456
20
1.0124803149606298
11
1.4986062598425196
21
1.0124803149606298
0
LINE
8
BLACK
6
CONTINUOUS
10
1.4986062598425196
20
1.0124803149606298
11
1.5008972440944881
21
1.0117359448818897
0
LINE
8
BLACK
6
CONTINUOUS
10
1.5008972440944881
20
1.0117359448818897
11
1.5023131496062991
21
1.0097871259842519
0
LINE
8
BLACK
6
CONTINUOUS
10
1.5023131496062991
20
1.0097871259842519
11
1.5024359842519686
21
1.0091995275590551
0
LINE
8
BLACK
6
CONTINUOUS
10
1.5024359842519686
20
1.0091995275590551
11
1.5024429921259843
21
1.0092009448818897
0
LINE
8
BLACK
6
CONTINUOUS
10
1.5024429921259843
20
1.0092009448818897
11
1.5030616141732283
21
1.0060905118110235
0
LINE
8
BLACK
6
CONTINUOUS
10
1.5030616141732283
20
1.0060905118110235
11
1.503061653543307
21
1.0060904330708662
0
LINE
8
BLACK
6
CONTINUOUS
10
1.503061653543307
20
1.0060904330708662
11
1.5052761023622048
21
1.0027763385826771
0
LINE
8
BLACK
6
CONTINUOUS
10
1.5052761023622048
20
1.0027763385826771
11
1.5052762992125983
21
1.0027761417322834
0
LINE
8
BLACK
6
CONTINUOUS
10
1.5052762992125983
20
1.0027761417322834
11
1.507485748031496
21
1.0012998425196851
0
LINE
8
BLACK
6
CONTINUOUS
10
1.507485748031496
20
1.0012998425196851
11
1.5085905118110237
21
1.0005616535433071
0
LINE
8
BLACK
6
CONTINUOUS
10
1.5085905118110237
20
1.0005616535433071
11
1.5115131102362205
21
0.9999803149606299
0
LINE
8
BLACK
6
CONTINUOUS
10
1.5115131102362205
20
0.9999803149606299
11
1.5684867322834646
21
0.9999803149606299
0
LINE
8
BLACK
6
CONTINUOUS
10
1.5684867322834646
20
0.9999803149606299
11
1.5684870078740156
21
0.9999803543307086
0
LINE
8
BLACK
6
CONTINUOUS
10
1.5684870078740156
20
0.9999803543307086
11
1.5714094488188977
21
1.0005616141732283
0
LINE
8
BLACK
6
CONTINUOUS
10
1.5714094488188977
20
1.0005616141732283
11
1.5714095275590552
21
1.0005616535433071
0
LINE
8
BLACK
6
CONTINUOUS
10
1.5714095275590552
20
1.0005616535433071
11
1.574723622047244
21
1.0027761023622046
0
LINE
8
BLACK
6
CONTINUOUS
10
1.574723622047244
20
1.0027761023622046
11
1.5747236614173228
21
1.0027761417322834
0
LINE
8
BLACK
6
CONTINUOUS
10
1.5747236614173228
20
1.0027761417322834
11
1.574723779527559
21
1.0027762204724409
0
LINE
8
BLACK
6
CONTINUOUS
10
1.574723779527559
20
1.0027762204724409
11
1.5769383464566928
21
1.0060905118110235
0
LINE
8
BLACK
6
CONTINUOUS
10
1.5769383464566928
20
1.0060905118110235
11
1.57751968503937
21
1.0090131102362205
0
LINE
8
BLACK
6
CONTINUOUS
10
1.57751968503937
20
1.0090131102362205
11
1.5775196456692913
21
1.0215359842519685
0
LINE
8
BLACK
6
CONTINUOUS
10
1.5775196456692913
20
1.0215359842519685
11
1.5782640157480314
21
1.0238268503937007
0
LINE
8
BLACK
6
CONTINUOUS
10
1.5782640157480314
20
1.0238268503937007
11
1.5802128346456692
21
1.0252427952755905
0
LINE
8
BLACK
6
CONTINUOUS
10
1.5802128346456692
20
1.0252427952755905
11
1.5826216929133858
21
1.0252427952755905
0
LINE
8
BLACK
6
CONTINUOUS
10
1.5826216929133858
20
1.0252427952755905
11
1.5845705511811023
21
1.0238268897637794
0
LINE
8
BLACK
6
CONTINUOUS
10
1.5845705511811023
20
1.0238268897637794
11
1.5846579921259842
21
1.0237014173228347
0
LINE
8
BLACK
6
CONTINUOUS
10
1.5846579921259842
20
1.0237014173228347
11
1.5852761417322834
21
1.0227762992125984
0
LINE
8
BLACK
6
CONTINUOUS
10
1.5852761417322834
20
1.0227762992125984
11
1.5852762992125984
21
1.0227761417322834
0
LINE
8
BLACK
6
CONTINUOUS
10
1.5852762992125984
20
1.0227761417322834
11
1.5871324409448819
21
1.0215359055118109
0
LINE
8
BLACK
6
CONTINUOUS
10
1.5871324409448819
20
1.0215359055118109
11
1.5885905118110235
21
1.0205616535433071
0
LINE
8
BLACK
6
CONTINUOUS
10
1.5885905118110235
20
1.0205616535433071
11
1.5915131102362203
21
1.0199803149606299
0
LINE
8
BLACK
6
CONTINUOUS
10
1.5915131102362203
20
1.0199803149606299
11
1.6484867322834644
21
1.0199803149606299
0
LINE
8
BLACK
6
CONTINUOUS
10
1.6484867322834644
20
1.0199803149606299
11
1.6484870078740157
21
1.0199803543307087
0
LINE
8
BLACK
6
CONTINUOUS
10
1.6484870078740157
20
1.0199803543307087
11
1.6514094488188975
21
1.0205616141732283
0
LINE
8
BLACK
6
CONTINUOUS
10
1.6514094488188975
20
1.0205616141732283
11
1.651409527559055
21
1.0205616535433071
0
LINE
8
BLACK
6
CONTINUOUS
10
1.651409527559055
20
1.0205616535433071
11
1.6547236220472441
21
1.0227761023622046
0
LINE
8
BLACK
6
CONTINUOUS
10
1.6547236220472441
20
1.0227761023622046
11
1.6547236614173229
21
1.0227761417322834
0
LINE
8
BLACK
6
CONTINUOUS
10
1.6547236614173229
20
1.0227761417322834
11
1.6547237795275591
21
1.0227762204724409
0
LINE
8
BLACK
6
CONTINUOUS
10
1.6547237795275591
20
1.0227762204724409
11
1.6569383464566929
21
1.0260905118110235
0
LINE
8
BLACK
6
CONTINUOUS
10
1.6569383464566929
20
1.0260905118110235
11
1.6575196850393701
21
1.0290131102362206
0
LINE
8
BLACK
6
CONTINUOUS
10
1.6575196850393701
20
1.0290131102362206
11
1.6575196456692913
21
1.0659868503937007
0
LINE
8
BLACK
6
CONTINUOUS
10
1.6575196456692913
20
1.0659868503937007
11
1.6569383464566929
21
1.0689094881889765
0
LINE
8
BLACK
6
CONTINUOUS
10
1.6569383464566929
20
1.0689094881889765
11
1.6547237795275591
21
1.0722237795275591
0
LINE
8
BLACK
6
CONTINUOUS
10
1.6547237795275591
20
1.0722237795275591
11
1.6514094881889763
21
1.0744383464566929
0
LINE
8
BLACK
6
CONTINUOUS
10
1.6514094881889763
20
1.0744383464566929
11
1.6484868897637794
21
1.0750196850393701
0
LINE
8
BLACK
6
CONTINUOUS
10
1.6484868897637794
20
1.0750196850393701
11
1.6389172834645669
21
1.0750196456692913
0
LINE
8
BLACK
6
CONTINUOUS
10
1.6389172834645669
20
1.0750196456692913
11
1.6383302755905511
21
1.0752103937007873
0
LINE
8
BLACK
6
CONTINUOUS
10
1.6383302755905511
20
1.0752103937007873
11
1.6377128740157481
21
1.0752103937007873
0
LINE
8
BLACK
6
CONTINUOUS
10
1.6377128740157481
20
1.0752103937007873
11
1.6372133858267717
21
1.0755732677165355
0
LINE
8
BLACK
6
CONTINUOUS
10
1.6372133858267717
20
1.0755732677165355
11
1.6366263779527559
21
1.0757640157480315
0
LINE
8
BLACK
6
CONTINUOUS
10
1.6366263779527559
20
1.0757640157480315
11
1.6362635433070867
21
1.0762633464566929
0
LINE
8
BLACK
6
CONTINUOUS
10
1.6362635433070867
20
1.0762633464566929
11
1.6357640551181103
21
1.0766262992125983
0
LINE
8
BLACK
6
CONTINUOUS
10
1.6357640551181103
20
1.0766262992125983
11
1.6355732677165353
21
1.0772134645669291
0
LINE
8
BLACK
6
CONTINUOUS
10
1.6355732677165353
20
1.0772134645669291
11
1.6352104724409449
21
1.0777128346456692
0
LINE
8
BLACK
6
CONTINUOUS
10
1.6352104724409449
20
1.0777128346456692
11
1.6350196850393701
21
1.0789172834645668
0
LINE
8
BLACK
6
CONTINUOUS
10
1.6350196850393701
20
1.0789172834645668
11
1.6350196850393701
21
1.0810826771653543
0
LINE
8
BLACK
6
CONTINUOUS
10
1.6350196850393701
20
1.0810826771653543
11
1.6357640551181103
21
1.0833736614173228
0
LINE
8
BLACK
6
CONTINUOUS
10
1.6357640551181103
20
1.0833736614173228
11
1.6377128740157481
21
1.0847895669291339
0
LINE
8
BLACK
6
CONTINUOUS
10
1.6377128740157481
20
1.0847895669291339
11
1.6389173228346456
21
1.0849803149606299
0
LINE
8
BLACK
6
CONTINUOUS
10
1.6389173228346456
20
1.0849803149606299
11
1.6484867322834644
21
1.0849803149606299
0
LINE
8
BLACK
6
CONTINUOUS
10
1.6484867322834644
20
1.0849803149606299
11
1.6484870078740157
21
1.0849803543307086
0
LINE
8
BLACK
6
CONTINUOUS
10
1.6484870078740157
20
1.0849803543307086
11
1.6514094488188975
21
1.0855616141732283
0
LINE
8
BLACK
6
CONTINUOUS
10
1.6514094488188975
20
1.0855616141732283
11
1.651409527559055
21
1.085561653543307
0
LINE
8
BLACK
6
CONTINUOUS
10
1.651409527559055
20
1.085561653543307
11
1.6547236220472441
21
1.0877761023622048
0
LINE
8
BLACK
6
CONTINUOUS
10
1.6547236220472441
20
1.0877761023622048
11
1.6547236614173229
21
1.0877761417322835
0
LINE
8
BLACK
6
CONTINUOUS
10
1.6547236614173229
20
1.0877761417322835
11
1.6547237795275591
21
1.0877762204724408
0
LINE
8
BLACK
6
CONTINUOUS
10
1.6547237795275591
20
1.0877762204724408
11
1.6569383464566929
21
1.0910905118110237
0
LINE
8
BLACK
6
CONTINUOUS
10
1.6569383464566929
20
1.0910905118110237
11
1.6575196850393701
21
1.0940131102362205
0
LINE
8
BLACK
6
CONTINUOUS
10
1.6575196850393701
20
1.0940131102362205
11
1.6575196850393701
21
1.0940132283464568
0
LINE
8
BLACK
6
CONTINUOUS
10
1.6575196850393701
20
1.0940132283464568
11
1.6575570472440944
21
1.0942009448818897
0
LINE
8
BLACK
6
CONTINUOUS
10
1.6575570472440944
20
1.0942009448818897
11
1.6576132677165354
21
1.0941897244094487
0
LINE
8
BLACK
6
CONTINUOUS
10
1.6576132677165354
20
1.0941897244094487
11
1.6584805511811023
21
1.0961719685039371
0
LINE
8
BLACK
6
CONTINUOUS
10
1.6584805511811023
20
1.0961719685039371
11
1.6605588976377952
21
1.0973898425196851
0
LINE
8
BLACK
6
CONTINUOUS
10
1.6605588976377952
20
1.0973898425196851
11
1.6613938188976378
21
1.0974803149606298
0
LINE
8
BLACK
6
CONTINUOUS
10
1.6613938188976378
20
1.0974803149606298
11
1.6944772834645669
21
1.0974803149606298
0
LINE
8
BLACK
6
CONTINUOUS
10
1.6944772834645669
20
1.0974803149606298
11
1.6944773622047244
21
1.0974803149606298
0
LINE
8
BLACK
6
CONTINUOUS
10
1.6944773622047244
20
1.0974803149606298
11
1.6982974015748031
21
1.0985038976377952
0
LINE
8
BLACK
6
CONTINUOUS
10
1.6982974015748031
20
1.0985038976377952
11
1.7017223228346456
21
1.1004812598425198
0
LINE
8
BLACK
6
CONTINUOUS
10
1.7017223228346456
20
1.1004812598425198
11
1.7023806692913386
21
1.1011396062992125
0
LINE
8
BLACK
6
CONTINUOUS
10
1.7023806692913386
20
1.1011396062992125
11
1.7033266535433071
21
1.1020855511811023
0
LINE
8
BLACK
6
CONTINUOUS
10
1.7033266535433071
20
1.1020855511811023
11
1.7054729921259841
21
1.1031791338582677
0
LINE
8
BLACK
6
CONTINUOUS
10
1.7054729921259841
20
1.1031791338582677
11
1.7078522047244094
21
1.102802283464567
0
LINE
8
BLACK
6
CONTINUOUS
10
1.7078522047244094
20
1.102802283464567
11
1.7095555118110235
21
1.1010989370078741
0
LINE
8
BLACK
6
CONTINUOUS
10
1.7095555118110235
20
1.1010989370078741
11
1.7099803149606299
21
1.0993294881889764
0
LINE
8
BLACK
6
CONTINUOUS
10
1.7099803149606299
20
1.0993294881889764
11
1.7099803149606299
21
1.0390132283464566
0
LINE
8
BLACK
6
CONTINUOUS
10
1.7099803149606299
20
1.0390132283464566
11
1.7099803543307086
21
1.0390129527559056
0
LINE
8
BLACK
6
CONTINUOUS
10
1.7099803543307086
20
1.0390129527559056
11
1.7105616141732283
21
1.0360905118110235
0
LINE
8
BLACK
6
CONTINUOUS
10
1.7105616141732283
20
1.0360905118110235
11
1.710561653543307
21
1.036090433070866
0
LINE
8
BLACK
6
CONTINUOUS
10
1.710561653543307
20
1.036090433070866
11
1.7127761023622048
21
1.0327763385826771
0
LINE
8
BLACK
6
CONTINUOUS
10
1.7127761023622048
20
1.0327763385826771
11
1.7127762992125983
21
1.0327761417322834
0
LINE
8
BLACK
6
CONTINUOUS
10
1.7127762992125983
20
1.0327761417322834
11
1.714666496062992
21
1.0315131496062993
0
LINE
8
BLACK
6
CONTINUOUS
10
1.714666496062992
20
1.0315131496062993
11
1.7160905118110237
21
1.0305616535433071
0
LINE
8
BLACK
6
CONTINUOUS
10
1.7160905118110237
20
1.0305616535433071
11
1.7190131102362205
21
1.0299803149606299
0
LINE
8
BLACK
6
CONTINUOUS
10
1.7190131102362205
20
1.0299803149606299
11
1.7809867322834645
21
1.0299803149606299
0
LINE
8
BLACK
6
CONTINUOUS
10
1.7809867322834645
20
1.0299803149606299
11
1.7809870078740158
21
1.0299803543307087
0
LINE
8
BLACK
6
CONTINUOUS
10
1.7809870078740158
20
1.0299803543307087
11
1.7839094488188976
21
1.0305616141732283
0
LINE
8
BLACK
6
CONTINUOUS
10
1.7839094488188976
20
1.0305616141732283
11
1.7839095275590551
21
1.0305616535433071
0
LINE
8
BLACK
6
CONTINUOUS
10
1.7839095275590551
20
1.0305616535433071
11
1.7872236220472442
21
1.0327761023622046
0
LINE
8
BLACK
6
CONTINUOUS
10
1.7872236220472442
20
1.0327761023622046
11
1.7872236614173227
21
1.0327761417322834
0
LINE
8
BLACK
6
CONTINUOUS
10
1.7872236614173227
20
1.0327761417322834
11
1.787223779527559
21
1.0327762204724409
0
LINE
8
BLACK
6
CONTINUOUS
10
1.787223779527559
20
1.0327762204724409
11
1.789438346456693
21
1.0360905118110235
0
LINE
8
BLACK
6
CONTINUOUS
10
1.789438346456693
20
1.0360905118110235
11
1.7900196850393701
21
1.0390131102362203
0
LINE
8
BLACK
6
CONTINUOUS
10
1.7900196850393701
20
1.0390131102362203
11
1.7900196850393701
21
1.0510826771653543
0
LINE
8
BLACK
6
CONTINUOUS
10
1.7900196850393701
20
1.0510826771653543
11
1.7907640551181101
21
1.0533736614173228
0
LINE
8
BLACK
6
CONTINUOUS
10
1.7907640551181101
20
1.0533736614173228
11
1.7927128740157481
21
1.0547895669291338
0
LINE
8
BLACK
6
CONTINUOUS
10
1.7927128740157481
20
1.0547895669291338
11
1.7939173228346457
21
1.0549803149606298
0
LINE
8
BLACK
6
CONTINUOUS
10
1.7939173228346457
20
1.0549803149606298
11
1.806082716535433
21
1.0549803149606298
0
LINE
8
BLACK
6
CONTINUOUS
10
1.806082716535433
20
1.0549803149606298
11
1.8083737007874015
21
1.0542359448818897
0
LINE
8
BLACK
6
CONTINUOUS
10
1.8083737007874015
20
1.0542359448818897
11
1.8097896062992125
21
1.0522871259842519
0
LINE
8
BLACK
6
CONTINUOUS
10
1.8097896062992125
20
1.0522871259842519
11
1.8099803543307087
21
1.0510826771653543
0
LINE
8
BLACK
6
CONTINUOUS
10
1.8099803543307087
20
1.0510826771653543
11
1.8099803543307087
21
1.0390129527559056
0
LINE
8
BLACK
6
CONTINUOUS
10
1.8099803543307087
20
1.0390129527559056
11
1.8105616141732284
21
1.0360905118110235
0
LINE
8
BLACK
6
CONTINUOUS
10
1.8105616141732284
20
1.0360905118110235
11
1.8105616535433071
21
1.036090433070866
0
LINE
8
BLACK
6
CONTINUOUS
10
1.8105616535433071
20
1.036090433070866
11
1.8127761023622047
21
1.0327763385826771
0
LINE
8
BLACK
6
CONTINUOUS
10
1.8127761023622047
20
1.0327763385826771
11
1.8127762992125984
21
1.0327761417322834
0
LINE
8
BLACK
6
CONTINUOUS
10
1.8127762992125984
20
1.0327761417322834
11
1.8146664960629921
21
1.0315131496062993
0
LINE
8
BLACK
6
CONTINUOUS
10
1.8146664960629921
20
1.0315131496062993
11
1.8160905118110235
21
1.0305616535433071
0
LINE
8
BLACK
6
CONTINUOUS
10
1.8160905118110235
20
1.0305616535433071
11
1.8190131102362204
21
1.0299803149606299
0
LINE
8
BLACK
6
CONTINUOUS
10
1.8190131102362204
20
1.0299803149606299
11
1.8809867322834646
21
1.0299803149606299
0
LINE
8
BLACK
6
CONTINUOUS
10
1.8809867322834646
20
1.0299803149606299
11
1.8809870078740156
21
1.0299803543307087
0
LINE
8
BLACK
6
CONTINUOUS
10
1.8809870078740156
20
1.0299803543307087
11
1.8839094488188977
21
1.0305616141732283
0
LINE
8
BLACK
6
CONTINUOUS
10
1.8839094488188977
20
1.0305616141732283
11
1.8839095275590552
21
1.0305616535433071
0
LINE
8
BLACK
6
CONTINUOUS
10
1.8839095275590552
20
1.0305616535433071
11
1.887223622047244
21
1.0327761023622046
0
LINE
8
BLACK
6
CONTINUOUS
10
1.887223622047244
20
1.0327761023622046
11
1.8872236614173228
21
1.0327761417322834
0
LINE
8
BLACK
6
CONTINUOUS
10
1.8872236614173228
20
1.0327761417322834
11
1.887223779527559
21
1.0327762204724409
0
LINE
8
BLACK
6
CONTINUOUS
10
1.887223779527559
20
1.0327762204724409
11
1.8894383464566928
21
1.0360905118110235
0
LINE
8
BLACK
6
CONTINUOUS
10
1.8894383464566928
20
1.0360905118110235
11
1.89001968503937
21
1.0390131102362203
0
LINE
8
BLACK
6
CONTINUOUS
10
1.89001968503937
20
1.0390131102362203
11
1.8900196456692913
21
1.1009868503937008
0
LINE
8
BLACK
6
CONTINUOUS
10
1.8900196456692913
20
1.1009868503937008
11
1.8894383464566928
21
1.1039094881889764
0
LINE
8
BLACK
6
CONTINUOUS
10
1.8894383464566928
20
1.1039094881889764
11
1.887223779527559
21
1.107223779527559
0
LINE
8
BLACK
6
CONTINUOUS
10
1.887223779527559
20
1.107223779527559
11
1.8839094881889764
21
1.1094383464566928
0
LINE
8
BLACK
6
CONTINUOUS
10
1.8839094881889764
20
1.1094383464566928
11
1.8809868897637796
21
1.11001968503937
0
LINE
8
BLACK
6
CONTINUOUS
10
1.8809868897637796
20
1.11001968503937
11
1.8190131496062991
21
1.1100196456692912
0
LINE
8
BLACK
6
CONTINUOUS
10
1.8190131496062991
20
1.1100196456692912
11
1.8190129527559056
21
1.1100196062992125
0
LINE
8
BLACK
6
CONTINUOUS
10
1.8190129527559056
20
1.1100196062992125
11
1.8160905118110235
21
1.1094383464566928
0
LINE
8
BLACK
6
CONTINUOUS
10
1.8160905118110235
20
1.1094383464566928
11
1.816090433070866
21
1.1094383070866141
0
LINE
8
BLACK
6
CONTINUOUS
10
1.816090433070866
20
1.1094383070866141
11
1.8131066929133859
21
1.1074446062992125
0
LINE
8
BLACK
6
CONTINUOUS
10
1.8131066929133859
20
1.1074446062992125
11
1.8127762204724409
21
1.107223779527559
0
LINE
8
BLACK
6
CONTINUOUS
10
1.8127762204724409
20
1.107223779527559
11
1.8105616535433071
21
1.1039094881889764
0
LINE
8
BLACK
6
CONTINUOUS
10
1.8105616535433071
20
1.1039094881889764
11
1.8101834251968503
21
1.1020079527559055
0
LINE
8
BLACK
6
CONTINUOUS
10
1.8101834251968503
20
1.1020079527559055
11
1.8099803149606299
21
1.1009868897637796
0
LINE
8
BLACK
6
CONTINUOUS
10
1.8099803149606299
20
1.1009868897637796
11
1.8099803149606299
21
1.0889173228346456
0
LINE
8
BLACK
6
CONTINUOUS
10
1.8099803149606299
20
1.0889173228346456
11
1.8092359448818898
21
1.0866263385826771
0
LINE
8
BLACK
6
CONTINUOUS
10
1.8092359448818898
20
1.0866263385826771
11
1.807287125984252
21
1.0852104330708661
0
LINE
8
BLACK
6
CONTINUOUS
10
1.807287125984252
20
1.0852104330708661
11
1.8060826771653542
21
1.0850196850393701
0
LINE
8
BLACK
6
CONTINUOUS
10
1.8060826771653542
20
1.0850196850393701
11
1.7939172834645669
21
1.0850196850393701
0
LINE
8
BLACK
6
CONTINUOUS
10
1.7939172834645669
20
1.0850196850393701
11
1.7916262992125984
21
1.0857640551181102
0
LINE
8
BLACK
6
CONTINUOUS
10
1.7916262992125984
20
1.0857640551181102
11
1.7902103937007874
21
1.087712874015748
0
LINE
8
BLACK
6
CONTINUOUS
10
1.7902103937007874
20
1.087712874015748
11
1.7900196456692914
21
1.0889173228346456
0
LINE
8
BLACK
6
CONTINUOUS
10
1.7900196456692914
20
1.0889173228346456
11
1.7900196456692914
21
1.1009867322834646
0
LINE
8
BLACK
6
CONTINUOUS
10
1.7900196456692914
20
1.1009867322834646
11
1.7900196062992126
21
1.1009868897637796
0
LINE
8
BLACK
6
CONTINUOUS
10
1.7900196062992126
20
1.1009868897637796
11
1.789438346456693
21
1.1039094881889764
0
LINE
8
BLACK
6
CONTINUOUS
10
1.789438346456693
20
1.1039094881889764
11
1.787223779527559
21
1.107223779527559
0
LINE
8
BLACK
6
CONTINUOUS
10
1.787223779527559
20
1.107223779527559
11
1.7839094881889763
21
1.1094383464566928
0
LINE
8
BLACK
6
CONTINUOUS
10
1.7839094881889763
20
1.1094383464566928
11
1.7809868897637795
21
1.11001968503937
0
LINE
8
BLACK
6
CONTINUOUS
10
1.7809868897637795
20
1.11001968503937
11
1.7206704330708662
21
1.1100196456692912
0
LINE
8
BLACK
6
CONTINUOUS
10
1.7206704330708662
20
1.1100196456692912
11
1.7183794881889762
21
1.1107640157480314
0
LINE
8
BLACK
6
CONTINUOUS
10
1.7183794881889762
20
1.1107640157480314
11
1.7169635826771654
21
1.1127128346456692
0
LINE
8
BLACK
6
CONTINUOUS
10
1.7169635826771654
20
1.1127128346456692
11
1.7169635826771654
21
1.1151217322834646
0
LINE
8
BLACK
6
CONTINUOUS
10
1.7169635826771654
20
1.1151217322834646
11
1.7179144094488188
21
1.1166733464566929
0
LINE
8
BLACK
6
CONTINUOUS
10
1.7179144094488188
20
1.1166733464566929
11
1.7300798031496063
21
1.1288387401574802
0
LINE
8
BLACK
6
CONTINUOUS
10
1.7300798031496063
20
1.1288387401574802
11
1.7322261417322835
21
1.1299323228346456
0
LINE
8
BLACK
6
CONTINUOUS
10
1.7322261417322835
20
1.1299323228346456
11
1.7328358661417322
21
1.12998031496063
0
LINE
8
BLACK
6
CONTINUOUS
10
1.7328358661417322
20
1.12998031496063
11
1.7809867322834645
21
1.12998031496063
0
LINE
8
BLACK
6
CONTINUOUS
10
1.7809867322834645
20
1.12998031496063
11
1.7809870078740158
21
1.1299803543307085
0
LINE
8
BLACK
6
CONTINUOUS
10
1.7809870078740158
20
1.1299803543307085
11
1.7839094488188976
21
1.1305616141732284
0
LINE
8
BLACK
6
CONTINUOUS
10
1.7839094488188976
20
1.1305616141732284
11
1.7839095275590551
21
1.130561653543307
0
LINE
8
BLACK
6
CONTINUOUS
10
1.7839095275590551
20
1.130561653543307
11
1.7872236220472442
21
1.1327761023622047
0
LINE
8
BLACK
6
CONTINUOUS
10
1.7872236220472442
20
1.1327761023622047
11
1.7872236614173227
21
1.1327761417322835
0
LINE
8
BLACK
6
CONTINUOUS
10
1.7872236614173227
20
1.1327761417322835
11
1.787223779527559
21
1.132776220472441
0
LINE
8
BLACK
6
CONTINUOUS
10
1.787223779527559
20
1.132776220472441
11
1.789438346456693
21
1.1360905118110236
0
LINE
8
BLACK
6
CONTINUOUS
10
1.789438346456693
20
1.1360905118110236
11
1.7900196850393701
21
1.1390131102362204
0
LINE
8
BLACK
6
CONTINUOUS
10
1.7900196850393701
20
1.1390131102362204
11
1.7900196850393701
21
1.1510826771653544
0
LINE
8
BLACK
6
CONTINUOUS
10
1.7900196850393701
20
1.1510826771653544
11
1.7907640551181101
21
1.1533736614173229
0
LINE
8
BLACK
6
CONTINUOUS
10
1.7907640551181101
20
1.1533736614173229
11
1.7927128740157481
21
1.1547895669291339
0
LINE
8
BLACK
6
CONTINUOUS
10
1.7927128740157481
20
1.1547895669291339
11
1.7939173228346457
21
1.1549803149606299
0
LINE
8
BLACK
6
CONTINUOUS
10
1.7939173228346457
20
1.1549803149606299
11
1.806082716535433
21
1.1549803149606299
0
LINE
8
BLACK
6
CONTINUOUS
10
1.806082716535433
20
1.1549803149606299
11
1.8083737007874015
21
1.1542359448818897
0
LINE
8
BLACK
6
CONTINUOUS
10
1.8083737007874015
20
1.1542359448818897
11
1.8097896062992125
21
1.152287125984252
0
LINE
8
BLACK
6
CONTINUOUS
10
1.8097896062992125
20
1.152287125984252
11
1.8099803543307087
21
1.1510826771653544
0
LINE
8
BLACK
6
CONTINUOUS
10
1.8099803543307087
20
1.1510826771653544
11
1.8099803543307087
21
1.1390129527559054
0
LINE
8
BLACK
6
CONTINUOUS
10
1.8099803543307087
20
1.1390129527559054
11
1.8105616141732284
21
1.1360905118110236
0
LINE
8
BLACK
6
CONTINUOUS
10
1.8105616141732284
20
1.1360905118110236
11
1.8105616535433071
21
1.1360904330708661
0
LINE
8
BLACK
6
CONTINUOUS
10
1.8105616535433071
20
1.1360904330708661
11
1.8127761023622047
21
1.1327763385826772
0
LINE
8
BLACK
6
CONTINUOUS
10
1.8127761023622047
20
1.1327763385826772
11
1.8127762992125984
21
1.1327761417322835
0
LINE
8
BLACK
6
CONTINUOUS
10
1.8127762992125984
20
1.1327761417322835
11
1.8130524803149606
21
1.1325916141732284
0
LINE
8
BLACK
6
CONTINUOUS
10
1.8130524803149606
20
1.1325916141732284
11
1.8160905118110235
21
1.130561653543307
0
LINE
8
BLACK
6
CONTINUOUS
10
1.8160905118110235
20
1.130561653543307
11
1.8190131102362204
21
1.12998031496063
0
LINE
8
BLACK
6
CONTINUOUS
10
1.8190131102362204
20
1.12998031496063
11
1.8809867322834646
21
1.12998031496063
0
LINE
8
BLACK
6
CONTINUOUS
10
1.8809867322834646
20
1.12998031496063
11
1.8809870078740156
21
1.1299803543307085
0
LINE
8
BLACK
6
CONTINUOUS
10
1.8809870078740156
20
1.1299803543307085
11
1.8839094488188977
21
1.1305616141732284
0
LINE
8
BLACK
6
CONTINUOUS
10
1.8839094488188977
20
1.1305616141732284
11
1.8839095275590552
21
1.130561653543307
0
LINE
8
BLACK
6
CONTINUOUS
10
1.8839095275590552
20
1.130561653543307
11
1.887223622047244
21
1.1327761023622047
0
LINE
8
BLACK
6
CONTINUOUS
10
1.887223622047244
20
1.1327761023622047
11
1.8872236614173228
21
1.1327761417322835
0
LINE
8
BLACK
6
CONTINUOUS
10
1.8872236614173228
20
1.1327761417322835
11
1.887223779527559
21
1.132776220472441
0
LINE
8
BLACK
6
CONTINUOUS
10
1.887223779527559
20
1.132776220472441
11
1.8894383464566928
21
1.1360905118110236
0
LINE
8
BLACK
6
CONTINUOUS
10
1.8894383464566928
20
1.1360905118110236
11
1.89001968503937
21
1.1390131102362204
0
LINE
8
BLACK
6
CONTINUOUS
10
1.89001968503937
20
1.1390131102362204
11
1.8900196456692913
21
1.2009868503937007
0
LINE
8
BLACK
6
CONTINUOUS
10
1.8900196456692913
20
1.2009868503937007
11
1.8894383464566928
21
1.2039094881889763
0
LINE
8
BLACK
6
CONTINUOUS
10
1.8894383464566928
20
1.2039094881889763
11
1.887223779527559
21
1.2072237795275591
0
LINE
8
BLACK
6
CONTINUOUS
10
1.887223779527559
20
1.2072237795275591
11
1.8839094881889764
21
1.2094383464566929
0
LINE
8
BLACK
6
CONTINUOUS
10
1.8839094881889764
20
1.2094383464566929
11
1.8809868897637796
21
1.2100196850393701
0
LINE
8
BLACK
6
CONTINUOUS
10
1.8809868897637796
20
1.2100196850393701
11
1.8190131496062991
21
1.2100196456692913
0
LINE
8
BLACK
6
CONTINUOUS
10
1.8190131496062991
20
1.2100196456692913
11
1.8190129527559056
21
1.2100196062992126
0
LINE
8
BLACK
6
CONTINUOUS
10
1.8190129527559056
20
1.2100196062992126
11
1.8160905118110235
21
1.2094383464566929
0
LINE
8
BLACK
6
CONTINUOUS
10
1.8160905118110235
20
1.2094383464566929
11
1.816090433070866
21
1.2094383070866142
0
LINE
8
BLACK
6
CONTINUOUS
10
1.816090433070866
20
1.2094383070866142
11
1.8134682283464567
21
1.2076861811023623
0
LINE
8
BLACK
6
CONTINUOUS
10
1.8134682283464567
20
1.2076861811023623
11
1.8127762204724409
21
1.2072237795275591
0
LINE
8
BLACK
6
CONTINUOUS
10
1.8127762204724409
20
1.2072237795275591
11
1.8105616535433071
21
1.2039094881889763
0
LINE
8
BLACK
6
CONTINUOUS
10
1.8105616535433071
20
1.2039094881889763
11
1.8099803543307087
21
1.2009870078740157
0
LINE
8
BLACK
6
CONTINUOUS
10
1.8099803543307087
20
1.2009870078740157
11
1.8099803149606299
21
1.2009868897637794
0
LINE
8
BLACK
6
CONTINUOUS
10
1.8099803149606299
20
1.2009868897637794
11
1.8099803149606299
21
1.1889173228346457
0
LINE
8
BLACK
6
CONTINUOUS
10
1.8099803149606299
20
1.1889173228346457
11
1.8092359448818898
21
1.1866263385826772
0
LINE
8
BLACK
6
CONTINUOUS
10
1.8092359448818898
20
1.1866263385826772
11
1.807287125984252
21
1.1852104330708662
0
LINE
8
BLACK
6
CONTINUOUS
10
1.807287125984252
20
1.1852104330708662
11
1.8060826771653542
21
1.1850196850393699
0
LINE
8
BLACK
6
CONTINUOUS
10
1.8060826771653542
20
1.1850196850393699
11
1.7939172834645669
21
1.1850196850393699
0
LINE
8
BLACK
6
CONTINUOUS
10
1.7939172834645669
20
1.1850196850393699
11
1.7916262992125984
21
1.1857640551181101
0
LINE
8
BLACK
6
CONTINUOUS
10
1.7916262992125984
20
1.1857640551181101
11
1.7902103937007874
21
1.1877128740157481
0
LINE
8
BLACK
6
CONTINUOUS
10
1.7902103937007874
20
1.1877128740157481
11
1.7900196456692914
21
1.1889173228346457
0
LINE
8
BLACK
6
CONTINUOUS
10
1.7900196456692914
20
1.1889173228346457
11
1.7900196456692914
21
1.2009867322834646
0
LINE
8
BLACK
6
CONTINUOUS
10
1.7900196456692914
20
1.2009867322834646
11
1.7900196062992126
21
1.2009868897637794
0
LINE
8
BLACK
6
CONTINUOUS
10
1.7900196062992126
20
1.2009868897637794
11
1.789438346456693
21
1.2039094881889763
0
LINE
8
BLACK
6
CONTINUOUS
10
1.789438346456693
20
1.2039094881889763
11
1.787223779527559
21
1.2072237795275591
0
LINE
8
BLACK
6
CONTINUOUS
10
1.787223779527559
20
1.2072237795275591
11
1.7839094881889763
21
1.2094383464566929
0
LINE
8
BLACK
6
CONTINUOUS
10
1.7839094881889763
20
1.2094383464566929
11
1.7809868897637795
21
1.2100196850393701
0
LINE
8
BLACK
6
CONTINUOUS
10
1.7809868897637795
20
1.2100196850393701
11
1.7190131496062993
21
1.2100196456692913
0
LINE
8
BLACK
6
CONTINUOUS
10
1.7190131496062993
20
1.2100196456692913
11
1.7190129527559055
21
1.2100196062992126
0
LINE
8
BLACK
6
CONTINUOUS
10
1.7190129527559055
20
1.2100196062992126
11
1.7160905118110237
21
1.2094383464566929
0
LINE
8
BLACK
6
CONTINUOUS
10
1.7160905118110237
20
1.2094383464566929
11
1.7160904330708662
21
1.2094383070866142
0
LINE
8
BLACK
6
CONTINUOUS
10
1.7160904330708662
20
1.2094383070866142
11
1.7134682283464566
21
1.2076861811023623
0
LINE
8
BLACK
6
CONTINUOUS
10
1.7134682283464566
20
1.2076861811023623
11
1.7127762204724408
21
1.2072237795275591
0
LINE
8
BLACK
6
CONTINUOUS
10
1.7127762204724408
20
1.2072237795275591
11
1.710561653543307
21
1.2039094881889763
0
LINE
8
BLACK
6
CONTINUOUS
10
1.710561653543307
20
1.2039094881889763
11
1.7099803543307086
21
1.2009870078740157
0
LINE
8
BLACK
6
CONTINUOUS
10
1.7099803543307086
20
1.2009870078740157
11
1.7099803149606299
21
1.2009868897637794
0
LINE
8
BLACK
6
CONTINUOUS
10
1.7099803149606299
20
1.2009868897637794
11
1.7099803149606299
21
1.1528358661417322
0
LINE
8
BLACK
6
CONTINUOUS
10
1.7099803149606299
20
1.1528358661417322
11
1.7092359448818897
21
1.1505448818897637
0
LINE
8
BLACK
6
CONTINUOUS
10
1.7092359448818897
20
1.1505448818897637
11
1.7088387401574803
21
1.1500798031496062
0
LINE
8
BLACK
6
CONTINUOUS
10
1.7088387401574803
20
1.1500798031496062
11
1.6874201968503937
21
1.1286612598425196
0
LINE
8
BLACK
6
CONTINUOUS
10
1.6874201968503937
20
1.1286612598425196
11
1.6852738582677165
21
1.1275676771653542
0
LINE
8
BLACK
6
CONTINUOUS
10
1.6852738582677165
20
1.1275676771653542
11
1.6846641338582677
21
1.1275196850393701
0
LINE
8
BLACK
6
CONTINUOUS
10
1.6846641338582677
20
1.1275196850393701
11
1.6613937401574803
21
1.1275196850393701
0
LINE
8
BLACK
6
CONTINUOUS
10
1.6613937401574803
20
1.1275196850393701
11
1.6591027559055118
21
1.1282640551181102
0
LINE
8
BLACK
6
CONTINUOUS
10
1.6591027559055118
20
1.1282640551181102
11
1.6576868503937008
21
1.130212874015748
0
LINE
8
BLACK
6
CONTINUOUS
10
1.6576868503937008
20
1.130212874015748
11
1.6575639763779526
21
1.1308004330708661
0
LINE
8
BLACK
6
CONTINUOUS
10
1.6575639763779526
20
1.1308004330708661
11
1.6575570078740156
21
1.1307990551181102
0
LINE
8
BLACK
6
CONTINUOUS
10
1.6575570078740156
20
1.1307990551181102
11
1.6569383464566929
21
1.1339094488188977
0
LINE
8
BLACK
6
CONTINUOUS
10
1.6569383464566929
20
1.1339094488188977
11
1.6569383070866142
21
1.1339095275590552
0
LINE
8
BLACK
6
CONTINUOUS
10
1.6569383070866142
20
1.1339095275590552
11
1.65692468503937
21
1.1339299212598426
0
LINE
8
BLACK
6
CONTINUOUS
10
1.65692468503937
20
1.1339299212598426
11
1.6547237795275591
21
1.137223779527559
0
LINE
8
BLACK
6
CONTINUOUS
10
1.6547237795275591
20
1.137223779527559
11
1.6514094881889763
21
1.1394383464566928
0
LINE
8
BLACK
6
CONTINUOUS
10
1.6514094881889763
20
1.1394383464566928
11
1.6484868897637794
21
1.14001968503937
0
LINE
8
BLACK
6
CONTINUOUS
10
1.6484868897637794
20
1.14001968503937
11
1.5915131496062991
21
1.1400196456692913
0
LINE
8
BLACK
6
CONTINUOUS
10
1.5915131496062991
20
1.1400196456692913
11
1.5915129527559055
21
1.1400196062992125
0
LINE
8
BLACK
6
CONTINUOUS
10
1.5915129527559055
20
1.1400196062992125
11
1.5885905118110235
21
1.1394383464566928
0
LINE
8
BLACK
6
CONTINUOUS
10
1.5885905118110235
20
1.1394383464566928
11
1.588590433070866
21
1.1394383070866141
0
LINE
8
BLACK
6
CONTINUOUS
10
1.588590433070866
20
1.1394383070866141
11
1.5879538582677164
21
1.1390129527559054
0
LINE
8
BLACK
6
CONTINUOUS
10
1.5879538582677164
20
1.1390129527559054
11
1.5852762204724409
21
1.137223779527559
0
LINE
8
BLACK
6
CONTINUOUS
10
1.5852762204724409
20
1.137223779527559
11
1.5832406692913386
21
1.1341774015748032
0
LINE
8
BLACK
6
CONTINUOUS
10
1.5832406692913386
20
1.1341774015748032
11
1.5813490551181102
21
1.1326861811023621
0
LINE
8
BLACK
6
CONTINUOUS
10
1.5813490551181102
20
1.1326861811023621
11
1.5789420078740157
21
1.1325916141732284
0
LINE
8
BLACK
6
CONTINUOUS
10
1.5789420078740157
20
1.1325916141732284
11
1.5769391338582677
21
1.1339299212598426
0
LINE
8
BLACK
6
CONTINUOUS
10
1.5769391338582677
20
1.1339299212598426
11
1.5767595669291339
21
1.1341770078740157
0
LINE
8
BLACK
6
CONTINUOUS
10
1.5767595669291339
20
1.1341770078740157
11
1.574723779527559
21
1.137223779527559
0
LINE
8
BLACK
6
CONTINUOUS
10
1.574723779527559
20
1.137223779527559
11
1.5714094881889764
21
1.1394383464566928
0
LINE
8
BLACK
6
CONTINUOUS
10
1.5714094881889764
20
1.1394383464566928
11
1.5684868897637796
21
1.14001968503937
0
LINE
8
BLACK
6
CONTINUOUS
10
1.5684868897637796
20
1.14001968503937
11
1.5115131496062992
21
1.1400196456692913
0
LINE
8
BLACK
6
CONTINUOUS
10
1.5115131496062992
20
1.1400196456692913
11
1.5115129527559055
21
1.1400196062992125
0
LINE
8
BLACK
6
CONTINUOUS
10
1.5115129527559055
20
1.1400196062992125
11
1.5085905118110237
21
1.1394383464566928
0
LINE
8
BLACK
6
CONTINUOUS
10
1.5085905118110237
20
1.1394383464566928
11
1.5085904330708662
21
1.1394383070866141
0
LINE
8
BLACK
6
CONTINUOUS
10
1.5085904330708662
20
1.1394383070866141
11
1.5079538582677166
21
1.1390129527559054
0
LINE
8
BLACK
6
CONTINUOUS
10
1.5079538582677166
20
1.1390129527559054
11
1.5052762204724408
21
1.137223779527559
0
LINE
8
BLACK
6
CONTINUOUS
10
1.5052762204724408
20
1.137223779527559
11
1.503061653543307
21
1.1339094881889764
0
LINE
8
BLACK
6
CONTINUOUS
10
1.503061653543307
20
1.1339094881889764
11
1.5027995275590551
21
1.1325916141732284
0
LINE
8
BLACK
6
CONTINUOUS
10
1.5027995275590551
20
1.1325916141732284
11
1.5024803149606298
21
1.1309868503937008
0
LINE
8
BLACK
6
CONTINUOUS
10
1.5024803149606298
20
1.1309868503937008
11
1.5024803149606298
21
1.0940132283464568
0
LINE
8
BLACK
6
CONTINUOUS
10
1.5024803149606298
20
1.0940132283464568
11
1.5024803543307086
21
1.0940129527559055
0
LINE
8
BLACK
6
CONTINUOUS
10
1.5024803543307086
20
1.0940129527559055
11
1.5030616141732283
21
1.0910905118110237
0
LINE
8
BLACK
6
CONTINUOUS
10
1.5030616141732283
20
1.0910905118110237
11
1.503061653543307
21
1.0910904330708662
0
LINE
8
BLACK
6
CONTINUOUS
10
1.503061653543307
20
1.0910904330708662
11
1.5052761023622048
21
1.0877763385826771
0
LINE
8
BLACK
6
CONTINUOUS
10
1.5052761023622048
20
1.0877763385826771
11
1.5052762992125983
21
1.0877761417322835
0
LINE
8
BLACK
6
CONTINUOUS
10
1.5052762992125983
20
1.0877761417322835
11
1.5069971259842518
21
1.0866263385826771
0
LINE
8
BLACK
6
CONTINUOUS
10
1.5069971259842518
20
1.0866263385826771
11
1.5085905118110237
21
1.085561653543307
0
LINE
8
BLACK
6
CONTINUOUS
10
1.5085905118110237
20
1.085561653543307
11
1.5109317322834646
21
1.0850959448818898
0
LINE
8
BLACK
6
CONTINUOUS
10
1.5109317322834646
20
1.0850959448818898
11
1.5115130708661417
21
1.0849803149606299
0
LINE
8
BLACK
6
CONTINUOUS
10
1.5115130708661417
20
1.0849803149606299
11
1.5115131102362205
21
1.0849803149606299
0
LINE
8
BLACK
6
CONTINUOUS
10
1.5115131102362205
20
1.0849803149606299
11
1.5210826771653543
21
1.0849803149606299
0
LINE
8
BLACK
6
CONTINUOUS
10
1.5210826771653543
20
1.0849803149606299
11
1.5233736614173228
21
1.0842359448818897
0
LINE
8
BLACK
6
CONTINUOUS
10
1.5233736614173228
20
1.0842359448818897
11
1.5247895669291338
21
1.0822871259842519
0
LINE
8
BLACK
6
CONTINUOUS
10
1.5247895669291338
20
1.0822871259842519
11
1.5249803149606298
21
1.0810826771653543
0
LINE
8
BLACK
6
CONTINUOUS
10
1.5249803149606298
20
1.0810826771653543
11
1.5249803149606298
21
1.0589172834645668
0
LINE
8
BLACK
6
CONTINUOUS
10
1.5249803149606298
20
1.0589172834645668
11
1.5242359448818896
21
1.0566262992125983
0
LINE
8
BLACK
6
CONTINUOUS
10
1.5242359448818896
20
1.0566262992125983
11
1.5222871259842519
21
1.0552103937007873
0
LINE
8
BLACK
6
CONTINUOUS
10
1.5222871259842519
20
1.0552103937007873
11
1.5210826771653543
21
1.0550196456692913
0
LINE
8
BLACK
6
CONTINUOUS
10
1.5210826771653543
20
1.0550196456692913
11
1.5115131496062992
21
1.0550196456692913
0
LINE
8
BLACK
6
CONTINUOUS
10
1.5115131496062992
20
1.0550196456692913
11
1.5115129527559055
21
1.0550196062992125
0
LINE
8
BLACK
6
CONTINUOUS
10
1.5115129527559055
20
1.0550196062992125
11
1.5085905118110237
21
1.0544383464566929
0
LINE
8
BLACK
6
CONTINUOUS
10
1.5085905118110237
20
1.0544383464566929
11
1.5085904330708662
21
1.0544383070866141
0
LINE
8
BLACK
6
CONTINUOUS
10
1.5085904330708662
20
1.0544383070866141
11
1.5085903937007874
21
1.0544382677165354
0
LINE
8
BLACK
6
CONTINUOUS
10
1.5085903937007874
20
1.0544382677165354
11
1.5052762204724408
21
1.0522237795275591
0
LINE
8
BLACK
6
CONTINUOUS
10
1.5052762204724408
20
1.0522237795275591
11
1.503061653543307
21
1.0489094881889764
0
LINE
8
BLACK
6
CONTINUOUS
10
1.503061653543307
20
1.0489094881889764
11
1.5028257874015747
21
1.0477236220472441
0
LINE
8
BLACK
6
CONTINUOUS
10
1.5028257874015747
20
1.0477236220472441
11
1.5024429527559056
21
1.0457990551181102
0
LINE
8
BLACK
6
CONTINUOUS
10
1.5024429527559056
20
1.0457990551181102
11
1.5023866929133858
21
1.0458102362204724
0
LINE
8
BLACK
6
CONTINUOUS
10
1.5023866929133858
20
1.0458102362204724
11
1.5023130708661416
21
1.0456419291338583
0
LINE
8
BLACK
6
CONTINUOUS
10
1.5023130708661416
20
1.0456419291338583
11
1.5023130708661416
21
1.045212874015748
0
LINE
8
BLACK
6
CONTINUOUS
10
1.5023130708661416
20
1.045212874015748
11
1.5018411417322834
21
1.0445633464566928
0
LINE
8
BLACK
6
CONTINUOUS
10
1.5018411417322834
20
1.0445633464566928
11
1.5015194488188977
21
1.0438280314960631
0
LINE
8
BLACK
6
CONTINUOUS
10
1.5015194488188977
20
1.0438280314960631
11
1.5011493307086614
21
1.0436111417322835
0
LINE
8
BLACK
6
CONTINUOUS
10
1.5011493307086614
20
1.0436111417322835
11
1.5008971653543306
21
1.0432640551181103
0
LINE
8
BLACK
6
CONTINUOUS
10
1.5008971653543306
20
1.0432640551181103
11
1.5001336220472441
21
1.0430159448818896
0
LINE
8
BLACK
6
CONTINUOUS
10
1.5001336220472441
20
1.0430159448818896
11
1.4994411023622047
21
1.042610157480315
0
LINE
8
BLACK
6
CONTINUOUS
10
1.4994411023622047
20
1.042610157480315
11
1.4986061811023621
21
1.0425196850393701
0
LINE
8
BLACK
6
CONTINUOUS
10
1.4986061811023621
20
1.0425196850393701
11
1.4939172834645669
21
1.0425196850393701
0
LINE
8
BLACK
6
CONTINUOUS
10
1.4939172834645669
20
1.0425196850393701
11
1.4916262992125984
21
1.0432640551181103
0
LINE
8
BLACK
6
CONTINUOUS
10
1.4916262992125984
20
1.0432640551181103
11
1.4902103937007873
21
1.045212874015748
0
LINE
8
BLACK
6
CONTINUOUS
10
1.4902103937007873
20
1.045212874015748
11
1.4900196456692913
21
1.0464173228346456
0
LINE
8
BLACK
6
CONTINUOUS
10
1.4900196456692913
20
1.0464173228346456
11
1.4900196456692913
21
1.0609867322834645
0
LINE
8
BLACK
6
CONTINUOUS
10
1.4900196456692913
20
1.0609867322834645
11
1.4900196062992126
21
1.0609868897637795
0
LINE
8
BLACK
6
CONTINUOUS
10
1.4900196062992126
20
1.0609868897637795
11
1.4894383464566929
21
1.0639094881889763
0
LINE
8
BLACK
6
CONTINUOUS
10
1.4894383464566929
20
1.0639094881889763
11
1.4872237795275591
21
1.067223779527559
0
LINE
8
BLACK
6
CONTINUOUS
10
1.4872237795275591
20
1.067223779527559
11
1.4839094881889763
21
1.0694383464566928
0
LINE
8
BLACK
6
CONTINUOUS
10
1.4839094881889763
20
1.0694383464566928
11
1.4809868897637795
21
1.0700196850393699
0
LINE
8
BLACK
6
CONTINUOUS
10
1.4809868897637795
20
1.0700196850393699
11
1.4190131496062992
21
1.0700196456692914
0
LINE
8
BLACK
6
CONTINUOUS
10
1.4190131496062992
20
1.0700196456692914
11
1.4190129527559054
21
1.0700196062992127
0
LINE
8
BLACK
6
CONTINUOUS
10
1.4190129527559054
20
1.0700196062992127
11
1.4160905118110236
21
1.0694383464566928
0
LINE
8
BLACK
6
CONTINUOUS
10
1.4160905118110236
20
1.0694383464566928
11
1.4160904330708661
21
1.0694383070866142
0
LINE
8
BLACK
6
CONTINUOUS
10
1.4160904330708661
20
1.0694383070866142
11
1.4140175590551181
21
1.0680532283464568
0
LINE
8
BLACK
6
CONTINUOUS
10
1.4140175590551181
20
1.0680532283464568
11
1.412776220472441
21
1.067223779527559
0
LINE
8
BLACK
6
CONTINUOUS
10
1.412776220472441
20
1.067223779527559
11
1.410561653543307
21
1.0639094881889763
0
LINE
8
BLACK
6
CONTINUOUS
10
1.410561653543307
20
1.0639094881889763
11
1.4101647244094488
21
1.0619140157480316
0
LINE
8
BLACK
6
CONTINUOUS
10
1.4101647244094488
20
1.0619140157480316
11
1.4099803149606298
21
1.0609868897637795
0
LINE
8
BLACK
6
CONTINUOUS
10
1.4099803149606298
20
1.0609868897637795
11
1.4099803149606298
21
1.0498228346456693
0
LINE
8
BLACK
6
CONTINUOUS
10
1.4099803149606298
20
1.0498228346456693
11
1.4092359448818896
21
1.0475318503937008
0
LINE
8
BLACK
6
CONTINUOUS
10
1.4092359448818896
20
1.0475318503937008
11
1.4072871259842519
21
1.0461159448818897
0
LINE
8
BLACK
6
CONTINUOUS
10
1.4072871259842519
20
1.0461159448818897
11
1.4060826771653543
21
1.0459251968503938
0
LINE
8
BLACK
6
CONTINUOUS
10
1.4060826771653543
20
1.0459251968503938
11
1.393917283464567
21
1.0459251968503938
0
LINE
8
BLACK
6
CONTINUOUS
10
1.393917283464567
20
1.0459251968503938
11
1.3916262992125983
21
1.0466695669291339
0
LINE
8
BLACK
6
CONTINUOUS
10
1.3916262992125983
20
1.0466695669291339
11
1.3902103937007875
21
1.0486183858267717
0
LINE
8
BLACK
6
CONTINUOUS
10
1.3902103937007875
20
1.0486183858267717
11
1.3900196456692913
21
1.0498228346456693
0
LINE
8
BLACK
6
CONTINUOUS
10
1.3900196456692913
20
1.0498228346456693
11
1.3900196456692913
21
1.0609867322834645
0
LINE
8
BLACK
6
CONTINUOUS
10
1.3900196456692913
20
1.0609867322834645
11
1.3900196062992125
21
1.0609868897637795
0
LINE
8
BLACK
6
CONTINUOUS
10
1.3900196062992125
20
1.0609868897637795
11
1.3894383464566928
21
1.0639094881889763
0
LINE
8
BLACK
6
CONTINUOUS
10
1.3894383464566928
20
1.0639094881889763
11
1.387223779527559
21
1.067223779527559
0
LINE
8
BLACK
6
CONTINUOUS
10
1.387223779527559
20
1.067223779527559
11
1.3839094881889764
21
1.0694383464566928
0
LINE
8
BLACK
6
CONTINUOUS
10
1.3839094881889764
20
1.0694383464566928
11
1.3809868897637796
21
1.0700196850393699
0
LINE
8
BLACK
6
CONTINUOUS
10
1.3809868897637796
20
1.0700196850393699
11
1.3190131496062991
21
1.0700196456692914
0
LINE
8
BLACK
6
CONTINUOUS
10
1.3190131496062991
20
1.0700196456692914
11
1.3190129527559056
21
1.0700196062992127
0
LINE
8
BLACK
6
CONTINUOUS
10
1.3190129527559056
20
1.0700196062992127
11
1.3160905118110235
21
1.0694383464566928
0
LINE
8
BLACK
6
CONTINUOUS
10
1.3160905118110235
20
1.0694383464566928
11
1.316090433070866
21
1.0694383070866142
0
LINE
8
BLACK
6
CONTINUOUS
10
1.316090433070866
20
1.0694383070866142
11
1.3140175590551182
21
1.0680532283464568
0
LINE
8
BLACK
6
CONTINUOUS
10
1.3140175590551182
20
1.0680532283464568
11
1.3127762204724409
21
1.067223779527559
0
LINE
8
BLACK
6
CONTINUOUS
10
1.3127762204724409
20
1.067223779527559
11
1.3105616535433071
21
1.0639094881889763
0
LINE
8
BLACK
6
CONTINUOUS
10
1.3105616535433071
20
1.0639094881889763
11
1.3101647244094488
21
1.0619139370078741
0
LINE
8
BLACK
6
CONTINUOUS
10
1.3101647244094488
20
1.0619139370078741
11
1.3099803149606299
21
1.0609868503937008
0
LINE
8
BLACK
6
CONTINUOUS
10
1.3099803149606299
20
1.0609868503937008
11
1.3099803149606299
21
0.9990132283464567
0
LINE
8
BLACK
6
CONTINUOUS
10
1.3099803149606299
20
1.0990132283464566
11
1.3099803543307087
21
1.0990129527559054
0
LINE
8
BLACK
6
CONTINUOUS
10
1.3099803543307087
20
1.0990129527559054
11
1.3105616141732284
21
1.0960905118110236
0
LINE
8
BLACK
6
CONTINUOUS
10
1.3105616141732284
20
1.0960905118110236
11
1.3105616535433071
21
1.0960904330708661
0
LINE
8
BLACK
6
CONTINUOUS
10
1.3105616535433071
20
1.0960904330708661
11
1.3127761023622047
21
1.0927763385826772
0
LINE
8
BLACK
6
CONTINUOUS
10
1.3127761023622047
20
1.0927763385826772
11
1.3127762992125984
21
1.0927761417322834
0
LINE
8
BLACK
6
CONTINUOUS
10
1.3127762992125984
20
1.0927761417322834
11
1.3149857480314959
21
1.0912998425196849
0
LINE
8
BLACK
6
CONTINUOUS
10
1.3149857480314959
20
1.0912998425196849
11
1.3160905118110235
21
1.0905616535433071
0
LINE
8
BLACK
6
CONTINUOUS
10
1.3160905118110235
20
1.0905616535433071
11
1.3190131102362204
21
1.08998031496063
0
LINE
8
BLACK
6
CONTINUOUS
10
1.3190131102362204
20
1.08998031496063
11
1.3809867322834646
21
1.08998031496063
0
LINE
8
BLACK
6
CONTINUOUS
10
1.3809867322834646
20
1.08998031496063
11
1.3809870078740156
21
1.0899803543307087
0
LINE
8
BLACK
6
CONTINUOUS
10
1.3809870078740156
20
1.0899803543307087
11
1.3839094488188977
21
1.0905616141732284
0
LINE
8
BLACK
6
CONTINUOUS
10
1.3839094488188977
20
1.0905616141732284
11
1.3839095275590552
21
1.0905616535433071
0
LINE
8
BLACK
6
CONTINUOUS
10
1.3839095275590552
20
1.0905616535433071
11
1.387223622047244
21
1.0927761023622047
0
LINE
8
BLACK
6
CONTINUOUS
10
1.387223622047244
20
1.0927761023622047
11
1.3872236614173228
21
1.0927761417322834
0
LINE
8
BLACK
6
CONTINUOUS
10
1.3872236614173228
20
1.0927761417322834
11
1.387223779527559
21
1.0927762204724409
0
LINE
8
BLACK
6
CONTINUOUS
10
1.387223779527559
20
1.0927762204724409
11
1.3894383464566928
21
1.0960905118110236
0
LINE
8
BLACK
6
CONTINUOUS
10
1.3894383464566928
20
1.0960905118110236
11
1.39001968503937
21
1.0990131102362204
0
LINE
8
BLACK
6
CONTINUOUS
10
1.39001968503937
20
1.0990131102362204
11
1.39001968503937
21
1.1110826771653544
0
LINE
8
BLACK
6
CONTINUOUS
10
1.39001968503937
20
1.1110826771653544
11
1.3907640551181102
21
1.1133736614173229
0
LINE
8
BLACK
6
CONTINUOUS
10
1.3907640551181102
20
1.1133736614173229
11
1.3927128740157479
21
1.1147895669291339
0
LINE
8
BLACK
6
CONTINUOUS
10
1.3927128740157479
20
1.1147895669291339
11
1.3939173228346455
21
1.1149803149606299
0
LINE
8
BLACK
6
CONTINUOUS
10
1.3939173228346455
20
1.1149803149606299
11
1.406082716535433
21
1.1149803149606299
0
LINE
8
BLACK
6
CONTINUOUS
10
1.406082716535433
20
1.1149803149606299
11
1.4083737007874015
21
1.1142359448818897
0
LINE
8
BLACK
6
CONTINUOUS
10
1.4083737007874015
20
1.1142359448818897
11
1.4097896062992126
21
1.1122871259842519
0
LINE
8
BLACK
6
CONTINUOUS
10
1.4097896062992126
20
1.1122871259842519
11
1.4099803543307086
21
1.1110826771653544
0
LINE
8
BLACK
6
CONTINUOUS
10
1.4099803543307086
20
1.1110826771653544
11
1.4099803543307086
21
1.0990129527559054
0
LINE
8
BLACK
6
CONTINUOUS
10
1.4099803543307086
20
1.0990129527559054
11
1.4105616141732282
21
1.0960905118110236
0
LINE
8
BLACK
6
CONTINUOUS
10
1.4105616141732282
20
1.0960905118110236
11
1.410561653543307
21
1.0960904330708661
0
LINE
8
BLACK
6
CONTINUOUS
10
1.410561653543307
20
1.0960904330708661
11
1.4127761023622047
21
1.0927763385826772
0
LINE
8
BLACK
6
CONTINUOUS
10
1.4127761023622047
20
1.0927763385826772
11
1.4127762992125983
21
1.0927761417322834
0
LINE
8
BLACK
6
CONTINUOUS
10
1.4127762992125983
20
1.0927761417322834
11
1.414985748031496
21
1.0912998425196849
0
LINE
8
BLACK
6
CONTINUOUS
10
1.414985748031496
20
1.0912998425196849
11
1.4160905118110236
21
1.0905616535433071
0
LINE
8
BLACK
6
CONTINUOUS
10
1.4160905118110236
20
1.0905616535433071
11
1.4190131102362205
21
1.08998031496063
0
LINE
8
BLACK
6
CONTINUOUS
10
1.4190131102362205
20
1.08998031496063
11
1.4809867322834644
21
1.08998031496063
0
LINE
8
BLACK
6
CONTINUOUS
10
1.4809867322834644
20
1.08998031496063
11
1.4809870078740157
21
1.0899803543307087
0
LINE
8
BLACK
6
CONTINUOUS
10
1.4809870078740157
20
1.0899803543307087
11
1.4839094488188975
21
1.0905616141732284
0
LINE
8
BLACK
6
CONTINUOUS
10
1.4839094488188975
20
1.0905616141732284
11
1.483909527559055
21
1.0905616535433071
0
LINE
8
BLACK
6
CONTINUOUS
10
1.483909527559055
20
1.0905616535433071
11
1.4872236220472441
21
1.0927761023622047
0
LINE
8
BLACK
6
CONTINUOUS
10
1.4872236220472441
20
1.0927761023622047
11
1.4872236614173229
21
1.0927761417322834
0
LINE
8
BLACK
6
CONTINUOUS
10
1.4872236614173229
20
1.0927761417322834
11
1.4872237795275591
21
1.0927762204724409
0
LINE
8
BLACK
6
CONTINUOUS
10
1.4872237795275591
20
1.0927762204724409
11
1.4894383464566929
21
1.0960905118110236
0
LINE
8
BLACK
6
CONTINUOUS
10
1.4894383464566929
20
1.0960905118110236
11
1.4900196850393701
21
1.0990131102362204
0
LINE
8
BLACK
6
CONTINUOUS
10
1.4900196850393701
20
1.0990131102362204
11
1.4900196456692913
21
1.1609868503937009
0
LINE
8
BLACK
6
CONTINUOUS
10
1.4900196456692913
20
1.1609868503937009
11
1.4894383464566929
21
1.1639094881889764
0
LINE
8
BLACK
6
CONTINUOUS
10
1.4894383464566929
20
1.1639094881889764
11
1.4872237795275591
21
1.1672237795275591
0
LINE
8
BLACK
6
CONTINUOUS
10
1.4872237795275591
20
1.1672237795275591
11
1.4839094881889763
21
1.1694383464566929
0
LINE
8
BLACK
6
CONTINUOUS
10
1.4839094881889763
20
1.1694383464566929
11
1.4809868897637795
21
1.17001968503937
0
LINE
8
BLACK
6
CONTINUOUS
10
1.4809868897637795
20
1.17001968503937
11
1.4190131496062992
21
1.1700196456692913
0
LINE
8
BLACK
6
CONTINUOUS
10
1.4190131496062992
20
1.1700196456692913
11
1.4190129527559054
21
1.1700196062992125
0
LINE
8
BLACK
6
CONTINUOUS
10
1.4190129527559054
20
1.1700196062992125
11
1.4160905118110236
21
1.1694383464566929
0
LINE
8
BLACK
6
CONTINUOUS
10
1.4160905118110236
20
1.1694383464566929
11
1.4160904330708661
21
1.1694383070866141
0
LINE
8
BLACK
6
CONTINUOUS
10
1.4160904330708661
20
1.1694383070866141
11
1.415454094488189
21
1.1690131102362205
0
LINE
8
BLACK
6
CONTINUOUS
10
1.415454094488189
20
1.1690131102362205
11
1.412776220472441
21
1.1672237795275591
0
LINE
8
BLACK
6
CONTINUOUS
10
1.412776220472441
20
1.1672237795275591
11
1.410561653543307
21
1.1639094881889764
0
LINE
8
BLACK
6
CONTINUOUS
10
1.410561653543307
20
1.1639094881889764
11
1.410336220472441
21
1.1627761023622047
0
LINE
8
BLACK
6
CONTINUOUS
10
1.410336220472441
20
1.1627761023622047
11
1.4099803149606298
21
1.1609868897637794
0
LINE
8
BLACK
6
CONTINUOUS
10
1.4099803149606298
20
1.1609868897637794
11
1.4099803149606298
21
1.1489173228346456
0
LINE
8
BLACK
6
CONTINUOUS
10
1.4099803149606298
20
1.1489173228346456
11
1.4092359448818896
21
1.1466263385826772
0
LINE
8
BLACK
6
CONTINUOUS
10
1.4092359448818896
20
1.1466263385826772
11
1.4072871259842519
21
1.1452104330708661
0
LINE
8
BLACK
6
CONTINUOUS
10
1.4072871259842519
20
1.1452104330708661
11
1.4060826771653543
21
1.1450196850393701
0
LINE
8
BLACK
6
CONTINUOUS
10
1.4060826771653543
20
1.1450196850393701
11
1.393917283464567
21
1.1450196850393701
0
LINE
8
BLACK
6
CONTINUOUS
10
1.393917283464567
20
1.1450196850393701
11
1.3916262992125983
21
1.1457640551181103
0
LINE
8
BLACK
6
CONTINUOUS
10
1.3916262992125983
20
1.1457640551181103
11
1.3902103937007875
21
1.1477128740157481
0
LINE
8
BLACK
6
CONTINUOUS
10
1.3902103937007875
20
1.1477128740157481
11
1.3900196456692913
21
1.1489173228346456
0
LINE
8
BLACK
6
CONTINUOUS
10
1.3900196456692913
20
1.1489173228346456
11
1.3900196456692913
21
1.1609867322834646
0
LINE
8
BLACK
6
CONTINUOUS
10
1.3900196456692913
20
1.1609867322834646
11
1.3900196062992125
21
1.1609868897637794
0
LINE
8
BLACK
6
CONTINUOUS
10
1.3900196062992125
20
1.1609868897637794
11
1.3894383464566928
21
1.1639094881889764
0
LINE
8
BLACK
6
CONTINUOUS
10
1.3894383464566928
20
1.1639094881889764
11
1.387223779527559
21
1.1672237795275591
0
LINE
8
BLACK
6
CONTINUOUS
10
1.387223779527559
20
1.1672237795275591
11
1.3839094881889764
21
1.1694383464566929
0
LINE
8
BLACK
6
CONTINUOUS
10
1.3839094881889764
20
1.1694383464566929
11
1.3809868897637796
21
1.17001968503937
0
LINE
8
BLACK
6
CONTINUOUS
10
1.3809868897637796
20
1.17001968503937
11
1.3190131496062991
21
1.1700196456692913
0
LINE
8
BLACK
6
CONTINUOUS
10
1.3190131496062991
20
1.1700196456692913
11
1.3190129527559056
21
1.1700196062992125
0
LINE
8
BLACK
6
CONTINUOUS
10
1.3190129527559056
20
1.1700196062992125
11
1.3160905118110235
21
1.1694383464566929
0
LINE
8
BLACK
6
CONTINUOUS
10
1.3160905118110235
20
1.1694383464566929
11
1.316090433070866
21
1.1694383070866141
0
LINE
8
BLACK
6
CONTINUOUS
10
1.316090433070866
20
1.1694383070866141
11
1.315454094488189
21
1.1690131102362205
0
LINE
8
BLACK
6
CONTINUOUS
10
1.315454094488189
20
1.1690131102362205
11
1.3127762204724409
21
1.1672237795275591
0
LINE
8
BLACK
6
CONTINUOUS
10
1.3127762204724409
20
1.1672237795275591
11
1.3105616535433071
21
1.1639094881889764
0
LINE
8
BLACK
6
CONTINUOUS
10
1.3105616535433071
20
1.1639094881889764
11
1.3100643700787402
21
1.1614094881889763
0
LINE
8
BLACK
6
CONTINUOUS
10
1.3100643700787402
20
1.1614094881889763
11
1.3099803149606299
21
1.1609868503937009
0
LINE
8
BLACK
6
CONTINUOUS
10
1.3099803149606299
20
1.1609868503937009
11
1.3099803149606299
21
1.0990132283464566
0
LINE
8
BLACK
6
CONTINUOUS
10
1.5024803149606298
20
1.1690132283464567
11
1.5024803543307086
21
1.1690129527559054
0
LINE
8
BLACK
6
CONTINUOUS
10
1.5024803543307086
20
1.1690129527559054
11
1.5030616141732283
21
1.1660905118110236
0
LINE
8
BLACK
6
CONTINUOUS
10
1.5030616141732283
20
1.1660905118110236
11
1.503061653543307
21
1.1660904330708661
0
LINE
8
BLACK
6
CONTINUOUS
10
1.503061653543307
20
1.1660904330708661
11
1.5052761023622048
21
1.162776338582677
0
LINE
8
BLACK
6
CONTINUOUS
10
1.5052761023622048
20
1.162776338582677
11
1.5052762992125983
21
1.1627761417322835
0
LINE
8
BLACK
6
CONTINUOUS
10
1.5052762992125983
20
1.1627761417322835
11
1.507485748031496
21
1.161299842519685
0
LINE
8
BLACK
6
CONTINUOUS
10
1.507485748031496
20
1.161299842519685
11
1.5085905118110237
21
1.160561653543307
0
LINE
8
BLACK
6
CONTINUOUS
10
1.5085905118110237
20
1.160561653543307
11
1.5115131102362205
21
1.1599803149606298
0
LINE
8
BLACK
6
CONTINUOUS
10
1.5115131102362205
20
1.1599803149606298
11
1.5684867322834646
21
1.1599803149606298
0
LINE
8
BLACK
6
CONTINUOUS
10
1.5684867322834646
20
1.1599803149606298
11
1.5684870078740156
21
1.1599803543307086
0
LINE
8
BLACK
6
CONTINUOUS
10
1.5684870078740156
20
1.1599803543307086
11
1.5714094488188977
21
1.1605616141732282
0
LINE
8
BLACK
6
CONTINUOUS
10
1.5714094488188977
20
1.1605616141732282
11
1.5714095275590552
21
1.160561653543307
0
LINE
8
BLACK
6
CONTINUOUS
10
1.5714095275590552
20
1.160561653543307
11
1.574723622047244
21
1.1627761023622047
0
LINE
8
BLACK
6
CONTINUOUS
10
1.574723622047244
20
1.1627761023622047
11
1.5747236614173228
21
1.1627761417322835
0
LINE
8
BLACK
6
CONTINUOUS
10
1.5747236614173228
20
1.1627761417322835
11
1.574723779527559
21
1.162776220472441
0
LINE
8
BLACK
6
CONTINUOUS
10
1.574723779527559
20
1.162776220472441
11
1.5767592519685039
21
1.1658225196850394
0
LINE
8
BLACK
6
CONTINUOUS
10
1.5767592519685039
20
1.1658225196850394
11
1.578650905511811
21
1.167313779527559
0
LINE
8
BLACK
6
CONTINUOUS
10
1.578650905511811
20
1.167313779527559
11
1.5810579133858267
21
1.1674083464566929
0
LINE
8
BLACK
6
CONTINUOUS
10
1.5810579133858267
20
1.1674083464566929
11
1.5830608267716535
21
1.1660700393700787
0
LINE
8
BLACK
6
CONTINUOUS
10
1.5830608267716535
20
1.1660700393700787
11
1.5832407086614173
21
1.1658225196850394
0
LINE
8
BLACK
6
CONTINUOUS
10
1.5832407086614173
20
1.1658225196850394
11
1.5852761811023621
21
1.1627762598425198
0
LINE
8
BLACK
6
CONTINUOUS
10
1.5852761811023621
20
1.1627762598425198
11
1.5852762992125984
21
1.1627761417322835
0
LINE
8
BLACK
6
CONTINUOUS
10
1.5852762992125984
20
1.1627761417322835
11
1.5874857480314961
21
1.161299842519685
0
LINE
8
BLACK
6
CONTINUOUS
10
1.5874857480314961
20
1.161299842519685
11
1.5885905118110235
21
1.160561653543307
0
LINE
8
BLACK
6
CONTINUOUS
10
1.5885905118110235
20
1.160561653543307
11
1.5915131102362203
21
1.1599803149606298
0
LINE
8
BLACK
6
CONTINUOUS
10
1.5915131102362203
20
1.1599803149606298
11
1.6484867322834644
21
1.1599803149606298
0
LINE
8
BLACK
6
CONTINUOUS
10
1.6484867322834644
20
1.1599803149606298
11
1.6484870078740157
21
1.1599803543307086
0
LINE
8
BLACK
6
CONTINUOUS
10
1.6484870078740157
20
1.1599803543307086
11
1.6514094488188975
21
1.1605616141732282
0
LINE
8
BLACK
6
CONTINUOUS
10
1.6514094488188975
20
1.1605616141732282
11
1.651409527559055
21
1.160561653543307
0
LINE
8
BLACK
6
CONTINUOUS
10
1.651409527559055
20
1.160561653543307
11
1.6547236220472441
21
1.1627761023622047
0
LINE
8
BLACK
6
CONTINUOUS
10
1.6547236220472441
20
1.1627761023622047
11
1.6547236614173229
21
1.1627761417322835
0
LINE
8
BLACK
6
CONTINUOUS
10
1.6547236614173229
20
1.1627761417322835
11
1.6547237795275591
21
1.162776220472441
0
LINE
8
BLACK
6
CONTINUOUS
10
1.6547237795275591
20
1.162776220472441
11
1.6569383464566929
21
1.1660905118110236
0
LINE
8
BLACK
6
CONTINUOUS
10
1.6569383464566929
20
1.1660905118110236
11
1.6575196850393701
21
1.1690131102362205
0
LINE
8
BLACK
6
CONTINUOUS
10
1.6575196850393701
20
1.1690131102362205
11
1.6575196456692913
21
1.2059868503937008
0
LINE
8
BLACK
6
CONTINUOUS
10
1.6575196456692913
20
1.2059868503937008
11
1.6569383464566929
21
1.2089094881889764
0
LINE
8
BLACK
6
CONTINUOUS
10
1.6569383464566929
20
1.2089094881889764
11
1.6547237795275591
21
1.212223779527559
0
LINE
8
BLACK
6
CONTINUOUS
10
1.6547237795275591
20
1.212223779527559
11
1.6514094881889763
21
1.2144383464566928
0
LINE
8
BLACK
6
CONTINUOUS
10
1.6514094881889763
20
1.2144383464566928
11
1.6484868897637794
21
1.21501968503937
0
LINE
8
BLACK
6
CONTINUOUS
10
1.6484868897637794
20
1.21501968503937
11
1.6194002362204725
21
1.2150196456692912
0
LINE
8
BLACK
6
CONTINUOUS
10
1.6194002362204725
20
1.2150196456692912
11
1.6171092913385827
21
1.2157640157480314
0
LINE
8
BLACK
6
CONTINUOUS
10
1.6171092913385827
20
1.2157640157480314
11
1.6166443307086613
21
1.2161611417322835
0
LINE
8
BLACK
6
CONTINUOUS
10
1.6166443307086613
20
1.2161611417322835
11
1.6159870866141732
21
1.2168184251968504
0
LINE
8
BLACK
6
CONTINUOUS
10
1.6159870866141732
20
1.2168184251968504
11
1.6119067716535433
21
1.2191742125984251
0
LINE
8
BLACK
6
CONTINUOUS
10
1.6119067716535433
20
1.2191742125984251
11
1.6073558267716535
21
1.2203936614173228
0
LINE
8
BLACK
6
CONTINUOUS
10
1.6073558267716535
20
1.2203936614173228
11
1.6026443307086613
21
1.2203936614173228
0
LINE
8
BLACK
6
CONTINUOUS
10
1.6026443307086613
20
1.2203936614173228
11
1.5980933858267716
21
1.2191742125984251
0
LINE
8
BLACK
6
CONTINUOUS
10
1.5980933858267716
20
1.2191742125984251
11
1.5980932283464566
21
1.2191741338582678
0
LINE
8
BLACK
6
CONTINUOUS
10
1.5980932283464566
20
1.2191741338582678
11
1.5940132283464568
21
1.2168185433070866
0
LINE
8
BLACK
6
CONTINUOUS
10
1.5940132283464568
20
1.2168185433070866
11
1.5940129921259842
21
1.2168183464566928
0
LINE
8
BLACK
6
CONTINUOUS
10
1.5940129921259842
20
1.2168183464566928
11
1.5932243307086613
21
1.2160297244094489
0
LINE
8
BLACK
6
CONTINUOUS
10
1.5932243307086613
20
1.2160297244094489
11
1.5912286614173228
21
1.2149630708661416
0
LINE
8
BLACK
6
CONTINUOUS
10
1.5912286614173228
20
1.2149630708661416
11
1.5898486614173228
21
1.2146885826771654
0
LINE
8
BLACK
6
CONTINUOUS
10
1.5898486614173228
20
1.2146885826771654
11
1.5885905118110235
21
1.2144383464566928
0
LINE
8
BLACK
6
CONTINUOUS
10
1.5885905118110235
20
1.2144383464566928
11
1.5885904724409448
21
1.214438307086614
0
LINE
8
BLACK
6
CONTINUOUS
10
1.5885904724409448
20
1.214438307086614
11
1.588590433070866
21
1.214438307086614
0
LINE
8
BLACK
6
CONTINUOUS
10
1.588590433070866
20
1.214438307086614
11
1.5856419291338582
21
1.2124681496062992
0
LINE
8
BLACK
6
CONTINUOUS
10
1.5856419291338582
20
1.2124681496062992
11
1.5852762204724409
21
1.212223779527559
0
LINE
8
BLACK
6
CONTINUOUS
10
1.5852762204724409
20
1.212223779527559
11
1.5832406692913386
21
1.2091774015748031
0
LINE
8
BLACK
6
CONTINUOUS
10
1.5832406692913386
20
1.2091774015748031
11
1.5813490551181102
21
1.2076861811023623
0
LINE
8
BLACK
6
CONTINUOUS
10
1.5813490551181102
20
1.2076861811023623
11
1.5789420078740157
21
1.2075916141732284
0
LINE
8
BLACK
6
CONTINUOUS
10
1.5789420078740157
20
1.2075916141732284
11
1.5769391338582677
21
1.2089299212598426
0
LINE
8
BLACK
6
CONTINUOUS
10
1.5769391338582677
20
1.2089299212598426
11
1.5767595669291339
21
1.2091770078740158
0
LINE
8
BLACK
6
CONTINUOUS
10
1.5767595669291339
20
1.2091770078740158
11
1.574723779527559
21
1.212223779527559
0
LINE
8
BLACK
6
CONTINUOUS
10
1.574723779527559
20
1.212223779527559
11
1.5714094881889764
21
1.2144383464566928
0
LINE
8
BLACK
6
CONTINUOUS
10
1.5714094881889764
20
1.2144383464566928
11
1.5684868897637796
21
1.21501968503937
0
LINE
8
BLACK
6
CONTINUOUS
10
1.5684868897637796
20
1.21501968503937
11
1.5670391338582677
21
1.2150196456692912
0
LINE
8
BLACK
6
CONTINUOUS
10
1.5670391338582677
20
1.2150196456692912
11
1.5647482677165354
21
1.2157639763779526
0
LINE
8
BLACK
6
CONTINUOUS
10
1.5647482677165354
20
1.2157639763779526
11
1.5633323228346456
21
1.2177127559055119
0
LINE
8
BLACK
6
CONTINUOUS
10
1.5633323228346456
20
1.2177127559055119
11
1.5633322834645669
21
1.2201216141732283
0
LINE
8
BLACK
6
CONTINUOUS
10
1.5633322834645669
20
1.2201216141732283
11
1.5637984251968504
21
1.2210826771653542
0
LINE
8
BLACK
6
CONTINUOUS
10
1.5637984251968504
20
1.2210826771653542
11
1.5643875590551182
21
1.2219643700787401
0
LINE
8
BLACK
6
CONTINUOUS
10
1.5643875590551182
20
1.2219643700787401
11
1.5643876771653542
21
1.2219646062992127
0
LINE
8
BLACK
6
CONTINUOUS
10
1.5643876771653542
20
1.2219646062992127
11
1.5664620866141732
21
1.2269727165354329
0
LINE
8
BLACK
6
CONTINUOUS
10
1.5664620866141732
20
1.2269727165354329
11
1.5664621259842519
21
1.2269727952755904
0
LINE
8
BLACK
6
CONTINUOUS
10
1.5664621259842519
20
1.2269727952755904
11
1.56751968503937
21
1.2322895669291338
0
LINE
8
BLACK
6
CONTINUOUS
10
1.56751968503937
20
1.2322895669291338
11
1.56751968503937
21
1.2377104330708661
0
LINE
8
BLACK
6
CONTINUOUS
10
1.56751968503937
20
1.2377104330708661
11
1.5664621259842519
21
1.2430272047244095
0
LINE
8
BLACK
6
CONTINUOUS
10
1.5664621259842519
20
1.2430272047244095
11
1.5643876377952755
21
1.2480354724409448
0
LINE
8
BLACK
6
CONTINUOUS
10
1.5643876377952755
20
1.2480354724409448
11
1.5613759448818898
21
1.2525427559055118
0
LINE
8
BLACK
6
CONTINUOUS
10
1.5613759448818898
20
1.2525427559055118
11
1.5575427559055117
21
1.2563759448818896
0
LINE
8
BLACK
6
CONTINUOUS
10
1.5575427559055117
20
1.2563759448818896
11
1.5530354724409448
21
1.2593876377952755
0
LINE
8
BLACK
6
CONTINUOUS
10
1.5530354724409448
20
1.2593876377952755
11
1.5480272047244095
21
1.261462125984252
0
LINE
8
BLACK
6
CONTINUOUS
10
1.5480272047244095
20
1.261462125984252
11
1.5427104330708661
21
1.2625196850393701
0
LINE
8
BLACK
6
CONTINUOUS
10
1.5427104330708661
20
1.2625196850393701
11
1.5372895669291338
21
1.2625196850393701
0
LINE
8
BLACK
6
CONTINUOUS
10
1.5372895669291338
20
1.2625196850393701
11
1.5319727952755906
21
1.261462125984252
0
LINE
8
BLACK
6
CONTINUOUS
10
1.5319727952755906
20
1.261462125984252
11
1.5307627559055117
21
1.2609609055118109
0
LINE
8
BLACK
6
CONTINUOUS
10
1.5307627559055117
20
1.2609609055118109
11
1.5269646062992126
21
1.2593876771653543
0
LINE
8
BLACK
6
CONTINUOUS
10
1.5269646062992126
20
1.2593876771653543
11
1.5269645669291338
21
1.2593876771653543
0
LINE
8
BLACK
6
CONTINUOUS
10
1.5269645669291338
20
1.2593876771653543
11
1.5224572440944881
21
1.2563759448818896
0
LINE
8
BLACK
6
CONTINUOUS
10
1.5224572440944881
20
1.2563759448818896
11
1.5186240157480315
21
1.252542716535433
0
LINE
8
BLACK
6
CONTINUOUS
10
1.5186240157480315
20
1.252542716535433
11
1.5156122834645669
21
1.2480353937007873
0
LINE
8
BLACK
6
CONTINUOUS
10
1.5156122834645669
20
1.2480353937007873
11
1.5156122834645669
21
1.2480353543307086
0
LINE
8
BLACK
6
CONTINUOUS
10
1.5156122834645669
20
1.2480353543307086
11
1.5135378740157479
21
1.2430272440944881
0
LINE
8
BLACK
6
CONTINUOUS
10
1.5135378740157479
20
1.2430272440944881
11
1.5135378740157479
21
1.2430271653543308
0
LINE
8
BLACK
6
CONTINUOUS
10
1.5135378740157479
20
1.2430271653543308
11
1.5124803149606298
21
1.2377105118110237
0
LINE
8
BLACK
6
CONTINUOUS
10
1.5124803149606298
20
1.2377105118110237
11
1.5124803149606298
21
1.2322894488188976
0
LINE
8
BLACK
6
CONTINUOUS
10
1.5124803149606298
20
1.2322894488188976
11
1.5135378740157479
21
1.2269727952755904
0
LINE
8
BLACK
6
CONTINUOUS
10
1.5135378740157479
20
1.2269727952755904
11
1.5135378740157479
21
1.2269727165354329
0
LINE
8
BLACK
6
CONTINUOUS
10
1.5135378740157479
20
1.2269727165354329
11
1.5156122834645669
21
1.2219646062992127
0
LINE
8
BLACK
6
CONTINUOUS
10
1.5156122834645669
20
1.2219646062992127
11
1.5156124015748031
21
1.2219643700787401
0
LINE
8
BLACK
6
CONTINUOUS
10
1.5156124015748031
20
1.2219643700787401
11
1.5162015748031497
21
1.2210826771653542
0
LINE
8
BLACK
6
CONTINUOUS
10
1.5162015748031497
20
1.2210826771653542
11
1.5168554724409449
21
1.218764251968504
0
LINE
8
BLACK
6
CONTINUOUS
10
1.5168554724409449
20
1.218764251968504
11
1.5160216929133858
21
1.2165042913385826
0
LINE
8
BLACK
6
CONTINUOUS
10
1.5160216929133858
20
1.2165042913385826
11
1.5140188188976378
21
1.2151659842519684
0
LINE
8
BLACK
6
CONTINUOUS
10
1.5140188188976378
20
1.2151659842519684
11
1.5129608267716534
21
1.2150196456692912
0
LINE
8
BLACK
6
CONTINUOUS
10
1.5129608267716534
20
1.2150196456692912
11
1.5115131496062992
21
1.2150196456692912
0
LINE
8
BLACK
6
CONTINUOUS
10
1.5115131496062992
20
1.2150196456692912
11
1.5115129527559055
21
1.2150196062992125
0
LINE
8
BLACK
6
CONTINUOUS
10
1.5115129527559055
20
1.2150196062992125
11
1.5085905118110237
21
1.2144383464566928
0
LINE
8
BLACK
6
CONTINUOUS
10
1.5085905118110237
20
1.2144383464566928
11
1.5085904330708662
21
1.214438307086614
0
LINE
8
BLACK
6
CONTINUOUS
10
1.5085904330708662
20
1.214438307086614
11
1.5056419291338583
21
1.2124681496062992
0
LINE
8
BLACK
6
CONTINUOUS
10
1.5056419291338583
20
1.2124681496062992
11
1.5052762204724408
21
1.212223779527559
0
LINE
8
BLACK
6
CONTINUOUS
10
1.5052762204724408
20
1.212223779527559
11
1.503061653543307
21
1.2089094881889764
0
LINE
8
BLACK
6
CONTINUOUS
10
1.503061653543307
20
1.2089094881889764
11
1.5024803543307086
21
1.2059870078740158
0
LINE
8
BLACK
6
CONTINUOUS
10
1.5024803543307086
20
1.2059870078740158
11
1.5024803149606298
21
1.2059868503937008
0
LINE
8
BLACK
6
CONTINUOUS
10
1.5024803149606298
20
1.2059868503937008
11
1.5024803149606298
21
1.1690132283464567
0
LINE
8
BLACK
6
CONTINUOUS
10
1.3099803149606299
20
1.1990132283464567
11
1.3099803543307087
21
1.1990129527559055
0
LINE
8
BLACK
6
CONTINUOUS
10
1.3099803543307087
20
1.1990129527559055
11
1.3105616141732284
21
1.1960905118110237
0
LINE
8
BLACK
6
CONTINUOUS
10
1.3105616141732284
20
1.1960905118110237
11
1.3105616535433071
21
1.1960904330708662
0
LINE
8
BLACK
6
CONTINUOUS
10
1.3105616535433071
20
1.1960904330708662
11
1.3127761023622047
21
1.1927763385826771
0
LINE
8
BLACK
6
CONTINUOUS
10
1.3127761023622047
20
1.1927763385826771
11
1.3127762992125984
21
1.1927761417322835
0
LINE
8
BLACK
6
CONTINUOUS
10
1.3127762992125984
20
1.1927761417322835
11
1.3149857480314959
21
1.191299842519685
0
LINE
8
BLACK
6
CONTINUOUS
10
1.3149857480314959
20
1.191299842519685
11
1.3160905118110235
21
1.190561653543307
0
LINE
8
BLACK
6
CONTINUOUS
10
1.3160905118110235
20
1.190561653543307
11
1.3190131102362204
21
1.1899803149606298
0
LINE
8
BLACK
6
CONTINUOUS
10
1.3190131102362204
20
1.1899803149606298
11
1.3809867322834646
21
1.1899803149606298
0
LINE
8
BLACK
6
CONTINUOUS
10
1.3809867322834646
20
1.1899803149606298
11
1.3809870078740156
21
1.1899803543307086
0
LINE
8
BLACK
6
CONTINUOUS
10
1.3809870078740156
20
1.1899803543307086
11
1.3839094488188977
21
1.1905616141732283
0
LINE
8
BLACK
6
CONTINUOUS
10
1.3839094488188977
20
1.1905616141732283
11
1.3839095275590552
21
1.190561653543307
0
LINE
8
BLACK
6
CONTINUOUS
10
1.3839095275590552
20
1.190561653543307
11
1.387223622047244
21
1.1927761023622048
0
LINE
8
BLACK
6
CONTINUOUS
10
1.387223622047244
20
1.1927761023622048
11
1.3872236614173228
21
1.1927761417322835
0
LINE
8
BLACK
6
CONTINUOUS
10
1.3872236614173228
20
1.1927761417322835
11
1.387223779527559
21
1.1927762204724408
0
LINE
8
BLACK
6
CONTINUOUS
10
1.387223779527559
20
1.1927762204724408
11
1.3894383464566928
21
1.1960905118110237
0
LINE
8
BLACK
6
CONTINUOUS
10
1.3894383464566928
20
1.1960905118110237
11
1.39001968503937
21
1.1990131102362205
0
LINE
8
BLACK
6
CONTINUOUS
10
1.39001968503937
20
1.1990131102362205
11
1.39001968503937
21
1.2101771653543307
0
LINE
8
BLACK
6
CONTINUOUS
10
1.39001968503937
20
1.2101771653543307
11
1.3907640551181102
21
1.2124681496062992
0
LINE
8
BLACK
6
CONTINUOUS
10
1.3907640551181102
20
1.2124681496062992
11
1.3927128740157479
21
1.2138840551181103
0
LINE
8
BLACK
6
CONTINUOUS
10
1.3927128740157479
20
1.2138840551181103
11
1.3939173228346455
21
1.2140748031496063
0
LINE
8
BLACK
6
CONTINUOUS
10
1.3939173228346455
20
1.2140748031496063
11
1.406082716535433
21
1.2140748031496063
0
LINE
8
BLACK
6
CONTINUOUS
10
1.406082716535433
20
1.2140748031496063
11
1.4083737007874015
21
1.2133304330708661
0
LINE
8
BLACK
6
CONTINUOUS
10
1.4083737007874015
20
1.2133304330708661
11
1.4097896062992126
21
1.2113816141732283
0
LINE
8
BLACK
6
CONTINUOUS
10
1.4097896062992126
20
1.2113816141732283
11
1.4099803543307086
21
1.2101771653543307
0
LINE
8
BLACK
6
CONTINUOUS
10
1.4099803543307086
20
1.2101771653543307
11
1.4099803543307086
21
1.1990129527559055
0
LINE
8
BLACK
6
CONTINUOUS
10
1.4099803543307086
20
1.1990129527559055
11
1.4105616141732282
21
1.1960905118110237
0
LINE
8
BLACK
6
CONTINUOUS
10
1.4105616141732282
20
1.1960905118110237
11
1.410561653543307
21
1.1960904330708662
0
LINE
8
BLACK
6
CONTINUOUS
10
1.410561653543307
20
1.1960904330708662
11
1.4127761023622047
21
1.1927763385826771
0
LINE
8
BLACK
6
CONTINUOUS
10
1.4127761023622047
20
1.1927763385826771
11
1.4127762992125983
21
1.1927761417322835
0
LINE
8
BLACK
6
CONTINUOUS
10
1.4127762992125983
20
1.1927761417322835
11
1.414985748031496
21
1.191299842519685
0
LINE
8
BLACK
6
CONTINUOUS
10
1.414985748031496
20
1.191299842519685
11
1.4160905118110236
21
1.190561653543307
0
LINE
8
BLACK
6
CONTINUOUS
10
1.4160905118110236
20
1.190561653543307
11
1.4190131102362205
21
1.1899803149606298
0
LINE
8
BLACK
6
CONTINUOUS
10
1.4190131102362205
20
1.1899803149606298
11
1.4809867322834644
21
1.1899803149606298
0
LINE
8
BLACK
6
CONTINUOUS
10
1.4809867322834644
20
1.1899803149606298
11
1.4809870078740157
21
1.1899803543307086
0
LINE
8
BLACK
6
CONTINUOUS
10
1.4809870078740157
20
1.1899803543307086
11
1.4839094488188975
21
1.1905616141732283
0
LINE
8
BLACK
6
CONTINUOUS
10
1.4839094488188975
20
1.1905616141732283
11
1.483909527559055
21
1.190561653543307
0
LINE
8
BLACK
6
CONTINUOUS
10
1.483909527559055
20
1.190561653543307
11
1.4872236220472441
21
1.1927761023622048
0
LINE
8
BLACK
6
CONTINUOUS
10
1.4872236220472441
20
1.1927761023622048
11
1.4872236614173229
21
1.1927761417322835
0
LINE
8
BLACK
6
CONTINUOUS
10
1.4872236614173229
20
1.1927761417322835
11
1.4872237795275591
21
1.1927762204724408
0
LINE
8
BLACK
6
CONTINUOUS
10
1.4872237795275591
20
1.1927762204724408
11
1.4894383464566929
21
1.1960905118110237
0
LINE
8
BLACK
6
CONTINUOUS
10
1.4894383464566929
20
1.1960905118110237
11
1.4900196850393701
21
1.1990131102362205
0
LINE
8
BLACK
6
CONTINUOUS
10
1.4900196850393701
20
1.1990131102362205
11
1.4900196850393701
21
1.2059868503937008
0
LINE
8
BLACK
6
CONTINUOUS
10
1.4900196850393701
20
1.2059868503937008
11
1.4900196456692913
21
1.2322894488188976
0
LINE
8
BLACK
6
CONTINUOUS
10
1.4900196456692913
20
1.2322894488188976
11
1.4900196456692913
21
1.2609867322834645
0
LINE
8
BLACK
6
CONTINUOUS
10
1.4900196456692913
20
1.2609867322834645
11
1.4900196062992126
21
1.2609868897637795
0
LINE
8
BLACK
6
CONTINUOUS
10
1.4900196062992126
20
1.2609868897637795
11
1.4894383464566929
21
1.2639094881889763
0
LINE
8
BLACK
6
CONTINUOUS
10
1.4894383464566929
20
1.2639094881889763
11
1.4872237795275591
21
1.2672237795275589
0
LINE
8
BLACK
6
CONTINUOUS
10
1.4872237795275591
20
1.2672237795275589
11
1.4839094881889763
21
1.269438346456693
0
LINE
8
BLACK
6
CONTINUOUS
10
1.4839094881889763
20
1.269438346456693
11
1.4809868897637795
21
1.2700196850393701
0
LINE
8
BLACK
6
CONTINUOUS
10
1.4809868897637795
20
1.2700196850393701
11
1.4190131496062992
21
1.2700196456692914
0
LINE
8
BLACK
6
CONTINUOUS
10
1.4190131496062992
20
1.2700196456692914
11
1.4190129527559054
21
1.2700196062992126
0
LINE
8
BLACK
6
CONTINUOUS
10
1.4190129527559054
20
1.2700196062992126
11
1.4160905118110236
21
1.269438346456693
0
LINE
8
BLACK
6
CONTINUOUS
10
1.4160905118110236
20
1.269438346456693
11
1.4160904330708661
21
1.2694383070866142
0
LINE
8
BLACK
6
CONTINUOUS
10
1.4160904330708661
20
1.2694383070866142
11
1.4160903937007874
21
1.2694382677165355
0
LINE
8
BLACK
6
CONTINUOUS
10
1.4160903937007874
20
1.2694382677165355
11
1.412776220472441
21
1.2672237795275589
0
LINE
8
BLACK
6
CONTINUOUS
10
1.412776220472441
20
1.2672237795275589
11
1.410561653543307
21
1.2639094881889763
0
LINE
8
BLACK
6
CONTINUOUS
10
1.410561653543307
20
1.2639094881889763
11
1.410074842519685
21
1.261462125984252
0
LINE
8
BLACK
6
CONTINUOUS
10
1.410074842519685
20
1.261462125984252
11
1.4099803149606298
21
1.2609868897637795
0
LINE
8
BLACK
6
CONTINUOUS
10
1.4099803149606298
20
1.2609868897637795
11
1.4099803149606298
21
1.2498228346456692
0
LINE
8
BLACK
6
CONTINUOUS
10
1.4099803149606298
20
1.2498228346456692
11
1.4092359448818896
21
1.2475318503937007
0
LINE
8
BLACK
6
CONTINUOUS
10
1.4092359448818896
20
1.2475318503937007
11
1.4072871259842519
21
1.2461159448818897
0
LINE
8
BLACK
6
CONTINUOUS
10
1.4072871259842519
20
1.2461159448818897
11
1.4060826771653543
21
1.2459251968503937
0
LINE
8
BLACK
6
CONTINUOUS
10
1.4060826771653543
20
1.2459251968503937
11
1.393917283464567
21
1.2459251968503937
0
LINE
8
BLACK
6
CONTINUOUS
10
1.393917283464567
20
1.2459251968503937
11
1.3916262992125983
21
1.2466695669291339
0
LINE
8
BLACK
6
CONTINUOUS
10
1.3916262992125983
20
1.2466695669291339
11
1.3902103937007875
21
1.2486183858267716
0
LINE
8
BLACK
6
CONTINUOUS
10
1.3902103937007875
20
1.2486183858267716
11
1.3900196456692913
21
1.2498228346456692
0
LINE
8
BLACK
6
CONTINUOUS
10
1.3900196456692913
20
1.2498228346456692
11
1.3900196456692913
21
1.2609867322834645
0
LINE
8
BLACK
6
CONTINUOUS
10
1.3900196456692913
20
1.2609867322834645
11
1.3900196062992125
21
1.2609868897637795
0
LINE
8
BLACK
6
CONTINUOUS
10
1.3900196062992125
20
1.2609868897637795
11
1.3894383464566928
21
1.2639094881889763
0
LINE
8
BLACK
6
CONTINUOUS
10
1.3894383464566928
20
1.2639094881889763
11
1.387223779527559
21
1.2672237795275589
0
LINE
8
BLACK
6
CONTINUOUS
10
1.387223779527559
20
1.2672237795275589
11
1.3839094881889764
21
1.269438346456693
0
LINE
8
BLACK
6
CONTINUOUS
10
1.3839094881889764
20
1.269438346456693
11
1.3809868897637796
21
1.2700196850393701
0
LINE
8
BLACK
6
CONTINUOUS
10
1.3809868897637796
20
1.2700196850393701
11
1.3190131496062991
21
1.2700196456692914
0
LINE
8
BLACK
6
CONTINUOUS
10
1.3190131496062991
20
1.2700196456692914
11
1.3190129527559056
21
1.2700196062992126
0
LINE
8
BLACK
6
CONTINUOUS
10
1.3190129527559056
20
1.2700196062992126
11
1.3160905118110235
21
1.269438346456693
0
LINE
8
BLACK
6
CONTINUOUS
10
1.3160905118110235
20
1.269438346456693
11
1.316090433070866
21
1.2694383070866142
0
LINE
8
BLACK
6
CONTINUOUS
10
1.316090433070866
20
1.2694383070866142
11
1.3160903937007873
21
1.2694382677165355
0
LINE
8
BLACK
6
CONTINUOUS
10
1.3160903937007873
20
1.2694382677165355
11
1.3127762204724409
21
1.2672237795275589
0
LINE
8
BLACK
6
CONTINUOUS
10
1.3127762204724409
20
1.2672237795275589
11
1.3105616535433071
21
1.2639094881889763
0
LINE
8
BLACK
6
CONTINUOUS
10
1.3105616535433071
20
1.2639094881889763
11
1.3100748425196851
21
1.261462125984252
0
LINE
8
BLACK
6
CONTINUOUS
10
1.3100748425196851
20
1.261462125984252
11
1.3099803149606299
21
1.2609868503937007
0
LINE
8
BLACK
6
CONTINUOUS
10
1.3099803149606299
20
1.2609868503937007
11
1.3099803149606299
21
1.1990132283464567
0
LINE
8
BLACK
6
CONTINUOUS
10
1.5914607874015747
20
1.2725726771653543
11
1.6828957480314961
21
1.2725726771653543
0
LINE
8
BLACK
6
CONTINUOUS
10
1.6828957480314961
20
1.2725726771653543
11
1.6828957874015749
21
1.2725726771653543
0
LINE
8
BLACK
6
CONTINUOUS
10
1.6828957874015749
20
1.2725726771653543
11
1.6828957874015749
21
1.3860979527559054
0
LINE
8
BLACK
6
CONTINUOUS
10
1.6828957874015749
20
1.3860979527559054
11
1.6820755905511811
21
1.3933775196850393
0
LINE
8
BLACK
6
CONTINUOUS
10
1.6820755905511811
20
1.3933775196850393
11
1.6820755905511811
21
1.4066224803149605
0
LINE
8
BLACK
6
CONTINUOUS
10
1.6820755905511811
20
1.4066224803149605
11
1.6828957874015749
21
1.4139020078740157
0
LINE
8
BLACK
6
CONTINUOUS
10
1.6828957874015749
20
1.4139020078740157
11
1.6828957874015749
21
1.5045929527559054
0
LINE
8
BLACK
6
CONTINUOUS
10
1.6828957874015749
20
1.5045929527559054
11
1.591460748031496
21
1.5045929527559054
0
LINE
8
BLACK
6
CONTINUOUS
10
1.591460748031496
20
1.5045929527559054
11
1.591460748031496
21
1.2725726771653543
0
LINE
8
BLACK
6
CONTINUOUS
10
1.591460748031496
20
1.2725726771653543
11
1.5914607874015747
21
1.2725726771653543
0
LINE
8
BLACK
6
CONTINUOUS
10
1.4190131496062992
20
1.3700196456692912
11
1.4190129527559054
21
1.3700196062992125
0
LINE
8
BLACK
6
CONTINUOUS
10
1.4190129527559054
20
1.3700196062992125
11
1.4160905118110236
21
1.3694383464566928
0
LINE
8
BLACK
6
CONTINUOUS
10
1.4160905118110236
20
1.3694383464566928
11
1.4160904330708661
21
1.3694383070866141
0
LINE
8
BLACK
6
CONTINUOUS
10
1.4160904330708661
20
1.3694383070866141
11
1.4160903937007874
21
1.3694382677165353
0
LINE
8
BLACK
6
CONTINUOUS
10
1.4160903937007874
20
1.3694382677165353
11
1.412776220472441
21
1.367223779527559
0
LINE
8
BLACK
6
CONTINUOUS
10
1.412776220472441
20
1.367223779527559
11
1.410561653543307
21
1.3639094881889764
0
LINE
8
BLACK
6
CONTINUOUS
10
1.410561653543307
20
1.3639094881889764
11
1.4099803543307086
21
1.3609870078740156
0
LINE
8
BLACK
6
CONTINUOUS
10
1.4099803543307086
20
1.3609870078740156
11
1.4099803149606298
21
1.3609868897637796
0
LINE
8
BLACK
6
CONTINUOUS
10
1.4099803149606298
20
1.3609868897637796
11
1.4099803149606298
21
1.3498228346456693
0
LINE
8
BLACK
6
CONTINUOUS
10
1.4099803149606298
20
1.3498228346456693
11
1.4092359448818896
21
1.3475318503937008
0
LINE
8
BLACK
6
CONTINUOUS
10
1.4092359448818896
20
1.3475318503937008
11
1.4072871259842519
21
1.3461159448818898
0
LINE
8
BLACK
6
CONTINUOUS
10
1.4072871259842519
20
1.3461159448818898
11
1.4060826771653543
21
1.3459251968503936
0
LINE
8
BLACK
6
CONTINUOUS
10
1.4060826771653543
20
1.3459251968503936
11
1.393917283464567
21
1.3459251968503936
0
LINE
8
BLACK
6
CONTINUOUS
10
1.393917283464567
20
1.3459251968503936
11
1.3916262992125983
21
1.3466695669291338
0
LINE
8
BLACK
6
CONTINUOUS
10
1.3916262992125983
20
1.3466695669291338
11
1.3902103937007875
21
1.3486183858267715
0
LINE
8
BLACK
6
CONTINUOUS
10
1.3902103937007875
20
1.3486183858267715
11
1.3900196456692913
21
1.3498228346456693
0
LINE
8
BLACK
6
CONTINUOUS
10
1.3900196456692913
20
1.3498228346456693
11
1.3900196456692913
21
1.3609867322834646
0
LINE
8
BLACK
6
CONTINUOUS
10
1.3900196456692913
20
1.3609867322834646
11
1.3900196062992125
21
1.3609868897637796
0
LINE
8
BLACK
6
CONTINUOUS
10
1.3900196062992125
20
1.3609868897637796
11
1.3894383464566928
21
1.3639094881889764
0
LINE
8
BLACK
6
CONTINUOUS
10
1.3894383464566928
20
1.3639094881889764
11
1.387223779527559
21
1.367223779527559
0
LINE
8
BLACK
6
CONTINUOUS
10
1.387223779527559
20
1.367223779527559
11
1.3839094881889764
21
1.3694383464566928
0
LINE
8
BLACK
6
CONTINUOUS
10
1.3839094881889764
20
1.3694383464566928
11
1.3809868897637796
21
1.37001968503937
0
LINE
8
BLACK
6
CONTINUOUS
10
1.3809868897637796
20
1.37001968503937
11
1.3190131496062991
21
1.3700196456692912
0
LINE
8
BLACK
6
CONTINUOUS
10
1.3190131496062991
20
1.3700196456692912
11
1.3190129527559056
21
1.3700196062992125
0
LINE
8
BLACK
6
CONTINUOUS
10
1.3190129527559056
20
1.3700196062992125
11
1.3160905118110235
21
1.3694383464566928
0
LINE
8
BLACK
6
CONTINUOUS
10
1.3160905118110235
20
1.3694383464566928
11
1.316090433070866
21
1.3694383070866141
0
LINE
8
BLACK
6
CONTINUOUS
10
1.316090433070866
20
1.3694383070866141
11
1.3160903937007873
21
1.3694382677165353
0
LINE
8
BLACK
6
CONTINUOUS
10
1.3160903937007873
20
1.3694382677165353
11
1.3127762204724409
21
1.367223779527559
0
LINE
8
BLACK
6
CONTINUOUS
10
1.3127762204724409
20
1.367223779527559
11
1.3105616535433071
21
1.3639094881889764
0
LINE
8
BLACK
6
CONTINUOUS
10
1.3105616535433071
20
1.3639094881889764
11
1.3099803543307087
21
1.3609870078740156
0
LINE
8
BLACK
6
CONTINUOUS
10
1.3099803543307087
20
1.3609870078740156
11
1.3099803149606299
21
1.3609868503937008
0
LINE
8
BLACK
6
CONTINUOUS
10
1.3099803149606299
20
1.3609868503937008
11
1.3099803149606299
21
1.2990132283464566
0
LINE
8
BLACK
6
CONTINUOUS
10
1.3099803149606299
20
1.2990132283464566
11
1.3099803543307087
21
1.2990129527559056
0
LINE
8
BLACK
6
CONTINUOUS
10
1.3099803543307087
20
1.2990129527559056
11
1.3105616141732284
21
1.2960905118110235
0
LINE
8
BLACK
6
CONTINUOUS
10
1.3105616141732284
20
1.2960905118110235
11
1.3105616535433071
21
1.296090433070866
0
LINE
8
BLACK
6
CONTINUOUS
10
1.3105616535433071
20
1.296090433070866
11
1.3127761023622047
21
1.2927763385826772
0
LINE
8
BLACK
6
CONTINUOUS
10
1.3127761023622047
20
1.2927763385826772
11
1.3127762992125984
21
1.2927761417322834
0
LINE
8
BLACK
6
CONTINUOUS
10
1.3127762992125984
20
1.2927761417322834
11
1.3149857480314959
21
1.2912998425196851
0
LINE
8
BLACK
6
CONTINUOUS
10
1.3149857480314959
20
1.2912998425196851
11
1.3160905118110235
21
1.2905616535433071
0
LINE
8
BLACK
6
CONTINUOUS
10
1.3160905118110235
20
1.2905616535433071
11
1.3190131102362204
21
1.2899803149606299
0
LINE
8
BLACK
6
CONTINUOUS
10
1.3190131102362204
20
1.2899803149606299
11
1.3809867322834646
21
1.2899803149606299
0
LINE
8
BLACK
6
CONTINUOUS
10
1.3809867322834646
20
1.2899803149606299
11
1.3809870078740156
21
1.2899803543307087
0
LINE
8
BLACK
6
CONTINUOUS
10
1.3809870078740156
20
1.2899803543307087
11
1.3839094488188977
21
1.2905616141732283
0
LINE
8
BLACK
6
CONTINUOUS
10
1.3839094488188977
20
1.2905616141732283
11
1.3839095275590552
21
1.2905616535433071
0
LINE
8
BLACK
6
CONTINUOUS
10
1.3839095275590552
20
1.2905616535433071
11
1.387223622047244
21
1.2927761023622046
0
LINE
8
BLACK
6
CONTINUOUS
10
1.387223622047244
20
1.2927761023622046
11
1.3872236614173228
21
1.2927761417322834
0
LINE
8
BLACK
6
CONTINUOUS
10
1.3872236614173228
20
1.2927761417322834
11
1.387223779527559
21
1.2927762204724409
0
LINE
8
BLACK
6
CONTINUOUS
10
1.387223779527559
20
1.2927762204724409
11
1.3894383464566928
21
1.2960905118110235
0
LINE
8
BLACK
6
CONTINUOUS
10
1.3894383464566928
20
1.2960905118110235
11
1.39001968503937
21
1.2990131102362203
0
LINE
8
BLACK
6
CONTINUOUS
10
1.39001968503937
20
1.2990131102362203
11
1.39001968503937
21
1.3101771653543306
0
LINE
8
BLACK
6
CONTINUOUS
10
1.39001968503937
20
1.3101771653543306
11
1.3907640551181102
21
1.3124681496062991
0
LINE
8
BLACK
6
CONTINUOUS
10
1.3907640551181102
20
1.3124681496062991
11
1.3927128740157479
21
1.3138840551181101
0
LINE
8
BLACK
6
CONTINUOUS
10
1.3927128740157479
20
1.3138840551181101
11
1.3939173228346455
21
1.3140748031496063
0
LINE
8
BLACK
6
CONTINUOUS
10
1.3939173228346455
20
1.3140748031496063
11
1.406082716535433
21
1.3140748031496063
0
LINE
8
BLACK
6
CONTINUOUS
10
1.406082716535433
20
1.3140748031496063
11
1.4083737007874015
21
1.3133304330708662
0
LINE
8
BLACK
6
CONTINUOUS
10
1.4083737007874015
20
1.3133304330708662
11
1.4097896062992126
21
1.3113816141732284
0
LINE
8
BLACK
6
CONTINUOUS
10
1.4097896062992126
20
1.3113816141732284
11
1.4099803543307086
21
1.3101771653543306
0
LINE
8
BLACK
6
CONTINUOUS
10
1.4099803543307086
20
1.3101771653543306
11
1.4099803543307086
21
1.2990129527559056
0
LINE
8
BLACK
6
CONTINUOUS
10
1.4099803543307086
20
1.2990129527559056
11
1.4105616141732282
21
1.2960905118110235
0
LINE
8
BLACK
6
CONTINUOUS
10
1.4105616141732282
20
1.2960905118110235
11
1.410561653543307
21
1.296090433070866
0
LINE
8
BLACK
6
CONTINUOUS
10
1.410561653543307
20
1.296090433070866
11
1.4127761023622047
21
1.2927763385826772
0
LINE
8
BLACK
6
CONTINUOUS
10
1.4127761023622047
20
1.2927763385826772
11
1.4127762992125983
21
1.2927761417322834
0
LINE
8
BLACK
6
CONTINUOUS
10
1.4127762992125983
20
1.2927761417322834
11
1.414985748031496
21
1.2912998425196851
0
LINE
8
BLACK
6
CONTINUOUS
10
1.414985748031496
20
1.2912998425196851
11
1.4160905118110236
21
1.2905616535433071
0
LINE
8
BLACK
6
CONTINUOUS
10
1.4160905118110236
20
1.2905616535433071
11
1.4190131102362205
21
1.2899803149606299
0
LINE
8
BLACK
6
CONTINUOUS
10
1.4190131102362205
20
1.2899803149606299
11
1.4809867322834644
21
1.2899803149606299
0
LINE
8
BLACK
6
CONTINUOUS
10
1.4809867322834644
20
1.2899803149606299
11
1.4809870078740157
21
1.2899803543307087
0
LINE
8
BLACK
6
CONTINUOUS
10
1.4809870078740157
20
1.2899803543307087
11
1.4839094488188975
21
1.2905616141732283
0
LINE
8
BLACK
6
CONTINUOUS
10
1.4839094488188975
20
1.2905616141732283
11
1.483909527559055
21
1.2905616535433071
0
LINE
8
BLACK
6
CONTINUOUS
10
1.483909527559055
20
1.2905616535433071
11
1.4872236220472441
21
1.2927761023622046
0
LINE
8
BLACK
6
CONTINUOUS
10
1.4872236220472441
20
1.2927761023622046
11
1.4872236614173229
21
1.2927761417322834
0
LINE
8
BLACK
6
CONTINUOUS
10
1.4872236614173229
20
1.2927761417322834
11
1.4872237795275591
21
1.2927762204724409
0
LINE
8
BLACK
6
CONTINUOUS
10
1.4872237795275591
20
1.2927762204724409
11
1.4894383464566929
21
1.2960905118110235
0
LINE
8
BLACK
6
CONTINUOUS
10
1.4894383464566929
20
1.2960905118110235
11
1.4900196850393701
21
1.2990131102362203
0
LINE
8
BLACK
6
CONTINUOUS
10
1.4900196850393701
20
1.2990131102362203
11
1.4900196456692913
21
1.3609868503937008
0
LINE
8
BLACK
6
CONTINUOUS
10
1.4900196456692913
20
1.3609868503937008
11
1.4894383464566929
21
1.3639094881889764
0
LINE
8
BLACK
6
CONTINUOUS
10
1.4894383464566929
20
1.3639094881889764
11
1.4872237795275591
21
1.367223779527559
0
LINE
8
BLACK
6
CONTINUOUS
10
1.4872237795275591
20
1.367223779527559
11
1.4839094881889763
21
1.3694383464566928
0
LINE
8
BLACK
6
CONTINUOUS
10
1.4839094881889763
20
1.3694383464566928
11
1.4809868897637795
21
1.37001968503937
0
LINE
8
BLACK
6
CONTINUOUS
10
1.4809868897637795
20
1.37001968503937
11
1.4190131496062992
21
1.3700196456692912
0
LINE
8
BLACK
6
CONTINUOUS
10
1.4190131496062992
20
1.4700196456692913
11
1.4190129527559054
21
1.4700196062992126
0
LINE
8
BLACK
6
CONTINUOUS
10
1.4190129527559054
20
1.4700196062992126
11
1.4160905118110236
21
1.4694383464566929
0
LINE
8
BLACK
6
CONTINUOUS
10
1.4160905118110236
20
1.4694383464566929
11
1.4160904330708661
21
1.4694383070866142
0
LINE
8
BLACK
6
CONTINUOUS
10
1.4160904330708661
20
1.4694383070866142
11
1.4160903937007874
21
1.4694382677165354
0
LINE
8
BLACK
6
CONTINUOUS
10
1.4160903937007874
20
1.4694382677165354
11
1.412776220472441
21
1.4672237795275591
0
LINE
8
BLACK
6
CONTINUOUS
10
1.412776220472441
20
1.4672237795275591
11
1.410561653543307
21
1.4639094881889763
0
LINE
8
BLACK
6
CONTINUOUS
10
1.410561653543307
20
1.4639094881889763
11
1.4099803543307086
21
1.4609870078740157
0
LINE
8
BLACK
6
CONTINUOUS
10
1.4099803543307086
20
1.4609870078740157
11
1.4099803149606298
21
1.4609868897637794
0
LINE
8
BLACK
6
CONTINUOUS
10
1.4099803149606298
20
1.4609868897637794
11
1.4099803149606298
21
1.4498228346456692
0
LINE
8
BLACK
6
CONTINUOUS
10
1.4099803149606298
20
1.4498228346456692
11
1.4092359448818896
21
1.4475318503937007
0
LINE
8
BLACK
6
CONTINUOUS
10
1.4092359448818896
20
1.4475318503937007
11
1.4072871259842519
21
1.4461159448818897
0
LINE
8
BLACK
6
CONTINUOUS
10
1.4072871259842519
20
1.4461159448818897
11
1.4060826771653543
21
1.4459251968503937
0
LINE
8
BLACK
6
CONTINUOUS
10
1.4060826771653543
20
1.4459251968503937
11
1.393917283464567
21
1.4459251968503937
0
LINE
8
BLACK
6
CONTINUOUS
10
1.393917283464567
20
1.4459251968503937
11
1.3916262992125983
21
1.4466695669291338
0
LINE
8
BLACK
6
CONTINUOUS
10
1.3916262992125983
20
1.4466695669291338
11
1.3902103937007875
21
1.4486183858267716
0
LINE
8
BLACK
6
CONTINUOUS
10
1.3902103937007875
20
1.4486183858267716
11
1.3900196456692913
21
1.4498228346456692
0
LINE
8
BLACK
6
CONTINUOUS
10
1.3900196456692913
20
1.4498228346456692
11
1.3900196456692913
21
1.4609867322834644
0
LINE
8
BLACK
6
CONTINUOUS
10
1.3900196456692913
20
1.4609867322834644
11
1.3900196062992125
21
1.4609868897637794
0
LINE
8
BLACK
6
CONTINUOUS
10
1.3900196062992125
20
1.4609868897637794
11
1.3894383464566928
21
1.4639094881889763
0
LINE
8
BLACK
6
CONTINUOUS
10
1.3894383464566928
20
1.4639094881889763
11
1.387223779527559
21
1.4672237795275591
0
LINE
8
BLACK
6
CONTINUOUS
10
1.387223779527559
20
1.4672237795275591
11
1.3839094881889764
21
1.4694383464566929
0
LINE
8
BLACK
6
CONTINUOUS
10
1.3839094881889764
20
1.4694383464566929
11
1.3809868897637796
21
1.4700196850393701
0
LINE
8
BLACK
6
CONTINUOUS
10
1.3809868897637796
20
1.4700196850393701
11
1.3190131496062991
21
1.4700196456692913
0
LINE
8
BLACK
6
CONTINUOUS
10
1.3190131496062991
20
1.4700196456692913
11
1.3190129527559056
21
1.4700196062992126
0
LINE
8
BLACK
6
CONTINUOUS
10
1.3190129527559056
20
1.4700196062992126
11
1.3160905118110235
21
1.4694383464566929
0
LINE
8
BLACK
6
CONTINUOUS
10
1.3160905118110235
20
1.4694383464566929
11
1.316090433070866
21
1.4694383070866142
0
LINE
8
BLACK
6
CONTINUOUS
10
1.316090433070866
20
1.4694383070866142
11
1.3160903937007873
21
1.4694382677165354
0
LINE
8
BLACK
6
CONTINUOUS
10
1.3160903937007873
20
1.4694382677165354
11
1.3127762204724409
21
1.4672237795275591
0
LINE
8
BLACK
6
CONTINUOUS
10
1.3127762204724409
20
1.4672237795275591
11
1.3105616535433071
21
1.4639094881889763
0
LINE
8
BLACK
6
CONTINUOUS
10
1.3105616535433071
20
1.4639094881889763
11
1.3099803543307087
21
1.4609870078740157
0
LINE
8
BLACK
6
CONTINUOUS
10
1.3099803543307087
20
1.4609870078740157
11
1.3099803149606299
21
1.4609868503937007
0
LINE
8
BLACK
6
CONTINUOUS
10
1.3099803149606299
20
1.4609868503937007
11
1.3099803149606299
21
1.3990132283464567
0
LINE
8
BLACK
6
CONTINUOUS
10
1.3099803149606299
20
1.3990132283464567
11
1.3099803543307087
21
1.3990129527559054
0
LINE
8
BLACK
6
CONTINUOUS
10
1.3099803543307087
20
1.3990129527559054
11
1.3105616141732284
21
1.3960905118110236
0
LINE
8
BLACK
6
CONTINUOUS
10
1.3105616141732284
20
1.3960905118110236
11
1.3105616535433071
21
1.3960904330708661
0
LINE
8
BLACK
6
CONTINUOUS
10
1.3105616535433071
20
1.3960904330708661
11
1.3127761023622047
21
1.3927763385826772
0
LINE
8
BLACK
6
CONTINUOUS
10
1.3127761023622047
20
1.3927763385826772
11
1.3127762992125984
21
1.3927761417322835
0
LINE
8
BLACK
6
CONTINUOUS
10
1.3127762992125984
20
1.3927761417322835
11
1.3149857480314959
21
1.391299842519685
0
LINE
8
BLACK
6
CONTINUOUS
10
1.3149857480314959
20
1.391299842519685
11
1.3160905118110235
21
1.390561653543307
0
LINE
8
BLACK
6
CONTINUOUS
10
1.3160905118110235
20
1.390561653543307
11
1.3190131102362204
21
1.3899803149606298
0
LINE
8
BLACK
6
CONTINUOUS
10
1.3190131102362204
20
1.3899803149606298
11
1.3809867322834646
21
1.3899803149606298
0
LINE
8
BLACK
6
CONTINUOUS
10
1.3809867322834646
20
1.3899803149606298
11
1.3809870078740156
21
1.3899803543307085
0
LINE
8
BLACK
6
CONTINUOUS
10
1.3809870078740156
20
1.3899803543307085
11
1.3839094488188977
21
1.3905616141732282
0
LINE
8
BLACK
6
CONTINUOUS
10
1.3839094488188977
20
1.3905616141732282
11
1.3839095275590552
21
1.390561653543307
0
LINE
8
BLACK
6
CONTINUOUS
10
1.3839095275590552
20
1.390561653543307
11
1.387223622047244
21
1.3927761023622047
0
LINE
8
BLACK
6
CONTINUOUS
10
1.387223622047244
20
1.3927761023622047
11
1.3872236614173228
21
1.3927761417322835
0
LINE
8
BLACK
6
CONTINUOUS
10
1.3872236614173228
20
1.3927761417322835
11
1.387223779527559
21
1.392776220472441
0
LINE
8
BLACK
6
CONTINUOUS
10
1.387223779527559
20
1.392776220472441
11
1.3894383464566928
21
1.3960905118110236
0
LINE
8
BLACK
6
CONTINUOUS
10
1.3894383464566928
20
1.3960905118110236
11
1.39001968503937
21
1.3990131102362204
0
LINE
8
BLACK
6
CONTINUOUS
10
1.39001968503937
20
1.3990131102362204
11
1.39001968503937
21
1.4101771653543307
0
LINE
8
BLACK
6
CONTINUOUS
10
1.39001968503937
20
1.4101771653543307
11
1.3907640551181102
21
1.4124681496062992
0
LINE
8
BLACK
6
CONTINUOUS
10
1.3907640551181102
20
1.4124681496062992
11
1.3927128740157479
21
1.4138840551181102
0
LINE
8
BLACK
6
CONTINUOUS
10
1.3927128740157479
20
1.4138840551181102
11
1.3939173228346455
21
1.4140748031496062
0
LINE
8
BLACK
6
CONTINUOUS
10
1.3939173228346455
20
1.4140748031496062
11
1.406082716535433
21
1.4140748031496062
0
LINE
8
BLACK
6
CONTINUOUS
10
1.406082716535433
20
1.4140748031496062
11
1.4083737007874015
21
1.413330433070866
0
LINE
8
BLACK
6
CONTINUOUS
10
1.4083737007874015
20
1.413330433070866
11
1.4097896062992126
21
1.4113816141732283
0
LINE
8
BLACK
6
CONTINUOUS
10
1.4097896062992126
20
1.4113816141732283
11
1.4099803543307086
21
1.4101771653543307
0
LINE
8
BLACK
6
CONTINUOUS
10
1.4099803543307086
20
1.4101771653543307
11
1.4099803543307086
21
1.3990129527559054
0
LINE
8
BLACK
6
CONTINUOUS
10
1.4099803543307086
20
1.3990129527559054
11
1.4105616141732282
21
1.3960905118110236
0
LINE
8
BLACK
6
CONTINUOUS
10
1.4105616141732282
20
1.3960905118110236
11
1.410561653543307
21
1.3960904330708661
0
LINE
8
BLACK
6
CONTINUOUS
10
1.410561653543307
20
1.3960904330708661
11
1.4127761023622047
21
1.3927763385826772
0
LINE
8
BLACK
6
CONTINUOUS
10
1.4127761023622047
20
1.3927763385826772
11
1.4127762992125983
21
1.3927761417322835
0
LINE
8
BLACK
6
CONTINUOUS
10
1.4127762992125983
20
1.3927761417322835
11
1.414985748031496
21
1.391299842519685
0
LINE
8
BLACK
6
CONTINUOUS
10
1.414985748031496
20
1.391299842519685
11
1.4160905118110236
21
1.390561653543307
0
LINE
8
BLACK
6
CONTINUOUS
10
1.4160905118110236
20
1.390561653543307
11
1.4190131102362205
21
1.3899803149606298
0
LINE
8
BLACK
6
CONTINUOUS
10
1.4190131102362205
20
1.3899803149606298
11
1.4809867322834644
21
1.3899803149606298
0
LINE
8
BLACK
6
CONTINUOUS
10
1.4809867322834644
20
1.3899803149606298
11
1.4809870078740157
21
1.3899803543307085
0
LINE
8
BLACK
6
CONTINUOUS
10
1.4809870078740157
20
1.3899803543307085
11
1.4839094488188975
21
1.3905616141732282
0
LINE
8
BLACK
6
CONTINUOUS
10
1.4839094488188975
20
1.3905616141732282
11
1.483909527559055
21
1.390561653543307
0
LINE
8
BLACK
6
CONTINUOUS
10
1.483909527559055
20
1.390561653543307
11
1.4872236220472441
21
1.3927761023622047
0
LINE
8
BLACK
6
CONTINUOUS
10
1.4872236220472441
20
1.3927761023622047
11
1.4872236614173229
21
1.3927761417322835
0
LINE
8
BLACK
6
CONTINUOUS
10
1.4872236614173229
20
1.3927761417322835
11
1.4872237795275591
21
1.392776220472441
0
LINE
8
BLACK
6
CONTINUOUS
10
1.4872237795275591
20
1.392776220472441
11
1.4894383464566929
21
1.3960905118110236
0
LINE
8
BLACK
6
CONTINUOUS
10
1.4894383464566929
20
1.3960905118110236
11
1.4900196850393701
21
1.3990131102362204
0
LINE
8
BLACK
6
CONTINUOUS
10
1.4900196850393701
20
1.3990131102362204
11
1.4900196456692913
21
1.4609868503937007
0
LINE
8
BLACK
6
CONTINUOUS
10
1.4900196456692913
20
1.4609868503937007
11
1.4894383464566929
21
1.4639094881889763
0
LINE
8
BLACK
6
CONTINUOUS
10
1.4894383464566929
20
1.4639094881889763
11
1.4872237795275591
21
1.4672237795275591
0
LINE
8
BLACK
6
CONTINUOUS
10
1.4872237795275591
20
1.4672237795275591
11
1.4839094881889763
21
1.4694383464566929
0
LINE
8
BLACK
6
CONTINUOUS
10
1.4839094881889763
20
1.4694383464566929
11
1.4809868897637795
21
1.4700196850393701
0
LINE
8
BLACK
6
CONTINUOUS
10
1.4809868897637795
20
1.4700196850393701
11
1.4190131496062992
21
1.4700196456692913
0
CIRCLE
8
BLACK
10
0.1
20
0.98
40
0.0068897637795276
0
CIRCLE
8
BLACK
10
0.2
20
0.98
40
0.0068897637795276
0
CIRCLE
8
BLACK
10
0.1
20
1.0800000000000001
40
0.0068897637795276
0
CIRCLE
8
BLACK
10
0.2
20
1.0800000000000001
40
0.0068897637795276
0
CIRCLE
8
BLACK
10
0.1
20
1.1799999999999999
40
0.0068897637795276
0
CIRCLE
8
BLACK
10
0.2
20
1.1799999999999999
40
0.0068897637795276
0
CIRCLE
8
BLACK
10
1.3499999999999999
20
1.03
40
0.0068897637795276
0
CIRCLE
8
BLACK
10
1.45
20
1.03
40
0.0068897637795276
0
CIRCLE
8
BLACK
10
1.75
20
1.1699999999999999
40
0.0068897637795276
0
CIRCLE
8
BLACK
10
1.8499999999999999
20
1.1699999999999999
40
0.0068897637795276
0
CIRCLE
8
BLACK
10
1.75
20
1.0700000000000001
40
0.0068897637795276
0
CIRCLE
8
BLACK
10
1.8499999999999999
20
1.0700000000000001
40
0.0068897637795276
0
CIRCLE
8
BLACK
10
1.1899999999999999
20
0.21
40
0.0068897637795276
0
CIRCLE
8
BLACK
10
1.1899999999999999
20
0.31
40
0.0068897637795276
0
CIRCLE
8
BLACK
10
1.3499999999999999
20
1.1299999999999999
40
0.0068897637795276
0
CIRCLE
8
BLACK
10
1.45
20
1.1299999999999999
40
0.0068897637795276
0
CIRCLE
8
BLACK
10
1.3499999999999999
20
1.3300000000000001
40
0.0068897637795276
0
CIRCLE
8
BLACK
10
1.45
20
1.3300000000000001
40
0.0068897637795276
0
CIRCLE
8
BLACK
10
1.3499999999999999
20
1.4299999999999999
40
0.0068897637795276
0
CIRCLE
8
BLACK
10
1.45
20
1.4299999999999999
40
0.0068897637795276
0
CIRCLE
8
BLACK
10
0.99
20
0.21
40
0.0068897637795276
0
CIRCLE
8
BLACK
10
0.99
20
0.31
40
0.0068897637795276
0
CIRCLE
8
BLACK
10
1.0900000000000001
20
0.31
40
0.0068897637795276
0
CIRCLE
8
BLACK
10
1.0900000000000001
20
0.21
40
0.0068897637795276
0
CIRCLE
8
BLACK
10
0.2
20
0.2
40
0.0068897637795276
0
CIRCLE
8
BLACK
10
0.2
20
1.3999999999999999
40
0.0068897637795276
0
CIRCLE
8
BLACK
10
1.8
20
0.2
40
0.0068897637795276
0
CIRCLE
8
BLACK
10
1.8
20
1.3999999999999999
40
0.0068897637795276
0
CIRCLE
8
BLACK
10
0.47
20
0.15
40
0.0068897637795276
0
CIRCLE
8
BLACK
10
0.47
20
0.25
40
0.0068897637795276
0
CIRCLE
8
BLACK
10
0.57
20
0.15
40
0.0068897637795276
0
CIRCLE
8
BLACK
10
0.57
20
0.25
40
0.0068897637795276
0
CIRCLE
8
BLACK
10
1.3499999999999999
20
1.23
40
0.0068897637795276
0
CIRCLE
8
BLACK
10
1.45
20
1.23
40
0.0068897637795276
0
CIRCLE
8
BLACK
10
0.54
20
1.3868503937007874
40
0.0068897637795276
0
CIRCLE
8
BLACK
10
0.54
20
1.1899999999999999
40
0.0068897637795276
0
CIRCLE
8
BLACK
10
0.74
20
1.3868503937007874
40
0.0068897637795276
0
CIRCLE
8
BLACK
10
0.74
20
1.1899999999999999
40
0.0068897637795276
0
CIRCLE
8
BLACK
10
1.05
20
1.2356
40
0.0068897637795276
0
CIRCLE
8
BLACK
10
1.05
20
1.3144
40
0.0068897637795276
0
CIRCLE
8
BLACK
10
0.4068503937007874
20
0.72
40
0.0068897637795276
0
CIRCLE
8
BLACK
10
0.21
20
0.72
40
0.0068897637795276
0
CIRCLE
8
BLACK
10
0.4068503937007874
20
0.5231496062992126
40
0.0068897637795276
0
CIRCLE
8
BLACK
10
0.21
20
0.5231496062992126
40
0.0068897637795276
0
CIRCLE
8
BLACK
10
1.5931496062992125
20
0.79
40
0.0068897637795276
0
CIRCLE
8
BLACK
10
1.79
20
0.79
40
0.0068897637795276
0
CIRCLE
8
BLACK
10
1.5931496062992125
20
0.5931496062992125
40
0.0068897637795276
0
CIRCLE
8
BLACK
10
1.79
20
0.5931496062992125
40
0.0068897637795276
0
CIRCLE
8
BLACK
10
1.29
20
0.31
40
0.0068897637795276
0
CIRCLE
8
BLACK
10
1.29
20
0.21
40
0.0068897637795276
0
CIRCLE
8
BLACK
10
0.79
20
0.52
40
0.0125
0
CIRCLE
8
BLACK
10
1.0600000000000001
20
0.52
40
0.0125
0
CIRCLE
8
BLACK
10
1.2249998425196851
20
0.475
40
0.0125
0
CIRCLE
8
BLACK
10
1.0349999999999999
20
0.785
40
0.0125
0
CIRCLE
8
BLACK
10
0.975
20
0.7
40
0.0125
0
CIRCLE
8
BLACK
10
0.765
20
0.08
40
0.0125
0
CIRCLE
8
BLACK
10
0.875
20
0.635
40
0.0125
0
CIRCLE
8
BLACK
10
0.9399999999999999
20
0.64
40
0.0125
0
CIRCLE
8
BLACK
10
0.875
20
0.7
40
0.0125
0
CIRCLE
8
BLACK
10
0.9249999999999999
20
0.8149999999999999
40
0.0125
0
CIRCLE
8
BLACK
10
1.145
20
0.72
40
0.0125
0
CIRCLE
8
BLACK
10
1.2949999999999999
20
0.155
40
0.0125
0
CIRCLE
8
BLACK
10
1.0049999999999999
20
1.375
40
0.0125
0
CIRCLE
8
BLACK
10
0.98
20
0.75
40
0.0125
0
CIRCLE
8
BLACK
10
0.765117125984252
20
0.1601728346456693
40
0.0125
0
CIRCLE
8
BLACK
10
1.0600000000000001
20
0.64
40
0.0125
0
CIRCLE
8
BLACK
10
1.105
20
0.6749999999999999
40
0.0125
0
CIRCLE
8
BLACK
10
0.875
20
0.765
40
0.0125
0
CIRCLE
8
BLACK
10
1.0549999999999999
20
1.4749999999999999
40
0.0125
0
CIRCLE
8
BLACK
10
1.03
20
0.71
40
0.0125
0
CIRCLE
8
BLACK
10
0.9199999999999999
20
0.7
40
0.0125
0
CIRCLE
8
BLACK
10
1.2552160236220473
20
0.1502160236220473
40
0.0125
0
CIRCLE
8
BLACK
10
0.9249999999999999
20
0.76
40
0.0125
0
CIRCLE
8
BLACK
10
0.54
20
0.965
40
0.0125
0
CIRCLE
8
BLACK
10
0.875
20
0.8149999999999999
40
0.0125
0
CIRCLE
8
BLACK
10
1.1939
20
0.72
40
0.0125
0
CIRCLE
8
BLACK
10
0.985
20
0.8049999999999999
40
0.0125
0
CIRCLE
8
BLACK
10
1.105
20
0.775
40
0.0125
0
CIRCLE
8
BLACK
10
1.0049999999999999
20
1.4299999999999999
40
0.0125
0
CIRCLE
8
BLACK
10
0.54
20
1.0800000000000001
40
0.0125
0
CIRCLE
8
BLACK
10
0.43
20
0.9299999999999999
40
0.0125
0
CIRCLE
8
BLACK
10
1.54
20
1.2349999999999999
40
0.0125
0
CIRCLE
8
BLACK
10
0.87
20
1.1299999999999999
40
0.0125
0
CIRCLE
8
BLACK
10
1.3100000000000001
20
0.1
40
0.0125
0
CIRCLE
8
BLACK
10
1.03
20
0.9199999999999999
40
0.0125
0
CIRCLE
8
BLACK
10
1.0194631889763779
20
1.0455368503937008
40
0.0125
0
CIRCLE
8
BLACK
10
1.0702492913385826
20
0.8998753543307086
40
0.0125
0
CIRCLE
8
BLACK
10
0.985
20
0.9199999999999999
40
0.0125
0
CIRCLE
8
BLACK
10
0.9261215748031496
20
1.0488785433070866
40
0.0125
0
CIRCLE
8
BLACK
10
0.88
20
1.05
40
0.0125
0
CIRCLE
8
BLACK
10
0.9
20
0.9199999999999999
40
0.0125
0
CIRCLE
8
BLACK
10
0.9325004330708662
20
0.35
40
0.0125
0
CIRCLE
8
BLACK
10
0.89
20
0.39
40
0.0125
0
CIRCLE
8
BLACK
10
1.53
20
0.44
40
0.0125
0
CIRCLE
8
BLACK
10
1.3599999999999999
20
0.44
40
0.0125
0
CIRCLE
8
BLACK
10
1.1394454724409449
20
0.3594454724409449
40
0.0125
  0
ENDSEC
  0
EOF
