  0
SECTION
  2
HEADER
  9
$ANGBASE
  50
0.0
  9
$ANGDIR
  70
1
  9
$MEASUREMENT
  70
0
  0
ENDSEC
  0
SECTION
  2
TABLES
  0
TABLE
  2
LTYPE
  70
4
  0
LTYPE
  5
40F
  2
CONTINUOUS
  70
0
  3
Solid line
  72
65
  73
0
  40
0.0
  0
LTYPE
  5
410
  2
DASHDOT
 70
0
  3
Dash Dot ____ _ ____ _
 72
65
 73
4
 40
2.0
 49
1.25
 49
-0.25
 49
0.25
 49
-0.25
  0
LTYPE
  5
411
  2
DASHED
 70
0
  3
Dashed __ __ __ __ __
 72
65
 73
2
 40
0.75
 49
0.5
 49
-0.25
  0
LTYPE
  5
43B
  2
DOTTED
 70
0
  3
Dotted .  .  .  .
 72
65
 73
2
 40
0.2
 49
0.0
 49
-0.2
  0
ENDTAB
  0
TABLE
  2
STYLE
  70
4
  0
STYLE
  2
KICAD
  70
0
  40
0
  41
1
  42
1
  50
0
  71
0
  3
isocp.shx
  0
STYLE
  2
KICADB
  70
0
  40
0
  41
1
  42
1
  50
0
  71
0
  3
isocp.shx
  0
STYLE
  2
KICADI
  70
0
  40
0
  41
1
  42
1
  50
15
  71
0
  3
isocp.shx
  0
STYLE
  2
KICADBI
  70
0
  40
0
  41
1
  42
1
  50
15
  71
0
  3
isocp.shx
  0
ENDTAB
  0
TABLE
  2
LAYER
  70
1
  0
LAYER
  2
BLACK
  70
0
  62
7
  6
CONTINUOUS
  0
ENDTAB
  0
ENDSEC
  0
SECTION
  2
ENTITIES
0
LINE
8
BLACK
6
CONTINUOUS
10
1.947301968503937
20
1.7687570472440945
11
1.9483762992125984
21
1.7683257086614173
0
LINE
8
BLACK
6
CONTINUOUS
10
1.9483762992125984
20
1.7683257086614173
11
1.9840944881889764
21
1.749731968503937
0
LINE
8
BLACK
6
CONTINUOUS
10
1.9840944881889764
20
1.749731968503937
11
1.9840944881889764
21
1.763087401574803
0
LINE
8
BLACK
6
CONTINUOUS
10
1.9840944881889764
20
1.763087401574803
11
1.9842079527559056
21
1.764239527559055
0
LINE
8
BLACK
6
CONTINUOUS
10
1.9842079527559056
20
1.764239527559055
11
1.9850897637795275
21
1.7663683464566928
0
LINE
8
BLACK
6
CONTINUOUS
10
1.9850897637795275
20
1.7663683464566928
11
1.9867190551181102
21
1.7679976377952755
0
LINE
8
BLACK
6
CONTINUOUS
10
1.9867190551181102
20
1.7679976377952755
11
1.988847874015748
21
1.7688794488188977
0
LINE
8
BLACK
6
CONTINUOUS
10
1.988847874015748
20
1.7688794488188977
11
1.991152125984252
21
1.7688794488188977
0
LINE
8
BLACK
6
CONTINUOUS
10
1.991152125984252
20
1.7688794488188977
11
1.9932809448818898
21
1.7679976377952755
0
LINE
8
BLACK
6
CONTINUOUS
10
1.9932809448818898
20
1.7679976377952755
11
1.9949102362204725
21
1.7663683464566928
0
LINE
8
BLACK
6
CONTINUOUS
10
1.9949102362204725
20
1.7663683464566928
11
1.9957920472440944
21
1.764239527559055
0
LINE
8
BLACK
6
CONTINUOUS
10
1.9957920472440944
20
1.764239527559055
11
1.9959055118110236
21
1.763087401574803
0
LINE
8
BLACK
6
CONTINUOUS
10
1.9959055118110236
20
1.763087401574803
11
1.9959055118110236
21
1.5959055118110237
0
LINE
8
BLACK
6
CONTINUOUS
10
1.9959055118110236
20
1.5959055118110237
11
2.1530874015748029
21
1.5959055118110237
0
LINE
8
BLACK
6
CONTINUOUS
10
2.1530874015748029
20
1.5959055118110237
11
2.1542395275590551
21
1.5957920472440945
0
LINE
8
BLACK
6
CONTINUOUS
10
2.1542395275590551
20
1.5957920472440945
11
2.1563683464566927
21
1.5949102362204723
0
LINE
8
BLACK
6
CONTINUOUS
10
2.1563683464566927
20
1.5949102362204723
11
2.1579976377952756
21
1.5932809448818896
0
LINE
8
BLACK
6
CONTINUOUS
10
2.1579976377952756
20
1.5932809448818896
11
2.1588794488188974
21
1.591152125984252
0
LINE
8
BLACK
6
CONTINUOUS
10
2.1588794488188974
20
1.591152125984252
11
2.1588794488188974
21
1.5888478740157479
0
LINE
8
BLACK
6
CONTINUOUS
10
2.1588794488188974
20
1.5888478740157479
11
2.1579976377952756
21
1.5867190551181103
0
LINE
8
BLACK
6
CONTINUOUS
10
2.1579976377952756
20
1.5867190551181103
11
2.1563683464566927
21
1.5850897637795276
0
LINE
8
BLACK
6
CONTINUOUS
10
2.1563683464566927
20
1.5850897637795276
11
2.1542395275590551
21
1.5842079527559054
0
LINE
8
BLACK
6
CONTINUOUS
10
2.1542395275590551
20
1.5842079527559054
11
2.1530874015748029
21
1.5840944881889762
0
LINE
8
BLACK
6
CONTINUOUS
10
2.1530874015748029
20
1.5840944881889762
11
2.1397320078740156
21
1.5840944881889762
0
LINE
8
BLACK
6
CONTINUOUS
10
2.1397320078740156
20
1.5840944881889762
11
2.1583256692913384
21
1.5483763385826772
0
LINE
8
BLACK
6
CONTINUOUS
10
2.1583256692913384
20
1.5483763385826772
11
2.1587570472440945
21
1.5473019685039369
0
LINE
8
BLACK
6
CONTINUOUS
10
2.1587570472440945
20
1.5473019685039369
11
2.158957834645669
21
1.5450065354330709
0
LINE
8
BLACK
6
CONTINUOUS
10
2.158957834645669
20
1.5450065354330709
11
2.1582649606299213
21
1.5428090157480314
0
LINE
8
BLACK
6
CONTINUOUS
10
2.1582649606299213
20
1.5428090157480314
11
2.1567838582677163
21
1.5410438582677164
0
LINE
8
BLACK
6
CONTINUOUS
10
2.1567838582677163
20
1.5410438582677164
11
2.1547399606299211
21
1.5399798425196849
0
LINE
8
BLACK
6
CONTINUOUS
10
2.1547399606299211
20
1.5399798425196849
11
2.1524444881889764
21
1.5397790551181103
0
LINE
8
BLACK
6
CONTINUOUS
10
2.1524444881889764
20
1.5397790551181103
11
2.1502469685039372
21
1.5404719291338582
0
LINE
8
BLACK
6
CONTINUOUS
10
2.1502469685039372
20
1.5404719291338582
11
2.1484818110236219
21
1.541953031496063
0
LINE
8
BLACK
6
CONTINUOUS
10
2.1484818110236219
20
1.541953031496063
11
2.1478491732283462
21
1.5429225984251969
0
LINE
8
BLACK
6
CONTINUOUS
10
2.1478491732283462
20
1.5429225984251969
11
2.1359055118110235
21
1.5658661417322834
0
LINE
8
BLACK
6
CONTINUOUS
10
2.1359055118110235
20
1.5658661417322834
11
2.1359055118110235
21
0.0341338188976378
0
LINE
8
BLACK
6
CONTINUOUS
10
2.1359055118110235
20
0.0341338188976378
11
2.1478491732283462
21
0.0570774015748031
0
LINE
8
BLACK
6
CONTINUOUS
10
2.1478491732283462
20
0.0570774015748031
11
2.1484818110236219
21
0.058046968503937
0
LINE
8
BLACK
6
CONTINUOUS
10
2.1484818110236219
20
0.058046968503937
11
2.1502469685039372
21
0.0595280708661417
0
LINE
8
BLACK
6
CONTINUOUS
10
2.1502469685039372
20
0.0595280708661417
11
2.1524444881889764
21
0.0602209448818898
0
LINE
8
BLACK
6
CONTINUOUS
10
2.1524444881889764
20
0.0602209448818898
11
2.1547399606299211
21
0.060020157480315
0
LINE
8
BLACK
6
CONTINUOUS
10
2.1547399606299211
20
0.060020157480315
11
2.1567838582677163
21
0.0589561417322835
0
LINE
8
BLACK
6
CONTINUOUS
10
2.1567838582677163
20
0.0589561417322835
11
2.1582649606299213
21
0.0571909842519685
0
LINE
8
BLACK
6
CONTINUOUS
10
2.1582649606299213
20
0.0571909842519685
11
2.158957834645669
21
0.0549934645669291
0
LINE
8
BLACK
6
CONTINUOUS
10
2.158957834645669
20
0.0549934645669291
11
2.1587570472440945
21
0.052698031496063
0
LINE
8
BLACK
6
CONTINUOUS
10
2.1587570472440945
20
0.052698031496063
11
2.1583256692913384
21
0.0516236614173228
0
LINE
8
BLACK
6
CONTINUOUS
10
2.1583256692913384
20
0.0516236614173228
11
2.1397320078740156
21
0.0159055118110236
0
LINE
8
BLACK
6
CONTINUOUS
10
2.1397320078740156
20
0.0159055118110236
11
2.1530874015748029
21
0.0159055118110236
0
LINE
8
BLACK
6
CONTINUOUS
10
2.1530874015748029
20
0.0159055118110236
11
2.1542395275590551
21
0.0157920472440945
0
LINE
8
BLACK
6
CONTINUOUS
10
2.1542395275590551
20
0.0157920472440945
11
2.1563683464566927
21
0.0149102362204724
0
LINE
8
BLACK
6
CONTINUOUS
10
2.1563683464566927
20
0.0149102362204724
11
2.1579976377952756
21
0.0132809448818898
0
LINE
8
BLACK
6
CONTINUOUS
10
2.1579976377952756
20
0.0132809448818898
11
2.1588794488188974
21
0.011152125984252
0
LINE
8
BLACK
6
CONTINUOUS
10
2.1588794488188974
20
0.011152125984252
11
2.1588794488188974
21
0.008847874015748
0
LINE
8
BLACK
6
CONTINUOUS
10
2.1588794488188974
20
0.008847874015748
11
2.1579976377952756
21
0.0067190551181102
0
LINE
8
BLACK
6
CONTINUOUS
10
2.1579976377952756
20
0.0067190551181102
11
2.1563683464566927
21
0.0050897637795276
0
LINE
8
BLACK
6
CONTINUOUS
10
2.1563683464566927
20
0.0050897637795276
11
2.1542395275590551
21
0.0042079527559055
0
LINE
8
BLACK
6
CONTINUOUS
10
2.1542395275590551
20
0.0042079527559055
11
2.1530874015748029
21
0.0040944881889764
0
LINE
8
BLACK
6
CONTINUOUS
10
2.1530874015748029
20
0.0040944881889764
11
1.99
21
0.0040944881889764
0
LINE
8
BLACK
6
CONTINUOUS
10
1.99
20
0.0040944881889764
11
1.988847874015748
21
0.0042079527559055
0
LINE
8
BLACK
6
CONTINUOUS
10
1.988847874015748
20
0.0042079527559055
11
1.9867190551181102
21
0.0050897637795276
0
LINE
8
BLACK
6
CONTINUOUS
10
1.9867190551181102
20
0.0050897637795276
11
1.9850897637795275
21
0.0067190551181102
0
LINE
8
BLACK
6
CONTINUOUS
10
1.9850897637795275
20
0.0067190551181102
11
1.9842079527559056
21
0.008847874015748
0
LINE
8
BLACK
6
CONTINUOUS
10
1.9842079527559056
20
0.008847874015748
11
1.9842079527559056
21
0.011152125984252
0
LINE
8
BLACK
6
CONTINUOUS
10
1.9842079527559056
20
0.011152125984252
11
1.9850897637795275
21
0.0132809448818898
0
LINE
8
BLACK
6
CONTINUOUS
10
1.9850897637795275
20
0.0132809448818898
11
1.9867190551181102
21
0.0149102362204724
0
LINE
8
BLACK
6
CONTINUOUS
10
1.9867190551181102
20
0.0149102362204724
11
1.988847874015748
21
0.0157920472440945
0
LINE
8
BLACK
6
CONTINUOUS
10
1.988847874015748
20
0.0157920472440945
11
1.99
21
0.0159055118110236
0
LINE
8
BLACK
6
CONTINUOUS
10
1.99
20
0.0159055118110236
11
2.1202679921259842
21
0.0159055118110236
0
LINE
8
BLACK
6
CONTINUOUS
10
2.1202679921259842
20
0.0159055118110236
11
2.1016742913385826
21
0.0516237007874016
0
LINE
8
BLACK
6
CONTINUOUS
10
2.1016742913385826
20
0.0516237007874016
11
2.1012429527559053
21
0.052698031496063
0
LINE
8
BLACK
6
CONTINUOUS
10
2.1012429527559053
20
0.052698031496063
11
2.1010421653543307
21
0.0549935039370079
0
LINE
8
BLACK
6
CONTINUOUS
10
2.1010421653543307
20
0.0549935039370079
11
2.1017350393700789
21
0.0571910236220472
0
LINE
8
BLACK
6
CONTINUOUS
10
2.1017350393700789
20
0.0571910236220472
11
2.1032161417322834
21
0.0589561811023622
0
LINE
8
BLACK
6
CONTINUOUS
10
2.1032161417322834
20
0.0589561811023622
11
2.1052600393700787
21
0.060020157480315
0
LINE
8
BLACK
6
CONTINUOUS
10
2.1052600393700787
20
0.060020157480315
11
2.1075555118110234
21
0.0602209448818898
0
LINE
8
BLACK
6
CONTINUOUS
10
2.1075555118110234
20
0.0602209448818898
11
2.1097530314960631
21
0.0595280708661417
0
LINE
8
BLACK
6
CONTINUOUS
10
2.1097530314960631
20
0.0595280708661417
11
2.1115181889763779
21
0.058046968503937
0
LINE
8
BLACK
6
CONTINUOUS
10
2.1115181889763779
20
0.058046968503937
11
2.1121508267716536
21
0.0570774015748031
0
LINE
8
BLACK
6
CONTINUOUS
10
2.1121508267716536
20
0.0570774015748031
11
2.1240944881889763
21
0.0341338188976378
0
LINE
8
BLACK
6
CONTINUOUS
10
2.1240944881889763
20
0.0341338188976378
11
2.1240944881889763
21
1.5658661417322834
0
LINE
8
BLACK
6
CONTINUOUS
10
2.1240944881889763
20
1.5658661417322834
11
2.1121508267716536
21
1.5429225984251969
0
LINE
8
BLACK
6
CONTINUOUS
10
2.1121508267716536
20
1.5429225984251969
11
2.1115181889763779
21
1.541953031496063
0
LINE
8
BLACK
6
CONTINUOUS
10
2.1115181889763779
20
1.541953031496063
11
2.1097530314960631
21
1.5404719291338582
0
LINE
8
BLACK
6
CONTINUOUS
10
2.1097530314960631
20
1.5404719291338582
11
2.1075555118110234
21
1.5397790551181103
0
LINE
8
BLACK
6
CONTINUOUS
10
2.1075555118110234
20
1.5397790551181103
11
2.1052600393700787
21
1.5399798425196849
0
LINE
8
BLACK
6
CONTINUOUS
10
2.1052600393700787
20
1.5399798425196849
11
2.1032161417322834
21
1.5410438188976379
0
LINE
8
BLACK
6
CONTINUOUS
10
2.1032161417322834
20
1.5410438188976379
11
2.1017350393700789
21
1.5428089763779527
0
LINE
8
BLACK
6
CONTINUOUS
10
2.1017350393700789
20
1.5428089763779527
11
2.1010421653543307
21
1.5450064960629921
0
LINE
8
BLACK
6
CONTINUOUS
10
2.1010421653543307
20
1.5450064960629921
11
2.1012429527559053
21
1.5473019685039369
0
LINE
8
BLACK
6
CONTINUOUS
10
2.1012429527559053
20
1.5473019685039369
11
2.1016742913385826
21
1.5483762992125985
0
LINE
8
BLACK
6
CONTINUOUS
10
2.1016742913385826
20
1.5483762992125985
11
2.1202679921259842
21
1.5840944881889762
0
LINE
8
BLACK
6
CONTINUOUS
10
2.1202679921259842
20
1.5840944881889762
11
1.99
21
1.5840944881889762
0
LINE
8
BLACK
6
CONTINUOUS
10
1.99
20
1.5840944881889762
11
1.988847874015748
21
1.5842079527559054
0
LINE
8
BLACK
6
CONTINUOUS
10
1.988847874015748
20
1.5842079527559054
11
1.9867190551181102
21
1.5850897637795276
0
LINE
8
BLACK
6
CONTINUOUS
10
1.9867190551181102
20
1.5850897637795276
11
1.9850897637795275
21
1.5867190551181103
0
LINE
8
BLACK
6
CONTINUOUS
10
1.9850897637795275
20
1.5867190551181103
11
1.9842079527559056
21
1.5888478740157479
0
LINE
8
BLACK
6
CONTINUOUS
10
1.9842079527559056
20
1.5888478740157479
11
1.9840944881889764
21
1.5899999999999999
0
LINE
8
BLACK
6
CONTINUOUS
10
1.9840944881889764
20
1.5899999999999999
11
1.9840944881889764
21
1.7302679921259843
0
LINE
8
BLACK
6
CONTINUOUS
10
1.9840944881889764
20
1.7302679921259843
11
1.9483762992125984
21
1.7116742913385827
0
LINE
8
BLACK
6
CONTINUOUS
10
1.9483762992125984
20
1.7116742913385827
11
1.947301968503937
21
1.7112429527559054
0
LINE
8
BLACK
6
CONTINUOUS
10
1.947301968503937
20
1.7112429527559054
11
1.945006496062992
21
1.7110421653543306
0
LINE
8
BLACK
6
CONTINUOUS
10
1.945006496062992
20
1.7110421653543306
11
1.9428089763779528
21
1.7117350393700788
0
LINE
8
BLACK
6
CONTINUOUS
10
1.9428089763779528
20
1.7117350393700788
11
1.9410438188976378
21
1.7132161417322833
0
LINE
8
BLACK
6
CONTINUOUS
10
1.9410438188976378
20
1.7132161417322833
11
1.939979842519685
21
1.7152600393700788
0
LINE
8
BLACK
6
CONTINUOUS
10
1.939979842519685
20
1.7152600393700788
11
1.9397790551181102
21
1.7175555118110235
0
LINE
8
BLACK
6
CONTINUOUS
10
1.9397790551181102
20
1.7175555118110235
11
1.9404719291338581
21
1.719753031496063
0
LINE
8
BLACK
6
CONTINUOUS
10
1.9404719291338581
20
1.719753031496063
11
1.9419530314960629
21
1.721518188976378
0
LINE
8
BLACK
6
CONTINUOUS
10
1.9419530314960629
20
1.721518188976378
11
1.9429225984251968
21
1.7221508267716534
0
LINE
8
BLACK
6
CONTINUOUS
10
1.9429225984251968
20
1.7221508267716534
11
1.9658661811023621
21
1.7340944881889764
0
LINE
8
BLACK
6
CONTINUOUS
10
1.9658661811023621
20
1.7340944881889764
11
0.0341338582677165
21
1.7340944881889764
0
LINE
8
BLACK
6
CONTINUOUS
10
0.0341338582677165
20
1.7340944881889764
11
0.0570774015748031
21
1.7221508267716534
0
LINE
8
BLACK
6
CONTINUOUS
10
0.0570774015748031
20
1.7221508267716534
11
0.058046968503937
21
1.721518188976378
0
LINE
8
BLACK
6
CONTINUOUS
10
0.058046968503937
20
1.721518188976378
11
0.0595280708661417
21
1.719753031496063
0
LINE
8
BLACK
6
CONTINUOUS
10
0.0595280708661417
20
1.719753031496063
11
0.0602209448818898
21
1.7175555118110235
0
LINE
8
BLACK
6
CONTINUOUS
10
0.0602209448818898
20
1.7175555118110235
11
0.060020157480315
21
1.7152600393700788
0
LINE
8
BLACK
6
CONTINUOUS
10
0.060020157480315
20
1.7152600393700788
11
0.0589561417322835
21
1.7132161417322833
0
LINE
8
BLACK
6
CONTINUOUS
10
0.0589561417322835
20
1.7132161417322833
11
0.0571909842519685
21
1.7117350393700788
0
LINE
8
BLACK
6
CONTINUOUS
10
0.0571909842519685
20
1.7117350393700788
11
0.0549934645669291
21
1.7110421653543306
0
LINE
8
BLACK
6
CONTINUOUS
10
0.0549934645669291
20
1.7110421653543306
11
0.052698031496063
21
1.7112429527559054
0
LINE
8
BLACK
6
CONTINUOUS
10
0.052698031496063
20
1.7112429527559054
11
0.0516236614173228
21
1.7116743307086615
0
LINE
8
BLACK
6
CONTINUOUS
10
0.0516236614173228
20
1.7116743307086615
11
0.0159055118110236
21
1.7302679921259843
0
LINE
8
BLACK
6
CONTINUOUS
10
0.0159055118110236
20
1.7302679921259843
11
0.0159055118110236
21
1.5899999999999999
0
LINE
8
BLACK
6
CONTINUOUS
10
0.0159055118110236
20
1.5899999999999999
11
0.0157920472440945
21
1.5888478740157479
0
LINE
8
BLACK
6
CONTINUOUS
10
0.0157920472440945
20
1.5888478740157479
11
0.0149102362204724
21
1.5867190551181103
0
LINE
8
BLACK
6
CONTINUOUS
10
0.0149102362204724
20
1.5867190551181103
11
0.0132809448818898
21
1.5850897637795276
0
LINE
8
BLACK
6
CONTINUOUS
10
0.0132809448818898
20
1.5850897637795276
11
0.011152125984252
21
1.5842079527559054
0
LINE
8
BLACK
6
CONTINUOUS
10
0.011152125984252
20
1.5842079527559054
11
0.008847874015748
21
1.5842079527559054
0
LINE
8
BLACK
6
CONTINUOUS
10
0.008847874015748
20
1.5842079527559054
11
0.0067190551181102
21
1.5850897637795276
0
LINE
8
BLACK
6
CONTINUOUS
10
0.0067190551181102
20
1.5850897637795276
11
0.0050897637795276
21
1.5867190551181103
0
LINE
8
BLACK
6
CONTINUOUS
10
0.0050897637795276
20
1.5867190551181103
11
0.0042079527559055
21
1.5888478740157479
0
LINE
8
BLACK
6
CONTINUOUS
10
0.0042079527559055
20
1.5888478740157479
11
0.0040944881889764
21
1.5899999999999999
0
LINE
8
BLACK
6
CONTINUOUS
10
0.0040944881889764
20
1.5899999999999999
11
0.0040944881889764
21
1.763087401574803
0
LINE
8
BLACK
6
CONTINUOUS
10
0.0040944881889764
20
1.763087401574803
11
0.0042079527559055
21
1.764239527559055
0
LINE
8
BLACK
6
CONTINUOUS
10
0.0042079527559055
20
1.764239527559055
11
0.0050897637795276
21
1.7663683464566928
0
LINE
8
BLACK
6
CONTINUOUS
10
0.0050897637795276
20
1.7663683464566928
11
0.0067190551181102
21
1.7679976377952755
0
LINE
8
BLACK
6
CONTINUOUS
10
0.0067190551181102
20
1.7679976377952755
11
0.008847874015748
21
1.7688794488188977
0
LINE
8
BLACK
6
CONTINUOUS
10
0.008847874015748
20
1.7688794488188977
11
0.011152125984252
21
1.7688794488188977
0
LINE
8
BLACK
6
CONTINUOUS
10
0.011152125984252
20
1.7688794488188977
11
0.0132809448818898
21
1.7679976377952755
0
LINE
8
BLACK
6
CONTINUOUS
10
0.0132809448818898
20
1.7679976377952755
11
0.0149102362204724
21
1.7663683464566928
0
LINE
8
BLACK
6
CONTINUOUS
10
0.0149102362204724
20
1.7663683464566928
11
0.0157920472440945
21
1.764239527559055
0
LINE
8
BLACK
6
CONTINUOUS
10
0.0157920472440945
20
1.764239527559055
11
0.0159055118110236
21
1.763087401574803
0
LINE
8
BLACK
6
CONTINUOUS
10
0.0159055118110236
20
1.763087401574803
11
0.0159055118110236
21
1.749731968503937
0
LINE
8
BLACK
6
CONTINUOUS
10
0.0159055118110236
20
1.749731968503937
11
0.0516236614173228
21
1.7683256692913385
0
LINE
8
BLACK
6
CONTINUOUS
10
0.0516236614173228
20
1.7683256692913385
11
0.052698031496063
21
1.7687570472440945
0
LINE
8
BLACK
6
CONTINUOUS
10
0.052698031496063
20
1.7687570472440945
11
0.0549934645669291
21
1.7689578346456694
0
LINE
8
BLACK
6
CONTINUOUS
10
0.0549934645669291
20
1.7689578346456694
11
0.0571909842519685
21
1.7682649606299212
0
LINE
8
BLACK
6
CONTINUOUS
10
0.0571909842519685
20
1.7682649606299212
11
0.0589561417322835
21
1.7667838582677164
0
LINE
8
BLACK
6
CONTINUOUS
10
0.0589561417322835
20
1.7667838582677164
11
0.060020157480315
21
1.7647399606299212
0
LINE
8
BLACK
6
CONTINUOUS
10
0.060020157480315
20
1.7647399606299212
11
0.0602209448818898
21
1.7624444881889763
0
LINE
8
BLACK
6
CONTINUOUS
10
0.0602209448818898
20
1.7624444881889763
11
0.0595280708661417
21
1.760246968503937
0
LINE
8
BLACK
6
CONTINUOUS
10
0.0595280708661417
20
1.760246968503937
11
0.058046968503937
21
1.758481811023622
0
LINE
8
BLACK
6
CONTINUOUS
10
0.058046968503937
20
1.758481811023622
11
0.0570774015748031
21
1.7578491732283463
0
LINE
8
BLACK
6
CONTINUOUS
10
0.0570774015748031
20
1.7578491732283463
11
0.0341338582677165
21
1.7459055118110236
0
LINE
8
BLACK
6
CONTINUOUS
10
0.0341338582677165
20
1.7459055118110236
11
1.9658661811023621
21
1.7459055118110236
0
LINE
8
BLACK
6
CONTINUOUS
10
1.9658661811023621
20
1.7459055118110236
11
1.9429225984251968
21
1.7578491732283463
0
LINE
8
BLACK
6
CONTINUOUS
10
1.9429225984251968
20
1.7578491732283463
11
1.9419530314960629
21
1.758481811023622
0
LINE
8
BLACK
6
CONTINUOUS
10
1.9419530314960629
20
1.758481811023622
11
1.9404719291338581
21
1.760246968503937
0
LINE
8
BLACK
6
CONTINUOUS
10
1.9404719291338581
20
1.760246968503937
11
1.9397790551181102
21
1.7624444881889763
0
LINE
8
BLACK
6
CONTINUOUS
10
1.9397790551181102
20
1.7624444881889763
11
1.939979842519685
21
1.7647399606299212
0
LINE
8
BLACK
6
CONTINUOUS
10
1.939979842519685
20
1.7647399606299212
11
1.9410438188976378
21
1.7667838582677164
0
LINE
8
BLACK
6
CONTINUOUS
10
1.9410438188976378
20
1.7667838582677164
11
1.9428089763779528
21
1.7682649606299212
0
LINE
8
BLACK
6
CONTINUOUS
10
1.9428089763779528
20
1.7682649606299212
11
1.945006496062992
21
1.7689578346456694
0
LINE
8
BLACK
6
CONTINUOUS
10
1.945006496062992
20
1.7689578346456694
11
1.947301968503937
21
1.7687570472440945
0
LINE
8
BLACK
6
CONTINUOUS
10
2.0891206299212599
20
0.6319631496062992
11
2.0907499212598424
21
0.6303338582677165
0
LINE
8
BLACK
6
CONTINUOUS
10
2.0907499212598424
20
0.6303338582677165
11
2.0916317322834646
21
0.6282050393700788
0
LINE
8
BLACK
6
CONTINUOUS
10
2.0916317322834646
20
0.6282050393700788
11
2.0917451968503937
21
0.6270529133858268
0
LINE
8
BLACK
6
CONTINUOUS
10
2.0917451968503937
20
0.6270529133858268
11
2.0917451968503937
21
0.5933071259842519
0
LINE
8
BLACK
6
CONTINUOUS
10
2.0917451968503937
20
0.5933071259842519
11
2.0916317322834646
21
0.592155
0
LINE
8
BLACK
6
CONTINUOUS
10
2.0916317322834646
20
0.592155
11
2.0907499212598424
21
0.5900261811023622
0
LINE
8
BLACK
6
CONTINUOUS
10
2.0907499212598424
20
0.5900261811023622
11
2.0891206299212599
21
0.5883968897637795
0
LINE
8
BLACK
6
CONTINUOUS
10
2.0891206299212599
20
0.5883968897637795
11
2.0869918110236219
21
0.5875150787401575
0
LINE
8
BLACK
6
CONTINUOUS
10
2.0869918110236219
20
0.5875150787401575
11
2.0846875590551179
21
0.5875150787401575
0
LINE
8
BLACK
6
CONTINUOUS
10
2.0846875590551179
20
0.5875150787401575
11
2.0825587401574803
21
0.5883968897637795
0
LINE
8
BLACK
6
CONTINUOUS
10
2.0825587401574803
20
0.5883968897637795
11
2.0809294488188974
21
0.5900261811023622
0
LINE
8
BLACK
6
CONTINUOUS
10
2.0809294488188974
20
0.5900261811023622
11
2.0800476377952757
21
0.592155
0
LINE
8
BLACK
6
CONTINUOUS
10
2.0800476377952757
20
0.592155
11
2.0799341732283465
21
0.5933071259842519
0
LINE
8
BLACK
6
CONTINUOUS
10
2.0799341732283465
20
0.5933071259842519
11
2.0799341732283465
21
0.6042744881889763
0
LINE
8
BLACK
6
CONTINUOUS
10
2.0799341732283465
20
0.6042744881889763
11
2.0438538976377951
21
0.6042744881889763
0
LINE
8
BLACK
6
CONTINUOUS
10
2.0438538976377951
20
0.6042744881889763
11
2.0450211417322834
21
0.6031072440944881
0
LINE
8
BLACK
6
CONTINUOUS
10
2.0450211417322834
20
0.6031072440944881
11
2.0453927952755904
21
0.6026543700787401
0
LINE
8
BLACK
6
CONTINUOUS
10
2.0453927952755904
20
0.6026543700787401
11
2.0455106299212598
21
0.6025522047244094
0
LINE
8
BLACK
6
CONTINUOUS
10
2.0455106299212598
20
0.6025522047244094
11
2.0456223622047243
21
0.6023746456692913
0
LINE
8
BLACK
6
CONTINUOUS
10
2.0456223622047243
20
0.6023746456692913
11
2.0457555905511811
21
0.6022123622047244
0
LINE
8
BLACK
6
CONTINUOUS
10
2.0457555905511811
20
0.6022123622047244
11
2.045815275590551
21
0.6020681496062992
0
LINE
8
BLACK
6
CONTINUOUS
10
2.045815275590551
20
0.6020681496062992
11
2.0461273622047242
21
0.6015724409448818
0
LINE
8
BLACK
6
CONTINUOUS
10
2.0461273622047242
20
0.6015724409448818
11
2.048939527559055
21
0.5959481889763779
0
LINE
8
BLACK
6
CONTINUOUS
10
2.048939527559055
20
0.5959481889763779
11
2.0493532677165356
21
0.5948669291338583
0
LINE
8
BLACK
6
CONTINUOUS
10
2.0493532677165356
20
0.5948669291338583
11
2.0495166141732284
21
0.5925685039370079
0
LINE
8
BLACK
6
CONTINUOUS
10
2.0495166141732284
20
0.5925685039370079
11
2.0487879921259844
21
0.5903825984251968
0
LINE
8
BLACK
6
CONTINUOUS
10
2.0487879921259844
20
0.5903825984251968
11
2.0472782677165355
21
0.588641811023622
0
LINE
8
BLACK
6
CONTINUOUS
10
2.0472782677165355
20
0.588641811023622
11
2.045217283464567
21
0.5876113385826771
0
LINE
8
BLACK
6
CONTINUOUS
10
2.045217283464567
20
0.5876113385826771
11
2.0429188582677167
21
0.5874479921259842
0
LINE
8
BLACK
6
CONTINUOUS
10
2.0429188582677167
20
0.5874479921259842
11
2.0407329133858267
21
0.5881766535433071
0
LINE
8
BLACK
6
CONTINUOUS
10
2.0407329133858267
20
0.5881766535433071
11
2.0389921653543306
21
0.5896863385826772
0
LINE
8
BLACK
6
CONTINUOUS
10
2.0389921653543306
20
0.5896863385826772
11
2.0383754330708661
21
0.5906661023622047
0
LINE
8
BLACK
6
CONTINUOUS
10
2.0383754330708661
20
0.5906661023622047
11
2.0359918503937009
21
0.595433188976378
0
LINE
8
BLACK
6
CONTINUOUS
10
2.0359918503937009
20
0.595433188976378
11
2.0314587401574804
21
0.5999662992125984
0
LINE
8
BLACK
6
CONTINUOUS
10
2.0314587401574804
20
0.5999662992125984
11
2.023508779527559
21
0.6052662992125984
0
LINE
8
BLACK
6
CONTINUOUS
10
2.023508779527559
20
0.6052662992125984
11
2.0235054724409447
21
0.6052689763779527
0
LINE
8
BLACK
6
CONTINUOUS
10
2.0235054724409447
20
0.6052689763779527
11
2.0235036220472442
21
0.6052697637795276
0
LINE
8
BLACK
6
CONTINUOUS
10
2.0235036220472442
20
0.6052697637795276
11
2.023499409448819
21
0.605273937007874
0
LINE
8
BLACK
6
CONTINUOUS
10
2.023499409448819
20
0.605273937007874
11
2.0226131102362204
21
0.6059998031496063
0
LINE
8
BLACK
6
CONTINUOUS
10
2.0226131102362204
20
0.6059998031496063
11
2.0222877559055119
21
0.6064855905511811
0
LINE
8
BLACK
6
CONTINUOUS
10
2.0222877559055119
20
0.6064855905511811
11
2.0218743307086613
21
0.6068990551181103
0
LINE
8
BLACK
6
CONTINUOUS
10
2.0218743307086613
20
0.6068990551181103
11
2.0216528740157478
21
0.6074335826771653
0
LINE
8
BLACK
6
CONTINUOUS
10
2.0216528740157478
20
0.6074335826771653
11
2.0213309448818899
21
0.6079143700787402
0
LINE
8
BLACK
6
CONTINUOUS
10
2.0213309448818899
20
0.6079143700787402
11
2.0212162598425198
21
0.6084876771653543
0
LINE
8
BLACK
6
CONTINUOUS
10
2.0212162598425198
20
0.6084876771653543
11
2.0209925196850391
21
0.609027874015748
0
LINE
8
BLACK
6
CONTINUOUS
10
2.0209925196850391
20
0.609027874015748
11
2.0209925196850391
21
0.6096064566929134
0
LINE
8
BLACK
6
CONTINUOUS
10
2.0209925196850391
20
0.6096064566929134
11
2.0208790551181104
21
0.610173779527559
0
LINE
8
BLACK
6
CONTINUOUS
10
2.0208790551181104
20
0.610173779527559
11
2.0209925196850391
21
0.6107473228346456
0
LINE
8
BLACK
6
CONTINUOUS
10
2.0209925196850391
20
0.6107473228346456
11
2.0209925196850391
21
0.6113321259842519
0
LINE
8
BLACK
6
CONTINUOUS
10
2.0209925196850391
20
0.6113321259842519
11
2.0212139370078739
21
0.6118666929133858
0
LINE
8
BLACK
6
CONTINUOUS
10
2.0212139370078739
20
0.6118666929133858
11
2.0213262204724409
21
0.6124342125984252
0
LINE
8
BLACK
6
CONTINUOUS
10
2.0213262204724409
20
0.6124342125984252
11
2.0216505511811023
21
0.6129207086614173
0
LINE
8
BLACK
6
CONTINUOUS
10
2.0216505511811023
20
0.6129207086614173
11
2.0218743307086613
21
0.6134609448818897
0
LINE
8
BLACK
6
CONTINUOUS
10
2.0218743307086613
20
0.6134609448818897
11
2.0222834251968504
21
0.6138700393700788
0
LINE
8
BLACK
6
CONTINUOUS
10
2.0222834251968504
20
0.6138700393700788
11
2.0226043700787399
21
0.6143514566929134
0
LINE
8
BLACK
6
CONTINUOUS
10
2.0226043700787399
20
0.6143514566929134
11
2.0230901574803148
21
0.6146767716535433
0
LINE
8
BLACK
6
CONTINUOUS
10
2.0230901574803148
20
0.6146767716535433
11
2.0235036220472442
21
0.6150902362204724
0
LINE
8
BLACK
6
CONTINUOUS
10
2.0235036220472442
20
0.6150902362204724
11
2.0240381496062994
21
0.6153116535433071
0
LINE
8
BLACK
6
CONTINUOUS
10
2.0240381496062994
20
0.6153116535433071
11
2.024518937007874
21
0.615633622047244
0
LINE
8
BLACK
6
CONTINUOUS
10
2.024518937007874
20
0.615633622047244
11
2.0250922440944881
21
0.6157482677165355
0
LINE
8
BLACK
6
CONTINUOUS
10
2.0250922440944881
20
0.6157482677165355
11
2.0256324409448818
21
0.6159720472440945
0
LINE
8
BLACK
6
CONTINUOUS
10
2.0256324409448818
20
0.6159720472440945
11
2.0267722834645667
21
0.6160842913385827
0
LINE
8
BLACK
6
CONTINUOUS
10
2.0267722834645667
20
0.6160842913385827
11
2.0267783464566929
21
0.6160855118110236
0
LINE
8
BLACK
6
CONTINUOUS
10
2.0267783464566929
20
0.6160855118110236
11
2.0267803937007876
21
0.6160850787401575
0
LINE
8
BLACK
6
CONTINUOUS
10
2.0267803937007876
20
0.6160850787401575
11
2.026784566929134
21
0.6160855118110236
0
LINE
8
BLACK
6
CONTINUOUS
10
2.026784566929134
20
0.6160855118110236
11
2.0799341732283465
21
0.6160855118110236
0
LINE
8
BLACK
6
CONTINUOUS
10
2.0799341732283465
20
0.6160855118110236
11
2.0799341732283465
21
0.6270529133858268
0
LINE
8
BLACK
6
CONTINUOUS
10
2.0799341732283465
20
0.6270529133858268
11
2.0800476377952757
21
0.6282050393700788
0
LINE
8
BLACK
6
CONTINUOUS
10
2.0800476377952757
20
0.6282050393700788
11
2.0809294488188974
21
0.6303338582677165
0
LINE
8
BLACK
6
CONTINUOUS
10
2.0809294488188974
20
0.6303338582677165
11
2.0825587401574803
21
0.6319631496062992
0
LINE
8
BLACK
6
CONTINUOUS
10
2.0825587401574803
20
0.6319631496062992
11
2.0846875590551179
21
0.6328449606299212
0
LINE
8
BLACK
6
CONTINUOUS
10
2.0846875590551179
20
0.6328449606299212
11
2.0869918110236219
21
0.6328449606299212
0
LINE
8
BLACK
6
CONTINUOUS
10
2.0869918110236219
20
0.6328449606299212
11
2.0891206299212599
21
0.6319631496062992
0
LINE
8
BLACK
6
CONTINUOUS
10
2.0850614566929133
20
0.6606011417322835
11
2.0863084645669292
21
0.6600846456692914
0
LINE
8
BLACK
6
CONTINUOUS
10
2.0863084645669292
20
0.6600846456692914
11
2.086308503937008
21
0.6600846062992126
0
LINE
8
BLACK
6
CONTINUOUS
10
2.086308503937008
20
0.6600846062992126
11
2.0872034251968503
21
0.6593501574803149
0
LINE
8
BLACK
6
CONTINUOUS
10
2.0872034251968503
20
0.6593501574803149
11
2.0900155511811023
21
0.6565379921259842
0
LINE
8
BLACK
6
CONTINUOUS
10
2.0900155511811023
20
0.6565379921259842
11
2.0907499606299211
21
0.6556431102362205
0
LINE
8
BLACK
6
CONTINUOUS
10
2.0907499606299211
20
0.6556431102362205
11
2.0907499606299211
21
0.6556430708661417
0
LINE
8
BLACK
6
CONTINUOUS
10
2.0907499606299211
20
0.6556430708661417
11
2.0916317322834646
21
0.6535143307086614
0
LINE
8
BLACK
6
CONTINUOUS
10
2.0916317322834646
20
0.6535143307086614
11
2.0916317322834646
21
0.6512100787401575
0
LINE
8
BLACK
6
CONTINUOUS
10
2.0916317322834646
20
0.6512100787401575
11
2.0911151574803148
21
0.6499630314960629
0
LINE
8
BLACK
6
CONTINUOUS
10
2.0911151574803148
20
0.6499630314960629
11
2.0907499606299211
21
0.6490812598425196
0
LINE
8
BLACK
6
CONTINUOUS
10
2.0907499606299211
20
0.6490812598425196
11
2.0900155118110235
21
0.6481863779527559
0
LINE
8
BLACK
6
CONTINUOUS
10
2.0900155118110235
20
0.6481863779527559
11
2.0872033858267716
21
0.645374251968504
0
LINE
8
BLACK
6
CONTINUOUS
10
2.0872033858267716
20
0.645374251968504
11
2.0863084645669292
21
0.6446398031496063
0
LINE
8
BLACK
6
CONTINUOUS
10
2.0863084645669292
20
0.6446398031496063
11
2.0841796456692911
21
0.643758031496063
0
LINE
8
BLACK
6
CONTINUOUS
10
2.0841796456692911
20
0.643758031496063
11
2.0818755118110235
21
0.643758031496063
0
LINE
8
BLACK
6
CONTINUOUS
10
2.0818755118110235
20
0.643758031496063
11
2.0818754724409447
21
0.643758031496063
0
LINE
8
BLACK
6
CONTINUOUS
10
2.0818754724409447
20
0.643758031496063
11
2.0797466535433071
21
0.6446398031496063
0
LINE
8
BLACK
6
CONTINUOUS
10
2.0797466535433071
20
0.6446398031496063
11
2.0797466141732284
21
0.644639842519685
0
LINE
8
BLACK
6
CONTINUOUS
10
2.0797466141732284
20
0.644639842519685
11
2.0788517716535431
21
0.6453742125984252
0
LINE
8
BLACK
6
CONTINUOUS
10
2.0788517716535431
20
0.6453742125984252
11
2.0760396062992124
21
0.6481863385826772
0
LINE
8
BLACK
6
CONTINUOUS
10
2.0760396062992124
20
0.6481863385826772
11
2.0753051574803147
21
0.6490812598425196
0
LINE
8
BLACK
6
CONTINUOUS
10
2.0753051574803147
20
0.6490812598425196
11
2.075305118110236
21
0.6490812992125984
0
LINE
8
BLACK
6
CONTINUOUS
10
2.075305118110236
20
0.6490812992125984
11
2.0745109842519684
21
0.6509985433070866
0
LINE
8
BLACK
6
CONTINUOUS
10
2.0745109842519684
20
0.6509985433070866
11
2.074423346456693
21
0.6512100787401575
0
LINE
8
BLACK
6
CONTINUOUS
10
2.074423346456693
20
0.6512100787401575
11
2.074423346456693
21
0.6535142519685039
0
LINE
8
BLACK
6
CONTINUOUS
10
2.074423346456693
20
0.6535142519685039
11
2.074423346456693
21
0.6535142913385826
0
LINE
8
BLACK
6
CONTINUOUS
10
2.074423346456693
20
0.6535142913385826
11
2.074423346456693
21
0.6535143307086614
0
LINE
8
BLACK
6
CONTINUOUS
10
2.074423346456693
20
0.6535143307086614
11
2.075305118110236
21
0.6556430708661417
0
LINE
8
BLACK
6
CONTINUOUS
10
2.075305118110236
20
0.6556430708661417
11
2.075305118110236
21
0.6556431102362205
0
LINE
8
BLACK
6
CONTINUOUS
10
2.075305118110236
20
0.6556431102362205
11
2.0760395669291336
21
0.6565380314960629
0
LINE
8
BLACK
6
CONTINUOUS
10
2.0760395669291336
20
0.6565380314960629
11
2.0788517322834643
21
0.6593501968503936
0
LINE
8
BLACK
6
CONTINUOUS
10
2.0788517322834643
20
0.6593501968503936
11
2.0797466535433071
21
0.6600846456692914
0
LINE
8
BLACK
6
CONTINUOUS
10
2.0797466535433071
20
0.6600846456692914
11
2.0818754724409447
21
0.6609664173228347
0
LINE
8
BLACK
6
CONTINUOUS
10
2.0818754724409447
20
0.6609664173228347
11
2.0841796456692911
21
0.6609664173228347
0
LINE
8
BLACK
6
CONTINUOUS
10
2.0841796456692911
20
0.6609664173228347
11
2.0841796850393699
21
0.6609664173228347
0
LINE
8
BLACK
6
CONTINUOUS
10
2.0841796850393699
20
0.6609664173228347
11
2.0850614566929133
21
0.6606011417322835
0
LINE
8
BLACK
6
CONTINUOUS
10
2.0757432283464565
20
0.7172094094488188
11
2.0759392913385826
21
0.7171281496062992
0
LINE
8
BLACK
6
CONTINUOUS
10
2.0759392913385826
20
0.7171281496062992
11
2.076150905511811
21
0.7171131496062992
0
LINE
8
BLACK
6
CONTINUOUS
10
2.076150905511811
20
0.7171131496062992
11
2.0772321259842519
21
0.7166994094488189
0
LINE
8
BLACK
6
CONTINUOUS
10
2.0772321259842519
20
0.7166994094488189
11
2.0828564173228346
21
0.7138872440944882
0
LINE
8
BLACK
6
CONTINUOUS
10
2.0828564173228346
20
0.7138872440944882
11
2.083352283464567
21
0.7135750787401575
0
LINE
8
BLACK
6
CONTINUOUS
10
2.083352283464567
20
0.7135750787401575
11
2.0834962598425197
21
0.7135154724409448
0
LINE
8
BLACK
6
CONTINUOUS
10
2.0834962598425197
20
0.7135154724409448
11
2.0836583464566929
21
0.7133824015748031
0
LINE
8
BLACK
6
CONTINUOUS
10
2.0836583464566929
20
0.7133824015748031
11
2.0838361811023622
21
0.7132705118110236
0
LINE
8
BLACK
6
CONTINUOUS
10
2.0838361811023622
20
0.7132705118110236
11
2.0839384251968505
21
0.7131525984251968
0
LINE
8
BLACK
6
CONTINUOUS
10
2.0839384251968505
20
0.7131525984251968
11
2.0843911811023621
21
0.712781062992126
0
LINE
8
BLACK
6
CONTINUOUS
10
2.0843911811023621
20
0.712781062992126
11
2.0872033464566928
21
0.709968937007874
0
LINE
8
BLACK
6
CONTINUOUS
10
2.0872033464566928
20
0.709968937007874
11
2.0875749606299214
21
0.709516062992126
0
LINE
8
BLACK
6
CONTINUOUS
10
2.0875749606299214
20
0.709516062992126
11
2.0876929133858266
21
0.7094138188976378
0
LINE
8
BLACK
6
CONTINUOUS
10
2.0876929133858266
20
0.7094138188976378
11
2.0878047637795274
21
0.7092360629921259
0
LINE
8
BLACK
6
CONTINUOUS
10
2.0878047637795274
20
0.7092360629921259
11
2.0879377952755904
21
0.7090740157480315
0
LINE
8
BLACK
6
CONTINUOUS
10
2.0879377952755904
20
0.7090740157480315
11
2.087997440944882
21
0.7089299606299212
0
LINE
8
BLACK
6
CONTINUOUS
10
2.087997440944882
20
0.7089299606299212
11
2.0883096062992124
21
0.7084340551181102
0
LINE
8
BLACK
6
CONTINUOUS
10
2.0883096062992124
20
0.7084340551181102
11
2.0911217716535431
21
0.7028097244094488
0
LINE
8
BLACK
6
CONTINUOUS
10
2.0911217716535431
20
0.7028097244094488
11
2.0915355118110237
21
0.7017285039370078
0
LINE
8
BLACK
6
CONTINUOUS
10
2.0915355118110237
20
0.7017285039370078
11
2.0915505118110236
21
0.7015168503937008
0
LINE
8
BLACK
6
CONTINUOUS
10
2.0915505118110236
20
0.7015168503937008
11
2.0916317322834646
21
0.7013208661417323
0
LINE
8
BLACK
6
CONTINUOUS
10
2.0916317322834646
20
0.7013208661417323
11
2.0917451968503937
21
0.7001687401574803
0
LINE
8
BLACK
6
CONTINUOUS
10
2.0917451968503937
20
0.7001687401574803
11
2.0917451968503937
21
0.686108031496063
0
LINE
8
BLACK
6
CONTINUOUS
10
2.0917451968503937
20
0.686108031496063
11
2.0916317322834646
21
0.684955905511811
0
LINE
8
BLACK
6
CONTINUOUS
10
2.0916317322834646
20
0.684955905511811
11
2.0915505118110236
21
0.6847598818897638
0
LINE
8
BLACK
6
CONTINUOUS
10
2.0915505118110236
20
0.6847598818897638
11
2.0915355118110237
21
0.6845482677165354
0
LINE
8
BLACK
6
CONTINUOUS
10
2.0915355118110237
20
0.6845482677165354
11
2.0911217716535431
21
0.6834670472440945
0
LINE
8
BLACK
6
CONTINUOUS
10
2.0911217716535431
20
0.6834670472440945
11
2.0883096062992124
21
0.677842716535433
0
LINE
8
BLACK
6
CONTINUOUS
10
2.0883096062992124
20
0.677842716535433
11
2.087997440944882
21
0.6773467716535433
0
LINE
8
BLACK
6
CONTINUOUS
10
2.087997440944882
20
0.6773467716535433
11
2.0879377952755904
21
0.6772027559055118
0
LINE
8
BLACK
6
CONTINUOUS
10
2.0879377952755904
20
0.6772027559055118
11
2.0878047637795274
21
0.6770406692913385
0
LINE
8
BLACK
6
CONTINUOUS
10
2.0878047637795274
20
0.6770406692913385
11
2.0876929133858266
21
0.6768629527559055
0
LINE
8
BLACK
6
CONTINUOUS
10
2.0876929133858266
20
0.6768629527559055
11
2.0875749606299214
21
0.6767606692913386
0
LINE
8
BLACK
6
CONTINUOUS
10
2.0875749606299214
20
0.6767606692913386
11
2.0872033464566928
21
0.6763078346456692
0
LINE
8
BLACK
6
CONTINUOUS
10
2.0872033464566928
20
0.6763078346456692
11
2.0843911811023621
21
0.6734957086614173
0
LINE
8
BLACK
6
CONTINUOUS
10
2.0843911811023621
20
0.6734957086614173
11
2.0834962598425197
21
0.6727612992125984
0
LINE
8
BLACK
6
CONTINUOUS
10
2.0834962598425197
20
0.6727612992125984
11
2.0813674409448817
21
0.6718795275590551
0
LINE
8
BLACK
6
CONTINUOUS
10
2.0813674409448817
20
0.6718795275590551
11
2.0790632677165353
21
0.6718795275590551
0
LINE
8
BLACK
6
CONTINUOUS
10
2.0790632677165353
20
0.6718795275590551
11
2.0769344488188977
21
0.6727613385826772
0
LINE
8
BLACK
6
CONTINUOUS
10
2.0769344488188977
20
0.6727613385826772
11
2.075305118110236
21
0.6743907086614173
0
LINE
8
BLACK
6
CONTINUOUS
10
2.075305118110236
20
0.6743907086614173
11
2.074423346456693
21
0.6765195275590551
0
LINE
8
BLACK
6
CONTINUOUS
10
2.074423346456693
20
0.6765195275590551
11
2.074423346456693
21
0.6788237007874015
0
LINE
8
BLACK
6
CONTINUOUS
10
2.074423346456693
20
0.6788237007874015
11
2.0753051574803147
21
0.6809525196850393
0
LINE
8
BLACK
6
CONTINUOUS
10
2.0753051574803147
20
0.6809525196850393
11
2.0760396062992124
21
0.6818474409448819
0
LINE
8
BLACK
6
CONTINUOUS
10
2.0760396062992124
20
0.6818474409448819
11
2.078174094488189
21
0.6839819291338582
0
LINE
8
BLACK
6
CONTINUOUS
10
2.078174094488189
20
0.6839819291338582
11
2.0799341732283465
21
0.6875020866141732
0
LINE
8
BLACK
6
CONTINUOUS
10
2.0799341732283465
20
0.6875020866141732
11
2.0799341732283465
21
0.6987746456692914
0
LINE
8
BLACK
6
CONTINUOUS
10
2.0799341732283465
20
0.6987746456692914
11
2.078174094488189
21
0.7022948031496062
0
LINE
8
BLACK
6
CONTINUOUS
10
2.078174094488189
20
0.7022948031496062
11
2.0767172440944881
21
0.7037516929133858
0
LINE
8
BLACK
6
CONTINUOUS
10
2.0767172440944881
20
0.7037516929133858
11
2.0731970078740156
21
0.7055118503937008
0
LINE
8
BLACK
6
CONTINUOUS
10
2.0731970078740156
20
0.7055118503937008
11
2.0619244488188975
21
0.7055118503937008
0
LINE
8
BLACK
6
CONTINUOUS
10
2.0619244488188975
20
0.7055118503937008
11
2.058404212598425
21
0.7037516929133858
0
LINE
8
BLACK
6
CONTINUOUS
10
2.058404212598425
20
0.7037516929133858
11
2.0569473622047245
21
0.7022948818897637
0
LINE
8
BLACK
6
CONTINUOUS
10
2.0569473622047245
20
0.7022948818897637
11
2.055187283464567
21
0.69877468503937
0
LINE
8
BLACK
6
CONTINUOUS
10
2.055187283464567
20
0.69877468503937
11
2.055187283464567
21
0.6875020866141732
0
LINE
8
BLACK
6
CONTINUOUS
10
2.055187283464567
20
0.6875020866141732
11
2.0569473622047245
21
0.6839818503937007
0
LINE
8
BLACK
6
CONTINUOUS
10
2.0569473622047245
20
0.6839818503937007
11
2.0590818503937007
21
0.6818474409448819
0
LINE
8
BLACK
6
CONTINUOUS
10
2.0590818503937007
20
0.6818474409448819
11
2.0598162992125983
21
0.6809525196850393
0
LINE
8
BLACK
6
CONTINUOUS
10
2.0598162992125983
20
0.6809525196850393
11
2.0599300787401575
21
0.6806777559055118
0
LINE
8
BLACK
6
CONTINUOUS
10
2.0599300787401575
20
0.6806777559055118
11
2.0601183858267715
21
0.6804476377952756
0
LINE
8
BLACK
6
CONTINUOUS
10
2.0601183858267715
20
0.6804476377952756
11
2.060367716535433
21
0.6796211811023621
0
LINE
8
BLACK
6
CONTINUOUS
10
2.060367716535433
20
0.6796211811023621
11
2.0606980708661418
21
0.6788237007874015
0
LINE
8
BLACK
6
CONTINUOUS
10
2.0606980708661418
20
0.6788237007874015
11
2.0606980708661418
21
0.6785263385826772
0
LINE
8
BLACK
6
CONTINUOUS
10
2.0606980708661418
20
0.6785263385826772
11
2.0607839763779525
21
0.6782416535433071
0
LINE
8
BLACK
6
CONTINUOUS
10
2.0607839763779525
20
0.6782416535433071
11
2.0606980708661418
21
0.677382716535433
0
LINE
8
BLACK
6
CONTINUOUS
10
2.0606980708661418
20
0.677382716535433
11
2.0606981102362205
21
0.6765195275590551
0
LINE
8
BLACK
6
CONTINUOUS
10
2.0606981102362205
20
0.6765195275590551
11
2.0605842913385826
21
0.6762447637795276
0
LINE
8
BLACK
6
CONTINUOUS
10
2.0605842913385826
20
0.6762447637795276
11
2.0605547244094486
21
0.6759488582677166
0
LINE
8
BLACK
6
CONTINUOUS
10
2.0605547244094486
20
0.6759488582677166
11
2.0601466535433071
21
0.6751882283464566
0
LINE
8
BLACK
6
CONTINUOUS
10
2.0601466535433071
20
0.6751882283464566
11
2.0598163385826771
21
0.6743907086614173
0
LINE
8
BLACK
6
CONTINUOUS
10
2.0598163385826771
20
0.6743907086614173
11
2.0596059842519683
21
0.6741803543307087
0
LINE
8
BLACK
6
CONTINUOUS
10
2.0596059842519683
20
0.6741803543307087
11
2.0594654330708662
21
0.6739183464566929
0
LINE
8
BLACK
6
CONTINUOUS
10
2.0594654330708662
20
0.6739183464566929
11
2.0587974803149605
21
0.6733718503937007
0
LINE
8
BLACK
6
CONTINUOUS
10
2.0587974803149605
20
0.6733718503937007
11
2.0581870078740159
21
0.6727613385826772
0
LINE
8
BLACK
6
CONTINUOUS
10
2.0581870078740159
20
0.6727613385826772
11
2.0579122047244094
21
0.6726475196850393
0
LINE
8
BLACK
6
CONTINUOUS
10
2.0579122047244094
20
0.6726475196850393
11
2.0576821259842517
21
0.6724592519685039
0
LINE
8
BLACK
6
CONTINUOUS
10
2.0576821259842517
20
0.6724592519685039
11
2.0568555511811022
21
0.6722098425196851
0
LINE
8
BLACK
6
CONTINUOUS
10
2.0568555511811022
20
0.6722098425196851
11
2.0560581889763778
21
0.6718795669291339
0
LINE
8
BLACK
6
CONTINUOUS
10
2.0560581889763778
20
0.6718795669291339
11
2.0557609448818899
21
0.6718795275590551
0
LINE
8
BLACK
6
CONTINUOUS
10
2.0557609448818899
20
0.6718795275590551
11
2.0554761417322833
21
0.6717936220472441
0
LINE
8
BLACK
6
CONTINUOUS
10
2.0554761417322833
20
0.6717936220472441
11
2.0543184251968505
21
0.6717953543307087
0
LINE
8
BLACK
6
CONTINUOUS
10
2.0543184251968505
20
0.6717953543307087
11
2.0261969685039372
21
0.6746074803149607
0
LINE
8
BLACK
6
CONTINUOUS
10
2.0261969685039372
20
0.6746074803149607
11
2.0257770866141733
21
0.6746916535433071
0
LINE
8
BLACK
6
CONTINUOUS
10
2.0257770866141733
20
0.6746916535433071
11
2.0256324409448818
21
0.6746916535433071
0
LINE
8
BLACK
6
CONTINUOUS
10
2.0256324409448818
20
0.6746916535433071
11
2.0254967716535432
21
0.6747478346456692
0
LINE
8
BLACK
6
CONTINUOUS
10
2.0254967716535432
20
0.6747478346456692
11
2.0250618503937008
21
0.6748350393700787
0
LINE
8
BLACK
6
CONTINUOUS
10
2.0250618503937008
20
0.6748350393700787
11
2.0243011417322836
21
0.6752430708661418
0
LINE
8
BLACK
6
CONTINUOUS
10
2.0243011417322836
20
0.6752430708661418
11
2.0235036220472442
21
0.6755734645669291
0
LINE
8
BLACK
6
CONTINUOUS
10
2.0235036220472442
20
0.6755734645669291
11
2.0232933464566929
21
0.6757837007874016
0
LINE
8
BLACK
6
CONTINUOUS
10
2.0232933464566929
20
0.6757837007874016
11
2.023031338582677
21
0.6759242913385827
0
LINE
8
BLACK
6
CONTINUOUS
10
2.023031338582677
20
0.6759242913385827
11
2.0224847637795276
21
0.6765922834645669
0
LINE
8
BLACK
6
CONTINUOUS
10
2.0224847637795276
20
0.6765922834645669
11
2.0218743307086613
21
0.6772027559055118
0
LINE
8
BLACK
6
CONTINUOUS
10
2.0218743307086613
20
0.6772027559055118
11
2.021760472440945
21
0.6774775196850393
0
LINE
8
BLACK
6
CONTINUOUS
10
2.021760472440945
20
0.6774775196850393
11
2.0215722440944881
21
0.6777076377952755
0
LINE
8
BLACK
6
CONTINUOUS
10
2.0215722440944881
20
0.6777076377952755
11
2.0213228740157478
21
0.678533937007874
0
LINE
8
BLACK
6
CONTINUOUS
10
2.0213228740157478
20
0.678533937007874
11
2.0209925196850391
21
0.6793315748031495
0
LINE
8
BLACK
6
CONTINUOUS
10
2.0209925196850391
20
0.6793315748031495
11
2.0209490157480317
21
0.6797729527559055
0
LINE
8
BLACK
6
CONTINUOUS
10
2.0209490157480317
20
0.6797729527559055
11
2.0209066141732284
21
0.679913622047244
0
LINE
8
BLACK
6
CONTINUOUS
10
2.0209066141732284
20
0.679913622047244
11
2.0209209842519686
21
0.6800575984251969
0
LINE
8
BLACK
6
CONTINUOUS
10
2.0209209842519686
20
0.6800575984251969
11
2.0208790551181104
21
0.6804837007874016
0
LINE
8
BLACK
6
CONTINUOUS
10
2.0208790551181104
20
0.6804837007874016
11
2.0208790551181104
21
0.7086051968503937
0
LINE
8
BLACK
6
CONTINUOUS
10
2.0208790551181104
20
0.7086051968503937
11
2.0209925196850391
21
0.7097573228346457
0
LINE
8
BLACK
6
CONTINUOUS
10
2.0209925196850391
20
0.7097573228346457
11
2.0218743307086613
21
0.7118861417322835
0
LINE
8
BLACK
6
CONTINUOUS
10
2.0218743307086613
20
0.7118861417322835
11
2.0235036220472442
21
0.7135154330708662
0
LINE
8
BLACK
6
CONTINUOUS
10
2.0235036220472442
20
0.7135154330708662
11
2.0256324409448818
21
0.7143972440944881
0
LINE
8
BLACK
6
CONTINUOUS
10
2.0256324409448818
20
0.7143972440944881
11
2.0279366929133857
21
0.7143972440944881
0
LINE
8
BLACK
6
CONTINUOUS
10
2.0279366929133857
20
0.7143972440944881
11
2.0300655118110238
21
0.7135154330708662
0
LINE
8
BLACK
6
CONTINUOUS
10
2.0300655118110238
20
0.7135154330708662
11
2.0316948031496063
21
0.7118861417322835
0
LINE
8
BLACK
6
CONTINUOUS
10
2.0316948031496063
20
0.7118861417322835
11
2.0325766141732284
21
0.7097573228346457
0
LINE
8
BLACK
6
CONTINUOUS
10
2.0325766141732284
20
0.7097573228346457
11
2.0326900787401576
21
0.7086051968503937
0
LINE
8
BLACK
6
CONTINUOUS
10
2.0326900787401576
20
0.7086051968503937
11
2.0326900787401576
21
0.6858281102362205
0
LINE
8
BLACK
6
CONTINUOUS
10
2.0326900787401576
20
0.6858281102362205
11
2.0435723228346454
21
0.6847398818897638
0
LINE
8
BLACK
6
CONTINUOUS
10
2.0435723228346454
20
0.6847398818897638
11
2.0435709055118112
21
0.6847598818897638
0
LINE
8
BLACK
6
CONTINUOUS
10
2.0435709055118112
20
0.6847598818897638
11
2.043489724409449
21
0.684955905511811
0
LINE
8
BLACK
6
CONTINUOUS
10
2.043489724409449
20
0.684955905511811
11
2.0433762598425198
21
0.686108031496063
0
LINE
8
BLACK
6
CONTINUOUS
10
2.0433762598425198
20
0.686108031496063
11
2.0433762598425198
21
0.7001687401574803
0
LINE
8
BLACK
6
CONTINUOUS
10
2.0433762598425198
20
0.7001687401574803
11
2.043489724409449
21
0.7013208661417323
0
LINE
8
BLACK
6
CONTINUOUS
10
2.043489724409449
20
0.7013208661417323
11
2.0435709055118112
21
0.7015168503937008
0
LINE
8
BLACK
6
CONTINUOUS
10
2.0435709055118112
20
0.7015168503937008
11
2.0435859448818898
21
0.7017285039370078
0
LINE
8
BLACK
6
CONTINUOUS
10
2.0435859448818898
20
0.7017285039370078
11
2.0439997244094488
21
0.7028097244094488
0
LINE
8
BLACK
6
CONTINUOUS
10
2.0439997244094488
20
0.7028097244094488
11
2.0468118503937007
21
0.7084340944881889
0
LINE
8
BLACK
6
CONTINUOUS
10
2.0468118503937007
20
0.7084340944881889
11
2.0471239763779527
21
0.7089299212598426
0
LINE
8
BLACK
6
CONTINUOUS
10
2.0471239763779527
20
0.7089299212598426
11
2.0471836614173227
21
0.7090740157480315
0
LINE
8
BLACK
6
CONTINUOUS
10
2.0471836614173227
20
0.7090740157480315
11
2.0473167716535432
21
0.7092362204724409
0
LINE
8
BLACK
6
CONTINUOUS
10
2.0473167716535432
20
0.7092362204724409
11
2.0474285826771652
21
0.7094138188976378
0
LINE
8
BLACK
6
CONTINUOUS
10
2.0474285826771652
20
0.7094138188976378
11
2.0475463385826771
21
0.7095159448818897
0
LINE
8
BLACK
6
CONTINUOUS
10
2.0475463385826771
20
0.7095159448818897
11
2.0479181102362203
21
0.709968937007874
0
LINE
8
BLACK
6
CONTINUOUS
10
2.0479181102362203
20
0.709968937007874
11
2.050730275590551
21
0.712781062992126
0
LINE
8
BLACK
6
CONTINUOUS
10
2.050730275590551
20
0.712781062992126
11
2.0511830314960631
21
0.7131526377952756
0
LINE
8
BLACK
6
CONTINUOUS
10
2.0511830314960631
20
0.7131526377952756
11
2.0512852755905513
21
0.7132705118110236
0
LINE
8
BLACK
6
CONTINUOUS
10
2.0512852755905513
20
0.7132705118110236
11
2.0514629133858269
21
0.7133823228346456
0
LINE
8
BLACK
6
CONTINUOUS
10
2.0514629133858269
20
0.7133823228346456
11
2.051625157480315
21
0.7135154724409448
0
LINE
8
BLACK
6
CONTINUOUS
10
2.051625157480315
20
0.7135154724409448
11
2.0517692125984253
21
0.7135751181102362
0
LINE
8
BLACK
6
CONTINUOUS
10
2.0517692125984253
20
0.7135751181102362
11
2.0522650393700785
21
0.7138872440944882
0
LINE
8
BLACK
6
CONTINUOUS
10
2.0522650393700785
20
0.7138872440944882
11
2.0578892913385824
21
0.7166994094488189
0
LINE
8
BLACK
6
CONTINUOUS
10
2.0578892913385824
20
0.7166994094488189
11
2.0589705511811025
21
0.7171131496062992
0
LINE
8
BLACK
6
CONTINUOUS
10
2.0589705511811025
20
0.7171131496062992
11
2.0591821259842518
21
0.7171281496062992
0
LINE
8
BLACK
6
CONTINUOUS
10
2.0591821259842518
20
0.7171281496062992
11
2.0593782283464566
21
0.7172094094488188
0
LINE
8
BLACK
6
CONTINUOUS
10
2.0593782283464566
20
0.7172094094488188
11
2.0605303543307087
21
0.717322874015748
0
LINE
8
BLACK
6
CONTINUOUS
10
2.0605303543307087
20
0.717322874015748
11
2.0745911023622048
21
0.717322874015748
0
LINE
8
BLACK
6
CONTINUOUS
10
2.0745911023622048
20
0.717322874015748
11
2.0757432283464565
21
0.7172094094488188
0
LINE
8
BLACK
6
CONTINUOUS
10
2.0419974409448818
20
0.7734523622047244
11
2.0421935039370078
21
0.7733711023622047
0
LINE
8
BLACK
6
CONTINUOUS
10
2.0421935039370078
20
0.7733711023622047
11
2.0424051181102363
21
0.7733561023622048
0
LINE
8
BLACK
6
CONTINUOUS
10
2.0424051181102363
20
0.7733561023622048
11
2.0434863385826771
21
0.7729423622047243
0
LINE
8
BLACK
6
CONTINUOUS
10
2.0434863385826771
20
0.7729423622047243
11
2.0491106299212598
21
0.7701301968503936
0
LINE
8
BLACK
6
CONTINUOUS
10
2.0491106299212598
20
0.7701301968503936
11
2.0496064960629923
21
0.769818031496063
0
LINE
8
BLACK
6
CONTINUOUS
10
2.0496064960629923
20
0.769818031496063
11
2.049750472440945
21
0.7697584251968503
0
LINE
8
BLACK
6
CONTINUOUS
10
2.049750472440945
20
0.7697584251968503
11
2.0499125590551182
21
0.7696253543307087
0
LINE
8
BLACK
6
CONTINUOUS
10
2.0499125590551182
20
0.7696253543307087
11
2.0500903937007875
21
0.7695134645669292
0
LINE
8
BLACK
6
CONTINUOUS
10
2.0500903937007875
20
0.7695134645669292
11
2.0501926377952757
21
0.7693955511811024
0
LINE
8
BLACK
6
CONTINUOUS
10
2.0501926377952757
20
0.7693955511811024
11
2.0506453937007874
21
0.7690240157480315
0
LINE
8
BLACK
6
CONTINUOUS
10
2.0506453937007874
20
0.7690240157480315
11
2.0520938976377954
21
0.7675755118110236
0
LINE
8
BLACK
6
CONTINUOUS
10
2.0520938976377954
20
0.7675755118110236
11
2.0535423622047242
21
0.7690239763779527
0
LINE
8
BLACK
6
CONTINUOUS
10
2.0535423622047242
20
0.7690239763779527
11
2.0539951968503938
21
0.7693956299212599
0
LINE
8
BLACK
6
CONTINUOUS
10
2.0539951968503938
20
0.7693956299212599
11
2.0540974015748032
21
0.7695134645669292
0
LINE
8
BLACK
6
CONTINUOUS
10
2.0540974015748032
20
0.7695134645669292
11
2.0542749212598426
21
0.7696251968503937
0
LINE
8
BLACK
6
CONTINUOUS
10
2.0542749212598426
20
0.7696251968503937
11
2.0544372440944882
21
0.7697584251968503
0
LINE
8
BLACK
6
CONTINUOUS
10
2.0544372440944882
20
0.7697584251968503
11
2.0545814173228347
21
0.7698181102362205
0
LINE
8
BLACK
6
CONTINUOUS
10
2.0545814173228347
20
0.7698181102362205
11
2.0550771653543305
21
0.7701301968503936
0
LINE
8
BLACK
6
CONTINUOUS
10
2.0550771653543305
20
0.7701301968503936
11
2.0607014960629919
21
0.7729423622047243
0
LINE
8
BLACK
6
CONTINUOUS
10
2.0607014960629919
20
0.7729423622047243
11
2.0617827165354332
21
0.7733561417322834
0
LINE
8
BLACK
6
CONTINUOUS
10
2.0617827165354332
20
0.7733561417322834
11
2.0619944094488187
21
0.7733711811023621
0
LINE
8
BLACK
6
CONTINUOUS
10
2.0619944094488187
20
0.7733711811023621
11
2.0621903937007873
21
0.7734523622047244
0
LINE
8
BLACK
6
CONTINUOUS
10
2.0621903937007873
20
0.7734523622047244
11
2.0633425196850395
21
0.7735658267716535
0
LINE
8
BLACK
6
CONTINUOUS
10
2.0633425196850395
20
0.7735658267716535
11
2.0745911023622048
21
0.7735658267716535
0
LINE
8
BLACK
6
CONTINUOUS
10
2.0745911023622048
20
0.7735658267716535
11
2.0757432283464565
21
0.7734523622047244
0
LINE
8
BLACK
6
CONTINUOUS
10
2.0757432283464565
20
0.7734523622047244
11
2.0759392913385826
21
0.7733711023622047
0
LINE
8
BLACK
6
CONTINUOUS
10
2.0759392913385826
20
0.7733711023622047
11
2.076150905511811
21
0.7733561023622048
0
LINE
8
BLACK
6
CONTINUOUS
10
2.076150905511811
20
0.7733561023622048
11
2.0772321259842519
21
0.7729423622047243
0
LINE
8
BLACK
6
CONTINUOUS
10
2.0772321259842519
20
0.7729423622047243
11
2.0828564173228346
21
0.7701301968503936
0
LINE
8
BLACK
6
CONTINUOUS
10
2.0828564173228346
20
0.7701301968503936
11
2.083352283464567
21
0.769818031496063
0
LINE
8
BLACK
6
CONTINUOUS
10
2.083352283464567
20
0.769818031496063
11
2.0834962598425197
21
0.7697584251968503
0
LINE
8
BLACK
6
CONTINUOUS
10
2.0834962598425197
20
0.7697584251968503
11
2.0836583464566929
21
0.7696253543307087
0
LINE
8
BLACK
6
CONTINUOUS
10
2.0836583464566929
20
0.7696253543307087
11
2.0838361811023622
21
0.7695134645669292
0
LINE
8
BLACK
6
CONTINUOUS
10
2.0838361811023622
20
0.7695134645669292
11
2.0839384251968505
21
0.7693955511811024
0
LINE
8
BLACK
6
CONTINUOUS
10
2.0839384251968505
20
0.7693955511811024
11
2.0843911811023621
21
0.7690240157480315
0
LINE
8
BLACK
6
CONTINUOUS
10
2.0843911811023621
20
0.7690240157480315
11
2.0872033464566928
21
0.7662118897637795
0
LINE
8
BLACK
6
CONTINUOUS
10
2.0872033464566928
20
0.7662118897637795
11
2.0875749606299214
21
0.7657590157480315
0
LINE
8
BLACK
6
CONTINUOUS
10
2.0875749606299214
20
0.7657590157480315
11
2.0876929133858266
21
0.7656567716535433
0
LINE
8
BLACK
6
CONTINUOUS
10
2.0876929133858266
20
0.7656567716535433
11
2.0878047637795274
21
0.7654790157480315
0
LINE
8
BLACK
6
CONTINUOUS
10
2.0878047637795274
20
0.7654790157480315
11
2.0879377952755904
21
0.765316968503937
0
LINE
8
BLACK
6
CONTINUOUS
10
2.0879377952755904
20
0.765316968503937
11
2.087997440944882
21
0.7651729133858267
0
LINE
8
BLACK
6
CONTINUOUS
10
2.087997440944882
20
0.7651729133858267
11
2.0883096062992124
21
0.7646770078740157
0
LINE
8
BLACK
6
CONTINUOUS
10
2.0883096062992124
20
0.7646770078740157
11
2.0911217716535431
21
0.7590526771653543
0
LINE
8
BLACK
6
CONTINUOUS
10
2.0911217716535431
20
0.7590526771653543
11
2.0915355118110237
21
0.7579714566929133
0
LINE
8
BLACK
6
CONTINUOUS
10
2.0915355118110237
20
0.7579714566929133
11
2.0915505118110236
21
0.7577598031496063
0
LINE
8
BLACK
6
CONTINUOUS
10
2.0915505118110236
20
0.7577598031496063
11
2.0916317322834646
21
0.7575638188976378
0
LINE
8
BLACK
6
CONTINUOUS
10
2.0916317322834646
20
0.7575638188976378
11
2.0917451968503937
21
0.7564116929133858
0
LINE
8
BLACK
6
CONTINUOUS
10
2.0917451968503937
20
0.7564116929133858
11
2.0917451968503937
21
0.7451631102362205
0
LINE
8
BLACK
6
CONTINUOUS
10
2.0917451968503937
20
0.7451631102362205
11
2.0916317322834646
21
0.7440109842519684
0
LINE
8
BLACK
6
CONTINUOUS
10
2.0916317322834646
20
0.7440109842519684
11
2.0915505118110236
21
0.7438149606299213
0
LINE
8
BLACK
6
CONTINUOUS
10
2.0915505118110236
20
0.7438149606299213
11
2.0915355118110237
21
0.7436033464566929
0
LINE
8
BLACK
6
CONTINUOUS
10
2.0915355118110237
20
0.7436033464566929
11
2.0911217322834643
21
0.7425221259842519
0
LINE
8
BLACK
6
CONTINUOUS
10
2.0911217322834643
20
0.7425221259842519
11
2.0883096062992124
21
0.7368977952755905
0
LINE
8
BLACK
6
CONTINUOUS
10
2.0883096062992124
20
0.7368977952755905
11
2.0879975196850391
21
0.7364020472440945
0
LINE
8
BLACK
6
CONTINUOUS
10
2.0879975196850391
20
0.7364020472440945
11
2.0879378346456692
21
0.7362579133858268
0
LINE
8
BLACK
6
CONTINUOUS
10
2.0879378346456692
20
0.7362579133858268
11
2.0878046062992124
21
0.7360955905511811
0
LINE
8
BLACK
6
CONTINUOUS
10
2.0878046062992124
20
0.7360955905511811
11
2.0876928740157479
21
0.7359180708661417
0
LINE
8
BLACK
6
CONTINUOUS
10
2.0876928740157479
20
0.7359180708661417
11
2.0875750787401572
21
0.735815905511811
0
LINE
8
BLACK
6
CONTINUOUS
10
2.0875750787401572
20
0.735815905511811
11
2.0872033858267716
21
0.7353629921259842
0
LINE
8
BLACK
6
CONTINUOUS
10
2.0872033858267716
20
0.7353629921259842
11
2.0843912204724409
21
0.7325508267716535
0
LINE
8
BLACK
6
CONTINUOUS
10
2.0843912204724409
20
0.7325508267716535
11
2.0839383858267717
21
0.7321791732283465
0
LINE
8
BLACK
6
CONTINUOUS
10
2.0839383858267717
20
0.7321791732283465
11
2.0838361811023622
21
0.7320613385826772
0
LINE
8
BLACK
6
CONTINUOUS
10
2.0838361811023622
20
0.7320613385826772
11
2.0836584645669292
21
0.7319494881889763
0
LINE
8
BLACK
6
CONTINUOUS
10
2.0836584645669292
20
0.7319494881889763
11
2.0834962992125985
21
0.7318163779527559
0
LINE
8
BLACK
6
CONTINUOUS
10
2.0834962992125985
20
0.7318163779527559
11
2.0833522047244095
21
0.7317566929133859
0
LINE
8
BLACK
6
CONTINUOUS
10
2.0833522047244095
20
0.7317566929133859
11
2.0828564173228346
21
0.7314446062992126
0
LINE
8
BLACK
6
CONTINUOUS
10
2.0828564173228346
20
0.7314446062992126
11
2.0772321259842519
21
0.7286324803149606
0
LINE
8
BLACK
6
CONTINUOUS
10
2.0772321259842519
20
0.7286324803149606
11
2.0761508661417323
21
0.7282187007874016
0
LINE
8
BLACK
6
CONTINUOUS
10
2.0761508661417323
20
0.7282187007874016
11
2.0759392125984251
21
0.7282036614173228
0
LINE
8
BLACK
6
CONTINUOUS
10
2.0759392125984251
20
0.7282036614173228
11
2.0757432283464565
21
0.7281224803149606
0
LINE
8
BLACK
6
CONTINUOUS
10
2.0757432283464565
20
0.7281224803149606
11
2.0745911023622048
21
0.7280090157480315
0
LINE
8
BLACK
6
CONTINUOUS
10
2.0745911023622048
20
0.7280090157480315
11
2.0633425196850395
21
0.7280090157480315
0
LINE
8
BLACK
6
CONTINUOUS
10
2.0633425196850395
20
0.7280090157480315
11
2.0621903937007873
21
0.7281224803149606
0
LINE
8
BLACK
6
CONTINUOUS
10
2.0621903937007873
20
0.7281224803149606
11
2.06199437007874
21
0.7282036614173228
0
LINE
8
BLACK
6
CONTINUOUS
10
2.06199437007874
20
0.7282036614173228
11
2.061782755905512
21
0.7282187007874016
0
LINE
8
BLACK
6
CONTINUOUS
10
2.061782755905512
20
0.7282187007874016
11
2.0607015354330707
21
0.7286324409448819
0
LINE
8
BLACK
6
CONTINUOUS
10
2.0607015354330707
20
0.7286324409448819
11
2.0550772047244092
21
0.7314446062992126
0
LINE
8
BLACK
6
CONTINUOUS
10
2.0550772047244092
20
0.7314446062992126
11
2.0545812598425197
21
0.7317567322834645
0
LINE
8
BLACK
6
CONTINUOUS
10
2.0545812598425197
20
0.7317567322834645
11
2.0544372440944882
21
0.7318164173228346
0
LINE
8
BLACK
6
CONTINUOUS
10
2.0544372440944882
20
0.7318164173228346
11
2.0542751574803151
21
0.7319494094488189
0
LINE
8
BLACK
6
CONTINUOUS
10
2.0542751574803151
20
0.7319494094488189
11
2.054097440944882
21
0.7320612992125984
0
LINE
8
BLACK
6
CONTINUOUS
10
2.054097440944882
20
0.7320612992125984
11
2.053995157480315
21
0.7321792125984252
0
LINE
8
BLACK
6
CONTINUOUS
10
2.053995157480315
20
0.7321792125984252
11
2.0535423228346454
21
0.7325508661417323
0
LINE
8
BLACK
6
CONTINUOUS
10
2.0535423228346454
20
0.7325508661417323
11
2.0520938976377954
21
0.7339992913385827
0
LINE
8
BLACK
6
CONTINUOUS
10
2.0520938976377954
20
0.7339992913385827
11
2.0506454330708661
21
0.7325508267716535
0
LINE
8
BLACK
6
CONTINUOUS
10
2.0506454330708661
20
0.7325508267716535
11
2.050192598425197
21
0.7321791732283465
0
LINE
8
BLACK
6
CONTINUOUS
10
2.050192598425197
20
0.7321791732283465
11
2.0500903937007875
21
0.7320613385826772
0
LINE
8
BLACK
6
CONTINUOUS
10
2.0500903937007875
20
0.7320613385826772
11
2.0499126771653544
21
0.7319494881889763
0
LINE
8
BLACK
6
CONTINUOUS
10
2.0499126771653544
20
0.7319494881889763
11
2.0497505118110237
21
0.7318163779527559
0
LINE
8
BLACK
6
CONTINUOUS
10
2.0497505118110237
20
0.7318163779527559
11
2.0496064173228348
21
0.7317566929133859
0
LINE
8
BLACK
6
CONTINUOUS
10
2.0496064173228348
20
0.7317566929133859
11
2.0491106299212598
21
0.7314446062992126
0
LINE
8
BLACK
6
CONTINUOUS
10
2.0491106299212598
20
0.7314446062992126
11
2.0434863385826771
21
0.7286324803149606
0
LINE
8
BLACK
6
CONTINUOUS
10
2.0434863385826771
20
0.7286324803149606
11
2.0424050787401575
21
0.7282187007874016
0
LINE
8
BLACK
6
CONTINUOUS
10
2.0424050787401575
20
0.7282187007874016
11
2.0421934251968503
21
0.7282036614173228
0
LINE
8
BLACK
6
CONTINUOUS
10
2.0421934251968503
20
0.7282036614173228
11
2.0419974409448818
21
0.7281224803149606
0
LINE
8
BLACK
6
CONTINUOUS
10
2.0419974409448818
20
0.7281224803149606
11
2.04084531496063
21
0.7280090157480315
0
LINE
8
BLACK
6
CONTINUOUS
10
2.04084531496063
20
0.7280090157480315
11
2.0380331496062993
21
0.7280090157480315
0
LINE
8
BLACK
6
CONTINUOUS
10
2.0380331496062993
20
0.7280090157480315
11
2.0368810236220471
21
0.7281224803149606
0
LINE
8
BLACK
6
CONTINUOUS
10
2.0368810236220471
20
0.7281224803149606
11
2.0366849999999999
21
0.7282036614173228
0
LINE
8
BLACK
6
CONTINUOUS
10
2.0366849999999999
20
0.7282036614173228
11
2.0364733858267714
21
0.7282187007874016
0
LINE
8
BLACK
6
CONTINUOUS
10
2.0364733858267714
20
0.7282187007874016
11
2.0353921653543305
21
0.7286324803149606
0
LINE
8
BLACK
6
CONTINUOUS
10
2.0353921653543305
20
0.7286324803149606
11
2.0297678346456691
21
0.7314446062992126
0
LINE
8
BLACK
6
CONTINUOUS
10
2.0297678346456691
20
0.7314446062992126
11
2.0292719685039371
21
0.7317567322834645
0
LINE
8
BLACK
6
CONTINUOUS
10
2.0292719685039371
20
0.7317567322834645
11
2.0291279133858269
21
0.7318164173228346
0
LINE
8
BLACK
6
CONTINUOUS
10
2.0291279133858269
20
0.7318164173228346
11
2.0289656692913387
21
0.7319495275590551
0
LINE
8
BLACK
6
CONTINUOUS
10
2.0289656692913387
20
0.7319495275590551
11
2.0287881102362206
21
0.7320613385826772
0
LINE
8
BLACK
6
CONTINUOUS
10
2.0287881102362206
20
0.7320613385826772
11
2.0286859448818899
21
0.732179094488189
0
LINE
8
BLACK
6
CONTINUOUS
10
2.0286859448818899
20
0.732179094488189
11
2.0282329921259841
21
0.7325508661417323
0
LINE
8
BLACK
6
CONTINUOUS
10
2.0282329921259841
20
0.7325508661417323
11
2.0254208661417321
21
0.735363031496063
0
LINE
8
BLACK
6
CONTINUOUS
10
2.0254208661417321
20
0.735363031496063
11
2.0250492913385827
21
0.7358157480314961
0
LINE
8
BLACK
6
CONTINUOUS
10
2.0250492913385827
20
0.7358157480314961
11
2.0249314173228345
21
0.7359180314960629
0
LINE
8
BLACK
6
CONTINUOUS
10
2.0249314173228345
20
0.7359180314960629
11
2.0248194881889763
21
0.7360958267716535
0
LINE
8
BLACK
6
CONTINUOUS
10
2.0248194881889763
20
0.7360958267716535
11
2.0246864566929133
21
0.7362579527559054
0
LINE
8
BLACK
6
CONTINUOUS
10
2.0246864566929133
20
0.7362579527559054
11
2.0246268110236221
21
0.7364018897637795
0
LINE
8
BLACK
6
CONTINUOUS
10
2.0246268110236221
20
0.7364018897637795
11
2.0243146850393701
21
0.7368977952755905
0
LINE
8
BLACK
6
CONTINUOUS
10
2.0243146850393701
20
0.7368977952755905
11
2.0215025196850394
21
0.7425220866141732
0
LINE
8
BLACK
6
CONTINUOUS
10
2.0215025196850394
20
0.7425220866141732
11
2.0210887795275592
21
0.7436033070866142
0
LINE
8
BLACK
6
CONTINUOUS
10
2.0210887795275592
20
0.7436033070866142
11
2.0210737401574801
21
0.7438148818897637
0
LINE
8
BLACK
6
CONTINUOUS
10
2.0210737401574801
20
0.7438148818897637
11
2.0209925196850391
21
0.7440109842519684
0
LINE
8
BLACK
6
CONTINUOUS
10
2.0209925196850391
20
0.7440109842519684
11
2.0208790551181104
21
0.7451631102362205
0
LINE
8
BLACK
6
CONTINUOUS
10
2.0208790551181104
20
0.7451631102362205
11
2.0208790551181104
21
0.7564116929133858
0
LINE
8
BLACK
6
CONTINUOUS
10
2.0208790551181104
20
0.7564116929133858
11
2.0209925196850391
21
0.7575638188976378
0
LINE
8
BLACK
6
CONTINUOUS
10
2.0209925196850391
20
0.7575638188976378
11
2.0210736614173226
21
0.7577597637795276
0
LINE
8
BLACK
6
CONTINUOUS
10
2.0210736614173226
20
0.7577597637795276
11
2.0210887401574804
21
0.7579714960629921
0
LINE
8
BLACK
6
CONTINUOUS
10
2.0210887401574804
20
0.7579714960629921
11
2.0215025196850394
21
0.759052716535433
0
LINE
8
BLACK
6
CONTINUOUS
10
2.0215025196850394
20
0.759052716535433
11
2.0243146850393701
21
0.7646770472440945
0
LINE
8
BLACK
6
CONTINUOUS
10
2.0243146850393701
20
0.7646770472440945
11
2.0246267716535433
21
0.7651728346456693
0
LINE
8
BLACK
6
CONTINUOUS
10
2.0246267716535433
20
0.7651728346456693
11
2.0246864566929133
21
0.7653169291338583
0
LINE
8
BLACK
6
CONTINUOUS
10
2.0246864566929133
20
0.7653169291338583
11
2.0248195669291338
21
0.765479094488189
0
LINE
8
BLACK
6
CONTINUOUS
10
2.0248195669291338
20
0.765479094488189
11
2.0249314173228345
21
0.765656811023622
0
LINE
8
BLACK
6
CONTINUOUS
10
2.0249314173228345
20
0.765656811023622
11
2.0250492519685039
21
0.7657590157480315
0
LINE
8
BLACK
6
CONTINUOUS
10
2.0250492519685039
20
0.7657590157480315
11
2.0254209055118109
21
0.7662118503937008
0
LINE
8
BLACK
6
CONTINUOUS
10
2.0254209055118109
20
0.7662118503937008
11
2.0282330314960628
21
0.7690239763779527
0
LINE
8
BLACK
6
CONTINUOUS
10
2.0282330314960628
20
0.7690239763779527
11
2.0286858661417324
21
0.7693956299212599
0
LINE
8
BLACK
6
CONTINUOUS
10
2.0286858661417324
20
0.7693956299212599
11
2.0287880708661419
21
0.7695134645669292
0
LINE
8
BLACK
6
CONTINUOUS
10
2.0287880708661419
20
0.7695134645669292
11
2.0289655905511812
21
0.7696251968503937
0
LINE
8
BLACK
6
CONTINUOUS
10
2.0289655905511812
20
0.7696251968503937
11
2.0291279133858269
21
0.7697584251968503
0
LINE
8
BLACK
6
CONTINUOUS
10
2.0291279133858269
20
0.7697584251968503
11
2.0292720866141734
21
0.7698181102362205
0
LINE
8
BLACK
6
CONTINUOUS
10
2.0292720866141734
20
0.7698181102362205
11
2.0297678346456691
21
0.7701301968503936
0
LINE
8
BLACK
6
CONTINUOUS
10
2.0297678346456691
20
0.7701301968503936
11
2.035392086614173
21
0.7729423622047243
0
LINE
8
BLACK
6
CONTINUOUS
10
2.035392086614173
20
0.7729423622047243
11
2.0364733464566926
21
0.7733561023622048
0
LINE
8
BLACK
6
CONTINUOUS
10
2.0364733464566926
20
0.7733561023622048
11
2.0366849212598424
21
0.7733711023622047
0
LINE
8
BLACK
6
CONTINUOUS
10
2.0366849212598424
20
0.7733711023622047
11
2.0368810236220471
21
0.7734523622047244
0
LINE
8
BLACK
6
CONTINUOUS
10
2.0368810236220471
20
0.7734523622047244
11
2.0380331496062993
21
0.7735658267716535
0
LINE
8
BLACK
6
CONTINUOUS
10
2.0380331496062993
20
0.7735658267716535
11
2.04084531496063
21
0.7735658267716535
0
LINE
8
BLACK
6
CONTINUOUS
10
2.04084531496063
20
0.7735658267716535
11
2.0419974409448818
21
0.7734523622047244
0
LINE
8
BLACK
6
CONTINUOUS
10
2.0359070472440943
20
0.7599946850393701
11
2.0344501968503939
21
0.7585378346456693
0
LINE
8
BLACK
6
CONTINUOUS
10
2.0344501968503939
20
0.7585378346456693
11
2.0326900787401576
21
0.7550175984251968
0
LINE
8
BLACK
6
CONTINUOUS
10
2.0326900787401576
20
0.7550175984251968
11
2.0326900787401576
21
0.7465572047244095
0
LINE
8
BLACK
6
CONTINUOUS
10
2.0326900787401576
20
0.7465572047244095
11
2.0344501968503939
21
0.7430369291338582
0
LINE
8
BLACK
6
CONTINUOUS
10
2.0344501968503939
20
0.7430369291338582
11
2.0359070472440943
21
0.7415800787401574
0
LINE
8
BLACK
6
CONTINUOUS
10
2.0359070472440943
20
0.7415800787401574
11
2.0394272440944881
21
0.7398200393700787
0
LINE
8
BLACK
6
CONTINUOUS
10
2.0394272440944881
20
0.7398200393700787
11
2.0394512204724409
21
0.7398200393700787
0
LINE
8
BLACK
6
CONTINUOUS
10
2.0394512204724409
20
0.7398200393700787
11
2.0429713779527559
21
0.7415800787401574
0
LINE
8
BLACK
6
CONTINUOUS
10
2.0429713779527559
20
0.7415800787401574
11
2.0444282677165355
21
0.743036968503937
0
LINE
8
BLACK
6
CONTINUOUS
10
2.0444282677165355
20
0.743036968503937
11
2.0461883858267718
21
0.7465571653543307
0
LINE
8
BLACK
6
CONTINUOUS
10
2.0461883858267718
20
0.7465571653543307
11
2.0461883858267718
21
0.7550175984251968
0
LINE
8
BLACK
6
CONTINUOUS
10
2.0461883858267718
20
0.7550175984251968
11
2.0444283070866143
21
0.7585377559055118
0
LINE
8
BLACK
6
CONTINUOUS
10
2.0444283070866143
20
0.7585377559055118
11
2.0429714566929134
21
0.7599946456692913
0
LINE
8
BLACK
6
CONTINUOUS
10
2.0429714566929134
20
0.7599946456692913
11
2.0394512204724409
21
0.7617548031496063
0
LINE
8
BLACK
6
CONTINUOUS
10
2.0394512204724409
20
0.7617548031496063
11
2.0394272440944881
21
0.7617548031496063
0
LINE
8
BLACK
6
CONTINUOUS
10
2.0394272440944881
20
0.7617548031496063
11
2.0359070472440943
21
0.7599946850393701
0
LINE
8
BLACK
6
CONTINUOUS
10
2.0612163779527557
20
0.7599946850393701
11
2.0597595275590552
21
0.7585378346456693
0
LINE
8
BLACK
6
CONTINUOUS
10
2.0597595275590552
20
0.7585378346456693
11
2.057999409448819
21
0.7550175984251968
0
LINE
8
BLACK
6
CONTINUOUS
10
2.057999409448819
20
0.7550175984251968
11
2.057999409448819
21
0.7465572047244095
0
LINE
8
BLACK
6
CONTINUOUS
10
2.057999409448819
20
0.7465572047244095
11
2.0597595275590552
21
0.7430369291338582
0
LINE
8
BLACK
6
CONTINUOUS
10
2.0597595275590552
20
0.7430369291338582
11
2.0612164173228344
21
0.7415800787401574
0
LINE
8
BLACK
6
CONTINUOUS
10
2.0612164173228344
20
0.7415800787401574
11
2.0647365748031494
21
0.7398200393700787
0
LINE
8
BLACK
6
CONTINUOUS
10
2.0647365748031494
20
0.7398200393700787
11
2.0731970078740156
21
0.7398200393700787
0
LINE
8
BLACK
6
CONTINUOUS
10
2.0731970078740156
20
0.7398200393700787
11
2.0767171653543306
21
0.7415800787401574
0
LINE
8
BLACK
6
CONTINUOUS
10
2.0767171653543306
20
0.7415800787401574
11
2.0781740551181103
21
0.743036968503937
0
LINE
8
BLACK
6
CONTINUOUS
10
2.0781740551181103
20
0.743036968503937
11
2.0799341732283465
21
0.7465571653543307
0
LINE
8
BLACK
6
CONTINUOUS
10
2.0799341732283465
20
0.7465571653543307
11
2.0799341732283465
21
0.7550175984251968
0
LINE
8
BLACK
6
CONTINUOUS
10
2.0799341732283465
20
0.7550175984251968
11
2.078174094488189
21
0.7585377559055118
0
LINE
8
BLACK
6
CONTINUOUS
10
2.078174094488189
20
0.7585377559055118
11
2.0767172440944881
21
0.7599946456692913
0
LINE
8
BLACK
6
CONTINUOUS
10
2.0767172440944881
20
0.7599946456692913
11
2.0731970078740156
21
0.7617548031496063
0
LINE
8
BLACK
6
CONTINUOUS
10
2.0731970078740156
20
0.7617548031496063
11
2.0647366141732282
21
0.7617548031496063
0
LINE
8
BLACK
6
CONTINUOUS
10
2.0647366141732282
20
0.7617548031496063
11
2.0612163779527557
21
0.7599946850393701
0
LINE
8
BLACK
6
CONTINUOUS
10
2.0635434251968503
20
0.8297889763779528
11
2.063629566929134
21
0.829801811023622
0
LINE
8
BLACK
6
CONTINUOUS
10
2.063629566929134
20
0.829801811023622
11
2.0640607086614171
21
0.829738031496063
0
LINE
8
BLACK
6
CONTINUOUS
10
2.0640607086614171
20
0.829738031496063
11
2.0644946456692912
21
0.8296953149606299
0
LINE
8
BLACK
6
CONTINUOUS
10
2.0644946456692912
20
0.8296953149606299
11
2.0645751181102363
21
0.829661968503937
0
LINE
8
BLACK
6
CONTINUOUS
10
2.0645751181102363
20
0.829661968503937
11
2.064774842519685
21
0.8296324409448819
0
LINE
8
BLACK
6
CONTINUOUS
10
2.064774842519685
20
0.8296324409448819
11
2.0760233858267716
21
0.8268202755905512
0
LINE
8
BLACK
6
CONTINUOUS
10
2.0760233858267716
20
0.8268202755905512
11
2.0761082283464565
21
0.8267899212598425
0
LINE
8
BLACK
6
CONTINUOUS
10
2.0761082283464565
20
0.8267899212598425
11
2.0761508661417323
21
0.8267869291338582
0
LINE
8
BLACK
6
CONTINUOUS
10
2.0761508661417323
20
0.8267869291338582
11
2.0766307086614173
21
0.8266032677165354
0
LINE
8
BLACK
6
CONTINUOUS
10
2.0766307086614173
20
0.8266032677165354
11
2.0771135826771654
21
0.8264307874015748
0
LINE
8
BLACK
6
CONTINUOUS
10
2.0771135826771654
20
0.8264307874015748
11
2.0771478346456691
21
0.8264053937007874
0
LINE
8
BLACK
6
CONTINUOUS
10
2.0771478346456691
20
0.8264053937007874
11
2.0772321259842519
21
0.8263731496062992
0
LINE
8
BLACK
6
CONTINUOUS
10
2.0772321259842519
20
0.8263731496062992
11
2.0828564173228346
21
0.8235610236220472
0
LINE
8
BLACK
6
CONTINUOUS
10
2.0828564173228346
20
0.8235610236220472
11
2.0833522047244095
21
0.8232488976377953
0
LINE
8
BLACK
6
CONTINUOUS
10
2.0833522047244095
20
0.8232488976377953
11
2.0834962992125985
21
0.8231892519685039
0
LINE
8
BLACK
6
CONTINUOUS
10
2.0834962992125985
20
0.8231892519685039
11
2.0836584645669292
21
0.8230561023622047
0
LINE
8
BLACK
6
CONTINUOUS
10
2.0836584645669292
20
0.8230561023622047
11
2.0838361811023622
21
0.8229442913385827
0
LINE
8
BLACK
6
CONTINUOUS
10
2.0838361811023622
20
0.8229442913385827
11
2.0839383858267717
21
0.8228264173228347
0
LINE
8
BLACK
6
CONTINUOUS
10
2.0839383858267717
20
0.8228264173228347
11
2.0843912204724409
21
0.8224548031496063
0
LINE
8
BLACK
6
CONTINUOUS
10
2.0843912204724409
20
0.8224548031496063
11
2.0872033858267716
21
0.8196426377952756
0
LINE
8
BLACK
6
CONTINUOUS
10
2.0872033858267716
20
0.8196426377952756
11
2.0875750787401572
21
0.8191896850393701
0
LINE
8
BLACK
6
CONTINUOUS
10
2.0875750787401572
20
0.8191896850393701
11
2.0876928740157479
21
0.8190875590551181
0
LINE
8
BLACK
6
CONTINUOUS
10
2.0876928740157479
20
0.8190875590551181
11
2.0878046062992124
21
0.81891
0
LINE
8
BLACK
6
CONTINUOUS
10
2.0878046062992124
20
0.81891
11
2.0879378346456692
21
0.8187477165354331
0
LINE
8
BLACK
6
CONTINUOUS
10
2.0879378346456692
20
0.8187477165354331
11
2.0879975196850391
21
0.8186035433070866
0
LINE
8
BLACK
6
CONTINUOUS
10
2.0879975196850391
20
0.8186035433070866
11
2.0883096062992124
21
0.8181078346456693
0
LINE
8
BLACK
6
CONTINUOUS
10
2.0883096062992124
20
0.8181078346456693
11
2.0911217322834643
21
0.8124835039370079
0
LINE
8
BLACK
6
CONTINUOUS
10
2.0911217322834643
20
0.8124835039370079
11
2.0915355118110237
21
0.8114022834645669
0
LINE
8
BLACK
6
CONTINUOUS
10
2.0915355118110237
20
0.8114022834645669
11
2.0915505118110236
21
0.8111906299212598
0
LINE
8
BLACK
6
CONTINUOUS
10
2.0915505118110236
20
0.8111906299212598
11
2.0916317322834646
21
0.8109946456692914
0
LINE
8
BLACK
6
CONTINUOUS
10
2.0916317322834646
20
0.8109946456692914
11
2.0917451968503937
21
0.8098425196850394
0
LINE
8
BLACK
6
CONTINUOUS
10
2.0917451968503937
20
0.8098425196850394
11
2.0917451968503937
21
0.8042182283464566
0
LINE
8
BLACK
6
CONTINUOUS
10
2.0917451968503937
20
0.8042182283464566
11
2.0916317322834646
21
0.8030661023622047
0
LINE
8
BLACK
6
CONTINUOUS
10
2.0916317322834646
20
0.8030661023622047
11
2.0915505118110236
21
0.8028700787401575
0
LINE
8
BLACK
6
CONTINUOUS
10
2.0915505118110236
20
0.8028700787401575
11
2.0915355118110237
21
0.8026584645669291
0
LINE
8
BLACK
6
CONTINUOUS
10
2.0915355118110237
20
0.8026584645669291
11
2.0911217322834643
21
0.8015772440944882
0
LINE
8
BLACK
6
CONTINUOUS
10
2.0911217322834643
20
0.8015772440944882
11
2.0883096062992124
21
0.7959529133858267
0
LINE
8
BLACK
6
CONTINUOUS
10
2.0883096062992124
20
0.7959529133858267
11
2.0879975196850391
21
0.7954571653543306
0
LINE
8
BLACK
6
CONTINUOUS
10
2.0879975196850391
20
0.7954571653543306
11
2.0879378346456692
21
0.795313031496063
0
LINE
8
BLACK
6
CONTINUOUS
10
2.0879378346456692
20
0.795313031496063
11
2.0878046062992124
21
0.7951507086614173
0
LINE
8
BLACK
6
CONTINUOUS
10
2.0878046062992124
20
0.7951507086614173
11
2.0876928740157479
21
0.7949731889763779
0
LINE
8
BLACK
6
CONTINUOUS
10
2.0876928740157479
20
0.7949731889763779
11
2.0875750787401572
21
0.7948710236220472
0
LINE
8
BLACK
6
CONTINUOUS
10
2.0875750787401572
20
0.7948710236220472
11
2.0872033858267716
21
0.7944181102362204
0
LINE
8
BLACK
6
CONTINUOUS
10
2.0872033858267716
20
0.7944181102362204
11
2.0843912204724409
21
0.7916059448818897
0
LINE
8
BLACK
6
CONTINUOUS
10
2.0843912204724409
20
0.7916059448818897
11
2.0839383858267717
21
0.7912342913385827
0
LINE
8
BLACK
6
CONTINUOUS
10
2.0839383858267717
20
0.7912342913385827
11
2.0838361811023622
21
0.7911164566929134
0
LINE
8
BLACK
6
CONTINUOUS
10
2.0838361811023622
20
0.7911164566929134
11
2.0836584645669292
21
0.7910046062992125
0
LINE
8
BLACK
6
CONTINUOUS
10
2.0836584645669292
20
0.7910046062992125
11
2.0834962992125985
21
0.7908714960629921
0
LINE
8
BLACK
6
CONTINUOUS
10
2.0834962992125985
20
0.7908714960629921
11
2.0833522047244095
21
0.7908118110236221
0
LINE
8
BLACK
6
CONTINUOUS
10
2.0833522047244095
20
0.7908118110236221
11
2.0828564173228346
21
0.7904997244094488
0
LINE
8
BLACK
6
CONTINUOUS
10
2.0828564173228346
20
0.7904997244094488
11
2.0772321259842519
21
0.7876875590551181
0
LINE
8
BLACK
6
CONTINUOUS
10
2.0772321259842519
20
0.7876875590551181
11
2.0771478346456691
21
0.7876552755905512
0
LINE
8
BLACK
6
CONTINUOUS
10
2.0771478346456691
20
0.7876552755905512
11
2.0771135826771654
21
0.7876299212598425
0
LINE
8
BLACK
6
CONTINUOUS
10
2.0771135826771654
20
0.7876299212598425
11
2.0766301968503935
21
0.7874572047244094
0
LINE
8
BLACK
6
CONTINUOUS
10
2.0766301968503935
20
0.7874572047244094
11
2.076150905511811
21
0.7872738188976378
0
LINE
8
BLACK
6
CONTINUOUS
10
2.076150905511811
20
0.7872738188976378
11
2.0761083464566927
21
0.7872707874015747
0
LINE
8
BLACK
6
CONTINUOUS
10
2.0761083464566927
20
0.7872707874015747
11
2.0760233858267716
21
0.7872404330708661
0
LINE
8
BLACK
6
CONTINUOUS
10
2.0760233858267716
20
0.7872404330708661
11
2.0647748031496063
21
0.7844283070866142
0
LINE
8
BLACK
6
CONTINUOUS
10
2.0647748031496063
20
0.7844283070866142
11
2.0645751181102363
21
0.784398779527559
0
LINE
8
BLACK
6
CONTINUOUS
10
2.0645751181102363
20
0.784398779527559
11
2.0644946456692912
21
0.7843654330708661
0
LINE
8
BLACK
6
CONTINUOUS
10
2.0644946456692912
20
0.7843654330708661
11
2.0640606692913384
21
0.7843226771653543
0
LINE
8
BLACK
6
CONTINUOUS
10
2.0640606692913384
20
0.7843226771653543
11
2.063629566929134
21
0.784258937007874
0
LINE
8
BLACK
6
CONTINUOUS
10
2.063629566929134
20
0.784258937007874
11
2.0635434251968503
21
0.7842717322834646
0
LINE
8
BLACK
6
CONTINUOUS
10
2.0635434251968503
20
0.7842717322834646
11
2.0633425196850395
21
0.784251968503937
0
LINE
8
BLACK
6
CONTINUOUS
10
2.0633425196850395
20
0.784251968503937
11
2.0492817716535434
21
0.784251968503937
0
LINE
8
BLACK
6
CONTINUOUS
10
2.0492817716535434
20
0.784251968503937
11
2.0490808267716534
21
0.7842717322834646
0
LINE
8
BLACK
6
CONTINUOUS
10
2.0490808267716534
20
0.7842717322834646
11
2.0489947244094489
21
0.784258937007874
0
LINE
8
BLACK
6
CONTINUOUS
10
2.0489947244094489
20
0.784258937007874
11
2.0485635826771653
21
0.7843226771653543
0
LINE
8
BLACK
6
CONTINUOUS
10
2.0485635826771653
20
0.7843226771653543
11
2.0481296456692912
21
0.7843654330708661
0
LINE
8
BLACK
6
CONTINUOUS
10
2.0481296456692912
20
0.7843654330708661
11
2.0480491338582678
21
0.784398779527559
0
LINE
8
BLACK
6
CONTINUOUS
10
2.0480491338582678
20
0.784398779527559
11
2.0478494881889762
21
0.7844283070866142
0
LINE
8
BLACK
6
CONTINUOUS
10
2.0478494881889762
20
0.7844283070866142
11
2.0366008661417321
21
0.7872404330708661
0
LINE
8
BLACK
6
CONTINUOUS
10
2.0366008661417321
20
0.7872404330708661
11
2.0365158661417322
21
0.7872707874015747
0
LINE
8
BLACK
6
CONTINUOUS
10
2.0365158661417322
20
0.7872707874015747
11
2.0364733464566926
21
0.7872738188976378
0
LINE
8
BLACK
6
CONTINUOUS
10
2.0364733464566926
20
0.7872738188976378
11
2.0359937795275589
21
0.7874572834645669
0
LINE
8
BLACK
6
CONTINUOUS
10
2.0359937795275589
20
0.7874572834645669
11
2.0355106692913387
21
0.7876299212598425
0
LINE
8
BLACK
6
CONTINUOUS
10
2.0355106692913387
20
0.7876299212598425
11
2.0354764173228346
21
0.7876552755905512
0
LINE
8
BLACK
6
CONTINUOUS
10
2.0354764173228346
20
0.7876552755905512
11
2.035392086614173
21
0.7876875590551181
0
LINE
8
BLACK
6
CONTINUOUS
10
2.035392086614173
20
0.7876875590551181
11
2.0297678346456691
21
0.7904997244094488
0
LINE
8
BLACK
6
CONTINUOUS
10
2.0297678346456691
20
0.7904997244094488
11
2.0292718897637796
21
0.7908118503937007
0
LINE
8
BLACK
6
CONTINUOUS
10
2.0292718897637796
20
0.7908118503937007
11
2.0291279133858269
21
0.7908715354330709
0
LINE
8
BLACK
6
CONTINUOUS
10
2.0291279133858269
20
0.7908715354330709
11
2.028965787401575
21
0.7910045669291338
0
LINE
8
BLACK
6
CONTINUOUS
10
2.028965787401575
20
0.7910045669291338
11
2.0287880708661419
21
0.7911164566929134
0
LINE
8
BLACK
6
CONTINUOUS
10
2.0287880708661419
20
0.7911164566929134
11
2.0286857874015749
21
0.7912343307086614
0
LINE
8
BLACK
6
CONTINUOUS
10
2.0286857874015749
20
0.7912343307086614
11
2.0282329921259841
21
0.7916059842519685
0
LINE
8
BLACK
6
CONTINUOUS
10
2.0282329921259841
20
0.7916059842519685
11
2.0254208661417321
21
0.7944181496062992
0
LINE
8
BLACK
6
CONTINUOUS
10
2.0254208661417321
20
0.7944181496062992
11
2.0250492913385827
21
0.7948708661417323
0
LINE
8
BLACK
6
CONTINUOUS
10
2.0250492913385827
20
0.7948708661417323
11
2.0249314173228345
21
0.7949731496062992
0
LINE
8
BLACK
6
CONTINUOUS
10
2.0249314173228345
20
0.7949731496062992
11
2.0248194881889763
21
0.7951509448818898
0
LINE
8
BLACK
6
CONTINUOUS
10
2.0248194881889763
20
0.7951509448818898
11
2.0246864566929133
21
0.7953130708661417
0
LINE
8
BLACK
6
CONTINUOUS
10
2.0246864566929133
20
0.7953130708661417
11
2.0246268110236221
21
0.7954570078740157
0
LINE
8
BLACK
6
CONTINUOUS
10
2.0246268110236221
20
0.7954570078740157
11
2.0243146850393701
21
0.7959529133858267
0
LINE
8
BLACK
6
CONTINUOUS
10
2.0243146850393701
20
0.7959529133858267
11
2.0215025196850394
21
0.8015772047244094
0
LINE
8
BLACK
6
CONTINUOUS
10
2.0215025196850394
20
0.8015772047244094
11
2.0210887795275592
21
0.8026584251968504
0
LINE
8
BLACK
6
CONTINUOUS
10
2.0210887795275592
20
0.8026584251968504
11
2.0210737401574801
21
0.80287
0
LINE
8
BLACK
6
CONTINUOUS
10
2.0210737401574801
20
0.80287
11
2.0209925196850391
21
0.8030661023622047
0
LINE
8
BLACK
6
CONTINUOUS
10
2.0209925196850391
20
0.8030661023622047
11
2.0208790551181104
21
0.8042182283464566
0
LINE
8
BLACK
6
CONTINUOUS
10
2.0208790551181104
20
0.8042182283464566
11
2.0208790551181104
21
0.8098425196850394
0
LINE
8
BLACK
6
CONTINUOUS
10
2.0208790551181104
20
0.8098425196850394
11
2.0209925196850391
21
0.8109946456692914
0
LINE
8
BLACK
6
CONTINUOUS
10
2.0209925196850391
20
0.8109946456692914
11
2.0210737401574801
21
0.8111907086614173
0
LINE
8
BLACK
6
CONTINUOUS
10
2.0210737401574801
20
0.8111907086614173
11
2.0210887795275592
21
0.8114023228346456
0
LINE
8
BLACK
6
CONTINUOUS
10
2.0210887795275592
20
0.8114023228346456
11
2.0215025196850394
21
0.8124835433070866
0
LINE
8
BLACK
6
CONTINUOUS
10
2.0215025196850394
20
0.8124835433070866
11
2.0243146850393701
21
0.8181078346456693
0
LINE
8
BLACK
6
CONTINUOUS
10
2.0243146850393701
20
0.8181078346456693
11
2.0246268110236221
21
0.8186037007874015
0
LINE
8
BLACK
6
CONTINUOUS
10
2.0246268110236221
20
0.8186037007874015
11
2.0246864566929133
21
0.8187476771653543
0
LINE
8
BLACK
6
CONTINUOUS
10
2.0246864566929133
20
0.8187476771653543
11
2.0248194881889763
21
0.8189097637795275
0
LINE
8
BLACK
6
CONTINUOUS
10
2.0248194881889763
20
0.8189097637795275
11
2.0249314173228345
21
0.8190875984251969
0
LINE
8
BLACK
6
CONTINUOUS
10
2.0249314173228345
20
0.8190875984251969
11
2.0250492913385827
21
0.8191898425196851
0
LINE
8
BLACK
6
CONTINUOUS
10
2.0250492913385827
20
0.8191898425196851
11
2.0254208661417321
21
0.8196425984251968
0
LINE
8
BLACK
6
CONTINUOUS
10
2.0254208661417321
20
0.8196425984251968
11
2.0282329921259841
21
0.8224547637795275
0
LINE
8
BLACK
6
CONTINUOUS
10
2.0282329921259841
20
0.8224547637795275
11
2.0286859448818899
21
0.8228264960629921
0
LINE
8
BLACK
6
CONTINUOUS
10
2.0286859448818899
20
0.8228264960629921
11
2.0287881102362206
21
0.8229442913385827
0
LINE
8
BLACK
6
CONTINUOUS
10
2.0287881102362206
20
0.8229442913385827
11
2.0289656692913387
21
0.823056062992126
0
LINE
8
BLACK
6
CONTINUOUS
10
2.0289656692913387
20
0.823056062992126
11
2.0291279133858269
21
0.8231892125984251
0
LINE
8
BLACK
6
CONTINUOUS
10
2.0291279133858269
20
0.8231892125984251
11
2.0292719685039371
21
0.8232488582677165
0
LINE
8
BLACK
6
CONTINUOUS
10
2.0292719685039371
20
0.8232488582677165
11
2.0297678346456691
21
0.8235610236220472
0
LINE
8
BLACK
6
CONTINUOUS
10
2.0297678346456691
20
0.8235610236220472
11
2.0353921653543305
21
0.8263731496062992
0
LINE
8
BLACK
6
CONTINUOUS
10
2.0353921653543305
20
0.8263731496062992
11
2.0354762598425196
21
0.8264053149606299
0
LINE
8
BLACK
6
CONTINUOUS
10
2.0354762598425196
20
0.8264053149606299
11
2.03551062992126
21
0.8264307874015748
0
LINE
8
BLACK
6
CONTINUOUS
10
2.03551062992126
20
0.8264307874015748
11
2.0359940551181102
21
0.8266034645669291
0
LINE
8
BLACK
6
CONTINUOUS
10
2.0359940551181102
20
0.8266034645669291
11
2.0364733858267714
21
0.8267869291338582
0
LINE
8
BLACK
6
CONTINUOUS
10
2.0364733858267714
20
0.8267869291338582
11
2.0365159842519684
21
0.8267899212598425
0
LINE
8
BLACK
6
CONTINUOUS
10
2.0365159842519684
20
0.8267899212598425
11
2.0366008661417321
21
0.8268202755905512
0
LINE
8
BLACK
6
CONTINUOUS
10
2.0366008661417321
20
0.8268202755905512
11
2.0478494488188974
21
0.8296324409448819
0
LINE
8
BLACK
6
CONTINUOUS
10
2.0478494488188974
20
0.8296324409448819
11
2.0480491338582678
21
0.829661968503937
0
LINE
8
BLACK
6
CONTINUOUS
10
2.0480491338582678
20
0.829661968503937
11
2.0481296456692912
21
0.8296953149606299
0
LINE
8
BLACK
6
CONTINUOUS
10
2.0481296456692912
20
0.8296953149606299
11
2.0485634645669291
21
0.829738031496063
0
LINE
8
BLACK
6
CONTINUOUS
10
2.0485634645669291
20
0.829738031496063
11
2.0489946850393701
21
0.829801811023622
0
LINE
8
BLACK
6
CONTINUOUS
10
2.0489946850393701
20
0.829801811023622
11
2.0490808267716534
21
0.8297889763779528
0
LINE
8
BLACK
6
CONTINUOUS
10
2.0490808267716534
20
0.8297889763779528
11
2.0492817716535434
21
0.829808779527559
0
LINE
8
BLACK
6
CONTINUOUS
10
2.0492817716535434
20
0.829808779527559
11
2.0633425196850395
21
0.829808779527559
0
LINE
8
BLACK
6
CONTINUOUS
10
2.0633425196850395
20
0.829808779527559
11
2.0635434251968503
21
0.8297889763779528
0
LINE
8
BLACK
6
CONTINUOUS
10
2.0400943700787399
20
0.8155191338582677
11
2.0359070472440943
21
0.8134255118110236
0
LINE
8
BLACK
6
CONTINUOUS
10
2.0359070472440943
20
0.8134255118110236
11
2.0344501968503939
21
0.8119686614173228
0
LINE
8
BLACK
6
CONTINUOUS
10
2.0344501968503939
20
0.8119686614173228
11
2.0326900787401576
21
0.8084483858267716
0
LINE
8
BLACK
6
CONTINUOUS
10
2.0326900787401576
20
0.8084483858267716
11
2.0326900787401576
21
0.8056123228346457
0
LINE
8
BLACK
6
CONTINUOUS
10
2.0326900787401576
20
0.8056123228346457
11
2.0344501968503939
21
0.8020920472440944
0
LINE
8
BLACK
6
CONTINUOUS
10
2.0344501968503939
20
0.8020920472440944
11
2.0359070472440943
21
0.8006351968503936
0
LINE
8
BLACK
6
CONTINUOUS
10
2.0359070472440943
20
0.8006351968503936
11
2.0400944094488187
21
0.7985415354330708
0
LINE
8
BLACK
6
CONTINUOUS
10
2.0400944094488187
20
0.7985415354330708
11
2.0500087007874015
21
0.7960629921259842
0
LINE
8
BLACK
6
CONTINUOUS
10
2.0500087007874015
20
0.7960629921259842
11
2.0626155905511809
21
0.7960629921259842
0
LINE
8
BLACK
6
CONTINUOUS
10
2.0626155905511809
20
0.7960629921259842
11
2.0725298031496062
21
0.7985414960629921
0
LINE
8
BLACK
6
CONTINUOUS
10
2.0725298031496062
20
0.7985414960629921
11
2.0767172047244093
21
0.8006352362204724
0
LINE
8
BLACK
6
CONTINUOUS
10
2.0767172047244093
20
0.8006352362204724
11
2.0781740551181103
21
0.8020920866141732
0
LINE
8
BLACK
6
CONTINUOUS
10
2.0781740551181103
20
0.8020920866141732
11
2.0799341732283465
21
0.8056122834645669
0
LINE
8
BLACK
6
CONTINUOUS
10
2.0799341732283465
20
0.8056122834645669
11
2.0799341732283465
21
0.8084484251968503
0
LINE
8
BLACK
6
CONTINUOUS
10
2.0799341732283465
20
0.8084484251968503
11
2.0781740551181103
21
0.8119686220472441
0
LINE
8
BLACK
6
CONTINUOUS
10
2.0781740551181103
20
0.8119686220472441
11
2.0767171653543306
21
0.8134255118110236
0
LINE
8
BLACK
6
CONTINUOUS
10
2.0767171653543306
20
0.8134255118110236
11
2.0725298818897637
21
0.8155191338582677
0
LINE
8
BLACK
6
CONTINUOUS
10
2.0725298818897637
20
0.8155191338582677
11
2.0626155511811022
21
0.8179977559055118
0
LINE
8
BLACK
6
CONTINUOUS
10
2.0626155511811022
20
0.8179977559055118
11
2.0500087007874015
21
0.8179977559055118
0
LINE
8
BLACK
6
CONTINUOUS
10
2.0500087007874015
20
0.8179977559055118
11
2.0400943700787399
21
0.8155191338582677
0
LINE
8
BLACK
6
CONTINUOUS
10
2.0635434251968503
20
0.8860319291338582
11
2.063629566929134
21
0.8860447637795276
0
LINE
8
BLACK
6
CONTINUOUS
10
2.063629566929134
20
0.8860447637795276
11
2.0640607086614171
21
0.8859809842519685
0
LINE
8
BLACK
6
CONTINUOUS
10
2.0640607086614171
20
0.8859809842519685
11
2.0644946456692912
21
0.8859382677165354
0
LINE
8
BLACK
6
CONTINUOUS
10
2.0644946456692912
20
0.8859382677165354
11
2.0645751181102363
21
0.8859049212598425
0
LINE
8
BLACK
6
CONTINUOUS
10
2.0645751181102363
20
0.8859049212598425
11
2.064774842519685
21
0.8858753937007874
0
LINE
8
BLACK
6
CONTINUOUS
10
2.064774842519685
20
0.8858753937007874
11
2.0760233858267716
21
0.8830632283464567
0
LINE
8
BLACK
6
CONTINUOUS
10
2.0760233858267716
20
0.8830632283464567
11
2.0761082283464565
21
0.883032874015748
0
LINE
8
BLACK
6
CONTINUOUS
10
2.0761082283464565
20
0.883032874015748
11
2.0761508661417323
21
0.8830298818897637
0
LINE
8
BLACK
6
CONTINUOUS
10
2.0761508661417323
20
0.8830298818897637
11
2.0766307086614173
21
0.8828462204724409
0
LINE
8
BLACK
6
CONTINUOUS
10
2.0766307086614173
20
0.8828462204724409
11
2.0771135826771654
21
0.8826737401574803
0
LINE
8
BLACK
6
CONTINUOUS
10
2.0771135826771654
20
0.8826737401574803
11
2.0771478346456691
21
0.8826483464566929
0
LINE
8
BLACK
6
CONTINUOUS
10
2.0771478346456691
20
0.8826483464566929
11
2.0772321259842519
21
0.8826161023622047
0
LINE
8
BLACK
6
CONTINUOUS
10
2.0772321259842519
20
0.8826161023622047
11
2.0828564173228346
21
0.8798039763779527
0
LINE
8
BLACK
6
CONTINUOUS
10
2.0828564173228346
20
0.8798039763779527
11
2.0833522047244095
21
0.8794918503937008
0
LINE
8
BLACK
6
CONTINUOUS
10
2.0833522047244095
20
0.8794918503937008
11
2.0834962992125985
21
0.8794322047244094
0
LINE
8
BLACK
6
CONTINUOUS
10
2.0834962992125985
20
0.8794322047244094
11
2.0836584645669292
21
0.8792990551181102
0
LINE
8
BLACK
6
CONTINUOUS
10
2.0836584645669292
20
0.8792990551181102
11
2.0838361811023622
21
0.8791872440944881
0
LINE
8
BLACK
6
CONTINUOUS
10
2.0838361811023622
20
0.8791872440944881
11
2.0839383858267717
21
0.8790693700787401
0
LINE
8
BLACK
6
CONTINUOUS
10
2.0839383858267717
20
0.8790693700787401
11
2.0843912204724409
21
0.8786977559055118
0
LINE
8
BLACK
6
CONTINUOUS
10
2.0843912204724409
20
0.8786977559055118
11
2.0872033858267716
21
0.8758855905511811
0
LINE
8
BLACK
6
CONTINUOUS
10
2.0872033858267716
20
0.8758855905511811
11
2.0875750787401572
21
0.8754326377952756
0
LINE
8
BLACK
6
CONTINUOUS
10
2.0875750787401572
20
0.8754326377952756
11
2.0876928740157479
21
0.8753305118110236
0
LINE
8
BLACK
6
CONTINUOUS
10
2.0876928740157479
20
0.8753305118110236
11
2.0878046062992124
21
0.8751529527559055
0
LINE
8
BLACK
6
CONTINUOUS
10
2.0878046062992124
20
0.8751529527559055
11
2.0879378346456692
21
0.8749906692913385
0
LINE
8
BLACK
6
CONTINUOUS
10
2.0879378346456692
20
0.8749906692913385
11
2.0879975196850391
21
0.8748464960629921
0
LINE
8
BLACK
6
CONTINUOUS
10
2.0879975196850391
20
0.8748464960629921
11
2.0883096062992124
21
0.8743507874015748
0
LINE
8
BLACK
6
CONTINUOUS
10
2.0883096062992124
20
0.8743507874015748
11
2.0911217322834643
21
0.8687264566929134
0
LINE
8
BLACK
6
CONTINUOUS
10
2.0911217322834643
20
0.8687264566929134
11
2.0915355118110237
21
0.8676452362204724
0
LINE
8
BLACK
6
CONTINUOUS
10
2.0915355118110237
20
0.8676452362204724
11
2.0915505118110236
21
0.8674335826771653
0
LINE
8
BLACK
6
CONTINUOUS
10
2.0915505118110236
20
0.8674335826771653
11
2.0916317322834646
21
0.8672375984251969
0
LINE
8
BLACK
6
CONTINUOUS
10
2.0916317322834646
20
0.8672375984251969
11
2.0917451968503937
21
0.8660854724409449
0
LINE
8
BLACK
6
CONTINUOUS
10
2.0917451968503937
20
0.8660854724409449
11
2.0917451968503937
21
0.8604611811023621
0
LINE
8
BLACK
6
CONTINUOUS
10
2.0917451968503937
20
0.8604611811023621
11
2.0916317322834646
21
0.8593090551181102
0
LINE
8
BLACK
6
CONTINUOUS
10
2.0916317322834646
20
0.8593090551181102
11
2.0915505118110236
21
0.859113031496063
0
LINE
8
BLACK
6
CONTINUOUS
10
2.0915505118110236
20
0.859113031496063
11
2.0915355118110237
21
0.8589014173228346
0
LINE
8
BLACK
6
CONTINUOUS
10
2.0915355118110237
20
0.8589014173228346
11
2.0911217322834643
21
0.8578201968503937
0
LINE
8
BLACK
6
CONTINUOUS
10
2.0911217322834643
20
0.8578201968503937
11
2.0883096062992124
21
0.8521958661417323
0
LINE
8
BLACK
6
CONTINUOUS
10
2.0883096062992124
20
0.8521958661417323
11
2.0879975196850391
21
0.8517001181102362
0
LINE
8
BLACK
6
CONTINUOUS
10
2.0879975196850391
20
0.8517001181102362
11
2.0879378346456692
21
0.8515559842519684
0
LINE
8
BLACK
6
CONTINUOUS
10
2.0879378346456692
20
0.8515559842519684
11
2.0878046062992124
21
0.8513936614173229
0
LINE
8
BLACK
6
CONTINUOUS
10
2.0878046062992124
20
0.8513936614173229
11
2.0876928740157479
21
0.8512161417322834
0
LINE
8
BLACK
6
CONTINUOUS
10
2.0876928740157479
20
0.8512161417322834
11
2.0875750787401572
21
0.8511139763779527
0
LINE
8
BLACK
6
CONTINUOUS
10
2.0875750787401572
20
0.8511139763779527
11
2.0872033858267716
21
0.850661062992126
0
LINE
8
BLACK
6
CONTINUOUS
10
2.0872033858267716
20
0.850661062992126
11
2.0843912204724409
21
0.8478488976377953
0
LINE
8
BLACK
6
CONTINUOUS
10
2.0843912204724409
20
0.8478488976377953
11
2.0839383858267717
21
0.8474772440944882
0
LINE
8
BLACK
6
CONTINUOUS
10
2.0839383858267717
20
0.8474772440944882
11
2.0838361811023622
21
0.8473594094488188
0
LINE
8
BLACK
6
CONTINUOUS
10
2.0838361811023622
20
0.8473594094488188
11
2.0836584645669292
21
0.8472475590551181
0
LINE
8
BLACK
6
CONTINUOUS
10
2.0836584645669292
20
0.8472475590551181
11
2.0834962992125985
21
0.8471144488188976
0
LINE
8
BLACK
6
CONTINUOUS
10
2.0834962992125985
20
0.8471144488188976
11
2.0833522047244095
21
0.8470547637795275
0
LINE
8
BLACK
6
CONTINUOUS
10
2.0833522047244095
20
0.8470547637795275
11
2.0828564173228346
21
0.8467426771653543
0
LINE
8
BLACK
6
CONTINUOUS
10
2.0828564173228346
20
0.8467426771653543
11
2.0772321259842519
21
0.8439305118110236
0
LINE
8
BLACK
6
CONTINUOUS
10
2.0772321259842519
20
0.8439305118110236
11
2.0771478346456691
21
0.8438982283464567
0
LINE
8
BLACK
6
CONTINUOUS
10
2.0771478346456691
20
0.8438982283464567
11
2.0771135826771654
21
0.8438728740157481
0
LINE
8
BLACK
6
CONTINUOUS
10
2.0771135826771654
20
0.8438728740157481
11
2.0766301968503935
21
0.8437001574803149
0
LINE
8
BLACK
6
CONTINUOUS
10
2.0766301968503935
20
0.8437001574803149
11
2.076150905511811
21
0.8435167716535433
0
LINE
8
BLACK
6
CONTINUOUS
10
2.076150905511811
20
0.8435167716535433
11
2.0761083464566927
21
0.8435137401574803
0
LINE
8
BLACK
6
CONTINUOUS
10
2.0761083464566927
20
0.8435137401574803
11
2.0760233858267716
21
0.8434833858267716
0
LINE
8
BLACK
6
CONTINUOUS
10
2.0760233858267716
20
0.8434833858267716
11
2.0647748031496063
21
0.8406712598425197
0
LINE
8
BLACK
6
CONTINUOUS
10
2.0647748031496063
20
0.8406712598425197
11
2.0645751181102363
21
0.8406417322834645
0
LINE
8
BLACK
6
CONTINUOUS
10
2.0645751181102363
20
0.8406417322834645
11
2.0644946456692912
21
0.8406083858267717
0
LINE
8
BLACK
6
CONTINUOUS
10
2.0644946456692912
20
0.8406083858267717
11
2.0640606692913384
21
0.8405656299212598
0
LINE
8
BLACK
6
CONTINUOUS
10
2.0640606692913384
20
0.8405656299212598
11
2.063629566929134
21
0.8405018897637795
0
LINE
8
BLACK
6
CONTINUOUS
10
2.063629566929134
20
0.8405018897637795
11
2.0635434251968503
21
0.8405146850393701
0
LINE
8
BLACK
6
CONTINUOUS
10
2.0635434251968503
20
0.8405146850393701
11
2.0633425196850395
21
0.8404949212598425
0
LINE
8
BLACK
6
CONTINUOUS
10
2.0633425196850395
20
0.8404949212598425
11
2.0492817716535434
21
0.8404949212598425
0
LINE
8
BLACK
6
CONTINUOUS
10
2.0492817716535434
20
0.8404949212598425
11
2.0490808267716534
21
0.8405146850393701
0
LINE
8
BLACK
6
CONTINUOUS
10
2.0490808267716534
20
0.8405146850393701
11
2.0489947244094489
21
0.8405018897637795
0
LINE
8
BLACK
6
CONTINUOUS
10
2.0489947244094489
20
0.8405018897637795
11
2.0485635826771653
21
0.8405656299212598
0
LINE
8
BLACK
6
CONTINUOUS
10
2.0485635826771653
20
0.8405656299212598
11
2.0481296456692912
21
0.8406083858267717
0
LINE
8
BLACK
6
CONTINUOUS
10
2.0481296456692912
20
0.8406083858267717
11
2.0480491338582678
21
0.8406417322834645
0
LINE
8
BLACK
6
CONTINUOUS
10
2.0480491338582678
20
0.8406417322834645
11
2.0478494881889762
21
0.8406712598425197
0
LINE
8
BLACK
6
CONTINUOUS
10
2.0478494881889762
20
0.8406712598425197
11
2.0366008661417321
21
0.8434833858267716
0
LINE
8
BLACK
6
CONTINUOUS
10
2.0366008661417321
20
0.8434833858267716
11
2.0365158661417322
21
0.8435137401574803
0
LINE
8
BLACK
6
CONTINUOUS
10
2.0365158661417322
20
0.8435137401574803
11
2.0364733464566926
21
0.8435167716535433
0
LINE
8
BLACK
6
CONTINUOUS
10
2.0364733464566926
20
0.8435167716535433
11
2.0359937795275589
21
0.8437002362204724
0
LINE
8
BLACK
6
CONTINUOUS
10
2.0359937795275589
20
0.8437002362204724
11
2.0355106692913387
21
0.8438728740157481
0
LINE
8
BLACK
6
CONTINUOUS
10
2.0355106692913387
20
0.8438728740157481
11
2.0354764173228346
21
0.8438982283464567
0
LINE
8
BLACK
6
CONTINUOUS
10
2.0354764173228346
20
0.8438982283464567
11
2.035392086614173
21
0.8439305118110236
0
LINE
8
BLACK
6
CONTINUOUS
10
2.035392086614173
20
0.8439305118110236
11
2.0297678346456691
21
0.8467426771653543
0
LINE
8
BLACK
6
CONTINUOUS
10
2.0297678346456691
20
0.8467426771653543
11
2.0292718897637796
21
0.8470548031496062
0
LINE
8
BLACK
6
CONTINUOUS
10
2.0292718897637796
20
0.8470548031496062
11
2.0291279133858269
21
0.8471144881889764
0
LINE
8
BLACK
6
CONTINUOUS
10
2.0291279133858269
20
0.8471144881889764
11
2.028965787401575
21
0.8472475196850393
0
LINE
8
BLACK
6
CONTINUOUS
10
2.028965787401575
20
0.8472475196850393
11
2.0287880708661419
21
0.8473594094488188
0
LINE
8
BLACK
6
CONTINUOUS
10
2.0287880708661419
20
0.8473594094488188
11
2.0286857874015749
21
0.8474772834645669
0
LINE
8
BLACK
6
CONTINUOUS
10
2.0286857874015749
20
0.8474772834645669
11
2.0282329921259841
21
0.847848937007874
0
LINE
8
BLACK
6
CONTINUOUS
10
2.0282329921259841
20
0.847848937007874
11
2.0254208661417321
21
0.8506611023622047
0
LINE
8
BLACK
6
CONTINUOUS
10
2.0254208661417321
20
0.8506611023622047
11
2.0250492913385827
21
0.8511138188976378
0
LINE
8
BLACK
6
CONTINUOUS
10
2.0250492913385827
20
0.8511138188976378
11
2.0249314173228345
21
0.8512161023622047
0
LINE
8
BLACK
6
CONTINUOUS
10
2.0249314173228345
20
0.8512161023622047
11
2.0248194881889763
21
0.8513938976377953
0
LINE
8
BLACK
6
CONTINUOUS
10
2.0248194881889763
20
0.8513938976377953
11
2.0246864566929133
21
0.8515560236220472
0
LINE
8
BLACK
6
CONTINUOUS
10
2.0246864566929133
20
0.8515560236220472
11
2.0246268110236221
21
0.8516999606299213
0
LINE
8
BLACK
6
CONTINUOUS
10
2.0246268110236221
20
0.8516999606299213
11
2.0243146850393701
21
0.8521958661417323
0
LINE
8
BLACK
6
CONTINUOUS
10
2.0243146850393701
20
0.8521958661417323
11
2.0215025196850394
21
0.8578201574803149
0
LINE
8
BLACK
6
CONTINUOUS
10
2.0215025196850394
20
0.8578201574803149
11
2.0210887795275592
21
0.8589013779527559
0
LINE
8
BLACK
6
CONTINUOUS
10
2.0210887795275592
20
0.8589013779527559
11
2.0210737401574801
21
0.8591129527559055
0
LINE
8
BLACK
6
CONTINUOUS
10
2.0210737401574801
20
0.8591129527559055
11
2.0209925196850391
21
0.8593090551181102
0
LINE
8
BLACK
6
CONTINUOUS
10
2.0209925196850391
20
0.8593090551181102
11
2.0208790551181104
21
0.8604611811023621
0
LINE
8
BLACK
6
CONTINUOUS
10
2.0208790551181104
20
0.8604611811023621
11
2.0208790551181104
21
0.8660854724409449
0
LINE
8
BLACK
6
CONTINUOUS
10
2.0208790551181104
20
0.8660854724409449
11
2.0209925196850391
21
0.8672375984251969
0
LINE
8
BLACK
6
CONTINUOUS
10
2.0209925196850391
20
0.8672375984251969
11
2.0210737401574801
21
0.8674336614173228
0
LINE
8
BLACK
6
CONTINUOUS
10
2.0210737401574801
20
0.8674336614173228
11
2.0210887795275592
21
0.8676452755905512
0
LINE
8
BLACK
6
CONTINUOUS
10
2.0210887795275592
20
0.8676452755905512
11
2.0215025196850394
21
0.8687264960629921
0
LINE
8
BLACK
6
CONTINUOUS
10
2.0215025196850394
20
0.8687264960629921
11
2.0243146850393701
21
0.8743507874015748
0
LINE
8
BLACK
6
CONTINUOUS
10
2.0243146850393701
20
0.8743507874015748
11
2.0246268110236221
21
0.874846653543307
0
LINE
8
BLACK
6
CONTINUOUS
10
2.0246268110236221
20
0.874846653543307
11
2.0246864566929133
21
0.8749906299212599
0
LINE
8
BLACK
6
CONTINUOUS
10
2.0246864566929133
20
0.8749906299212599
11
2.0248194881889763
21
0.875152716535433
0
LINE
8
BLACK
6
CONTINUOUS
10
2.0248194881889763
20
0.875152716535433
11
2.0249314173228345
21
0.8753305511811024
0
LINE
8
BLACK
6
CONTINUOUS
10
2.0249314173228345
20
0.8753305511811024
11
2.0250492913385827
21
0.8754327952755905
0
LINE
8
BLACK
6
CONTINUOUS
10
2.0250492913385827
20
0.8754327952755905
11
2.0254208661417321
21
0.8758855511811023
0
LINE
8
BLACK
6
CONTINUOUS
10
2.0254208661417321
20
0.8758855511811023
11
2.0282329921259841
21
0.878697716535433
0
LINE
8
BLACK
6
CONTINUOUS
10
2.0282329921259841
20
0.878697716535433
11
2.0286859448818899
21
0.8790694488188976
0
LINE
8
BLACK
6
CONTINUOUS
10
2.0286859448818899
20
0.8790694488188976
11
2.0287881102362206
21
0.8791872440944881
0
LINE
8
BLACK
6
CONTINUOUS
10
2.0287881102362206
20
0.8791872440944881
11
2.0289656692913387
21
0.8792990157480315
0
LINE
8
BLACK
6
CONTINUOUS
10
2.0289656692913387
20
0.8792990157480315
11
2.0291279133858269
21
0.8794321653543307
0
LINE
8
BLACK
6
CONTINUOUS
10
2.0291279133858269
20
0.8794321653543307
11
2.0292719685039371
21
0.8794918110236221
0
LINE
8
BLACK
6
CONTINUOUS
10
2.0292719685039371
20
0.8794918110236221
11
2.0297678346456691
21
0.8798039763779527
0
LINE
8
BLACK
6
CONTINUOUS
10
2.0297678346456691
20
0.8798039763779527
11
2.0353921653543305
21
0.8826161023622047
0
LINE
8
BLACK
6
CONTINUOUS
10
2.0353921653543305
20
0.8826161023622047
11
2.0354762598425196
21
0.8826482677165354
0
LINE
8
BLACK
6
CONTINUOUS
10
2.0354762598425196
20
0.8826482677165354
11
2.03551062992126
21
0.8826737401574803
0
LINE
8
BLACK
6
CONTINUOUS
10
2.03551062992126
20
0.8826737401574803
11
2.0359940551181102
21
0.8828464173228346
0
LINE
8
BLACK
6
CONTINUOUS
10
2.0359940551181102
20
0.8828464173228346
11
2.0364733858267714
21
0.8830298818897637
0
LINE
8
BLACK
6
CONTINUOUS
10
2.0364733858267714
20
0.8830298818897637
11
2.0365159842519684
21
0.883032874015748
0
LINE
8
BLACK
6
CONTINUOUS
10
2.0365159842519684
20
0.883032874015748
11
2.0366008661417321
21
0.8830632283464567
0
LINE
8
BLACK
6
CONTINUOUS
10
2.0366008661417321
20
0.8830632283464567
11
2.0478494488188974
21
0.8858753937007874
0
LINE
8
BLACK
6
CONTINUOUS
10
2.0478494488188974
20
0.8858753937007874
11
2.0480491338582678
21
0.8859049212598425
0
LINE
8
BLACK
6
CONTINUOUS
10
2.0480491338582678
20
0.8859049212598425
11
2.0481296456692912
21
0.8859382677165354
0
LINE
8
BLACK
6
CONTINUOUS
10
2.0481296456692912
20
0.8859382677165354
11
2.0485634645669291
21
0.8859809842519685
0
LINE
8
BLACK
6
CONTINUOUS
10
2.0485634645669291
20
0.8859809842519685
11
2.0489946850393701
21
0.8860447637795276
0
LINE
8
BLACK
6
CONTINUOUS
10
2.0489946850393701
20
0.8860447637795276
11
2.0490808267716534
21
0.8860319291338582
0
LINE
8
BLACK
6
CONTINUOUS
10
2.0490808267716534
20
0.8860319291338582
11
2.0492817716535434
21
0.8860517322834646
0
LINE
8
BLACK
6
CONTINUOUS
10
2.0492817716535434
20
0.8860517322834646
11
2.0633425196850395
21
0.8860517322834646
0
LINE
8
BLACK
6
CONTINUOUS
10
2.0633425196850395
20
0.8860517322834646
11
2.0635434251968503
21
0.8860319291338582
0
LINE
8
BLACK
6
CONTINUOUS
10
2.0400943700787399
20
0.8717620866141732
11
2.0359070472440943
21
0.8696684645669291
0
LINE
8
BLACK
6
CONTINUOUS
10
2.0359070472440943
20
0.8696684645669291
11
2.0344501968503939
21
0.8682116141732283
0
LINE
8
BLACK
6
CONTINUOUS
10
2.0344501968503939
20
0.8682116141732283
11
2.0326900787401576
21
0.8646913385826771
0
LINE
8
BLACK
6
CONTINUOUS
10
2.0326900787401576
20
0.8646913385826771
11
2.0326900787401576
21
0.8618552755905512
0
LINE
8
BLACK
6
CONTINUOUS
10
2.0326900787401576
20
0.8618552755905512
11
2.0344501968503939
21
0.858335
0
LINE
8
BLACK
6
CONTINUOUS
10
2.0344501968503939
20
0.858335
11
2.0359070472440943
21
0.8568781496062992
0
LINE
8
BLACK
6
CONTINUOUS
10
2.0359070472440943
20
0.8568781496062992
11
2.0400944094488187
21
0.8547844881889763
0
LINE
8
BLACK
6
CONTINUOUS
10
2.0400944094488187
20
0.8547844881889763
11
2.0500087007874015
21
0.8523059448818897
0
LINE
8
BLACK
6
CONTINUOUS
10
2.0500087007874015
20
0.8523059448818897
11
2.0626155905511809
21
0.8523059448818897
0
LINE
8
BLACK
6
CONTINUOUS
10
2.0626155905511809
20
0.8523059448818897
11
2.0725298031496062
21
0.8547844488188976
0
LINE
8
BLACK
6
CONTINUOUS
10
2.0725298031496062
20
0.8547844488188976
11
2.0767172047244093
21
0.8568781889763779
0
LINE
8
BLACK
6
CONTINUOUS
10
2.0767172047244093
20
0.8568781889763779
11
2.0781740551181103
21
0.8583350393700787
0
LINE
8
BLACK
6
CONTINUOUS
10
2.0781740551181103
20
0.8583350393700787
11
2.0799341732283465
21
0.8618552362204724
0
LINE
8
BLACK
6
CONTINUOUS
10
2.0799341732283465
20
0.8618552362204724
11
2.0799341732283465
21
0.8646913779527559
0
LINE
8
BLACK
6
CONTINUOUS
10
2.0799341732283465
20
0.8646913779527559
11
2.0781740551181103
21
0.8682115748031496
0
LINE
8
BLACK
6
CONTINUOUS
10
2.0781740551181103
20
0.8682115748031496
11
2.0767171653543306
21
0.8696684645669291
0
LINE
8
BLACK
6
CONTINUOUS
10
2.0767171653543306
20
0.8696684645669291
11
2.0725298818897637
21
0.8717620866141732
0
LINE
8
BLACK
6
CONTINUOUS
10
2.0725298818897637
20
0.8717620866141732
11
2.0626155511811022
21
0.8742407086614173
0
LINE
8
BLACK
6
CONTINUOUS
10
2.0626155511811022
20
0.8742407086614173
11
2.0500087007874015
21
0.8742407086614173
0
LINE
8
BLACK
6
CONTINUOUS
10
2.0500087007874015
20
0.8742407086614173
11
2.0400943700787399
21
0.8717620866141732
0
LINE
8
BLACK
6
CONTINUOUS
10
2.0316306299212599
20
0.9586888188976378
11
2.0328776377952757
21
0.9581723228346456
0
LINE
8
BLACK
6
CONTINUOUS
10
2.0328776377952757
20
0.9581723228346456
11
2.0328776771653545
21
0.958172283464567
0
LINE
8
BLACK
6
CONTINUOUS
10
2.0328776771653545
20
0.958172283464567
11
2.0337725984251969
21
0.9574378346456692
0
LINE
8
BLACK
6
CONTINUOUS
10
2.0337725984251969
20
0.9574378346456692
11
2.0365847244094488
21
0.9546256692913385
0
LINE
8
BLACK
6
CONTINUOUS
10
2.0365847244094488
20
0.9546256692913385
11
2.0373191338582677
21
0.9537307874015748
0
LINE
8
BLACK
6
CONTINUOUS
10
2.0373191338582677
20
0.9537307874015748
11
2.0373191338582677
21
0.953730748031496
0
LINE
8
BLACK
6
CONTINUOUS
10
2.0373191338582677
20
0.953730748031496
11
2.0382009055118111
21
0.9516020078740157
0
LINE
8
BLACK
6
CONTINUOUS
10
2.0382009055118111
20
0.9516020078740157
11
2.0382009055118111
21
0.9492977559055118
0
LINE
8
BLACK
6
CONTINUOUS
10
2.0382009055118111
20
0.9492977559055118
11
2.0376843307086614
21
0.9480507086614173
0
LINE
8
BLACK
6
CONTINUOUS
10
2.0376843307086614
20
0.9480507086614173
11
2.0373191338582677
21
0.947168937007874
0
LINE
8
BLACK
6
CONTINUOUS
10
2.0373191338582677
20
0.947168937007874
11
2.0365846850393701
21
0.9462740551181102
0
LINE
8
BLACK
6
CONTINUOUS
10
2.0365846850393701
20
0.9462740551181102
11
2.0337725590551181
21
0.9434619291338583
0
LINE
8
BLACK
6
CONTINUOUS
10
2.0337725590551181
20
0.9434619291338583
11
2.0328776377952757
21
0.9427274803149606
0
LINE
8
BLACK
6
CONTINUOUS
10
2.0328776377952757
20
0.9427274803149606
11
2.0307488188976377
21
0.9418457086614173
0
LINE
8
BLACK
6
CONTINUOUS
10
2.0307488188976377
20
0.9418457086614173
11
2.02844468503937
21
0.9418457086614173
0
LINE
8
BLACK
6
CONTINUOUS
10
2.02844468503937
20
0.9418457086614173
11
2.0284446456692913
21
0.9418457086614173
0
LINE
8
BLACK
6
CONTINUOUS
10
2.0284446456692913
20
0.9418457086614173
11
2.0263158267716537
21
0.9427274803149606
0
LINE
8
BLACK
6
CONTINUOUS
10
2.0263158267716537
20
0.9427274803149606
11
2.0263157874015749
21
0.9427275196850393
0
LINE
8
BLACK
6
CONTINUOUS
10
2.0263157874015749
20
0.9427275196850393
11
2.0254209448818896
21
0.9434618897637795
0
LINE
8
BLACK
6
CONTINUOUS
10
2.0254209448818896
20
0.9434618897637795
11
2.0226087795275589
21
0.9462740157480315
0
LINE
8
BLACK
6
CONTINUOUS
10
2.0226087795275589
20
0.9462740157480315
11
2.0218743307086613
21
0.947168937007874
0
LINE
8
BLACK
6
CONTINUOUS
10
2.0218743307086613
20
0.947168937007874
11
2.0218742913385825
21
0.9471689763779527
0
LINE
8
BLACK
6
CONTINUOUS
10
2.0218742913385825
20
0.9471689763779527
11
2.021080157480315
21
0.949086220472441
0
LINE
8
BLACK
6
CONTINUOUS
10
2.021080157480315
20
0.949086220472441
11
2.0209925196850391
21
0.9492977559055118
0
LINE
8
BLACK
6
CONTINUOUS
10
2.0209925196850391
20
0.9492977559055118
11
2.0209925196850391
21
0.9516019291338582
0
LINE
8
BLACK
6
CONTINUOUS
10
2.0209925196850391
20
0.9516019291338582
11
2.0209925196850391
21
0.951601968503937
0
LINE
8
BLACK
6
CONTINUOUS
10
2.0209925196850391
20
0.951601968503937
11
2.0209925196850391
21
0.9516020078740157
0
LINE
8
BLACK
6
CONTINUOUS
10
2.0209925196850391
20
0.9516020078740157
11
2.0218742913385825
21
0.953730748031496
0
LINE
8
BLACK
6
CONTINUOUS
10
2.0218742913385825
20
0.953730748031496
11
2.0218742913385825
21
0.9537307874015748
0
LINE
8
BLACK
6
CONTINUOUS
10
2.0218742913385825
20
0.9537307874015748
11
2.0226087401574802
21
0.9546257086614173
0
LINE
8
BLACK
6
CONTINUOUS
10
2.0226087401574802
20
0.9546257086614173
11
2.0254209055118109
21
0.957437874015748
0
LINE
8
BLACK
6
CONTINUOUS
10
2.0254209055118109
20
0.957437874015748
11
2.0263158267716537
21
0.9581723228346456
0
LINE
8
BLACK
6
CONTINUOUS
10
2.0263158267716537
20
0.9581723228346456
11
2.0284446456692913
21
0.9590540944881889
0
LINE
8
BLACK
6
CONTINUOUS
10
2.0284446456692913
20
0.9590540944881889
11
2.0307488188976377
21
0.9590540944881889
0
LINE
8
BLACK
6
CONTINUOUS
10
2.0307488188976377
20
0.9590540944881889
11
2.0307488582677165
21
0.9590540944881889
0
LINE
8
BLACK
6
CONTINUOUS
10
2.0307488582677165
20
0.9590540944881889
11
2.0316306299212599
21
0.9586888188976378
0
LINE
8
BLACK
6
CONTINUOUS
10
2.0869918110236219
20
0.9562419291338582
11
2.0891206299212599
21
0.9553601181102362
0
LINE
8
BLACK
6
CONTINUOUS
10
2.0891206299212599
20
0.9553601181102362
11
2.0907499212598424
21
0.9537308267716536
0
LINE
8
BLACK
6
CONTINUOUS
10
2.0907499212598424
20
0.9537308267716536
11
2.0916317322834646
21
0.9516020078740157
0
LINE
8
BLACK
6
CONTINUOUS
10
2.0916317322834646
20
0.9516020078740157
11
2.0916317322834646
21
0.9492977559055118
0
LINE
8
BLACK
6
CONTINUOUS
10
2.0916317322834646
20
0.9492977559055118
11
2.0907499212598424
21
0.947168937007874
0
LINE
8
BLACK
6
CONTINUOUS
10
2.0907499212598424
20
0.947168937007874
11
2.0891206299212599
21
0.9455396456692913
0
LINE
8
BLACK
6
CONTINUOUS
10
2.0891206299212599
20
0.9455396456692913
11
2.0869918110236219
21
0.9446578346456692
0
LINE
8
BLACK
6
CONTINUOUS
10
2.0869918110236219
20
0.9446578346456692
11
2.0858396850393701
21
0.9445443700787401
0
LINE
8
BLACK
6
CONTINUOUS
10
2.0858396850393701
20
0.9445443700787401
11
2.0464696062992127
21
0.9445443700787401
0
LINE
8
BLACK
6
CONTINUOUS
10
2.0464696062992127
20
0.9445443700787401
11
2.0453174803149605
21
0.9446578346456692
0
LINE
8
BLACK
6
CONTINUOUS
10
2.0453174803149605
20
0.9446578346456692
11
2.0431886614173229
21
0.9455396456692913
0
LINE
8
BLACK
6
CONTINUOUS
10
2.0431886614173229
20
0.9455396456692913
11
2.04155937007874
21
0.947168937007874
0
LINE
8
BLACK
6
CONTINUOUS
10
2.04155937007874
20
0.947168937007874
11
2.0406775590551183
21
0.9492977559055118
0
LINE
8
BLACK
6
CONTINUOUS
10
2.0406775590551183
20
0.9492977559055118
11
2.0406775590551183
21
0.9516020078740157
0
LINE
8
BLACK
6
CONTINUOUS
10
2.0406775590551183
20
0.9516020078740157
11
2.04155937007874
21
0.9537308267716536
0
LINE
8
BLACK
6
CONTINUOUS
10
2.04155937007874
20
0.9537308267716536
11
2.0431886614173229
21
0.9553601181102362
0
LINE
8
BLACK
6
CONTINUOUS
10
2.0431886614173229
20
0.9553601181102362
11
2.0453174803149605
21
0.9562419291338582
0
LINE
8
BLACK
6
CONTINUOUS
10
2.0453174803149605
20
0.9562419291338582
11
2.0464696062992127
21
0.9563553937007874
0
LINE
8
BLACK
6
CONTINUOUS
10
2.0464696062992127
20
0.9563553937007874
11
2.0858396850393701
21
0.9563553937007874
0
LINE
8
BLACK
6
CONTINUOUS
10
2.0858396850393701
20
0.9563553937007874
11
2.0869918110236219
21
0.9562419291338582
0
LINE
8
BLACK
6
CONTINUOUS
10
2.0869918110236219
20
1.0096727952755906
11
2.0891206299212599
21
1.0087909842519684
0
LINE
8
BLACK
6
CONTINUOUS
10
2.0891206299212599
20
1.0087909842519684
11
2.0907499212598424
21
1.0071616929133858
0
LINE
8
BLACK
6
CONTINUOUS
10
2.0907499212598424
20
1.0071616929133858
11
2.0916317322834646
21
1.0050328740157479
0
LINE
8
BLACK
6
CONTINUOUS
10
2.0916317322834646
20
1.0050328740157479
11
2.0916317322834646
21
1.002728622047244
0
LINE
8
BLACK
6
CONTINUOUS
10
2.0916317322834646
20
1.002728622047244
11
2.0907499212598424
21
1.0005998031496062
0
LINE
8
BLACK
6
CONTINUOUS
10
2.0907499212598424
20
1.0005998031496062
11
2.0891206299212599
21
0.9989705118110236
0
LINE
8
BLACK
6
CONTINUOUS
10
2.0891206299212599
20
0.9989705118110236
11
2.0869918110236219
21
0.9980887007874015
0
LINE
8
BLACK
6
CONTINUOUS
10
2.0869918110236219
20
0.9980887007874015
11
2.0858396850393701
21
0.9979752362204725
0
LINE
8
BLACK
6
CONTINUOUS
10
2.0858396850393701
20
0.9979752362204725
11
2.0563001574803148
21
0.9979752362204725
0
LINE
8
BLACK
6
CONTINUOUS
10
2.0563001574803148
20
0.9979752362204725
11
2.0536834645669293
21
0.9966668897637795
0
LINE
8
BLACK
6
CONTINUOUS
10
2.0536834645669293
20
0.9966668897637795
11
2.0523751181102363
21
0.9940501574803149
0
LINE
8
BLACK
6
CONTINUOUS
10
2.0523751181102363
20
0.9940501574803149
11
2.0523751181102363
21
0.9884019291338583
0
LINE
8
BLACK
6
CONTINUOUS
10
2.0523751181102363
20
0.9884019291338583
11
2.0541352362204726
21
0.984881653543307
0
LINE
8
BLACK
6
CONTINUOUS
10
2.0541352362204726
20
0.984881653543307
11
2.0545400787401573
21
0.9844768897637795
0
LINE
8
BLACK
6
CONTINUOUS
10
2.0545400787401573
20
0.9844768897637795
11
2.0858396850393701
21
0.9844768897637795
0
LINE
8
BLACK
6
CONTINUOUS
10
2.0858396850393701
20
0.9844768897637795
11
2.0869918110236219
21
0.9843634251968504
0
LINE
8
BLACK
6
CONTINUOUS
10
2.0869918110236219
20
0.9843634251968504
11
2.0891206299212599
21
0.9834816141732283
0
LINE
8
BLACK
6
CONTINUOUS
10
2.0891206299212599
20
0.9834816141732283
11
2.0907499212598424
21
0.9818523228346456
0
LINE
8
BLACK
6
CONTINUOUS
10
2.0907499212598424
20
0.9818523228346456
11
2.0916317322834646
21
0.9797235039370078
0
LINE
8
BLACK
6
CONTINUOUS
10
2.0916317322834646
20
0.9797235039370078
11
2.0916317322834646
21
0.9774192519685039
0
LINE
8
BLACK
6
CONTINUOUS
10
2.0916317322834646
20
0.9774192519685039
11
2.0907499212598424
21
0.9752904330708662
0
LINE
8
BLACK
6
CONTINUOUS
10
2.0907499212598424
20
0.9752904330708662
11
2.0891206299212599
21
0.9736611417322835
0
LINE
8
BLACK
6
CONTINUOUS
10
2.0891206299212599
20
0.9736611417322835
11
2.0869918110236219
21
0.9727793307086614
0
LINE
8
BLACK
6
CONTINUOUS
10
2.0869918110236219
20
0.9727793307086614
11
2.0858396850393701
21
0.9726658661417322
0
LINE
8
BLACK
6
CONTINUOUS
10
2.0858396850393701
20
0.9726658661417322
11
2.0464696062992127
21
0.9726658661417322
0
LINE
8
BLACK
6
CONTINUOUS
10
2.0464696062992127
20
0.9726658661417322
11
2.0453174803149605
21
0.9727793307086614
0
LINE
8
BLACK
6
CONTINUOUS
10
2.0453174803149605
20
0.9727793307086614
11
2.0431886614173229
21
0.9736611417322835
0
LINE
8
BLACK
6
CONTINUOUS
10
2.0431886614173229
20
0.9736611417322835
11
2.04155937007874
21
0.9752904330708662
0
LINE
8
BLACK
6
CONTINUOUS
10
2.04155937007874
20
0.9752904330708662
11
2.0406775590551183
21
0.9774192519685039
0
LINE
8
BLACK
6
CONTINUOUS
10
2.0406775590551183
20
0.9774192519685039
11
2.0406775590551183
21
0.9797235039370078
0
LINE
8
BLACK
6
CONTINUOUS
10
2.0406775590551183
20
0.9797235039370078
11
2.04155937007874
21
0.9818523228346456
0
LINE
8
BLACK
6
CONTINUOUS
10
2.04155937007874
20
0.9818523228346456
11
2.0421496456692911
21
0.9824425984251969
0
LINE
8
BLACK
6
CONTINUOUS
10
2.0421496456692911
20
0.9824425984251969
11
2.0411875590551181
21
0.984366811023622
0
LINE
8
BLACK
6
CONTINUOUS
10
2.0411875590551181
20
0.984366811023622
11
2.0407738188976379
21
0.985448031496063
0
LINE
8
BLACK
6
CONTINUOUS
10
2.0407738188976379
20
0.985448031496063
11
2.0407587795275588
21
0.9856596062992126
0
LINE
8
BLACK
6
CONTINUOUS
10
2.0407587795275588
20
0.9856596062992126
11
2.0406775590551183
21
0.9858557086614173
0
LINE
8
BLACK
6
CONTINUOUS
10
2.0406775590551183
20
0.9858557086614173
11
2.0405640944881891
21
0.9870078346456693
0
LINE
8
BLACK
6
CONTINUOUS
10
2.0405640944881891
20
0.9870078346456693
11
2.0405640944881891
21
0.9954442913385827
0
LINE
8
BLACK
6
CONTINUOUS
10
2.0405640944881891
20
0.9954442913385827
11
2.0406775590551183
21
0.9965964173228347
0
LINE
8
BLACK
6
CONTINUOUS
10
2.0406775590551183
20
0.9965964173228347
11
2.0407587795275588
21
0.9967924803149606
0
LINE
8
BLACK
6
CONTINUOUS
10
2.0407587795275588
20
0.9967924803149606
11
2.0407738188976379
21
0.9970040944881889
0
LINE
8
BLACK
6
CONTINUOUS
10
2.0407738188976379
20
0.9970040944881889
11
2.0411875590551181
21
0.9980853149606299
0
LINE
8
BLACK
6
CONTINUOUS
10
2.0411875590551181
20
0.9980853149606299
11
2.0439997244094488
21
1.0037096062992126
0
LINE
8
BLACK
6
CONTINUOUS
10
2.0439997244094488
20
1.0037096062992126
11
2.0441209055118108
21
1.003902125984252
0
LINE
8
BLACK
6
CONTINUOUS
10
2.0441209055118108
20
1.003902125984252
11
2.0441512598425198
21
1.0039931496062993
0
LINE
8
BLACK
6
CONTINUOUS
10
2.0441512598425198
20
1.0039931496062993
11
2.0442495275590549
21
1.0041064566929134
0
LINE
8
BLACK
6
CONTINUOUS
10
2.0442495275590549
20
1.0041064566929134
11
2.0446164566929133
21
1.00468937007874
0
LINE
8
BLACK
6
CONTINUOUS
10
2.0446164566929133
20
1.00468937007874
11
2.0451757874015746
21
1.0051744488188976
0
LINE
8
BLACK
6
CONTINUOUS
10
2.0451757874015746
20
1.0051744488188976
11
2.0456609842519686
21
1.0057338976377952
0
LINE
8
BLACK
6
CONTINUOUS
10
2.0456609842519686
20
1.0057338976377952
11
2.0462440157480315
21
1.0061009055118111
0
LINE
8
BLACK
6
CONTINUOUS
10
2.0462440157480315
20
1.0061009055118111
11
2.0463572047244094
21
1.0061990551181101
0
LINE
8
BLACK
6
CONTINUOUS
10
2.0463572047244094
20
1.0061990551181101
11
2.0464480314960629
21
1.0062293307086614
0
LINE
8
BLACK
6
CONTINUOUS
10
2.0464480314960629
20
1.0062293307086614
11
2.0466407480314959
21
1.0063506299212599
0
LINE
8
BLACK
6
CONTINUOUS
10
2.0466407480314959
20
1.0063506299212599
11
2.0522649999999998
21
1.0091627952755906
0
LINE
8
BLACK
6
CONTINUOUS
10
2.0522649999999998
20
1.0091627952755906
11
2.0533462598425198
21
1.0095765354330708
0
LINE
8
BLACK
6
CONTINUOUS
10
2.0533462598425198
20
1.0095765354330708
11
2.0535578346456691
21
1.0095915354330709
0
LINE
8
BLACK
6
CONTINUOUS
10
2.0535578346456691
20
1.0095915354330709
11
2.0537539370078739
21
1.0096727952755906
0
LINE
8
BLACK
6
CONTINUOUS
10
2.0537539370078739
20
1.0096727952755906
11
2.0549060629921261
21
1.0097862598425196
0
LINE
8
BLACK
6
CONTINUOUS
10
2.0549060629921261
20
1.0097862598425196
11
2.0858396850393701
21
1.0097862598425196
0
LINE
8
BLACK
6
CONTINUOUS
10
2.0858396850393701
20
1.0097862598425196
11
2.0869918110236219
21
1.0096727952755906
0
LINE
8
BLACK
6
CONTINUOUS
10
0.8107474409448818
20
1.8490074409448818
11
0.811332125984252
21
1.8490074409448818
0
LINE
8
BLACK
6
CONTINUOUS
10
0.811332125984252
20
1.8490074409448818
11
0.8118665354330709
21
1.848786062992126
0
LINE
8
BLACK
6
CONTINUOUS
10
0.8118665354330709
20
1.848786062992126
11
0.8124342125984252
21
1.848673779527559
0
LINE
8
BLACK
6
CONTINUOUS
10
0.8124342125984252
20
1.848673779527559
11
0.8129208267716536
21
1.8483493307086614
0
LINE
8
BLACK
6
CONTINUOUS
10
0.8129208267716536
20
1.8483493307086614
11
0.8134609448818897
21
1.8481256299212598
0
LINE
8
BLACK
6
CONTINUOUS
10
0.8134609448818897
20
1.8481256299212598
11
0.8138699606299212
21
1.8477166141732284
0
LINE
8
BLACK
6
CONTINUOUS
10
0.8138699606299212
20
1.8477166141732284
11
0.8143514960629921
21
1.847395590551181
0
LINE
8
BLACK
6
CONTINUOUS
10
0.8143514960629921
20
1.847395590551181
11
0.8146768897637795
21
1.8469096456692913
0
LINE
8
BLACK
6
CONTINUOUS
10
0.8146768897637795
20
1.8469096456692913
11
0.8150902362204724
21
1.8464963385826771
0
LINE
8
BLACK
6
CONTINUOUS
10
0.8150902362204724
20
1.8464963385826771
11
0.8153116141732283
21
1.845961811023622
0
LINE
8
BLACK
6
CONTINUOUS
10
0.8153116141732283
20
1.845961811023622
11
0.8156336220472441
21
1.8454810236220471
0
LINE
8
BLACK
6
CONTINUOUS
10
0.8156336220472441
20
1.8454810236220471
11
0.8157482677165354
21
1.8449076771653543
0
LINE
8
BLACK
6
CONTINUOUS
10
0.8157482677165354
20
1.8449076771653543
11
0.8159720472440944
21
1.8443675196850393
0
LINE
8
BLACK
6
CONTINUOUS
10
0.8159720472440944
20
1.8443675196850393
11
0.8160842913385826
21
1.8432276377952757
0
LINE
8
BLACK
6
CONTINUOUS
10
0.8160842913385826
20
1.8432276377952757
11
0.8160855118110236
21
1.8432216141732283
0
LINE
8
BLACK
6
CONTINUOUS
10
0.8160855118110236
20
1.8432216141732283
11
0.8160850787401575
21
1.843219527559055
0
LINE
8
BLACK
6
CONTINUOUS
10
0.8160850787401575
20
1.843219527559055
11
0.8160855118110236
21
1.8432153937007874
0
LINE
8
BLACK
6
CONTINUOUS
10
0.8160855118110236
20
1.8432153937007874
11
0.8160855118110236
21
1.7900657874015748
0
LINE
8
BLACK
6
CONTINUOUS
10
0.8160855118110236
20
1.7900657874015748
11
0.8270529133858268
21
1.7900657874015748
0
LINE
8
BLACK
6
CONTINUOUS
10
0.8270529133858268
20
1.7900657874015748
11
0.8282050393700787
21
1.7899523228346457
0
LINE
8
BLACK
6
CONTINUOUS
10
0.8282050393700787
20
1.7899523228346457
11
0.8303338582677166
21
1.7890705118110235
0
LINE
8
BLACK
6
CONTINUOUS
10
0.8303338582677166
20
1.7890705118110235
11
0.8319631496062992
21
1.7874412204724408
0
LINE
8
BLACK
6
CONTINUOUS
10
0.8319631496062992
20
1.7874412204724408
11
0.8328449606299212
21
1.7853124015748032
0
LINE
8
BLACK
6
CONTINUOUS
10
0.8328449606299212
20
1.7853124015748032
11
0.8328449606299212
21
1.7830081496062993
0
LINE
8
BLACK
6
CONTINUOUS
10
0.8328449606299212
20
1.7830081496062993
11
0.8319631496062992
21
1.7808793307086614
0
LINE
8
BLACK
6
CONTINUOUS
10
0.8319631496062992
20
1.7808793307086614
11
0.8303338582677166
21
1.7792500393700788
0
LINE
8
BLACK
6
CONTINUOUS
10
0.8303338582677166
20
1.7792500393700788
11
0.8282050393700787
21
1.7783682283464566
0
LINE
8
BLACK
6
CONTINUOUS
10
0.8282050393700787
20
1.7783682283464566
11
0.8270529133858268
21
1.7782547637795276
0
LINE
8
BLACK
6
CONTINUOUS
10
0.8270529133858268
20
1.7782547637795276
11
0.7933071259842519
21
1.7782547637795276
0
LINE
8
BLACK
6
CONTINUOUS
10
0.7933071259842519
20
1.7782547637795276
11
0.7921549999999999
21
1.7783682283464566
0
LINE
8
BLACK
6
CONTINUOUS
10
0.7921549999999999
20
1.7783682283464566
11
0.7900261811023622
21
1.7792500393700788
0
LINE
8
BLACK
6
CONTINUOUS
10
0.7900261811023622
20
1.7792500393700788
11
0.7883968897637795
21
1.7808793307086614
0
LINE
8
BLACK
6
CONTINUOUS
10
0.7883968897637795
20
1.7808793307086614
11
0.7875150787401575
21
1.7830081496062993
0
LINE
8
BLACK
6
CONTINUOUS
10
0.7875150787401575
20
1.7830081496062993
11
0.7875150787401575
21
1.7853124015748032
0
LINE
8
BLACK
6
CONTINUOUS
10
0.7875150787401575
20
1.7853124015748032
11
0.7883968897637795
21
1.7874412204724408
0
LINE
8
BLACK
6
CONTINUOUS
10
0.7883968897637795
20
1.7874412204724408
11
0.7900261811023622
21
1.7890705118110235
0
LINE
8
BLACK
6
CONTINUOUS
10
0.7900261811023622
20
1.7890705118110235
11
0.7921549999999999
21
1.7899523228346457
0
LINE
8
BLACK
6
CONTINUOUS
10
0.7921549999999999
20
1.7899523228346457
11
0.7933071259842519
21
1.7900657874015748
0
LINE
8
BLACK
6
CONTINUOUS
10
0.7933071259842519
20
1.7900657874015748
11
0.8042744881889764
21
1.7900657874015748
0
LINE
8
BLACK
6
CONTINUOUS
10
0.8042744881889764
20
1.7900657874015748
11
0.8042744881889764
21
1.826146062992126
0
LINE
8
BLACK
6
CONTINUOUS
10
0.8042744881889764
20
1.826146062992126
11
0.8031072440944882
21
1.8249788188976377
0
LINE
8
BLACK
6
CONTINUOUS
10
0.8031072440944882
20
1.8249788188976377
11
0.8026544094488188
21
1.8246071653543308
0
LINE
8
BLACK
6
CONTINUOUS
10
0.8026544094488188
20
1.8246071653543308
11
0.8025522047244095
21
1.8244893307086614
0
LINE
8
BLACK
6
CONTINUOUS
10
0.8025522047244095
20
1.8244893307086614
11
0.8023744881889764
21
1.8243774803149606
0
LINE
8
BLACK
6
CONTINUOUS
10
0.8023744881889764
20
1.8243774803149606
11
0.8022123228346456
21
1.8242443700787401
0
LINE
8
BLACK
6
CONTINUOUS
10
0.8022123228346456
20
1.8242443700787401
11
0.8020682283464566
21
1.8241846850393701
0
LINE
8
BLACK
6
CONTINUOUS
10
0.8020682283464566
20
1.8241846850393701
11
0.8015724409448819
21
1.8238725984251969
0
LINE
8
BLACK
6
CONTINUOUS
10
0.8015724409448819
20
1.8238725984251969
11
0.7959481496062992
21
1.8210604724409449
0
LINE
8
BLACK
6
CONTINUOUS
10
0.7959481496062992
20
1.8210604724409449
11
0.7948668897637795
21
1.8206466929133858
0
LINE
8
BLACK
6
CONTINUOUS
10
0.7948668897637795
20
1.8206466929133858
11
0.7925684645669291
21
1.8204833858267717
0
LINE
8
BLACK
6
CONTINUOUS
10
0.7925684645669291
20
1.8204833858267717
11
0.7903825590551181
21
1.8212120472440945
0
LINE
8
BLACK
6
CONTINUOUS
10
0.7903825590551181
20
1.8212120472440945
11
0.7886418110236221
21
1.8227217716535433
0
LINE
8
BLACK
6
CONTINUOUS
10
0.7886418110236221
20
1.8227217716535433
11
0.7876112992125984
21
1.8247827559055119
0
LINE
8
BLACK
6
CONTINUOUS
10
0.7876112992125984
20
1.8247827559055119
11
0.7874479921259843
21
1.8270811811023622
0
LINE
8
BLACK
6
CONTINUOUS
10
0.7874479921259843
20
1.8270811811023622
11
0.788176653543307
21
1.8292670866141731
0
LINE
8
BLACK
6
CONTINUOUS
10
0.788176653543307
20
1.8292670866141731
11
0.7896863779527559
21
1.8310078346456693
0
LINE
8
BLACK
6
CONTINUOUS
10
0.7896863779527559
20
1.8310078346456693
11
0.7906661023622047
21
1.8316245669291338
0
LINE
8
BLACK
6
CONTINUOUS
10
0.7906661023622047
20
1.8316245669291338
11
0.7954331889763779
21
1.8340080708661417
0
LINE
8
BLACK
6
CONTINUOUS
10
0.7954331889763779
20
1.8340080708661417
11
0.7999663385826772
21
1.838541220472441
0
LINE
8
BLACK
6
CONTINUOUS
10
0.7999663385826772
20
1.838541220472441
11
0.8052663385826772
21
1.8464911811023621
0
LINE
8
BLACK
6
CONTINUOUS
10
0.8052663385826772
20
1.8464911811023621
11
0.8052689370078741
21
1.8464943307086614
0
LINE
8
BLACK
6
CONTINUOUS
10
0.8052689370078741
20
1.8464943307086614
11
0.8052697637795275
21
1.8464963385826771
0
LINE
8
BLACK
6
CONTINUOUS
10
0.8052697637795275
20
1.8464963385826771
11
0.8052741338582677
21
1.8465007086614174
0
LINE
8
BLACK
6
CONTINUOUS
10
0.8052741338582677
20
1.8465007086614174
11
0.8059998031496063
21
1.8473868897637795
0
LINE
8
BLACK
6
CONTINUOUS
10
0.8059998031496063
20
1.8473868897637795
11
0.8064857086614173
21
1.847712283464567
0
LINE
8
BLACK
6
CONTINUOUS
10
0.8064857086614173
20
1.847712283464567
11
0.8068990551181102
21
1.8481256299212598
0
LINE
8
BLACK
6
CONTINUOUS
10
0.8068990551181102
20
1.8481256299212598
11
0.8074335433070866
21
1.8483470078740156
0
LINE
8
BLACK
6
CONTINUOUS
10
0.8074335433070866
20
1.8483470078740156
11
0.8079143700787401
21
1.8486690157480314
0
LINE
8
BLACK
6
CONTINUOUS
10
0.8079143700787401
20
1.8486690157480314
11
0.8084876377952755
21
1.8487836614173228
0
LINE
8
BLACK
6
CONTINUOUS
10
0.8084876377952755
20
1.8487836614173228
11
0.809027874015748
21
1.8490074409448818
0
LINE
8
BLACK
6
CONTINUOUS
10
0.809027874015748
20
1.8490074409448818
11
0.8096064960629921
21
1.8490074409448818
0
LINE
8
BLACK
6
CONTINUOUS
10
0.8096064960629921
20
1.8490074409448818
11
0.8101738188976377
21
1.849120905511811
0
LINE
8
BLACK
6
CONTINUOUS
10
0.8101738188976377
20
1.849120905511811
11
0.8107474409448818
21
1.8490074409448818
0
LINE
8
BLACK
6
CONTINUOUS
10
0.9013208661417322
20
1.8490074409448818
11
0.901516811023622
21
1.8489262598425196
0
LINE
8
BLACK
6
CONTINUOUS
10
0.901516811023622
20
1.8489262598425196
11
0.9017285433070866
21
1.8489112204724409
0
LINE
8
BLACK
6
CONTINUOUS
10
0.9017285433070866
20
1.8489112204724409
11
0.9028097637795275
21
1.8484974409448818
0
LINE
8
BLACK
6
CONTINUOUS
10
0.9028097637795275
20
1.8484974409448818
11
0.9084340944881889
21
1.8456852755905511
0
LINE
8
BLACK
6
CONTINUOUS
10
0.9084340944881889
20
1.8456852755905511
11
0.9089298818897638
21
1.8453731496062993
0
LINE
8
BLACK
6
CONTINUOUS
10
0.9089298818897638
20
1.8453731496062993
11
0.9090739763779527
21
1.8453135039370079
0
LINE
8
BLACK
6
CONTINUOUS
10
0.9090739763779527
20
1.8453135039370079
11
0.9092361417322834
21
1.8451803543307086
0
LINE
8
BLACK
6
CONTINUOUS
10
0.9092361417322834
20
1.8451803543307086
11
0.9094138582677165
21
1.8450685433070866
0
LINE
8
BLACK
6
CONTINUOUS
10
0.9094138582677165
20
1.8450685433070866
11
0.909516062992126
21
1.8449506692913384
0
LINE
8
BLACK
6
CONTINUOUS
10
0.909516062992126
20
1.8449506692913384
11
0.9099688976377952
21
1.8445790551181103
0
LINE
8
BLACK
6
CONTINUOUS
10
0.9099688976377952
20
1.8445790551181103
11
0.9127810236220473
21
1.8417669291338583
0
LINE
8
BLACK
6
CONTINUOUS
10
0.9127810236220473
20
1.8417669291338583
11
0.9131526771653543
21
1.8413140551181102
0
LINE
8
BLACK
6
CONTINUOUS
10
0.9131526771653543
20
1.8413140551181102
11
0.9132705118110236
21
1.8412118897637795
0
LINE
8
BLACK
6
CONTINUOUS
10
0.9132705118110236
20
1.8412118897637795
11
0.9133822440944882
21
1.8410343307086614
0
LINE
8
BLACK
6
CONTINUOUS
10
0.9133822440944882
20
1.8410343307086614
11
0.9135154724409449
21
1.8408720472440945
0
LINE
8
BLACK
6
CONTINUOUS
10
0.9135154724409449
20
1.8408720472440945
11
0.9135751574803149
21
1.8407278346456692
0
LINE
8
BLACK
6
CONTINUOUS
10
0.9135751574803149
20
1.8407278346456692
11
0.9138872440944882
21
1.840232125984252
0
LINE
8
BLACK
6
CONTINUOUS
10
0.9138872440944882
20
1.840232125984252
11
0.9166994094488189
21
1.8346078740157481
0
LINE
8
BLACK
6
CONTINUOUS
10
0.9166994094488189
20
1.8346078740157481
11
0.9171131496062992
21
1.8335266141732283
0
LINE
8
BLACK
6
CONTINUOUS
10
0.9171131496062992
20
1.8335266141732283
11
0.9171281496062992
21
1.833315
0
LINE
8
BLACK
6
CONTINUOUS
10
0.9171281496062992
20
1.833315
11
0.9172094094488189
21
1.833118937007874
0
LINE
8
BLACK
6
CONTINUOUS
10
0.9172094094488189
20
1.833118937007874
11
0.917322874015748
21
1.831966811023622
0
LINE
8
BLACK
6
CONTINUOUS
10
0.917322874015748
20
1.831966811023622
11
0.917322874015748
21
1.8094696062992126
0
LINE
8
BLACK
6
CONTINUOUS
10
0.917322874015748
20
1.8094696062992126
11
0.9173030708661417
21
1.8092686614173228
0
LINE
8
BLACK
6
CONTINUOUS
10
0.9173030708661417
20
1.8092686614173228
11
0.917315905511811
21
1.8091825196850393
0
LINE
8
BLACK
6
CONTINUOUS
10
0.917315905511811
20
1.8091825196850393
11
0.917252125984252
21
1.8087512992125985
0
LINE
8
BLACK
6
CONTINUOUS
10
0.917252125984252
20
1.8087512992125985
11
0.9172094094488189
21
1.8083174803149606
0
LINE
8
BLACK
6
CONTINUOUS
10
0.9172094094488189
20
1.8083174803149606
11
0.917176062992126
21
1.808236968503937
0
LINE
8
BLACK
6
CONTINUOUS
10
0.917176062992126
20
1.808236968503937
11
0.9171465354330709
21
1.8080372834645668
0
LINE
8
BLACK
6
CONTINUOUS
10
0.9171465354330709
20
1.8080372834645668
11
0.9143343700787402
21
1.7967887007874015
0
LINE
8
BLACK
6
CONTINUOUS
10
0.9143343700787402
20
1.7967887007874015
11
0.9140918897637795
21
1.7961100393700786
0
LINE
8
BLACK
6
CONTINUOUS
10
0.9140918897637795
20
1.7961100393700786
11
0.9140635826771654
21
1.795966811023622
0
LINE
8
BLACK
6
CONTINUOUS
10
0.9140635826771654
20
1.795966811023622
11
0.9139943307086614
21
1.7958369291338583
0
LINE
8
BLACK
6
CONTINUOUS
10
0.9139943307086614
20
1.7958369291338583
11
0.9139448818897637
21
1.7956985039370079
0
LINE
8
BLACK
6
CONTINUOUS
10
0.9139448818897637
20
1.7956985039370079
11
0.9138579921259843
21
1.7955812598425196
0
LINE
8
BLACK
6
CONTINUOUS
10
0.9138579921259843
20
1.7955812598425196
11
0.9135188976377953
21
1.7949452362204723
0
LINE
8
BLACK
6
CONTINUOUS
10
0.9135188976377953
20
1.7949452362204723
11
0.9078946062992126
21
1.7865087795275589
0
LINE
8
BLACK
6
CONTINUOUS
10
0.9078946062992126
20
1.7865087795275589
11
0.9078918897637795
21
1.7865054724409448
0
LINE
8
BLACK
6
CONTINUOUS
10
0.9078918897637795
20
1.7865054724409448
11
0.9078911417322835
21
1.7865036220472441
0
LINE
8
BLACK
6
CONTINUOUS
10
0.9078911417322835
20
1.7865036220472441
11
0.9075331496062992
21
1.786067401574803
0
LINE
8
BLACK
6
CONTINUOUS
10
0.9075331496062992
20
1.786067401574803
11
0.9071611023622047
21
1.7856131102362205
0
LINE
8
BLACK
6
CONTINUOUS
10
0.9071611023622047
20
1.7856131102362205
11
0.9071593307086614
21
1.7856119291338581
0
LINE
8
BLACK
6
CONTINUOUS
10
0.9071593307086614
20
1.7856119291338581
11
0.9071566929133859
21
1.7856087007874015
0
LINE
8
BLACK
6
CONTINUOUS
10
0.9071566929133859
20
1.7856087007874015
11
0.9043445275590551
21
1.7827965748031496
0
LINE
8
BLACK
6
CONTINUOUS
10
0.9043445275590551
20
1.7827965748031496
11
0.9038917716535433
21
1.7824249999999999
0
LINE
8
BLACK
6
CONTINUOUS
10
0.9038917716535433
20
1.7824249999999999
11
0.9037895275590551
21
1.782307125984252
0
LINE
8
BLACK
6
CONTINUOUS
10
0.9037895275590551
20
1.782307125984252
11
0.9036116929133858
21
1.7821951968503937
0
LINE
8
BLACK
6
CONTINUOUS
10
0.9036116929133858
20
1.7821951968503937
11
0.9034496062992126
21
1.7820621653543307
0
LINE
8
BLACK
6
CONTINUOUS
10
0.9034496062992126
20
1.7820621653543307
11
0.9033056299212598
21
1.7820025196850393
0
LINE
8
BLACK
6
CONTINUOUS
10
0.9033056299212598
20
1.7820025196850393
11
0.9028097637795275
21
1.7816903937007873
0
LINE
8
BLACK
6
CONTINUOUS
10
0.9028097637795275
20
1.7816903937007873
11
0.8971854724409448
21
1.7788782283464566
0
LINE
8
BLACK
6
CONTINUOUS
10
0.8971854724409448
20
1.7788782283464566
11
0.896104251968504
21
1.7784644881889764
0
LINE
8
BLACK
6
CONTINUOUS
10
0.896104251968504
20
1.7784644881889764
11
0.8958926377952756
21
1.7784494488188975
0
LINE
8
BLACK
6
CONTINUOUS
10
0.8958926377952756
20
1.7784494488188975
11
0.8956965748031496
21
1.7783682283464566
0
LINE
8
BLACK
6
CONTINUOUS
10
0.8956965748031496
20
1.7783682283464566
11
0.8945444488188976
21
1.7782547637795276
0
LINE
8
BLACK
6
CONTINUOUS
10
0.8945444488188976
20
1.7782547637795276
11
0.8832958661417323
21
1.7782547637795276
0
LINE
8
BLACK
6
CONTINUOUS
10
0.8832958661417323
20
1.7782547637795276
11
0.8821437401574803
21
1.7783682283464566
0
LINE
8
BLACK
6
CONTINUOUS
10
0.8821437401574803
20
1.7783682283464566
11
0.8800149212598425
21
1.7792500393700788
0
LINE
8
BLACK
6
CONTINUOUS
10
0.8800149212598425
20
1.7792500393700788
11
0.8783856299212598
21
1.7808793307086614
0
LINE
8
BLACK
6
CONTINUOUS
10
0.8783856299212598
20
1.7808793307086614
11
0.8775038188976377
21
1.7830081496062993
0
LINE
8
BLACK
6
CONTINUOUS
10
0.8775038188976377
20
1.7830081496062993
11
0.8775038188976377
21
1.7853124015748032
0
LINE
8
BLACK
6
CONTINUOUS
10
0.8775038188976377
20
1.7853124015748032
11
0.8783856299212598
21
1.7874412204724408
0
LINE
8
BLACK
6
CONTINUOUS
10
0.8783856299212598
20
1.7874412204724408
11
0.8800149212598425
21
1.7890705118110235
0
LINE
8
BLACK
6
CONTINUOUS
10
0.8800149212598425
20
1.7890705118110235
11
0.8821437401574803
21
1.7899523228346457
0
LINE
8
BLACK
6
CONTINUOUS
10
0.8821437401574803
20
1.7899523228346457
11
0.8832958661417323
21
1.7900657874015748
0
LINE
8
BLACK
6
CONTINUOUS
10
0.8832958661417323
20
1.7900657874015748
11
0.8931503543307087
21
1.7900657874015748
0
LINE
8
BLACK
6
CONTINUOUS
10
0.8931503543307087
20
1.7900657874015748
11
0.896670590551181
21
1.7918259055118111
0
LINE
8
BLACK
6
CONTINUOUS
10
0.896670590551181
20
1.7918259055118111
11
0.8983915354330708
21
1.7935468503937007
0
LINE
8
BLACK
6
CONTINUOUS
10
0.8983915354330708
20
1.7935468503937007
11
0.903124094488189
21
1.8006456692913386
0
LINE
8
BLACK
6
CONTINUOUS
10
0.903124094488189
20
1.8006456692913386
11
0.9033775196850393
21
1.8016592913385827
0
LINE
8
BLACK
6
CONTINUOUS
10
0.9033775196850393
20
1.8016592913385827
11
0.9028097244094488
21
1.801375433070866
0
LINE
8
BLACK
6
CONTINUOUS
10
0.9028097244094488
20
1.801375433070866
11
0.9017285039370079
21
1.8009616535433071
0
LINE
8
BLACK
6
CONTINUOUS
10
0.9017285039370079
20
1.8009616535433071
11
0.9015168503937008
21
1.8009466141732282
0
LINE
8
BLACK
6
CONTINUOUS
10
0.9015168503937008
20
1.8009466141732282
11
0.9013208661417322
21
1.800865433070866
0
LINE
8
BLACK
6
CONTINUOUS
10
0.9013208661417322
20
1.800865433070866
11
0.9001687401574803
21
1.800751968503937
0
LINE
8
BLACK
6
CONTINUOUS
10
0.9001687401574803
20
1.800751968503937
11
0.8889201574803149
21
1.800751968503937
0
LINE
8
BLACK
6
CONTINUOUS
10
0.8889201574803149
20
1.800751968503937
11
0.887768031496063
21
1.800865433070866
0
LINE
8
BLACK
6
CONTINUOUS
10
0.887768031496063
20
1.800865433070866
11
0.8875720078740157
21
1.8009466141732282
0
LINE
8
BLACK
6
CONTINUOUS
10
0.8875720078740157
20
1.8009466141732282
11
0.8873603937007873
21
1.8009616535433071
0
LINE
8
BLACK
6
CONTINUOUS
10
0.8873603937007873
20
1.8009616535433071
11
0.8862791732283465
21
1.801375433070866
0
LINE
8
BLACK
6
CONTINUOUS
10
0.8862791732283465
20
1.801375433070866
11
0.8806548425196851
21
1.804187559055118
0
LINE
8
BLACK
6
CONTINUOUS
10
0.8806548425196851
20
1.804187559055118
11
0.880159094488189
21
1.8044996062992125
0
LINE
8
BLACK
6
CONTINUOUS
10
0.880159094488189
20
1.8044996062992125
11
0.8800149606299212
21
1.8045593307086614
0
LINE
8
BLACK
6
CONTINUOUS
10
0.8800149606299212
20
1.8045593307086614
11
0.8798526377952756
21
1.8046925196850394
0
LINE
8
BLACK
6
CONTINUOUS
10
0.8798526377952756
20
1.8046925196850394
11
0.8796751181102362
21
1.8048042913385827
0
LINE
8
BLACK
6
CONTINUOUS
10
0.8796751181102362
20
1.8048042913385827
11
0.8795729527559055
21
1.8049220472440946
0
LINE
8
BLACK
6
CONTINUOUS
10
0.8795729527559055
20
1.8049220472440946
11
0.8791200393700788
21
1.805293779527559
0
LINE
8
BLACK
6
CONTINUOUS
10
0.8791200393700788
20
1.805293779527559
11
0.8763078740157481
21
1.8081059448818897
0
LINE
8
BLACK
6
CONTINUOUS
10
0.8763078740157481
20
1.8081059448818897
11
0.8759362204724409
21
1.8085587401574803
0
LINE
8
BLACK
6
CONTINUOUS
10
0.8759362204724409
20
1.8085587401574803
11
0.8758183858267716
21
1.8086609842519685
0
LINE
8
BLACK
6
CONTINUOUS
10
0.8758183858267716
20
1.8086609842519685
11
0.8757065354330709
21
1.8088386614173229
0
LINE
8
BLACK
6
CONTINUOUS
10
0.8757065354330709
20
1.8088386614173229
11
0.8755734251968503
21
1.8090008661417323
0
LINE
8
BLACK
6
CONTINUOUS
10
0.8755734251968503
20
1.8090008661417323
11
0.8755137401574803
21
1.8091449212598425
0
LINE
8
BLACK
6
CONTINUOUS
10
0.8755137401574803
20
1.8091449212598425
11
0.875201653543307
21
1.809640748031496
0
LINE
8
BLACK
6
CONTINUOUS
10
0.875201653543307
20
1.809640748031496
11
0.8723895275590551
21
1.8152650393700787
0
LINE
8
BLACK
6
CONTINUOUS
10
0.8723895275590551
20
1.8152650393700787
11
0.871975748031496
21
1.8163462992125985
0
LINE
8
BLACK
6
CONTINUOUS
10
0.871975748031496
20
1.8163462992125985
11
0.8719607086614173
21
1.8165579133858267
0
LINE
8
BLACK
6
CONTINUOUS
10
0.8719607086614173
20
1.8165579133858267
11
0.8718795275590551
21
1.816753937007874
0
LINE
8
BLACK
6
CONTINUOUS
10
0.8718795275590551
20
1.816753937007874
11
0.871766062992126
21
1.817906062992126
0
LINE
8
BLACK
6
CONTINUOUS
10
0.871766062992126
20
1.817906062992126
11
0.871766062992126
21
1.831966811023622
0
LINE
8
BLACK
6
CONTINUOUS
10
0.871766062992126
20
1.831966811023622
11
0.8718795275590551
21
1.833118937007874
0
LINE
8
BLACK
6
CONTINUOUS
10
0.8718795275590551
20
1.833118937007874
11
0.8719607086614173
21
1.8333149212598425
0
LINE
8
BLACK
6
CONTINUOUS
10
0.8719607086614173
20
1.8333149212598425
11
0.871975748031496
21
1.8335265748031495
0
LINE
8
BLACK
6
CONTINUOUS
10
0.871975748031496
20
1.8335265748031495
11
0.8723895275590551
21
1.8346078346456693
0
LINE
8
BLACK
6
CONTINUOUS
10
0.8723895275590551
20
1.8346078346456693
11
0.875201653543307
21
1.840232125984252
0
LINE
8
BLACK
6
CONTINUOUS
10
0.875201653543307
20
1.840232125984252
11
0.875513779527559
21
1.8407279921259843
0
LINE
8
BLACK
6
CONTINUOUS
10
0.875513779527559
20
1.8407279921259843
11
0.8755734645669291
21
1.8408720472440945
0
LINE
8
BLACK
6
CONTINUOUS
10
0.8755734645669291
20
1.8408720472440945
11
0.8757064960629921
21
1.8410341338582676
0
LINE
8
BLACK
6
CONTINUOUS
10
0.8757064960629921
20
1.8410341338582676
11
0.8758183858267716
21
1.8412118897637795
0
LINE
8
BLACK
6
CONTINUOUS
10
0.8758183858267716
20
1.8412118897637795
11
0.8759362598425197
21
1.8413140944881889
0
LINE
8
BLACK
6
CONTINUOUS
10
0.8759362598425197
20
1.8413140944881889
11
0.8763079133858267
21
1.8417669685039371
0
LINE
8
BLACK
6
CONTINUOUS
10
0.8763079133858267
20
1.8417669685039371
11
0.8791200787401574
21
1.844579094488189
0
LINE
8
BLACK
6
CONTINUOUS
10
0.8791200787401574
20
1.844579094488189
11
0.8795728346456693
21
1.8449506692913384
0
LINE
8
BLACK
6
CONTINUOUS
10
0.8795728346456693
20
1.8449506692913384
11
0.8796750787401575
21
1.8450685433070866
0
LINE
8
BLACK
6
CONTINUOUS
10
0.8796750787401575
20
1.8450685433070866
11
0.8798527165354331
21
1.8451803543307086
0
LINE
8
BLACK
6
CONTINUOUS
10
0.8798527165354331
20
1.8451803543307086
11
0.8800149606299212
21
1.8453135039370079
0
LINE
8
BLACK
6
CONTINUOUS
10
0.8800149606299212
20
1.8453135039370079
11
0.8801590157480315
21
1.8453731496062993
0
LINE
8
BLACK
6
CONTINUOUS
10
0.8801590157480315
20
1.8453731496062993
11
0.8806548425196851
21
1.8456852755905511
0
LINE
8
BLACK
6
CONTINUOUS
10
0.8806548425196851
20
1.8456852755905511
11
0.886279094488189
21
1.8484974409448818
0
LINE
8
BLACK
6
CONTINUOUS
10
0.886279094488189
20
1.8484974409448818
11
0.8873603543307086
21
1.8489111811023622
0
LINE
8
BLACK
6
CONTINUOUS
10
0.8873603543307086
20
1.8489111811023622
11
0.8875719291338583
21
1.8489261811023621
0
LINE
8
BLACK
6
CONTINUOUS
10
0.8875719291338583
20
1.8489261811023621
11
0.887768031496063
21
1.8490074409448818
0
LINE
8
BLACK
6
CONTINUOUS
10
0.887768031496063
20
1.8490074409448818
11
0.8889201574803149
21
1.849120905511811
0
LINE
8
BLACK
6
CONTINUOUS
10
0.8889201574803149
20
1.849120905511811
11
0.9001687401574803
21
1.849120905511811
0
LINE
8
BLACK
6
CONTINUOUS
10
0.9001687401574803
20
1.849120905511811
11
0.9013208661417322
21
1.8490074409448818
0
LINE
8
BLACK
6
CONTINUOUS
10
0.8867940157480315
20
1.8355497244094487
11
0.885337125984252
21
1.8340928346456693
0
LINE
8
BLACK
6
CONTINUOUS
10
0.885337125984252
20
1.8340928346456693
11
0.8835770866141732
21
1.8305727165354331
0
LINE
8
BLACK
6
CONTINUOUS
10
0.8835770866141732
20
1.8305727165354331
11
0.8835770866141732
21
1.8193001181102362
0
LINE
8
BLACK
6
CONTINUOUS
10
0.8835770866141732
20
1.8193001181102362
11
0.885337125984252
21
1.8157799606299212
0
LINE
8
BLACK
6
CONTINUOUS
10
0.885337125984252
20
1.8157799606299212
11
0.8867940157480315
21
1.8143230708661418
0
LINE
8
BLACK
6
CONTINUOUS
10
0.8867940157480315
20
1.8143230708661418
11
0.8903142519685039
21
1.8125629921259843
0
LINE
8
BLACK
6
CONTINUOUS
10
0.8903142519685039
20
1.8125629921259843
11
0.8987746850393701
21
1.8125629921259843
0
LINE
8
BLACK
6
CONTINUOUS
10
0.8987746850393701
20
1.8125629921259843
11
0.9022948818897638
21
1.8143230708661418
0
LINE
8
BLACK
6
CONTINUOUS
10
0.9022948818897638
20
1.8143230708661418
11
0.9037516929133858
21
1.8157799212598424
0
LINE
8
BLACK
6
CONTINUOUS
10
0.9037516929133858
20
1.8157799212598424
11
0.9055118503937007
21
1.8193001574803149
0
LINE
8
BLACK
6
CONTINUOUS
10
0.9055118503937007
20
1.8193001574803149
11
0.9055118503937007
21
1.8305726771653543
0
LINE
8
BLACK
6
CONTINUOUS
10
0.9055118503937007
20
1.8305726771653543
11
0.9037517322834645
21
1.8340928740157481
0
LINE
8
BLACK
6
CONTINUOUS
10
0.9037517322834645
20
1.8340928740157481
11
0.9022948818897638
21
1.8355497637795275
0
LINE
8
BLACK
6
CONTINUOUS
10
0.9022948818897638
20
1.8355497637795275
11
0.8987746456692913
21
1.8373098818897637
0
LINE
8
BLACK
6
CONTINUOUS
10
0.8987746456692913
20
1.8373098818897637
11
0.8903142519685039
21
1.8373098818897637
0
LINE
8
BLACK
6
CONTINUOUS
10
0.8903142519685039
20
1.8373098818897637
11
0.8867940157480315
21
1.8355497244094487
0
LINE
8
BLACK
6
CONTINUOUS
10
0.9575638188976378
20
1.8490074409448818
11
0.9577597637795275
21
1.8489262598425196
0
LINE
8
BLACK
6
CONTINUOUS
10
0.9577597637795275
20
1.8489262598425196
11
0.9579714960629921
21
1.8489112204724409
0
LINE
8
BLACK
6
CONTINUOUS
10
0.9579714960629921
20
1.8489112204724409
11
0.959052716535433
21
1.8484974409448818
0
LINE
8
BLACK
6
CONTINUOUS
10
0.959052716535433
20
1.8484974409448818
11
0.9646770472440944
21
1.8456852755905511
0
LINE
8
BLACK
6
CONTINUOUS
10
0.9646770472440944
20
1.8456852755905511
11
0.9651728346456693
21
1.8453731496062993
0
LINE
8
BLACK
6
CONTINUOUS
10
0.9651728346456693
20
1.8453731496062993
11
0.9653169291338582
21
1.8453135039370079
0
LINE
8
BLACK
6
CONTINUOUS
10
0.9653169291338582
20
1.8453135039370079
11
0.9654790944881889
21
1.8451803543307086
0
LINE
8
BLACK
6
CONTINUOUS
10
0.9654790944881889
20
1.8451803543307086
11
0.965656811023622
21
1.8450685433070866
0
LINE
8
BLACK
6
CONTINUOUS
10
0.965656811023622
20
1.8450685433070866
11
0.9657590157480315
21
1.8449506692913384
0
LINE
8
BLACK
6
CONTINUOUS
10
0.9657590157480315
20
1.8449506692913384
11
0.9662118503937007
21
1.8445790551181103
0
LINE
8
BLACK
6
CONTINUOUS
10
0.9662118503937007
20
1.8445790551181103
11
0.9690239763779528
21
1.8417669291338583
0
LINE
8
BLACK
6
CONTINUOUS
10
0.9690239763779528
20
1.8417669291338583
11
0.9693956299212598
21
1.8413140551181102
0
LINE
8
BLACK
6
CONTINUOUS
10
0.9693956299212598
20
1.8413140551181102
11
0.9695134645669291
21
1.8412118897637795
0
LINE
8
BLACK
6
CONTINUOUS
10
0.9695134645669291
20
1.8412118897637795
11
0.9696251968503937
21
1.8410343307086614
0
LINE
8
BLACK
6
CONTINUOUS
10
0.9696251968503937
20
1.8410343307086614
11
0.9697584251968504
21
1.8408720472440945
0
LINE
8
BLACK
6
CONTINUOUS
10
0.9697584251968504
20
1.8408720472440945
11
0.9698181102362204
21
1.8407278346456692
0
LINE
8
BLACK
6
CONTINUOUS
10
0.9698181102362204
20
1.8407278346456692
11
0.9701301968503937
21
1.840232125984252
0
LINE
8
BLACK
6
CONTINUOUS
10
0.9701301968503937
20
1.840232125984252
11
0.9729423622047244
21
1.8346078740157481
0
LINE
8
BLACK
6
CONTINUOUS
10
0.9729423622047244
20
1.8346078740157481
11
0.9733561023622047
21
1.8335266141732283
0
LINE
8
BLACK
6
CONTINUOUS
10
0.9733561023622047
20
1.8335266141732283
11
0.9733711023622047
21
1.833315
0
LINE
8
BLACK
6
CONTINUOUS
10
0.9733711023622047
20
1.833315
11
0.9734523622047244
21
1.833118937007874
0
LINE
8
BLACK
6
CONTINUOUS
10
0.9734523622047244
20
1.833118937007874
11
0.9735658267716535
21
1.831966811023622
0
LINE
8
BLACK
6
CONTINUOUS
10
0.9735658267716535
20
1.831966811023622
11
0.9735658267716535
21
1.8291546456692913
0
LINE
8
BLACK
6
CONTINUOUS
10
0.9735658267716535
20
1.8291546456692913
11
0.9734523622047244
21
1.8280025196850394
0
LINE
8
BLACK
6
CONTINUOUS
10
0.9734523622047244
20
1.8280025196850394
11
0.9733711023622047
21
1.8278064173228346
0
LINE
8
BLACK
6
CONTINUOUS
10
0.9733711023622047
20
1.8278064173228346
11
0.9733561023622047
21
1.8275948425196851
0
LINE
8
BLACK
6
CONTINUOUS
10
0.9733561023622047
20
1.8275948425196851
11
0.9729423622047244
21
1.8265135826771652
0
LINE
8
BLACK
6
CONTINUOUS
10
0.9729423622047244
20
1.8265135826771652
11
0.9701301968503937
21
1.8208893307086613
0
LINE
8
BLACK
6
CONTINUOUS
10
0.9701301968503937
20
1.8208893307086613
11
0.9698180708661417
21
1.8203935039370078
0
LINE
8
BLACK
6
CONTINUOUS
10
0.9698180708661417
20
1.8203935039370078
11
0.9697584251968504
21
1.8202494488188976
0
LINE
8
BLACK
6
CONTINUOUS
10
0.9697584251968504
20
1.8202494488188976
11
0.9696252755905511
21
1.8200872047244094
0
LINE
8
BLACK
6
CONTINUOUS
10
0.9696252755905511
20
1.8200872047244094
11
0.9695134645669291
21
1.8199095669291339
0
LINE
8
BLACK
6
CONTINUOUS
10
0.9695134645669291
20
1.8199095669291339
11
0.9693955905511811
21
1.8198073228346456
0
LINE
8
BLACK
6
CONTINUOUS
10
0.9693955905511811
20
1.8198073228346456
11
0.9690240157480314
21
1.8193545669291338
0
LINE
8
BLACK
6
CONTINUOUS
10
0.9690240157480314
20
1.8193545669291338
11
0.9675755118110236
21
1.8179060236220472
0
LINE
8
BLACK
6
CONTINUOUS
10
0.9675755118110236
20
1.8179060236220472
11
0.9690239763779528
21
1.8164575984251967
0
LINE
8
BLACK
6
CONTINUOUS
10
0.9690239763779528
20
1.8164575984251967
11
0.9693956299212598
21
1.8160047244094488
0
LINE
8
BLACK
6
CONTINUOUS
10
0.9693956299212598
20
1.8160047244094488
11
0.9695134645669291
21
1.8159025590551181
0
LINE
8
BLACK
6
CONTINUOUS
10
0.9695134645669291
20
1.8159025590551181
11
0.9696251968503937
21
1.815725
0
LINE
8
BLACK
6
CONTINUOUS
10
0.9696251968503937
20
1.815725
11
0.9697584251968504
21
1.8155627165354331
0
LINE
8
BLACK
6
CONTINUOUS
10
0.9697584251968504
20
1.8155627165354331
11
0.9698181102362204
21
1.8154185039370079
0
LINE
8
BLACK
6
CONTINUOUS
10
0.9698181102362204
20
1.8154185039370079
11
0.9701301968503937
21
1.8149227952755904
0
LINE
8
BLACK
6
CONTINUOUS
10
0.9701301968503937
20
1.8149227952755904
11
0.9729423622047244
21
1.8092985433070865
0
LINE
8
BLACK
6
CONTINUOUS
10
0.9729423622047244
20
1.8092985433070865
11
0.9733561023622047
21
1.8082172834645669
0
LINE
8
BLACK
6
CONTINUOUS
10
0.9733561023622047
20
1.8082172834645669
11
0.9733711023622047
21
1.8080056692913384
0
LINE
8
BLACK
6
CONTINUOUS
10
0.9733711023622047
20
1.8080056692913384
11
0.9734523622047244
21
1.8078096062992126
0
LINE
8
BLACK
6
CONTINUOUS
10
0.9734523622047244
20
1.8078096062992126
11
0.9735658267716535
21
1.8066574803149607
0
LINE
8
BLACK
6
CONTINUOUS
10
0.9735658267716535
20
1.8066574803149607
11
0.9735658267716535
21
1.7954088582677166
0
LINE
8
BLACK
6
CONTINUOUS
10
0.9735658267716535
20
1.7954088582677166
11
0.9734523622047244
21
1.7942567322834646
0
LINE
8
BLACK
6
CONTINUOUS
10
0.9734523622047244
20
1.7942567322834646
11
0.9733711023622047
21
1.7940606299212598
0
LINE
8
BLACK
6
CONTINUOUS
10
0.9733711023622047
20
1.7940606299212598
11
0.9733561023622047
21
1.7938490551181101
0
LINE
8
BLACK
6
CONTINUOUS
10
0.9733561023622047
20
1.7938490551181101
11
0.9729423622047244
21
1.7927677952755905
0
LINE
8
BLACK
6
CONTINUOUS
10
0.9729423622047244
20
1.7927677952755905
11
0.9701301968503937
21
1.7871435433070866
0
LINE
8
BLACK
6
CONTINUOUS
10
0.9701301968503937
20
1.7871435433070866
11
0.9698181102362204
21
1.7866477952755906
0
LINE
8
BLACK
6
CONTINUOUS
10
0.9698181102362204
20
1.7866477952755906
11
0.9697584251968504
21
1.7865036220472441
0
LINE
8
BLACK
6
CONTINUOUS
10
0.9697584251968504
20
1.7865036220472441
11
0.9696251968503937
21
1.7863412992125984
0
LINE
8
BLACK
6
CONTINUOUS
10
0.9696251968503937
20
1.7863412992125984
11
0.9695134645669291
21
1.7861637795275591
0
LINE
8
BLACK
6
CONTINUOUS
10
0.9695134645669291
20
1.7861637795275591
11
0.9693956299212598
21
1.7860615748031496
0
LINE
8
BLACK
6
CONTINUOUS
10
0.9693956299212598
20
1.7860615748031496
11
0.9690239763779528
21
1.7856087401574803
0
LINE
8
BLACK
6
CONTINUOUS
10
0.9690239763779528
20
1.7856087401574803
11
0.9662118503937007
21
1.7827966141732283
0
LINE
8
BLACK
6
CONTINUOUS
10
0.9662118503937007
20
1.7827966141732283
11
0.9657590157480315
21
1.7824249606299212
0
LINE
8
BLACK
6
CONTINUOUS
10
0.9657590157480315
20
1.7824249606299212
11
0.965656811023622
21
1.782307125984252
0
LINE
8
BLACK
6
CONTINUOUS
10
0.965656811023622
20
1.782307125984252
11
0.9654790944881889
21
1.7821952755905512
0
LINE
8
BLACK
6
CONTINUOUS
10
0.9654790944881889
20
1.7821952755905512
11
0.9653169291338582
21
1.7820621653543307
0
LINE
8
BLACK
6
CONTINUOUS
10
0.9653169291338582
20
1.7820621653543307
11
0.9651728346456693
21
1.7820024803149606
0
LINE
8
BLACK
6
CONTINUOUS
10
0.9651728346456693
20
1.7820024803149606
11
0.9646770472440944
21
1.7816903937007873
0
LINE
8
BLACK
6
CONTINUOUS
10
0.9646770472440944
20
1.7816903937007873
11
0.959052716535433
21
1.7788782283464566
0
LINE
8
BLACK
6
CONTINUOUS
10
0.959052716535433
20
1.7788782283464566
11
0.9579714960629921
21
1.7784644488188976
0
LINE
8
BLACK
6
CONTINUOUS
10
0.9579714960629921
20
1.7784644488188976
11
0.9577597637795275
21
1.77844937007874
0
LINE
8
BLACK
6
CONTINUOUS
10
0.9577597637795275
20
1.77844937007874
11
0.9575638188976378
21
1.7783682283464566
0
LINE
8
BLACK
6
CONTINUOUS
10
0.9575638188976378
20
1.7783682283464566
11
0.9564116929133858
21
1.7782547637795276
0
LINE
8
BLACK
6
CONTINUOUS
10
0.9564116929133858
20
1.7782547637795276
11
0.9451631102362205
21
1.7782547637795276
0
LINE
8
BLACK
6
CONTINUOUS
10
0.9451631102362205
20
1.7782547637795276
11
0.9440109842519685
21
1.7783682283464566
0
LINE
8
BLACK
6
CONTINUOUS
10
0.9440109842519685
20
1.7783682283464566
11
0.9438148818897638
21
1.7784494488188975
0
LINE
8
BLACK
6
CONTINUOUS
10
0.9438148818897638
20
1.7784494488188975
11
0.9436033070866141
21
1.7784644881889764
0
LINE
8
BLACK
6
CONTINUOUS
10
0.9436033070866141
20
1.7784644881889764
11
0.9425220472440945
21
1.7788782283464566
0
LINE
8
BLACK
6
CONTINUOUS
10
0.9425220472440945
20
1.7788782283464566
11
0.9368977952755906
21
1.7816903937007873
0
LINE
8
BLACK
6
CONTINUOUS
10
0.9368977952755906
20
1.7816903937007873
11
0.936401968503937
21
1.7820024803149606
0
LINE
8
BLACK
6
CONTINUOUS
10
0.936401968503937
20
1.7820024803149606
11
0.9362579133858268
21
1.7820621653543307
0
LINE
8
BLACK
6
CONTINUOUS
10
0.9362579133858268
20
1.7820621653543307
11
0.9360956692913386
21
1.7821952755905512
0
LINE
8
BLACK
6
CONTINUOUS
10
0.9360956692913386
20
1.7821952755905512
11
0.935918031496063
21
1.782307125984252
0
LINE
8
BLACK
6
CONTINUOUS
10
0.935918031496063
20
1.782307125984252
11
0.9358157874015748
21
1.7824249606299212
0
LINE
8
BLACK
6
CONTINUOUS
10
0.9358157874015748
20
1.7824249606299212
11
0.9353630314960629
21
1.7827965748031496
0
LINE
8
BLACK
6
CONTINUOUS
10
0.9353630314960629
20
1.7827965748031496
11
0.9325508661417322
21
1.7856087007874015
0
LINE
8
BLACK
6
CONTINUOUS
10
0.9325508661417322
20
1.7856087007874015
11
0.9321792125984252
21
1.7860615354330709
0
LINE
8
BLACK
6
CONTINUOUS
10
0.9321792125984252
20
1.7860615354330709
11
0.9320613385826771
21
1.7861637795275591
0
LINE
8
BLACK
6
CONTINUOUS
10
0.9320613385826771
20
1.7861637795275591
11
0.9319494488188976
21
1.7863414960629922
0
LINE
8
BLACK
6
CONTINUOUS
10
0.9319494488188976
20
1.7863414960629922
11
0.9318164173228346
21
1.7865036220472441
0
LINE
8
BLACK
6
CONTINUOUS
10
0.9318164173228346
20
1.7865036220472441
11
0.9317567322834646
21
1.7866476377952756
0
LINE
8
BLACK
6
CONTINUOUS
10
0.9317567322834646
20
1.7866476377952756
11
0.9314446062992126
21
1.7871435433070866
0
LINE
8
BLACK
6
CONTINUOUS
10
0.9314446062992126
20
1.7871435433070866
11
0.9286324803149606
21
1.7927678346456692
0
LINE
8
BLACK
6
CONTINUOUS
10
0.9286324803149606
20
1.7927678346456692
11
0.9282187007874015
21
1.7938490944881889
0
LINE
8
BLACK
6
CONTINUOUS
10
0.9282187007874015
20
1.7938490944881889
11
0.9282036614173228
21
1.7940607086614173
0
LINE
8
BLACK
6
CONTINUOUS
10
0.9282036614173228
20
1.7940607086614173
11
0.9281224803149606
21
1.7942567322834646
0
LINE
8
BLACK
6
CONTINUOUS
10
0.9281224803149606
20
1.7942567322834646
11
0.9280090157480315
21
1.7954088582677166
0
LINE
8
BLACK
6
CONTINUOUS
10
0.9280090157480315
20
1.7954088582677166
11
0.9280090157480315
21
1.8066574803149607
0
LINE
8
BLACK
6
CONTINUOUS
10
0.9280090157480315
20
1.8066574803149607
11
0.9281224803149606
21
1.8078096062992126
0
LINE
8
BLACK
6
CONTINUOUS
10
0.9281224803149606
20
1.8078096062992126
11
0.9282036614173228
21
1.8080055905511812
0
LINE
8
BLACK
6
CONTINUOUS
10
0.9282036614173228
20
1.8080055905511812
11
0.9282187007874015
21
1.8082172440944881
0
LINE
8
BLACK
6
CONTINUOUS
10
0.9282187007874015
20
1.8082172440944881
11
0.9286324803149606
21
1.8092985039370078
0
LINE
8
BLACK
6
CONTINUOUS
10
0.9286324803149606
20
1.8092985039370078
11
0.9314446062992126
21
1.8149227952755904
0
LINE
8
BLACK
6
CONTINUOUS
10
0.9314446062992126
20
1.8149227952755904
11
0.9317567322834646
21
1.8154186614173229
0
LINE
8
BLACK
6
CONTINUOUS
10
0.9317567322834646
20
1.8154186614173229
11
0.9318164173228346
21
1.8155627165354331
0
LINE
8
BLACK
6
CONTINUOUS
10
0.9318164173228346
20
1.8155627165354331
11
0.9319494488188976
21
1.8157248031496063
0
LINE
8
BLACK
6
CONTINUOUS
10
0.9319494488188976
20
1.8157248031496063
11
0.9320613385826771
21
1.8159025590551181
0
LINE
8
BLACK
6
CONTINUOUS
10
0.9320613385826771
20
1.8159025590551181
11
0.9321792125984252
21
1.8160047637795276
0
LINE
8
BLACK
6
CONTINUOUS
10
0.9321792125984252
20
1.8160047637795276
11
0.9325508661417322
21
1.8164576377952755
0
LINE
8
BLACK
6
CONTINUOUS
10
0.9325508661417322
20
1.8164576377952755
11
0.9339992913385826
21
1.8179060236220472
0
LINE
8
BLACK
6
CONTINUOUS
10
0.9339992913385826
20
1.8179060236220472
11
0.9325508267716536
21
1.819354527559055
0
LINE
8
BLACK
6
CONTINUOUS
10
0.9325508267716536
20
1.819354527559055
11
0.9321791732283464
21
1.8198073228346456
0
LINE
8
BLACK
6
CONTINUOUS
10
0.9321791732283464
20
1.8198073228346456
11
0.9320613385826771
21
1.8199095669291339
0
LINE
8
BLACK
6
CONTINUOUS
10
0.9320613385826771
20
1.8199095669291339
11
0.9319494881889764
21
1.8200872440944882
0
LINE
8
BLACK
6
CONTINUOUS
10
0.9319494881889764
20
1.8200872440944882
11
0.9318163779527558
21
1.8202494488188976
0
LINE
8
BLACK
6
CONTINUOUS
10
0.9318163779527558
20
1.8202494488188976
11
0.9317566929133858
21
1.8203935039370078
0
LINE
8
BLACK
6
CONTINUOUS
10
0.9317566929133858
20
1.8203935039370078
11
0.9314446062992126
21
1.8208893307086613
0
LINE
8
BLACK
6
CONTINUOUS
10
0.9314446062992126
20
1.8208893307086613
11
0.9286324803149606
21
1.826513622047244
0
LINE
8
BLACK
6
CONTINUOUS
10
0.9286324803149606
20
1.826513622047244
11
0.9282187007874015
21
1.8275948818897638
0
LINE
8
BLACK
6
CONTINUOUS
10
0.9282187007874015
20
1.8275948818897638
11
0.9282036614173228
21
1.8278064960629921
0
LINE
8
BLACK
6
CONTINUOUS
10
0.9282036614173228
20
1.8278064960629921
11
0.9281224803149606
21
1.8280025196850394
0
LINE
8
BLACK
6
CONTINUOUS
10
0.9281224803149606
20
1.8280025196850394
11
0.9280090157480315
21
1.8291546456692913
0
LINE
8
BLACK
6
CONTINUOUS
10
0.9280090157480315
20
1.8291546456692913
11
0.9280090157480315
21
1.831966811023622
0
LINE
8
BLACK
6
CONTINUOUS
10
0.9280090157480315
20
1.831966811023622
11
0.9281224803149606
21
1.833118937007874
0
LINE
8
BLACK
6
CONTINUOUS
10
0.9281224803149606
20
1.833118937007874
11
0.9282036614173228
21
1.8333149212598425
0
LINE
8
BLACK
6
CONTINUOUS
10
0.9282036614173228
20
1.8333149212598425
11
0.9282187007874015
21
1.8335265748031495
0
LINE
8
BLACK
6
CONTINUOUS
10
0.9282187007874015
20
1.8335265748031495
11
0.9286324803149606
21
1.8346078346456693
0
LINE
8
BLACK
6
CONTINUOUS
10
0.9286324803149606
20
1.8346078346456693
11
0.9314446062992126
21
1.840232125984252
0
LINE
8
BLACK
6
CONTINUOUS
10
0.9314446062992126
20
1.840232125984252
11
0.9317567322834646
21
1.8407279921259843
0
LINE
8
BLACK
6
CONTINUOUS
10
0.9317567322834646
20
1.8407279921259843
11
0.9318164173228346
21
1.8408720472440945
0
LINE
8
BLACK
6
CONTINUOUS
10
0.9318164173228346
20
1.8408720472440945
11
0.9319494488188976
21
1.8410341338582676
0
LINE
8
BLACK
6
CONTINUOUS
10
0.9319494488188976
20
1.8410341338582676
11
0.9320613385826771
21
1.8412118897637795
0
LINE
8
BLACK
6
CONTINUOUS
10
0.9320613385826771
20
1.8412118897637795
11
0.9321792125984252
21
1.8413140944881889
0
LINE
8
BLACK
6
CONTINUOUS
10
0.9321792125984252
20
1.8413140944881889
11
0.9325508661417322
21
1.8417669685039371
0
LINE
8
BLACK
6
CONTINUOUS
10
0.9325508661417322
20
1.8417669685039371
11
0.9353630314960629
21
1.844579094488189
0
LINE
8
BLACK
6
CONTINUOUS
10
0.9353630314960629
20
1.844579094488189
11
0.9358157874015748
21
1.8449506692913384
0
LINE
8
BLACK
6
CONTINUOUS
10
0.9358157874015748
20
1.8449506692913384
11
0.935918031496063
21
1.8450685433070866
0
LINE
8
BLACK
6
CONTINUOUS
10
0.935918031496063
20
1.8450685433070866
11
0.9360956692913386
21
1.8451803543307086
0
LINE
8
BLACK
6
CONTINUOUS
10
0.9360956692913386
20
1.8451803543307086
11
0.9362579133858268
21
1.8453135039370079
0
LINE
8
BLACK
6
CONTINUOUS
10
0.9362579133858268
20
1.8453135039370079
11
0.936401968503937
21
1.8453731496062993
0
LINE
8
BLACK
6
CONTINUOUS
10
0.936401968503937
20
1.8453731496062993
11
0.9368977952755906
21
1.8456852755905511
0
LINE
8
BLACK
6
CONTINUOUS
10
0.9368977952755906
20
1.8456852755905511
11
0.9425220472440945
21
1.8484974409448818
0
LINE
8
BLACK
6
CONTINUOUS
10
0.9425220472440945
20
1.8484974409448818
11
0.9436033070866141
21
1.8489111811023622
0
LINE
8
BLACK
6
CONTINUOUS
10
0.9436033070866141
20
1.8489111811023622
11
0.9438148818897638
21
1.8489261811023621
0
LINE
8
BLACK
6
CONTINUOUS
10
0.9438148818897638
20
1.8489261811023621
11
0.9440109842519685
21
1.8490074409448818
0
LINE
8
BLACK
6
CONTINUOUS
10
0.9440109842519685
20
1.8490074409448818
11
0.9451631102362205
21
1.849120905511811
0
LINE
8
BLACK
6
CONTINUOUS
10
0.9451631102362205
20
1.849120905511811
11
0.9564116929133858
21
1.849120905511811
0
LINE
8
BLACK
6
CONTINUOUS
10
0.9564116929133858
20
1.849120905511811
11
0.9575638188976378
21
1.8490074409448818
0
LINE
8
BLACK
6
CONTINUOUS
10
0.943036968503937
20
1.8102403937007874
11
0.9415800787401575
21
1.8087835039370079
0
LINE
8
BLACK
6
CONTINUOUS
10
0.9415800787401575
20
1.8087835039370079
11
0.9398200393700787
21
1.8052633858267717
0
LINE
8
BLACK
6
CONTINUOUS
10
0.9398200393700787
20
1.8052633858267717
11
0.9398200393700787
21
1.7968029133858268
0
LINE
8
BLACK
6
CONTINUOUS
10
0.9398200393700787
20
1.7968029133858268
11
0.9415800787401575
21
1.7932827952755905
0
LINE
8
BLACK
6
CONTINUOUS
10
0.9415800787401575
20
1.7932827952755905
11
0.943036968503937
21
1.7918259055118111
0
LINE
8
BLACK
6
CONTINUOUS
10
0.943036968503937
20
1.7918259055118111
11
0.9465572047244094
21
1.7900657874015748
0
LINE
8
BLACK
6
CONTINUOUS
10
0.9465572047244094
20
1.7900657874015748
11
0.9550175984251968
21
1.7900657874015748
0
LINE
8
BLACK
6
CONTINUOUS
10
0.9550175984251968
20
1.7900657874015748
11
0.9585378346456692
21
1.7918259055118111
0
LINE
8
BLACK
6
CONTINUOUS
10
0.9585378346456692
20
1.7918259055118111
11
0.95999468503937
21
1.7932827559055118
0
LINE
8
BLACK
6
CONTINUOUS
10
0.95999468503937
20
1.7932827559055118
11
0.9617548031496063
21
1.7968029527559055
0
LINE
8
BLACK
6
CONTINUOUS
10
0.9617548031496063
20
1.7968029527559055
11
0.9617548031496063
21
1.805263346456693
0
LINE
8
BLACK
6
CONTINUOUS
10
0.9617548031496063
20
1.805263346456693
11
0.95999468503937
21
1.8087835433070867
0
LINE
8
BLACK
6
CONTINUOUS
10
0.95999468503937
20
1.8087835433070867
11
0.9585378346456692
21
1.8102404330708661
0
LINE
8
BLACK
6
CONTINUOUS
10
0.9585378346456692
20
1.8102404330708661
11
0.9550175984251968
21
1.8120005511811024
0
LINE
8
BLACK
6
CONTINUOUS
10
0.9550175984251968
20
1.8120005511811024
11
0.9465572047244094
21
1.8120005511811024
0
LINE
8
BLACK
6
CONTINUOUS
10
0.9465572047244094
20
1.8120005511811024
11
0.943036968503937
21
1.8102403937007874
0
LINE
8
BLACK
6
CONTINUOUS
10
0.943036968503937
20
1.8355497244094487
11
0.9415800787401575
21
1.8340928346456693
0
LINE
8
BLACK
6
CONTINUOUS
10
0.9415800787401575
20
1.8340928346456693
11
0.9398200393700787
21
1.8305727165354331
0
LINE
8
BLACK
6
CONTINUOUS
10
0.9398200393700787
20
1.8305727165354331
11
0.9398200393700787
21
1.8305487007874015
0
LINE
8
BLACK
6
CONTINUOUS
10
0.9398200393700787
20
1.8305487007874015
11
0.9415800787401575
21
1.8270285433070865
0
LINE
8
BLACK
6
CONTINUOUS
10
0.9415800787401575
20
1.8270285433070865
11
0.943036968503937
21
1.8255716535433071
0
LINE
8
BLACK
6
CONTINUOUS
10
0.943036968503937
20
1.8255716535433071
11
0.9465572047244094
21
1.8238115748031496
0
LINE
8
BLACK
6
CONTINUOUS
10
0.9465572047244094
20
1.8238115748031496
11
0.9550176377952756
21
1.8238115748031496
0
LINE
8
BLACK
6
CONTINUOUS
10
0.9550176377952756
20
1.8238115748031496
11
0.9585378346456692
21
1.8255716535433071
0
LINE
8
BLACK
6
CONTINUOUS
10
0.9585378346456692
20
1.8255716535433071
11
0.9599946456692913
21
1.8270285039370078
0
LINE
8
BLACK
6
CONTINUOUS
10
0.9599946456692913
20
1.8270285039370078
11
0.9617548031496063
21
1.8305487401574803
0
LINE
8
BLACK
6
CONTINUOUS
10
0.9617548031496063
20
1.8305487401574803
11
0.9617548031496063
21
1.8305726771653543
0
LINE
8
BLACK
6
CONTINUOUS
10
0.9617548031496063
20
1.8305726771653543
11
0.95999468503937
21
1.8340928740157481
0
LINE
8
BLACK
6
CONTINUOUS
10
0.95999468503937
20
1.8340928740157481
11
0.9585378346456692
21
1.8355497637795275
0
LINE
8
BLACK
6
CONTINUOUS
10
0.9585378346456692
20
1.8355497637795275
11
0.9550175984251968
21
1.8373098818897637
0
LINE
8
BLACK
6
CONTINUOUS
10
0.9550175984251968
20
1.8373098818897637
11
0.9465572047244094
21
1.8373098818897637
0
LINE
8
BLACK
6
CONTINUOUS
10
0.9465572047244094
20
1.8373098818897637
11
0.943036968503937
21
1.8355497244094487
0
LINE
8
BLACK
6
CONTINUOUS
10
1.0109946456692913
20
1.8490074409448818
11
1.0111907086614174
21
1.8489261811023621
0
LINE
8
BLACK
6
CONTINUOUS
10
1.0111907086614174
20
1.8489261811023621
11
1.0114023228346456
21
1.8489111811023622
0
LINE
8
BLACK
6
CONTINUOUS
10
1.0114023228346456
20
1.8489111811023622
11
1.0124835433070867
21
1.8484974409448818
0
LINE
8
BLACK
6
CONTINUOUS
10
1.0124835433070867
20
1.8484974409448818
11
1.0181078346456693
21
1.8456852755905511
0
LINE
8
BLACK
6
CONTINUOUS
10
1.0181078346456693
20
1.8456852755905511
11
1.0186037007874016
21
1.8453731102362205
0
LINE
8
BLACK
6
CONTINUOUS
10
1.0186037007874016
20
1.8453731102362205
11
1.0187476771653543
21
1.8453135039370079
0
LINE
8
BLACK
6
CONTINUOUS
10
1.0187476771653543
20
1.8453135039370079
11
1.0189097637795275
21
1.8451804330708661
0
LINE
8
BLACK
6
CONTINUOUS
10
1.0189097637795275
20
1.8451804330708661
11
1.0190875984251968
21
1.8450685433070866
0
LINE
8
BLACK
6
CONTINUOUS
10
1.0190875984251968
20
1.8450685433070866
11
1.019189842519685
21
1.8449506299212599
0
LINE
8
BLACK
6
CONTINUOUS
10
1.019189842519685
20
1.8449506299212599
11
1.0196425984251969
21
1.844579094488189
0
LINE
8
BLACK
6
CONTINUOUS
10
1.0196425984251969
20
1.844579094488189
11
1.0224547637795276
21
1.8417669685039371
0
LINE
8
BLACK
6
CONTINUOUS
10
1.0224547637795276
20
1.8417669685039371
11
1.022826496062992
21
1.8413139763779527
0
LINE
8
BLACK
6
CONTINUOUS
10
1.022826496062992
20
1.8413139763779527
11
1.0229442913385827
21
1.8412118503937007
0
LINE
8
BLACK
6
CONTINUOUS
10
1.0229442913385827
20
1.8412118503937007
11
1.0230560629921259
21
1.8410342519685039
0
LINE
8
BLACK
6
CONTINUOUS
10
1.0230560629921259
20
1.8410342519685039
11
1.0231892125984252
21
1.8408720472440945
0
LINE
8
BLACK
6
CONTINUOUS
10
1.0231892125984252
20
1.8408720472440945
11
1.0232488582677166
21
1.8407279527559055
0
LINE
8
BLACK
6
CONTINUOUS
10
1.0232488582677166
20
1.8407279527559055
11
1.0235610236220472
21
1.840232125984252
0
LINE
8
BLACK
6
CONTINUOUS
10
1.0235610236220472
20
1.840232125984252
11
1.0263731496062991
21
1.8346077952755906
0
LINE
8
BLACK
6
CONTINUOUS
10
1.0263731496062991
20
1.8346077952755906
11
1.0264053149606298
21
1.8345236614173228
0
LINE
8
BLACK
6
CONTINUOUS
10
1.0264053149606298
20
1.8345236614173228
11
1.0264307874015748
21
1.8344893307086614
0
LINE
8
BLACK
6
CONTINUOUS
10
1.0264307874015748
20
1.8344893307086614
11
1.0266034645669291
21
1.8340058661417322
0
LINE
8
BLACK
6
CONTINUOUS
10
1.0266034645669291
20
1.8340058661417322
11
1.0267869291338583
21
1.8335265748031495
0
LINE
8
BLACK
6
CONTINUOUS
10
1.0267869291338583
20
1.8335265748031495
11
1.0267899212598426
21
1.8334839370078739
0
LINE
8
BLACK
6
CONTINUOUS
10
1.0267899212598426
20
1.8334839370078739
11
1.0268202755905511
21
1.8333990944881888
0
LINE
8
BLACK
6
CONTINUOUS
10
1.0268202755905511
20
1.8333990944881888
11
1.0296324409448818
21
1.8221505118110235
0
LINE
8
BLACK
6
CONTINUOUS
10
1.0296324409448818
20
1.8221505118110235
11
1.029661968503937
21
1.8219507874015748
0
LINE
8
BLACK
6
CONTINUOUS
10
1.029661968503937
20
1.8219507874015748
11
1.0296953149606298
21
1.8218703149606299
0
LINE
8
BLACK
6
CONTINUOUS
10
1.0296953149606298
20
1.8218703149606299
11
1.0297380314960629
21
1.8214364566929133
0
LINE
8
BLACK
6
CONTINUOUS
10
1.0297380314960629
20
1.8214364566929133
11
1.029801811023622
21
1.821005275590551
0
LINE
8
BLACK
6
CONTINUOUS
10
1.029801811023622
20
1.821005275590551
11
1.0297889763779526
21
1.820919094488189
0
LINE
8
BLACK
6
CONTINUOUS
10
1.0297889763779526
20
1.820919094488189
11
1.029808779527559
21
1.8207181889763779
0
LINE
8
BLACK
6
CONTINUOUS
10
1.029808779527559
20
1.8207181889763779
11
1.029808779527559
21
1.8066574803149607
0
LINE
8
BLACK
6
CONTINUOUS
10
1.029808779527559
20
1.8066574803149607
11
1.0297889763779526
21
1.8064565354330708
0
LINE
8
BLACK
6
CONTINUOUS
10
1.0297889763779526
20
1.8064565354330708
11
1.029801811023622
21
1.8063703937007873
0
LINE
8
BLACK
6
CONTINUOUS
10
1.029801811023622
20
1.8063703937007873
11
1.0297380314960629
21
1.8059391732283465
0
LINE
8
BLACK
6
CONTINUOUS
10
1.0297380314960629
20
1.8059391732283465
11
1.0296953149606298
21
1.8055053543307087
0
LINE
8
BLACK
6
CONTINUOUS
10
1.0296953149606298
20
1.8055053543307087
11
1.029661968503937
21
1.805424842519685
0
LINE
8
BLACK
6
CONTINUOUS
10
1.029661968503937
20
1.805424842519685
11
1.0296324409448818
21
1.8052251574803149
0
LINE
8
BLACK
6
CONTINUOUS
10
1.0296324409448818
20
1.8052251574803149
11
1.0268202755905511
21
1.7939765748031495
0
LINE
8
BLACK
6
CONTINUOUS
10
1.0268202755905511
20
1.7939765748031495
11
1.0267899212598426
21
1.7938916929133857
0
LINE
8
BLACK
6
CONTINUOUS
10
1.0267899212598426
20
1.7938916929133857
11
1.0267869291338583
21
1.7938490944881889
0
LINE
8
BLACK
6
CONTINUOUS
10
1.0267869291338583
20
1.7938490944881889
11
1.0266034645669291
21
1.7933697637795276
0
LINE
8
BLACK
6
CONTINUOUS
10
1.0266034645669291
20
1.7933697637795276
11
1.0264307874015748
21
1.7928863385826772
0
LINE
8
BLACK
6
CONTINUOUS
10
1.0264307874015748
20
1.7928863385826772
11
1.0264053149606298
21
1.792851968503937
0
LINE
8
BLACK
6
CONTINUOUS
10
1.0264053149606298
20
1.792851968503937
11
1.0263731496062991
21
1.792767874015748
0
LINE
8
BLACK
6
CONTINUOUS
10
1.0263731496062991
20
1.792767874015748
11
1.0235610236220472
21
1.7871435433070866
0
LINE
8
BLACK
6
CONTINUOUS
10
1.0235610236220472
20
1.7871435433070866
11
1.0232488582677166
21
1.7866476771653543
0
LINE
8
BLACK
6
CONTINUOUS
10
1.0232488582677166
20
1.7866476771653543
11
1.0231892125984252
21
1.7865036220472441
0
LINE
8
BLACK
6
CONTINUOUS
10
1.0231892125984252
20
1.7865036220472441
11
1.0230560629921259
21
1.7863413779527559
0
LINE
8
BLACK
6
CONTINUOUS
10
1.0230560629921259
20
1.7863413779527559
11
1.0229442913385827
21
1.7861638188976376
0
LINE
8
BLACK
6
CONTINUOUS
10
1.0229442913385827
20
1.7861638188976376
11
1.022826496062992
21
1.7860616535433071
0
LINE
8
BLACK
6
CONTINUOUS
10
1.022826496062992
20
1.7860616535433071
11
1.0224547637795276
21
1.7856087007874015
0
LINE
8
BLACK
6
CONTINUOUS
10
1.0224547637795276
20
1.7856087007874015
11
1.0196425984251969
21
1.7827965748031496
0
LINE
8
BLACK
6
CONTINUOUS
10
1.0196425984251969
20
1.7827965748031496
11
1.019189842519685
21
1.7824249999999999
0
LINE
8
BLACK
6
CONTINUOUS
10
1.019189842519685
20
1.7824249999999999
11
1.0190875984251968
21
1.782307125984252
0
LINE
8
BLACK
6
CONTINUOUS
10
1.0190875984251968
20
1.782307125984252
11
1.0189097637795275
21
1.7821951968503937
0
LINE
8
BLACK
6
CONTINUOUS
10
1.0189097637795275
20
1.7821951968503937
11
1.0187476771653543
21
1.7820621653543307
0
LINE
8
BLACK
6
CONTINUOUS
10
1.0187476771653543
20
1.7820621653543307
11
1.0186037007874016
21
1.7820025196850393
0
LINE
8
BLACK
6
CONTINUOUS
10
1.0186037007874016
20
1.7820025196850393
11
1.0181078346456693
21
1.7816903937007873
0
LINE
8
BLACK
6
CONTINUOUS
10
1.0181078346456693
20
1.7816903937007873
11
1.0124835433070867
21
1.7788782283464566
0
LINE
8
BLACK
6
CONTINUOUS
10
1.0124835433070867
20
1.7788782283464566
11
1.0114023228346456
21
1.7784644881889764
0
LINE
8
BLACK
6
CONTINUOUS
10
1.0114023228346456
20
1.7784644881889764
11
1.0111907086614174
21
1.7784494488188975
0
LINE
8
BLACK
6
CONTINUOUS
10
1.0111907086614174
20
1.7784494488188975
11
1.0109946456692913
21
1.7783682283464566
0
LINE
8
BLACK
6
CONTINUOUS
10
1.0109946456692913
20
1.7783682283464566
11
1.0098425196850394
21
1.7782547637795276
0
LINE
8
BLACK
6
CONTINUOUS
10
1.0098425196850394
20
1.7782547637795276
11
1.0042182283464567
21
1.7782547637795276
0
LINE
8
BLACK
6
CONTINUOUS
10
1.0042182283464567
20
1.7782547637795276
11
1.0030661023622047
21
1.7783682283464566
0
LINE
8
BLACK
6
CONTINUOUS
10
1.0030661023622047
20
1.7783682283464566
11
1.0028699999999999
21
1.7784494488188975
0
LINE
8
BLACK
6
CONTINUOUS
10
1.0028699999999999
20
1.7784494488188975
11
1.0026584251968504
21
1.7784644881889764
0
LINE
8
BLACK
6
CONTINUOUS
10
1.0026584251968504
20
1.7784644881889764
11
1.0015771653543306
21
1.7788782283464566
0
LINE
8
BLACK
6
CONTINUOUS
10
1.0015771653543306
20
1.7788782283464566
11
0.9959529133858267
21
1.7816903937007873
0
LINE
8
BLACK
6
CONTINUOUS
10
0.9959529133858267
20
1.7816903937007873
11
0.9954570866141732
21
1.7820024803149606
0
LINE
8
BLACK
6
CONTINUOUS
10
0.9954570866141732
20
1.7820024803149606
11
0.995313031496063
21
1.7820621653543307
0
LINE
8
BLACK
6
CONTINUOUS
10
0.995313031496063
20
1.7820621653543307
11
0.9951507874015748
21
1.7821952755905512
0
LINE
8
BLACK
6
CONTINUOUS
10
0.9951507874015748
20
1.7821952755905512
11
0.9949731496062992
21
1.782307125984252
0
LINE
8
BLACK
6
CONTINUOUS
10
0.9949731496062992
20
1.782307125984252
11
0.994870905511811
21
1.7824249606299212
0
LINE
8
BLACK
6
CONTINUOUS
10
0.994870905511811
20
1.7824249606299212
11
0.9944181496062992
21
1.7827965748031496
0
LINE
8
BLACK
6
CONTINUOUS
10
0.9944181496062992
20
1.7827965748031496
11
0.9916059842519684
21
1.7856087007874015
0
LINE
8
BLACK
6
CONTINUOUS
10
0.9916059842519684
20
1.7856087007874015
11
0.9912343307086614
21
1.7860615354330709
0
LINE
8
BLACK
6
CONTINUOUS
10
0.9912343307086614
20
1.7860615354330709
11
0.9911164566929134
21
1.7861637795275591
0
LINE
8
BLACK
6
CONTINUOUS
10
0.9911164566929134
20
1.7861637795275591
11
0.9910045669291339
21
1.7863414960629922
0
LINE
8
BLACK
6
CONTINUOUS
10
0.9910045669291339
20
1.7863414960629922
11
0.9908715354330708
21
1.7865036220472441
0
LINE
8
BLACK
6
CONTINUOUS
10
0.9908715354330708
20
1.7865036220472441
11
0.9908118503937008
21
1.7866476377952756
0
LINE
8
BLACK
6
CONTINUOUS
10
0.9908118503937008
20
1.7866476377952756
11
0.9904997244094488
21
1.7871435433070866
0
LINE
8
BLACK
6
CONTINUOUS
10
0.9904997244094488
20
1.7871435433070866
11
0.9876875590551181
21
1.7927678346456692
0
LINE
8
BLACK
6
CONTINUOUS
10
0.9876875590551181
20
1.7927678346456692
11
0.9876552755905511
21
1.7928520866141733
0
LINE
8
BLACK
6
CONTINUOUS
10
0.9876552755905511
20
1.7928520866141733
11
0.9876299212598425
21
1.792886377952756
0
LINE
8
BLACK
6
CONTINUOUS
10
0.9876299212598425
20
1.792886377952756
11
0.9874572047244095
21
1.7933697244094489
0
LINE
8
BLACK
6
CONTINUOUS
10
0.9874572047244095
20
1.7933697244094489
11
0.9872738188976378
21
1.7938490551181101
0
LINE
8
BLACK
6
CONTINUOUS
10
0.9872738188976378
20
1.7938490551181101
11
0.9872707874015748
21
1.7938915748031496
0
LINE
8
BLACK
6
CONTINUOUS
10
0.9872707874015748
20
1.7938915748031496
11
0.9872404330708662
21
1.7939765748031495
0
LINE
8
BLACK
6
CONTINUOUS
10
0.9872404330708662
20
1.7939765748031495
11
0.9844283070866141
21
1.8052251968503936
0
LINE
8
BLACK
6
CONTINUOUS
10
0.9844283070866141
20
1.8052251968503936
11
0.9843987795275591
21
1.805424842519685
0
LINE
8
BLACK
6
CONTINUOUS
10
0.9843987795275591
20
1.805424842519685
11
0.9843654330708661
21
1.8055053543307087
0
LINE
8
BLACK
6
CONTINUOUS
10
0.9843654330708661
20
1.8055053543307087
11
0.9843226771653543
21
1.8059392913385826
0
LINE
8
BLACK
6
CONTINUOUS
10
0.9843226771653543
20
1.8059392913385826
11
0.984258937007874
21
1.8063704330708661
0
LINE
8
BLACK
6
CONTINUOUS
10
0.984258937007874
20
1.8063704330708661
11
0.9842717322834645
21
1.8064565354330708
0
LINE
8
BLACK
6
CONTINUOUS
10
0.9842717322834645
20
1.8064565354330708
11
0.984251968503937
21
1.8066574803149607
0
LINE
8
BLACK
6
CONTINUOUS
10
0.984251968503937
20
1.8066574803149607
11
0.984251968503937
21
1.8207181889763779
0
LINE
8
BLACK
6
CONTINUOUS
10
0.984251968503937
20
1.8207181889763779
11
0.9842717322834645
21
1.820919094488189
0
LINE
8
BLACK
6
CONTINUOUS
10
0.9842717322834645
20
1.820919094488189
11
0.984258937007874
21
1.8210052362204725
0
LINE
8
BLACK
6
CONTINUOUS
10
0.984258937007874
20
1.8210052362204725
11
0.9843226771653543
21
1.8214363385826771
0
LINE
8
BLACK
6
CONTINUOUS
10
0.9843226771653543
20
1.8214363385826771
11
0.9843654330708661
21
1.8218703149606299
0
LINE
8
BLACK
6
CONTINUOUS
10
0.9843654330708661
20
1.8218703149606299
11
0.9843987795275591
21
1.8219507874015748
0
LINE
8
BLACK
6
CONTINUOUS
10
0.9843987795275591
20
1.8219507874015748
11
0.9844283070866141
21
1.8221504724409447
0
LINE
8
BLACK
6
CONTINUOUS
10
0.9844283070866141
20
1.8221504724409447
11
0.9872404330708662
21
1.8333990944881888
0
LINE
8
BLACK
6
CONTINUOUS
10
0.9872404330708662
20
1.8333990944881888
11
0.9872707874015748
21
1.8334840551181102
0
LINE
8
BLACK
6
CONTINUOUS
10
0.9872707874015748
20
1.8334840551181102
11
0.9872738188976378
21
1.8335266141732283
0
LINE
8
BLACK
6
CONTINUOUS
10
0.9872738188976378
20
1.8335266141732283
11
0.9874572047244095
21
1.834005905511811
0
LINE
8
BLACK
6
CONTINUOUS
10
0.9874572047244095
20
1.834005905511811
11
0.9876299212598425
21
1.8344892913385826
0
LINE
8
BLACK
6
CONTINUOUS
10
0.9876299212598425
20
1.8344892913385826
11
0.9876552755905511
21
1.8345235433070866
0
LINE
8
BLACK
6
CONTINUOUS
10
0.9876552755905511
20
1.8345235433070866
11
0.9876875590551181
21
1.8346078346456693
0
LINE
8
BLACK
6
CONTINUOUS
10
0.9876875590551181
20
1.8346078346456693
11
0.9904997244094488
21
1.840232125984252
0
LINE
8
BLACK
6
CONTINUOUS
10
0.9904997244094488
20
1.840232125984252
11
0.9908118503937008
21
1.8407279921259843
0
LINE
8
BLACK
6
CONTINUOUS
10
0.9908118503937008
20
1.8407279921259843
11
0.9908715354330708
21
1.8408720472440945
0
LINE
8
BLACK
6
CONTINUOUS
10
0.9908715354330708
20
1.8408720472440945
11
0.9910045669291339
21
1.8410341338582676
0
LINE
8
BLACK
6
CONTINUOUS
10
0.9910045669291339
20
1.8410341338582676
11
0.9911164566929134
21
1.8412118897637795
0
LINE
8
BLACK
6
CONTINUOUS
10
0.9911164566929134
20
1.8412118897637795
11
0.9912343307086614
21
1.8413140944881889
0
LINE
8
BLACK
6
CONTINUOUS
10
0.9912343307086614
20
1.8413140944881889
11
0.9916059842519684
21
1.8417669685039371
0
LINE
8
BLACK
6
CONTINUOUS
10
0.9916059842519684
20
1.8417669685039371
11
0.9944181496062992
21
1.844579094488189
0
LINE
8
BLACK
6
CONTINUOUS
10
0.9944181496062992
20
1.844579094488189
11
0.994870905511811
21
1.8449506692913384
0
LINE
8
BLACK
6
CONTINUOUS
10
0.994870905511811
20
1.8449506692913384
11
0.9949731496062992
21
1.8450685433070866
0
LINE
8
BLACK
6
CONTINUOUS
10
0.9949731496062992
20
1.8450685433070866
11
0.9951507874015748
21
1.8451803543307086
0
LINE
8
BLACK
6
CONTINUOUS
10
0.9951507874015748
20
1.8451803543307086
11
0.995313031496063
21
1.8453135039370079
0
LINE
8
BLACK
6
CONTINUOUS
10
0.995313031496063
20
1.8453135039370079
11
0.9954570866141732
21
1.8453731496062993
0
LINE
8
BLACK
6
CONTINUOUS
10
0.9954570866141732
20
1.8453731496062993
11
0.9959529133858267
21
1.8456852755905511
0
LINE
8
BLACK
6
CONTINUOUS
10
0.9959529133858267
20
1.8456852755905511
11
1.0015771653543306
21
1.8484974409448818
0
LINE
8
BLACK
6
CONTINUOUS
10
1.0015771653543306
20
1.8484974409448818
11
1.0026584251968504
21
1.8489111811023622
0
LINE
8
BLACK
6
CONTINUOUS
10
1.0026584251968504
20
1.8489111811023622
11
1.0028699999999999
21
1.8489261811023621
0
LINE
8
BLACK
6
CONTINUOUS
10
1.0028699999999999
20
1.8489261811023621
11
1.0030661023622047
21
1.8490074409448818
0
LINE
8
BLACK
6
CONTINUOUS
10
1.0030661023622047
20
1.8490074409448818
11
1.0042182283464567
21
1.849120905511811
0
LINE
8
BLACK
6
CONTINUOUS
10
1.0042182283464567
20
1.849120905511811
11
1.0098425196850394
21
1.849120905511811
0
LINE
8
BLACK
6
CONTINUOUS
10
1.0098425196850394
20
1.849120905511811
11
1.0109946456692913
21
1.8490074409448818
0
LINE
8
BLACK
6
CONTINUOUS
10
1.0020920866141731
20
1.8355497244094487
11
1.0006352362204725
21
1.8340929133858268
0
LINE
8
BLACK
6
CONTINUOUS
10
1.0006352362204725
20
1.8340929133858268
11
0.9985414960629921
21
1.8299055118110237
0
LINE
8
BLACK
6
CONTINUOUS
10
0.9985414960629921
20
1.8299055118110237
11
0.9960629921259843
21
1.8199912598425196
0
LINE
8
BLACK
6
CONTINUOUS
10
0.9960629921259843
20
1.8199912598425196
11
0.9960629921259843
21
1.8073843700787402
0
LINE
8
BLACK
6
CONTINUOUS
10
0.9960629921259843
20
1.8073843700787402
11
0.9985414960629921
21
1.7974701181102362
0
LINE
8
BLACK
6
CONTINUOUS
10
0.9985414960629921
20
1.7974701181102362
11
1.0006352362204725
21
1.793282716535433
0
LINE
8
BLACK
6
CONTINUOUS
10
1.0006352362204725
20
1.793282716535433
11
1.0020920866141731
21
1.7918259055118111
0
LINE
8
BLACK
6
CONTINUOUS
10
1.0020920866141731
20
1.7918259055118111
11
1.0056123228346456
21
1.7900657874015748
0
LINE
8
BLACK
6
CONTINUOUS
10
1.0056123228346456
20
1.7900657874015748
11
1.0084484251968504
21
1.7900657874015748
0
LINE
8
BLACK
6
CONTINUOUS
10
1.0084484251968504
20
1.7900657874015748
11
1.0119686614173229
21
1.7918259055118111
0
LINE
8
BLACK
6
CONTINUOUS
10
1.0119686614173229
20
1.7918259055118111
11
1.0134255118110236
21
1.7932827559055118
0
LINE
8
BLACK
6
CONTINUOUS
10
1.0134255118110236
20
1.7932827559055118
11
1.0155191338582676
21
1.7974700787401574
0
LINE
8
BLACK
6
CONTINUOUS
10
1.0155191338582676
20
1.7974700787401574
11
1.0179977559055118
21
1.807384409448819
0
LINE
8
BLACK
6
CONTINUOUS
10
1.0179977559055118
20
1.807384409448819
11
1.0179977559055118
21
1.8199912204724409
0
LINE
8
BLACK
6
CONTINUOUS
10
1.0179977559055118
20
1.8199912204724409
11
1.0155191338582676
21
1.8299055511811024
0
LINE
8
BLACK
6
CONTINUOUS
10
1.0155191338582676
20
1.8299055511811024
11
1.0134255118110236
21
1.8340928740157481
0
LINE
8
BLACK
6
CONTINUOUS
10
1.0134255118110236
20
1.8340928740157481
11
1.0119686614173229
21
1.8355497244094487
0
LINE
8
BLACK
6
CONTINUOUS
10
1.0119686614173229
20
1.8355497244094487
11
1.0084484251968504
21
1.8373098818897637
0
LINE
8
BLACK
6
CONTINUOUS
10
1.0084484251968504
20
1.8373098818897637
11
1.0056123228346456
21
1.8373098818897637
0
LINE
8
BLACK
6
CONTINUOUS
10
1.0056123228346456
20
1.8373098818897637
11
1.0020920866141731
21
1.8355497244094487
0
LINE
8
BLACK
6
CONTINUOUS
10
1.0672375984251967
20
1.8490074409448818
11
1.0674336614173228
21
1.8489261811023621
0
LINE
8
BLACK
6
CONTINUOUS
10
1.0674336614173228
20
1.8489261811023621
11
1.0676452755905512
21
1.8489111811023622
0
LINE
8
BLACK
6
CONTINUOUS
10
1.0676452755905512
20
1.8489111811023622
11
1.0687264960629921
21
1.8484974409448818
0
LINE
8
BLACK
6
CONTINUOUS
10
1.0687264960629921
20
1.8484974409448818
11
1.0743507874015747
21
1.8456852755905511
0
LINE
8
BLACK
6
CONTINUOUS
10
1.0743507874015747
20
1.8456852755905511
11
1.074846653543307
21
1.8453731102362205
0
LINE
8
BLACK
6
CONTINUOUS
10
1.074846653543307
20
1.8453731102362205
11
1.0749906299212597
21
1.8453135039370079
0
LINE
8
BLACK
6
CONTINUOUS
10
1.0749906299212597
20
1.8453135039370079
11
1.0751527165354331
21
1.8451804330708661
0
LINE
8
BLACK
6
CONTINUOUS
10
1.0751527165354331
20
1.8451804330708661
11
1.0753305511811024
21
1.8450685433070866
0
LINE
8
BLACK
6
CONTINUOUS
10
1.0753305511811024
20
1.8450685433070866
11
1.0754327952755904
21
1.8449506299212599
0
LINE
8
BLACK
6
CONTINUOUS
10
1.0754327952755904
20
1.8449506299212599
11
1.0758855511811023
21
1.844579094488189
0
LINE
8
BLACK
6
CONTINUOUS
10
1.0758855511811023
20
1.844579094488189
11
1.078697716535433
21
1.8417669685039371
0
LINE
8
BLACK
6
CONTINUOUS
10
1.078697716535433
20
1.8417669685039371
11
1.0790694488188977
21
1.8413139763779527
0
LINE
8
BLACK
6
CONTINUOUS
10
1.0790694488188977
20
1.8413139763779527
11
1.0791872440944881
21
1.8412118503937007
0
LINE
8
BLACK
6
CONTINUOUS
10
1.0791872440944881
20
1.8412118503937007
11
1.0792990157480316
21
1.8410342519685039
0
LINE
8
BLACK
6
CONTINUOUS
10
1.0792990157480316
20
1.8410342519685039
11
1.0794321653543306
21
1.8408720472440945
0
LINE
8
BLACK
6
CONTINUOUS
10
1.0794321653543306
20
1.8408720472440945
11
1.079491811023622
21
1.8407279527559055
0
LINE
8
BLACK
6
CONTINUOUS
10
1.079491811023622
20
1.8407279527559055
11
1.0798039763779528
21
1.840232125984252
0
LINE
8
BLACK
6
CONTINUOUS
10
1.0798039763779528
20
1.840232125984252
11
1.0826161023622047
21
1.8346077952755906
0
LINE
8
BLACK
6
CONTINUOUS
10
1.0826161023622047
20
1.8346077952755906
11
1.0826482677165354
21
1.8345236614173228
0
LINE
8
BLACK
6
CONTINUOUS
10
1.0826482677165354
20
1.8345236614173228
11
1.0826737401574802
21
1.8344893307086614
0
LINE
8
BLACK
6
CONTINUOUS
10
1.0826737401574802
20
1.8344893307086614
11
1.0828464173228347
21
1.8340058661417322
0
LINE
8
BLACK
6
CONTINUOUS
10
1.0828464173228347
20
1.8340058661417322
11
1.0830298818897637
21
1.8335265748031495
0
LINE
8
BLACK
6
CONTINUOUS
10
1.0830298818897637
20
1.8335265748031495
11
1.083032874015748
21
1.8334839370078739
0
LINE
8
BLACK
6
CONTINUOUS
10
1.083032874015748
20
1.8334839370078739
11
1.0830632283464567
21
1.8333990944881888
0
LINE
8
BLACK
6
CONTINUOUS
10
1.0830632283464567
20
1.8333990944881888
11
1.0858753937007875
21
1.8221505118110235
0
LINE
8
BLACK
6
CONTINUOUS
10
1.0858753937007875
20
1.8221505118110235
11
1.0859049212598424
21
1.8219507874015748
0
LINE
8
BLACK
6
CONTINUOUS
10
1.0859049212598424
20
1.8219507874015748
11
1.0859382677165355
21
1.8218703149606299
0
LINE
8
BLACK
6
CONTINUOUS
10
1.0859382677165355
20
1.8218703149606299
11
1.0859809842519685
21
1.8214364566929133
0
LINE
8
BLACK
6
CONTINUOUS
10
1.0859809842519685
20
1.8214364566929133
11
1.0860447637795276
21
1.821005275590551
0
LINE
8
BLACK
6
CONTINUOUS
10
1.0860447637795276
20
1.821005275590551
11
1.0860319291338583
21
1.820919094488189
0
LINE
8
BLACK
6
CONTINUOUS
10
1.0860319291338583
20
1.820919094488189
11
1.0860517322834646
21
1.8207181889763779
0
LINE
8
BLACK
6
CONTINUOUS
10
1.0860517322834646
20
1.8207181889763779
11
1.0860517322834646
21
1.8066574803149607
0
LINE
8
BLACK
6
CONTINUOUS
10
1.0860517322834646
20
1.8066574803149607
11
1.0860319291338583
21
1.8064565354330708
0
LINE
8
BLACK
6
CONTINUOUS
10
1.0860319291338583
20
1.8064565354330708
11
1.0860447637795276
21
1.8063703937007873
0
LINE
8
BLACK
6
CONTINUOUS
10
1.0860447637795276
20
1.8063703937007873
11
1.0859809842519685
21
1.8059391732283465
0
LINE
8
BLACK
6
CONTINUOUS
10
1.0859809842519685
20
1.8059391732283465
11
1.0859382677165355
21
1.8055053543307087
0
LINE
8
BLACK
6
CONTINUOUS
10
1.0859382677165355
20
1.8055053543307087
11
1.0859049212598424
21
1.805424842519685
0
LINE
8
BLACK
6
CONTINUOUS
10
1.0859049212598424
20
1.805424842519685
11
1.0858753937007875
21
1.8052251574803149
0
LINE
8
BLACK
6
CONTINUOUS
10
1.0858753937007875
20
1.8052251574803149
11
1.0830632283464567
21
1.7939765748031495
0
LINE
8
BLACK
6
CONTINUOUS
10
1.0830632283464567
20
1.7939765748031495
11
1.083032874015748
21
1.7938916929133857
0
LINE
8
BLACK
6
CONTINUOUS
10
1.083032874015748
20
1.7938916929133857
11
1.0830298818897637
21
1.7938490944881889
0
LINE
8
BLACK
6
CONTINUOUS
10
1.0830298818897637
20
1.7938490944881889
11
1.0828464173228347
21
1.7933697637795276
0
LINE
8
BLACK
6
CONTINUOUS
10
1.0828464173228347
20
1.7933697637795276
11
1.0826737401574802
21
1.7928863385826772
0
LINE
8
BLACK
6
CONTINUOUS
10
1.0826737401574802
20
1.7928863385826772
11
1.0826482677165354
21
1.792851968503937
0
LINE
8
BLACK
6
CONTINUOUS
10
1.0826482677165354
20
1.792851968503937
11
1.0826161023622047
21
1.792767874015748
0
LINE
8
BLACK
6
CONTINUOUS
10
1.0826161023622047
20
1.792767874015748
11
1.0798039763779528
21
1.7871435433070866
0
LINE
8
BLACK
6
CONTINUOUS
10
1.0798039763779528
20
1.7871435433070866
11
1.079491811023622
21
1.7866476771653543
0
LINE
8
BLACK
6
CONTINUOUS
10
1.079491811023622
20
1.7866476771653543
11
1.0794321653543306
21
1.7865036220472441
0
LINE
8
BLACK
6
CONTINUOUS
10
1.0794321653543306
20
1.7865036220472441
11
1.0792990157480316
21
1.7863413779527559
0
LINE
8
BLACK
6
CONTINUOUS
10
1.0792990157480316
20
1.7863413779527559
11
1.0791872440944881
21
1.7861638188976376
0
LINE
8
BLACK
6
CONTINUOUS
10
1.0791872440944881
20
1.7861638188976376
11
1.0790694488188977
21
1.7860616535433071
0
LINE
8
BLACK
6
CONTINUOUS
10
1.0790694488188977
20
1.7860616535433071
11
1.078697716535433
21
1.7856087007874015
0
LINE
8
BLACK
6
CONTINUOUS
10
1.078697716535433
20
1.7856087007874015
11
1.0758855511811023
21
1.7827965748031496
0
LINE
8
BLACK
6
CONTINUOUS
10
1.0758855511811023
20
1.7827965748031496
11
1.0754327952755904
21
1.7824249999999999
0
LINE
8
BLACK
6
CONTINUOUS
10
1.0754327952755904
20
1.7824249999999999
11
1.0753305511811024
21
1.782307125984252
0
LINE
8
BLACK
6
CONTINUOUS
10
1.0753305511811024
20
1.782307125984252
11
1.0751527165354331
21
1.7821951968503937
0
LINE
8
BLACK
6
CONTINUOUS
10
1.0751527165354331
20
1.7821951968503937
11
1.0749906299212597
21
1.7820621653543307
0
LINE
8
BLACK
6
CONTINUOUS
10
1.0749906299212597
20
1.7820621653543307
11
1.074846653543307
21
1.7820025196850393
0
LINE
8
BLACK
6
CONTINUOUS
10
1.074846653543307
20
1.7820025196850393
11
1.0743507874015747
21
1.7816903937007873
0
LINE
8
BLACK
6
CONTINUOUS
10
1.0743507874015747
20
1.7816903937007873
11
1.0687264960629921
21
1.7788782283464566
0
LINE
8
BLACK
6
CONTINUOUS
10
1.0687264960629921
20
1.7788782283464566
11
1.0676452755905512
21
1.7784644881889764
0
LINE
8
BLACK
6
CONTINUOUS
10
1.0676452755905512
20
1.7784644881889764
11
1.0674336614173228
21
1.7784494488188975
0
LINE
8
BLACK
6
CONTINUOUS
10
1.0674336614173228
20
1.7784494488188975
11
1.0672375984251967
21
1.7783682283464566
0
LINE
8
BLACK
6
CONTINUOUS
10
1.0672375984251967
20
1.7783682283464566
11
1.0660854724409448
21
1.7782547637795276
0
LINE
8
BLACK
6
CONTINUOUS
10
1.0660854724409448
20
1.7782547637795276
11
1.0604611811023621
21
1.7782547637795276
0
LINE
8
BLACK
6
CONTINUOUS
10
1.0604611811023621
20
1.7782547637795276
11
1.0593090551181101
21
1.7783682283464566
0
LINE
8
BLACK
6
CONTINUOUS
10
1.0593090551181101
20
1.7783682283464566
11
1.0591129527559056
21
1.7784494488188975
0
LINE
8
BLACK
6
CONTINUOUS
10
1.0591129527559056
20
1.7784494488188975
11
1.0589013779527559
21
1.7784644881889764
0
LINE
8
BLACK
6
CONTINUOUS
10
1.0589013779527559
20
1.7784644881889764
11
1.0578201181102362
21
1.7788782283464566
0
LINE
8
BLACK
6
CONTINUOUS
10
1.0578201181102362
20
1.7788782283464566
11
1.0521958661417323
21
1.7816903937007873
0
LINE
8
BLACK
6
CONTINUOUS
10
1.0521958661417323
20
1.7816903937007873
11
1.0517000393700786
21
1.7820024803149606
0
LINE
8
BLACK
6
CONTINUOUS
10
1.0517000393700786
20
1.7820024803149606
11
1.0515559842519684
21
1.7820621653543307
0
LINE
8
BLACK
6
CONTINUOUS
10
1.0515559842519684
20
1.7820621653543307
11
1.0513937401574802
21
1.7821952755905512
0
LINE
8
BLACK
6
CONTINUOUS
10
1.0513937401574802
20
1.7821952755905512
11
1.0512161023622046
21
1.782307125984252
0
LINE
8
BLACK
6
CONTINUOUS
10
1.0512161023622046
20
1.782307125984252
11
1.0511138582677164
21
1.7824249606299212
0
LINE
8
BLACK
6
CONTINUOUS
10
1.0511138582677164
20
1.7824249606299212
11
1.0506611023622048
21
1.7827965748031496
0
LINE
8
BLACK
6
CONTINUOUS
10
1.0506611023622048
20
1.7827965748031496
11
1.0478489370078741
21
1.7856087007874015
0
LINE
8
BLACK
6
CONTINUOUS
10
1.0478489370078741
20
1.7856087007874015
11
1.0474772834645669
21
1.7860615354330709
0
LINE
8
BLACK
6
CONTINUOUS
10
1.0474772834645669
20
1.7860615354330709
11
1.0473594094488188
21
1.7861637795275591
0
LINE
8
BLACK
6
CONTINUOUS
10
1.0473594094488188
20
1.7861637795275591
11
1.0472475196850393
21
1.7863414960629922
0
LINE
8
BLACK
6
CONTINUOUS
10
1.0472475196850393
20
1.7863414960629922
11
1.0471144881889765
21
1.7865036220472441
0
LINE
8
BLACK
6
CONTINUOUS
10
1.0471144881889765
20
1.7865036220472441
11
1.0470548031496063
21
1.7866476377952756
0
LINE
8
BLACK
6
CONTINUOUS
10
1.0470548031496063
20
1.7866476377952756
11
1.0467426771653543
21
1.7871435433070866
0
LINE
8
BLACK
6
CONTINUOUS
10
1.0467426771653543
20
1.7871435433070866
11
1.0439305118110236
21
1.7927678346456692
0
LINE
8
BLACK
6
CONTINUOUS
10
1.0439305118110236
20
1.7927678346456692
11
1.0438982283464566
21
1.7928520866141733
0
LINE
8
BLACK
6
CONTINUOUS
10
1.0438982283464566
20
1.7928520866141733
11
1.0438728740157479
21
1.792886377952756
0
LINE
8
BLACK
6
CONTINUOUS
10
1.0438728740157479
20
1.792886377952756
11
1.0437001574803149
21
1.7933697244094489
0
LINE
8
BLACK
6
CONTINUOUS
10
1.0437001574803149
20
1.7933697244094489
11
1.0435167716535432
21
1.7938490551181101
0
LINE
8
BLACK
6
CONTINUOUS
10
1.0435167716535432
20
1.7938490551181101
11
1.0435137401574803
21
1.7938915748031496
0
LINE
8
BLACK
6
CONTINUOUS
10
1.0435137401574803
20
1.7938915748031496
11
1.0434833858267716
21
1.7939765748031495
0
LINE
8
BLACK
6
CONTINUOUS
10
1.0434833858267716
20
1.7939765748031495
11
1.0406712598425196
21
1.8052251968503936
0
LINE
8
BLACK
6
CONTINUOUS
10
1.0406712598425196
20
1.8052251968503936
11
1.0406417322834645
21
1.805424842519685
0
LINE
8
BLACK
6
CONTINUOUS
10
1.0406417322834645
20
1.805424842519685
11
1.0406083858267716
21
1.8055053543307087
0
LINE
8
BLACK
6
CONTINUOUS
10
1.0406083858267716
20
1.8055053543307087
11
1.0405656299212598
21
1.8059392913385826
0
LINE
8
BLACK
6
CONTINUOUS
10
1.0405656299212598
20
1.8059392913385826
11
1.0405018897637794
21
1.8063704330708661
0
LINE
8
BLACK
6
CONTINUOUS
10
1.0405018897637794
20
1.8063704330708661
11
1.0405146850393701
21
1.8064565354330708
0
LINE
8
BLACK
6
CONTINUOUS
10
1.0405146850393701
20
1.8064565354330708
11
1.0404949212598424
21
1.8066574803149607
0
LINE
8
BLACK
6
CONTINUOUS
10
1.0404949212598424
20
1.8066574803149607
11
1.0404949212598424
21
1.8207181889763779
0
LINE
8
BLACK
6
CONTINUOUS
10
1.0404949212598424
20
1.8207181889763779
11
1.0405146850393701
21
1.820919094488189
0
LINE
8
BLACK
6
CONTINUOUS
10
1.0405146850393701
20
1.820919094488189
11
1.0405018897637794
21
1.8210052362204725
0
LINE
8
BLACK
6
CONTINUOUS
10
1.0405018897637794
20
1.8210052362204725
11
1.0405656299212598
21
1.8214363385826771
0
LINE
8
BLACK
6
CONTINUOUS
10
1.0405656299212598
20
1.8214363385826771
11
1.0406083858267716
21
1.8218703149606299
0
LINE
8
BLACK
6
CONTINUOUS
10
1.0406083858267716
20
1.8218703149606299
11
1.0406417322834645
21
1.8219507874015748
0
LINE
8
BLACK
6
CONTINUOUS
10
1.0406417322834645
20
1.8219507874015748
11
1.0406712598425196
21
1.8221504724409447
0
LINE
8
BLACK
6
CONTINUOUS
10
1.0406712598425196
20
1.8221504724409447
11
1.0434833858267716
21
1.8333990944881888
0
LINE
8
BLACK
6
CONTINUOUS
10
1.0434833858267716
20
1.8333990944881888
11
1.0435137401574803
21
1.8334840551181102
0
LINE
8
BLACK
6
CONTINUOUS
10
1.0435137401574803
20
1.8334840551181102
11
1.0435167716535432
21
1.8335266141732283
0
LINE
8
BLACK
6
CONTINUOUS
10
1.0435167716535432
20
1.8335266141732283
11
1.0437001574803149
21
1.834005905511811
0
LINE
8
BLACK
6
CONTINUOUS
10
1.0437001574803149
20
1.834005905511811
11
1.0438728740157479
21
1.8344892913385826
0
LINE
8
BLACK
6
CONTINUOUS
10
1.0438728740157479
20
1.8344892913385826
11
1.0438982283464566
21
1.8345235433070866
0
LINE
8
BLACK
6
CONTINUOUS
10
1.0438982283464566
20
1.8345235433070866
11
1.0439305118110236
21
1.8346078346456693
0
LINE
8
BLACK
6
CONTINUOUS
10
1.0439305118110236
20
1.8346078346456693
11
1.0467426771653543
21
1.840232125984252
0
LINE
8
BLACK
6
CONTINUOUS
10
1.0467426771653543
20
1.840232125984252
11
1.0470548031496063
21
1.8407279921259843
0
LINE
8
BLACK
6
CONTINUOUS
10
1.0470548031496063
20
1.8407279921259843
11
1.0471144881889765
21
1.8408720472440945
0
LINE
8
BLACK
6
CONTINUOUS
10
1.0471144881889765
20
1.8408720472440945
11
1.0472475196850393
21
1.8410341338582676
0
LINE
8
BLACK
6
CONTINUOUS
10
1.0472475196850393
20
1.8410341338582676
11
1.0473594094488188
21
1.8412118897637795
0
LINE
8
BLACK
6
CONTINUOUS
10
1.0473594094488188
20
1.8412118897637795
11
1.0474772834645669
21
1.8413140944881889
0
LINE
8
BLACK
6
CONTINUOUS
10
1.0474772834645669
20
1.8413140944881889
11
1.0478489370078741
21
1.8417669685039371
0
LINE
8
BLACK
6
CONTINUOUS
10
1.0478489370078741
20
1.8417669685039371
11
1.0506611023622048
21
1.844579094488189
0
LINE
8
BLACK
6
CONTINUOUS
10
1.0506611023622048
20
1.844579094488189
11
1.0511138582677164
21
1.8449506692913384
0
LINE
8
BLACK
6
CONTINUOUS
10
1.0511138582677164
20
1.8449506692913384
11
1.0512161023622046
21
1.8450685433070866
0
LINE
8
BLACK
6
CONTINUOUS
10
1.0512161023622046
20
1.8450685433070866
11
1.0513937401574802
21
1.8451803543307086
0
LINE
8
BLACK
6
CONTINUOUS
10
1.0513937401574802
20
1.8451803543307086
11
1.0515559842519684
21
1.8453135039370079
0
LINE
8
BLACK
6
CONTINUOUS
10
1.0515559842519684
20
1.8453135039370079
11
1.0517000393700786
21
1.8453731496062993
0
LINE
8
BLACK
6
CONTINUOUS
10
1.0517000393700786
20
1.8453731496062993
11
1.0521958661417323
21
1.8456852755905511
0
LINE
8
BLACK
6
CONTINUOUS
10
1.0521958661417323
20
1.8456852755905511
11
1.0578201181102362
21
1.8484974409448818
0
LINE
8
BLACK
6
CONTINUOUS
10
1.0578201181102362
20
1.8484974409448818
11
1.0589013779527559
21
1.8489111811023622
0
LINE
8
BLACK
6
CONTINUOUS
10
1.0589013779527559
20
1.8489111811023622
11
1.0591129527559056
21
1.8489261811023621
0
LINE
8
BLACK
6
CONTINUOUS
10
1.0591129527559056
20
1.8489261811023621
11
1.0593090551181101
21
1.8490074409448818
0
LINE
8
BLACK
6
CONTINUOUS
10
1.0593090551181101
20
1.8490074409448818
11
1.0604611811023621
21
1.849120905511811
0
LINE
8
BLACK
6
CONTINUOUS
10
1.0604611811023621
20
1.849120905511811
11
1.0660854724409448
21
1.849120905511811
0
LINE
8
BLACK
6
CONTINUOUS
10
1.0660854724409448
20
1.849120905511811
11
1.0672375984251967
21
1.8490074409448818
0
LINE
8
BLACK
6
CONTINUOUS
10
1.0583350393700788
20
1.8355497244094487
11
1.0568781889763779
21
1.8340929133858268
0
LINE
8
BLACK
6
CONTINUOUS
10
1.0568781889763779
20
1.8340929133858268
11
1.0547844488188975
21
1.8299055118110237
0
LINE
8
BLACK
6
CONTINUOUS
10
1.0547844488188975
20
1.8299055118110237
11
1.0523059448818897
21
1.8199912598425196
0
LINE
8
BLACK
6
CONTINUOUS
10
1.0523059448818897
20
1.8199912598425196
11
1.0523059448818897
21
1.8073843700787402
0
LINE
8
BLACK
6
CONTINUOUS
10
1.0523059448818897
20
1.8073843700787402
11
1.0547844488188975
21
1.7974701181102362
0
LINE
8
BLACK
6
CONTINUOUS
10
1.0547844488188975
20
1.7974701181102362
11
1.0568781889763779
21
1.793282716535433
0
LINE
8
BLACK
6
CONTINUOUS
10
1.0568781889763779
20
1.793282716535433
11
1.0583350393700788
21
1.7918259055118111
0
LINE
8
BLACK
6
CONTINUOUS
10
1.0583350393700788
20
1.7918259055118111
11
1.0618552755905513
21
1.7900657874015748
0
LINE
8
BLACK
6
CONTINUOUS
10
1.0618552755905513
20
1.7900657874015748
11
1.0646913779527558
21
1.7900657874015748
0
LINE
8
BLACK
6
CONTINUOUS
10
1.0646913779527558
20
1.7900657874015748
11
1.0682116141732283
21
1.7918259055118111
0
LINE
8
BLACK
6
CONTINUOUS
10
1.0682116141732283
20
1.7918259055118111
11
1.0696684645669292
21
1.7932827559055118
0
LINE
8
BLACK
6
CONTINUOUS
10
1.0696684645669292
20
1.7932827559055118
11
1.0717620866141733
21
1.7974700787401574
0
LINE
8
BLACK
6
CONTINUOUS
10
1.0717620866141733
20
1.7974700787401574
11
1.0742407086614172
21
1.807384409448819
0
LINE
8
BLACK
6
CONTINUOUS
10
1.0742407086614172
20
1.807384409448819
11
1.0742407086614172
21
1.8199912204724409
0
LINE
8
BLACK
6
CONTINUOUS
10
1.0742407086614172
20
1.8199912204724409
11
1.0717620866141733
21
1.8299055511811024
0
LINE
8
BLACK
6
CONTINUOUS
10
1.0717620866141733
20
1.8299055511811024
11
1.0696684645669292
21
1.8340928740157481
0
LINE
8
BLACK
6
CONTINUOUS
10
1.0696684645669292
20
1.8340928740157481
11
1.0682116141732283
21
1.8355497244094487
0
LINE
8
BLACK
6
CONTINUOUS
10
1.0682116141732283
20
1.8355497244094487
11
1.0646913779527558
21
1.8373098818897637
0
LINE
8
BLACK
6
CONTINUOUS
10
1.0646913779527558
20
1.8373098818897637
11
1.0618552755905513
21
1.8373098818897637
0
LINE
8
BLACK
6
CONTINUOUS
10
1.0618552755905513
20
1.8373098818897637
11
1.0583350393700788
21
1.8355497244094487
0
LINE
8
BLACK
6
CONTINUOUS
10
0.8550196062992126
20
1.7949530708661416
11
0.8556431102362204
21
1.7946948425196849
0
LINE
8
BLACK
6
CONTINUOUS
10
0.8556431102362204
20
1.7946948425196849
11
0.8556432677165354
21
1.7946946456692914
0
LINE
8
BLACK
6
CONTINUOUS
10
0.8556432677165354
20
1.7946946456692914
11
0.8565379921259842
21
1.7939604330708661
0
LINE
8
BLACK
6
CONTINUOUS
10
0.8565379921259842
20
1.7939604330708661
11
0.859350157480315
21
1.7911483070866141
0
LINE
8
BLACK
6
CONTINUOUS
10
0.859350157480315
20
1.7911483070866141
11
0.8600846062992126
21
1.7902533858267715
0
LINE
8
BLACK
6
CONTINUOUS
10
0.8600846062992126
20
1.7902533858267715
11
0.8600846456692913
21
1.7902533464566928
0
LINE
8
BLACK
6
CONTINUOUS
10
0.8600846456692913
20
1.7902533464566928
11
0.8609664173228346
21
1.7881245275590552
0
LINE
8
BLACK
6
CONTINUOUS
10
0.8609664173228346
20
1.7881245275590552
11
0.8609664173228346
21
1.7858203543307085
0
LINE
8
BLACK
6
CONTINUOUS
10
0.8609664173228346
20
1.7858203543307085
11
0.8600846456692913
21
1.7836915354330709
0
LINE
8
BLACK
6
CONTINUOUS
10
0.8600846456692913
20
1.7836915354330709
11
0.8593501968503937
21
1.7827966141732283
0
LINE
8
BLACK
6
CONTINUOUS
10
0.8593501968503937
20
1.7827966141732283
11
0.856538031496063
21
1.7799844488188976
0
LINE
8
BLACK
6
CONTINUOUS
10
0.856538031496063
20
1.7799844488188976
11
0.8556431102362204
21
1.77925
0
LINE
8
BLACK
6
CONTINUOUS
10
0.8556431102362204
20
1.77925
11
0.8547455511811023
21
1.7788782283464566
0
LINE
8
BLACK
6
CONTINUOUS
10
0.8547455511811023
20
1.7788782283464566
11
0.8535143307086615
21
1.7783682283464566
0
LINE
8
BLACK
6
CONTINUOUS
10
0.8535143307086615
20
1.7783682283464566
11
0.8535142913385827
21
1.7783682283464566
0
LINE
8
BLACK
6
CONTINUOUS
10
0.8535142913385827
20
1.7783682283464566
11
0.8535142519685039
21
1.7783682283464566
0
LINE
8
BLACK
6
CONTINUOUS
10
0.8535142519685039
20
1.7783682283464566
11
0.8512101181102362
21
1.7783682283464566
0
LINE
8
BLACK
6
CONTINUOUS
10
0.8512101181102362
20
1.7783682283464566
11
0.8512100787401574
21
1.7783682283464566
0
LINE
8
BLACK
6
CONTINUOUS
10
0.8512100787401574
20
1.7783682283464566
11
0.8499788582677165
21
1.7788782283464566
0
LINE
8
BLACK
6
CONTINUOUS
10
0.8499788582677165
20
1.7788782283464566
11
0.8490812992125985
21
1.77925
0
LINE
8
BLACK
6
CONTINUOUS
10
0.8490812992125985
20
1.77925
11
0.8490812598425197
21
1.7792500393700788
0
LINE
8
BLACK
6
CONTINUOUS
10
0.8490812598425197
20
1.7792500393700788
11
0.8481863385826771
21
1.7799844881889764
0
LINE
8
BLACK
6
CONTINUOUS
10
0.8481863385826771
20
1.7799844881889764
11
0.8453742125984252
21
1.7827966535433071
0
LINE
8
BLACK
6
CONTINUOUS
10
0.8453742125984252
20
1.7827966535433071
11
0.8446399606299212
21
1.7836913385826771
0
LINE
8
BLACK
6
CONTINUOUS
10
0.8446399606299212
20
1.7836913385826771
11
0.8446398031496063
21
1.7836915354330709
0
LINE
8
BLACK
6
CONTINUOUS
10
0.8446398031496063
20
1.7836915354330709
11
0.843758031496063
21
1.7858203543307085
0
LINE
8
BLACK
6
CONTINUOUS
10
0.843758031496063
20
1.7858203543307085
11
0.843758031496063
21
1.7881245275590552
0
LINE
8
BLACK
6
CONTINUOUS
10
0.843758031496063
20
1.7881245275590552
11
0.8438456692913385
21
1.7883360629921259
0
LINE
8
BLACK
6
CONTINUOUS
10
0.8438456692913385
20
1.7883360629921259
11
0.8441498818897638
21
1.7890705118110235
0
LINE
8
BLACK
6
CONTINUOUS
10
0.8441498818897638
20
1.7890705118110235
11
0.8446398031496063
21
1.7902533464566928
0
LINE
8
BLACK
6
CONTINUOUS
10
0.8446398031496063
20
1.7902533464566928
11
0.8453742519685039
21
1.7911482677165353
0
LINE
8
BLACK
6
CONTINUOUS
10
0.8453742519685039
20
1.7911482677165353
11
0.8481863779527559
21
1.7939603937007873
0
LINE
8
BLACK
6
CONTINUOUS
10
0.8481863779527559
20
1.7939603937007873
11
0.8490812598425197
21
1.7946948425196849
0
LINE
8
BLACK
6
CONTINUOUS
10
0.8490812598425197
20
1.7946948425196849
11
0.849963031496063
21
1.7950600393700786
0
LINE
8
BLACK
6
CONTINUOUS
10
0.849963031496063
20
1.7950600393700786
11
0.8512100787401574
21
1.7955766141732283
0
LINE
8
BLACK
6
CONTINUOUS
10
0.8512100787401574
20
1.7955766141732283
11
0.8535143307086615
21
1.7955766141732283
0
LINE
8
BLACK
6
CONTINUOUS
10
0.8535143307086615
20
1.7955766141732283
11
0.8550196062992126
21
1.7949530708661416
0
LINE
8
BLACK
6
CONTINUOUS
10
1.1537308267716535
20
1.8284405905511811
11
1.1553601181102362
21
1.8268112992125984
0
LINE
8
BLACK
6
CONTINUOUS
10
1.1553601181102362
20
1.8268112992125984
11
1.1562419291338581
21
1.8246824803149606
0
LINE
8
BLACK
6
CONTINUOUS
10
1.1562419291338581
20
1.8246824803149606
11
1.1563553937007873
21
1.8235303543307086
0
LINE
8
BLACK
6
CONTINUOUS
10
1.1563553937007873
20
1.8235303543307086
11
1.1563553937007873
21
1.7841602755905512
0
LINE
8
BLACK
6
CONTINUOUS
10
1.1563553937007873
20
1.7841602755905512
11
1.1562419291338581
21
1.7830081496062993
0
LINE
8
BLACK
6
CONTINUOUS
10
1.1562419291338581
20
1.7830081496062993
11
1.1553601181102362
21
1.7808793307086614
0
LINE
8
BLACK
6
CONTINUOUS
10
1.1553601181102362
20
1.7808793307086614
11
1.1537308267716535
21
1.7792500393700788
0
LINE
8
BLACK
6
CONTINUOUS
10
1.1537308267716535
20
1.7792500393700788
11
1.1516020078740157
21
1.7783682283464566
0
LINE
8
BLACK
6
CONTINUOUS
10
1.1516020078740157
20
1.7783682283464566
11
1.1492977559055118
21
1.7783682283464566
0
LINE
8
BLACK
6
CONTINUOUS
10
1.1492977559055118
20
1.7783682283464566
11
1.1471689370078739
21
1.7792500393700788
0
LINE
8
BLACK
6
CONTINUOUS
10
1.1471689370078739
20
1.7792500393700788
11
1.1455396456692912
21
1.7808793307086614
0
LINE
8
BLACK
6
CONTINUOUS
10
1.1455396456692912
20
1.7808793307086614
11
1.1446578346456693
21
1.7830081496062993
0
LINE
8
BLACK
6
CONTINUOUS
10
1.1446578346456693
20
1.7830081496062993
11
1.1445443700787401
21
1.7841602755905512
0
LINE
8
BLACK
6
CONTINUOUS
10
1.1445443700787401
20
1.7841602755905512
11
1.1445443700787401
21
1.8235303543307086
0
LINE
8
BLACK
6
CONTINUOUS
10
1.1445443700787401
20
1.8235303543307086
11
1.1446578346456693
21
1.8246824803149606
0
LINE
8
BLACK
6
CONTINUOUS
10
1.1446578346456693
20
1.8246824803149606
11
1.1455396456692912
21
1.8268112992125984
0
LINE
8
BLACK
6
CONTINUOUS
10
1.1455396456692912
20
1.8268112992125984
11
1.1471689370078739
21
1.8284405905511811
0
LINE
8
BLACK
6
CONTINUOUS
10
1.1471689370078739
20
1.8284405905511811
11
1.1492977559055118
21
1.8293224015748031
0
LINE
8
BLACK
6
CONTINUOUS
10
1.1492977559055118
20
1.8293224015748031
11
1.1516020078740157
21
1.8293224015748031
0
LINE
8
BLACK
6
CONTINUOUS
10
1.1516020078740157
20
1.8293224015748031
11
1.1537308267716535
21
1.8284405905511811
0
LINE
8
BLACK
6
CONTINUOUS
10
1.1965964173228347
20
1.8293224015748031
11
1.1967924803149605
21
1.8292411417322834
0
LINE
8
BLACK
6
CONTINUOUS
10
1.1967924803149605
20
1.8292411417322834
11
1.197004094488189
21
1.8292261417322835
0
LINE
8
BLACK
6
CONTINUOUS
10
1.197004094488189
20
1.8292261417322835
11
1.1980853149606299
21
1.8288124015748031
0
LINE
8
BLACK
6
CONTINUOUS
10
1.1980853149606299
20
1.8288124015748031
11
1.2037096062992125
21
1.8260002362204724
0
LINE
8
BLACK
6
CONTINUOUS
10
1.2037096062992125
20
1.8260002362204724
11
1.2039021259842519
21
1.8258790157480314
0
LINE
8
BLACK
6
CONTINUOUS
10
1.2039021259842519
20
1.8258790157480314
11
1.2039931496062992
21
1.8258487007874016
0
LINE
8
BLACK
6
CONTINUOUS
10
1.2039931496062992
20
1.8258487007874016
11
1.2041064566929134
21
1.8257503937007873
0
LINE
8
BLACK
6
CONTINUOUS
10
1.2041064566929134
20
1.8257503937007873
11
1.2046893700787402
21
1.8253835039370079
0
LINE
8
BLACK
6
CONTINUOUS
10
1.2046893700787402
20
1.8253835039370079
11
1.2051744488188976
21
1.8248241338582676
0
LINE
8
BLACK
6
CONTINUOUS
10
1.2051744488188976
20
1.8248241338582676
11
1.2057338976377951
21
1.8243389763779527
0
LINE
8
BLACK
6
CONTINUOUS
10
1.2057338976377951
20
1.8243389763779527
11
1.206100905511811
21
1.8237559055118109
0
LINE
8
BLACK
6
CONTINUOUS
10
1.206100905511811
20
1.8237559055118109
11
1.2061990551181103
21
1.8236427559055117
0
LINE
8
BLACK
6
CONTINUOUS
10
1.2061990551181103
20
1.8236427559055117
11
1.2062293307086613
21
1.8235518897637795
0
LINE
8
BLACK
6
CONTINUOUS
10
1.2062293307086613
20
1.8235518897637795
11
1.2063506299212599
21
1.8233592125984253
0
LINE
8
BLACK
6
CONTINUOUS
10
1.2063506299212599
20
1.8233592125984253
11
1.2091627952755906
21
1.8177349606299211
0
LINE
8
BLACK
6
CONTINUOUS
10
1.2091627952755906
20
1.8177349606299211
11
1.2095765354330708
21
1.8166537007874015
0
LINE
8
BLACK
6
CONTINUOUS
10
1.2095765354330708
20
1.8166537007874015
11
1.2095915354330709
21
1.8164420866141733
0
LINE
8
BLACK
6
CONTINUOUS
10
1.2095915354330709
20
1.8164420866141733
11
1.2096727952755906
21
1.8162460236220472
0
LINE
8
BLACK
6
CONTINUOUS
10
1.2096727952755906
20
1.8162460236220472
11
1.2097862598425198
21
1.8150938976377953
0
LINE
8
BLACK
6
CONTINUOUS
10
1.2097862598425198
20
1.8150938976377953
11
1.2097862598425198
21
1.7841602755905512
0
LINE
8
BLACK
6
CONTINUOUS
10
1.2097862598425198
20
1.7841602755905512
11
1.2096727952755906
21
1.7830081496062993
0
LINE
8
BLACK
6
CONTINUOUS
10
1.2096727952755906
20
1.7830081496062993
11
1.2087909842519684
21
1.7808793307086614
0
LINE
8
BLACK
6
CONTINUOUS
10
1.2087909842519684
20
1.7808793307086614
11
1.2071616929133857
21
1.7792500393700788
0
LINE
8
BLACK
6
CONTINUOUS
10
1.2071616929133857
20
1.7792500393700788
11
1.2050328740157481
21
1.7783682283464566
0
LINE
8
BLACK
6
CONTINUOUS
10
1.2050328740157481
20
1.7783682283464566
11
1.2027286220472442
21
1.7783682283464566
0
LINE
8
BLACK
6
CONTINUOUS
10
1.2027286220472442
20
1.7783682283464566
11
1.2005998031496063
21
1.7792500393700788
0
LINE
8
BLACK
6
CONTINUOUS
10
1.2005998031496063
20
1.7792500393700788
11
1.1989705118110237
21
1.7808793307086614
0
LINE
8
BLACK
6
CONTINUOUS
10
1.1989705118110237
20
1.7808793307086614
11
1.1980887007874015
21
1.7830081496062993
0
LINE
8
BLACK
6
CONTINUOUS
10
1.1980887007874015
20
1.7830081496062993
11
1.1979752362204723
21
1.7841602755905512
0
LINE
8
BLACK
6
CONTINUOUS
10
1.1979752362204723
20
1.7841602755905512
11
1.1979752362204723
21
1.8136997637795276
0
LINE
8
BLACK
6
CONTINUOUS
10
1.1979752362204723
20
1.8136997637795276
11
1.1966668897637796
21
1.8163164566929133
0
LINE
8
BLACK
6
CONTINUOUS
10
1.1966668897637796
20
1.8163164566929133
11
1.1940501968503936
21
1.817624842519685
0
LINE
8
BLACK
6
CONTINUOUS
10
1.1940501968503936
20
1.817624842519685
11
1.1884019291338583
21
1.817624842519685
0
LINE
8
BLACK
6
CONTINUOUS
10
1.1884019291338583
20
1.817624842519685
11
1.1848816929133859
21
1.81586468503937
0
LINE
8
BLACK
6
CONTINUOUS
10
1.1848816929133859
20
1.81586468503937
11
1.1844768897637794
21
1.8154598818897638
0
LINE
8
BLACK
6
CONTINUOUS
10
1.1844768897637794
20
1.8154598818897638
11
1.1844768897637794
21
1.7841602755905512
0
LINE
8
BLACK
6
CONTINUOUS
10
1.1844768897637794
20
1.7841602755905512
11
1.1843634251968505
21
1.7830081496062993
0
LINE
8
BLACK
6
CONTINUOUS
10
1.1843634251968505
20
1.7830081496062993
11
1.1834816141732283
21
1.7808793307086614
0
LINE
8
BLACK
6
CONTINUOUS
10
1.1834816141732283
20
1.7808793307086614
11
1.1818523228346456
21
1.7792500393700788
0
LINE
8
BLACK
6
CONTINUOUS
10
1.1818523228346456
20
1.7792500393700788
11
1.1797235039370078
21
1.7783682283464566
0
LINE
8
BLACK
6
CONTINUOUS
10
1.1797235039370078
20
1.7783682283464566
11
1.1774192519685038
21
1.7783682283464566
0
LINE
8
BLACK
6
CONTINUOUS
10
1.1774192519685038
20
1.7783682283464566
11
1.1752904330708662
21
1.7792500393700788
0
LINE
8
BLACK
6
CONTINUOUS
10
1.1752904330708662
20
1.7792500393700788
11
1.1736611417322835
21
1.7808793307086614
0
LINE
8
BLACK
6
CONTINUOUS
10
1.1736611417322835
20
1.7808793307086614
11
1.1727793307086614
21
1.7830081496062993
0
LINE
8
BLACK
6
CONTINUOUS
10
1.1727793307086614
20
1.7830081496062993
11
1.1726658661417322
21
1.7841602755905512
0
LINE
8
BLACK
6
CONTINUOUS
10
1.1726658661417322
20
1.7841602755905512
11
1.1726658661417322
21
1.8235303543307086
0
LINE
8
BLACK
6
CONTINUOUS
10
1.1726658661417322
20
1.8235303543307086
11
1.1727793307086614
21
1.8246824803149606
0
LINE
8
BLACK
6
CONTINUOUS
10
1.1727793307086614
20
1.8246824803149606
11
1.1736611417322835
21
1.8268112992125984
0
LINE
8
BLACK
6
CONTINUOUS
10
1.1736611417322835
20
1.8268112992125984
11
1.1752904330708662
21
1.8284405905511811
0
LINE
8
BLACK
6
CONTINUOUS
10
1.1752904330708662
20
1.8284405905511811
11
1.1774192519685038
21
1.8293224015748031
0
LINE
8
BLACK
6
CONTINUOUS
10
1.1774192519685038
20
1.8293224015748031
11
1.1797235039370078
21
1.8293224015748031
0
LINE
8
BLACK
6
CONTINUOUS
10
1.1797235039370078
20
1.8293224015748031
11
1.1818523228346456
21
1.8284405905511811
0
LINE
8
BLACK
6
CONTINUOUS
10
1.1818523228346456
20
1.8284405905511811
11
1.1824425984251967
21
1.8278502755905512
0
LINE
8
BLACK
6
CONTINUOUS
10
1.1824425984251967
20
1.8278502755905512
11
1.1843667716535433
21
1.8288124015748031
0
LINE
8
BLACK
6
CONTINUOUS
10
1.1843667716535433
20
1.8288124015748031
11
1.1854480314960629
21
1.8292261417322835
0
LINE
8
BLACK
6
CONTINUOUS
10
1.1854480314960629
20
1.8292261417322835
11
1.1856596062992126
21
1.8292411417322834
0
LINE
8
BLACK
6
CONTINUOUS
10
1.1856596062992126
20
1.8292411417322834
11
1.1858557086614172
21
1.8293224015748031
0
LINE
8
BLACK
6
CONTINUOUS
10
1.1858557086614172
20
1.8293224015748031
11
1.1870078346456692
21
1.8294358661417323
0
LINE
8
BLACK
6
CONTINUOUS
10
1.1870078346456692
20
1.8294358661417323
11
1.1954442913385825
21
1.8294358661417323
0
LINE
8
BLACK
6
CONTINUOUS
10
1.1954442913385825
20
1.8294358661417323
11
1.1965964173228347
21
1.8293224015748031
0
LINE
8
BLACK
6
CONTINUOUS
10
1.1524075196850394
20
1.848673779527559
11
1.1537307874015748
21
1.8481256692913386
0
LINE
8
BLACK
6
CONTINUOUS
10
1.1537307874015748
20
1.8481256692913386
11
1.1546257086614173
21
1.847391220472441
0
LINE
8
BLACK
6
CONTINUOUS
10
1.1546257086614173
20
1.847391220472441
11
1.157437874015748
21
1.8445790551181103
0
LINE
8
BLACK
6
CONTINUOUS
10
1.157437874015748
20
1.8445790551181103
11
1.1581723228346457
21
1.8436841338582677
0
LINE
8
BLACK
6
CONTINUOUS
10
1.1581723228346457
20
1.8436841338582677
11
1.1590540944881889
21
1.8415553149606299
0
LINE
8
BLACK
6
CONTINUOUS
10
1.1590540944881889
20
1.8415553149606299
11
1.1590540944881889
21
1.8392511417322834
0
LINE
8
BLACK
6
CONTINUOUS
10
1.1590540944881889
20
1.8392511417322834
11
1.1581723228346457
21
1.8371223228346456
0
LINE
8
BLACK
6
CONTINUOUS
10
1.1581723228346457
20
1.8371223228346456
11
1.1581722834645669
21
1.8371222834645669
0
LINE
8
BLACK
6
CONTINUOUS
10
1.1581722834645669
20
1.8371222834645669
11
1.1574378346456693
21
1.8362273622047243
0
LINE
8
BLACK
6
CONTINUOUS
10
1.1574378346456693
20
1.8362273622047243
11
1.1546256692913386
21
1.8334152362204723
0
LINE
8
BLACK
6
CONTINUOUS
10
1.1546256692913386
20
1.8334152362204723
11
1.1537309448818898
21
1.8326809842519685
0
LINE
8
BLACK
6
CONTINUOUS
10
1.1537309448818898
20
1.8326809842519685
11
1.1537307874015748
21
1.8326808267716534
0
LINE
8
BLACK
6
CONTINUOUS
10
1.1537307874015748
20
1.8326808267716534
11
1.1531072834645668
21
1.832422559055118
0
LINE
8
BLACK
6
CONTINUOUS
10
1.1531072834645668
20
1.832422559055118
11
1.1516020078740157
21
1.8317990551181103
0
LINE
8
BLACK
6
CONTINUOUS
10
1.1516020078740157
20
1.8317990551181103
11
1.1492977559055118
21
1.8317990551181103
0
LINE
8
BLACK
6
CONTINUOUS
10
1.1492977559055118
20
1.8317990551181103
11
1.1480507086614173
21
1.832315590551181
0
LINE
8
BLACK
6
CONTINUOUS
10
1.1480507086614173
20
1.832315590551181
11
1.1471689370078739
21
1.8326808267716534
0
LINE
8
BLACK
6
CONTINUOUS
10
1.1471689370078739
20
1.8326808267716534
11
1.1462740551181103
21
1.8334152755905511
0
LINE
8
BLACK
6
CONTINUOUS
10
1.1462740551181103
20
1.8334152755905511
11
1.1434619291338581
21
1.836227401574803
0
LINE
8
BLACK
6
CONTINUOUS
10
1.1434619291338581
20
1.836227401574803
11
1.1427274803149605
21
1.8371223228346456
0
LINE
8
BLACK
6
CONTINUOUS
10
1.1427274803149605
20
1.8371223228346456
11
1.1420561023622047
21
1.8387432283464566
0
LINE
8
BLACK
6
CONTINUOUS
10
1.1420561023622047
20
1.8387432283464566
11
1.1418457086614173
21
1.8392511023622047
0
LINE
8
BLACK
6
CONTINUOUS
10
1.1418457086614173
20
1.8392511023622047
11
1.1418457086614173
21
1.8415552755905511
0
LINE
8
BLACK
6
CONTINUOUS
10
1.1418457086614173
20
1.8415552755905511
11
1.1419333858267717
21
1.8417669291338583
0
LINE
8
BLACK
6
CONTINUOUS
10
1.1419333858267717
20
1.8417669291338583
11
1.1427274803149605
21
1.8436841338582677
0
LINE
8
BLACK
6
CONTINUOUS
10
1.1427274803149605
20
1.8436841338582677
11
1.1427276377952755
21
1.8436842913385827
0
LINE
8
BLACK
6
CONTINUOUS
10
1.1427276377952755
20
1.8436842913385827
11
1.1434618897637796
21
1.8445790157480315
0
LINE
8
BLACK
6
CONTINUOUS
10
1.1434618897637796
20
1.8445790157480315
11
1.1462740157480316
21
1.8473911811023622
0
LINE
8
BLACK
6
CONTINUOUS
10
1.1462740157480316
20
1.8473911811023622
11
1.1471689370078739
21
1.8481256299212598
0
LINE
8
BLACK
6
CONTINUOUS
10
1.1471689370078739
20
1.8481256299212598
11
1.1471689763779527
21
1.8481256692913386
0
LINE
8
BLACK
6
CONTINUOUS
10
1.1471689763779527
20
1.8481256692913386
11
1.1484922440944882
21
1.848673779527559
0
LINE
8
BLACK
6
CONTINUOUS
10
1.1484922440944882
20
1.848673779527559
11
1.1492977559055118
21
1.8490074409448818
0
LINE
8
BLACK
6
CONTINUOUS
10
1.1492977559055118
20
1.8490074409448818
11
1.1516020078740157
21
1.8490074409448818
0
LINE
8
BLACK
6
CONTINUOUS
10
1.1516020078740157
20
1.8490074409448818
11
1.1524075196850394
21
1.848673779527559
0
CIRCLE
8
BLACK
10
0.1
20
0.98
40
0.0068897637795276
0
CIRCLE
8
BLACK
10
0.2
20
0.98
40
0.0068897637795276
0
CIRCLE
8
BLACK
10
0.1
20
1.0800000000000001
40
0.0068897637795276
0
CIRCLE
8
BLACK
10
0.2
20
1.0800000000000001
40
0.0068897637795276
0
CIRCLE
8
BLACK
10
0.1
20
1.1799999999999999
40
0.0068897637795276
0
CIRCLE
8
BLACK
10
0.2
20
1.1799999999999999
40
0.0068897637795276
0
CIRCLE
8
BLACK
10
1.3499999999999999
20
1.03
40
0.0068897637795276
0
CIRCLE
8
BLACK
10
1.45
20
1.03
40
0.0068897637795276
0
CIRCLE
8
BLACK
10
1.75
20
1.1699999999999999
40
0.0068897637795276
0
CIRCLE
8
BLACK
10
1.8499999999999999
20
1.1699999999999999
40
0.0068897637795276
0
CIRCLE
8
BLACK
10
1.75
20
1.0700000000000001
40
0.0068897637795276
0
CIRCLE
8
BLACK
10
1.8499999999999999
20
1.0700000000000001
40
0.0068897637795276
0
CIRCLE
8
BLACK
10
1.1899999999999999
20
0.21
40
0.0068897637795276
0
CIRCLE
8
BLACK
10
1.1899999999999999
20
0.31
40
0.0068897637795276
0
CIRCLE
8
BLACK
10
1.3499999999999999
20
1.1299999999999999
40
0.0068897637795276
0
CIRCLE
8
BLACK
10
1.45
20
1.1299999999999999
40
0.0068897637795276
0
CIRCLE
8
BLACK
10
1.3499999999999999
20
1.3300000000000001
40
0.0068897637795276
0
CIRCLE
8
BLACK
10
1.45
20
1.3300000000000001
40
0.0068897637795276
0
CIRCLE
8
BLACK
10
1.3499999999999999
20
1.4299999999999999
40
0.0068897637795276
0
CIRCLE
8
BLACK
10
1.45
20
1.4299999999999999
40
0.0068897637795276
0
CIRCLE
8
BLACK
10
0.99
20
0.21
40
0.0068897637795276
0
CIRCLE
8
BLACK
10
0.99
20
0.31
40
0.0068897637795276
0
CIRCLE
8
BLACK
10
1.0900000000000001
20
0.31
40
0.0068897637795276
0
CIRCLE
8
BLACK
10
1.0900000000000001
20
0.21
40
0.0068897637795276
0
CIRCLE
8
BLACK
10
0.2
20
0.2
40
0.0068897637795276
0
CIRCLE
8
BLACK
10
0.2
20
1.3999999999999999
40
0.0068897637795276
0
CIRCLE
8
BLACK
10
1.8
20
0.2
40
0.0068897637795276
0
CIRCLE
8
BLACK
10
1.8
20
1.3999999999999999
40
0.0068897637795276
0
CIRCLE
8
BLACK
10
0.47
20
0.15
40
0.0068897637795276
0
CIRCLE
8
BLACK
10
0.47
20
0.25
40
0.0068897637795276
0
CIRCLE
8
BLACK
10
0.57
20
0.15
40
0.0068897637795276
0
CIRCLE
8
BLACK
10
0.57
20
0.25
40
0.0068897637795276
0
CIRCLE
8
BLACK
10
1.3499999999999999
20
1.23
40
0.0068897637795276
0
CIRCLE
8
BLACK
10
1.45
20
1.23
40
0.0068897637795276
0
CIRCLE
8
BLACK
10
0.54
20
1.3868503937007874
40
0.0068897637795276
0
CIRCLE
8
BLACK
10
0.54
20
1.1899999999999999
40
0.0068897637795276
0
CIRCLE
8
BLACK
10
0.74
20
1.3868503937007874
40
0.0068897637795276
0
CIRCLE
8
BLACK
10
0.74
20
1.1899999999999999
40
0.0068897637795276
0
CIRCLE
8
BLACK
10
1.05
20
1.2356
40
0.0068897637795276
0
CIRCLE
8
BLACK
10
1.05
20
1.3144
40
0.0068897637795276
0
CIRCLE
8
BLACK
10
0.4068503937007874
20
0.72
40
0.0068897637795276
0
CIRCLE
8
BLACK
10
0.21
20
0.72
40
0.0068897637795276
0
CIRCLE
8
BLACK
10
0.4068503937007874
20
0.5231496062992126
40
0.0068897637795276
0
CIRCLE
8
BLACK
10
0.21
20
0.5231496062992126
40
0.0068897637795276
0
CIRCLE
8
BLACK
10
1.5931496062992125
20
0.79
40
0.0068897637795276
0
CIRCLE
8
BLACK
10
1.79
20
0.79
40
0.0068897637795276
0
CIRCLE
8
BLACK
10
1.5931496062992125
20
0.5931496062992125
40
0.0068897637795276
0
CIRCLE
8
BLACK
10
1.79
20
0.5931496062992125
40
0.0068897637795276
0
CIRCLE
8
BLACK
10
1.29
20
0.31
40
0.0068897637795276
0
CIRCLE
8
BLACK
10
1.29
20
0.21
40
0.0068897637795276
  0
ENDSEC
  0
EOF
