  0
SECTION
  2
HEADER
  9
$ANGBASE
  50
0.0
  9
$ANGDIR
  70
1
  9
$MEASUREMENT
  70
0
  0
ENDSEC
  0
SECTION
  2
TABLES
  0
TABLE
  2
LTYPE
  70
4
  0
LTYPE
  5
40F
  2
CONTINUOUS
  70
0
  3
Solid line
  72
65
  73
0
  40
0.0
  0
LTYPE
  5
410
  2
DASHDOT
 70
0
  3
Dash Dot ____ _ ____ _
 72
65
 73
4
 40
2.0
 49
1.25
 49
-0.25
 49
0.25
 49
-0.25
  0
LTYPE
  5
411
  2
DASHED
 70
0
  3
Dashed __ __ __ __ __
 72
65
 73
2
 40
0.75
 49
0.5
 49
-0.25
  0
LTYPE
  5
43B
  2
DOTTED
 70
0
  3
Dotted .  .  .  .
 72
65
 73
2
 40
0.2
 49
0.0
 49
-0.2
  0
ENDTAB
  0
TABLE
  2
STYLE
  70
4
  0
STYLE
  2
KICAD
  70
0
  40
0
  41
1
  42
1
  50
0
  71
0
  3
isocp.shx
  0
STYLE
  2
KICADB
  70
0
  40
0
  41
1
  42
1
  50
0
  71
0
  3
isocp.shx
  0
STYLE
  2
KICADI
  70
0
  40
0
  41
1
  42
1
  50
15
  71
0
  3
isocp.shx
  0
STYLE
  2
KICADBI
  70
0
  40
0
  41
1
  42
1
  50
15
  71
0
  3
isocp.shx
  0
ENDTAB
  0
TABLE
  2
LAYER
  70
1
  0
LAYER
  2
BLACK
  70
0
  62
7
  6
CONTINUOUS
  0
ENDTAB
  0
ENDSEC
  0
SECTION
  2
ENTITIES
0
LINE
8
BLACK
6
CONTINUOUS
10
0.436696968503937
20
0.946167874015748
11
0.4406533070866142
21
0.9438837007874016
0
LINE
8
BLACK
6
CONTINUOUS
10
0.4406533070866142
20
0.9438837007874016
11
0.4438837007874016
21
0.9406533070866141
0
LINE
8
BLACK
6
CONTINUOUS
10
0.4438837007874016
20
0.9406533070866141
11
0.446167874015748
21
0.936696968503937
0
LINE
8
BLACK
6
CONTINUOUS
10
0.446167874015748
20
0.936696968503937
11
0.4473502755905512
21
0.9322842125984252
0
LINE
8
BLACK
6
CONTINUOUS
10
0.4473502755905512
20
0.9322842125984252
11
0.4473502755905512
21
0.9277157874015748
0
LINE
8
BLACK
6
CONTINUOUS
10
0.4473502755905512
20
0.9277157874015748
11
0.4471079527559055
21
0.9268114566929133
0
LINE
8
BLACK
6
CONTINUOUS
10
0.4471079527559055
20
0.9268114566929133
11
0.5369596850393701
21
0.8369597244094488
0
LINE
8
BLACK
6
CONTINUOUS
10
0.5369596850393701
20
0.8369597244094488
11
0.5381835433070866
21
0.8354683858267716
0
LINE
8
BLACK
6
CONTINUOUS
10
0.5381835433070866
20
0.8354683858267716
11
0.5381837401574803
21
0.8354682283464566
0
LINE
8
BLACK
6
CONTINUOUS
10
0.5381837401574803
20
0.8354682283464566
11
0.5396533858267717
21
0.8319201968503936
0
LINE
8
BLACK
6
CONTINUOUS
10
0.5396533858267717
20
0.8319201968503936
11
0.5398425196850394
21
0.83
0
LINE
8
BLACK
6
CONTINUOUS
10
0.5398425196850394
20
0.83
11
0.5398425196850394
21
0.5240768897637795
0
LINE
8
BLACK
6
CONTINUOUS
10
0.5398425196850394
20
0.5240768897637795
11
0.5940768897637795
21
0.4698425196850394
0
LINE
8
BLACK
6
CONTINUOUS
10
0.5940768897637795
20
0.4698425196850394
11
0.9357166141732284
21
0.4698425196850394
0
LINE
8
BLACK
6
CONTINUOUS
10
0.9357166141732284
20
0.4698425196850394
11
0.9376368110236221
21
0.4696533858267716
0
LINE
8
BLACK
6
CONTINUOUS
10
0.9376368110236221
20
0.4696533858267716
11
0.941184842519685
21
0.4681837401574803
0
LINE
8
BLACK
6
CONTINUOUS
10
0.941184842519685
20
0.4681837401574803
11
0.9411849999999999
21
0.4681835433070866
0
LINE
8
BLACK
6
CONTINUOUS
10
0.9411849999999999
20
0.4681835433070866
11
0.9426763385826772
21
0.4669597244094488
0
LINE
8
BLACK
6
CONTINUOUS
10
0.9426763385826772
20
0.4669597244094488
11
1.0468022834645669
21
0.3628337401574803
0
LINE
8
BLACK
6
CONTINUOUS
10
1.0468022834645669
20
0.3628337401574803
11
1.0480263385826771
21
0.3613422440944882
0
LINE
8
BLACK
6
CONTINUOUS
10
1.0480263385826771
20
0.3613422440944882
11
1.0494959842519684
21
0.3577942125984252
0
LINE
8
BLACK
6
CONTINUOUS
10
1.0494959842519684
20
0.3577942125984252
11
1.0494959842519684
21
0.3577938188976378
0
LINE
8
BLACK
6
CONTINUOUS
10
1.0494959842519684
20
0.3577938188976378
11
1.0496850787401575
21
0.3558740551181102
0
LINE
8
BLACK
6
CONTINUOUS
10
1.0496850787401575
20
0.3558740551181102
11
1.0496850787401575
21
0.2641259448818898
0
LINE
8
BLACK
6
CONTINUOUS
10
1.0496850787401575
20
0.2641259448818898
11
1.0494959448818897
21
0.262205748031496
0
LINE
8
BLACK
6
CONTINUOUS
10
1.0494959448818897
20
0.262205748031496
11
1.0480262992125984
21
0.2586577165354331
0
LINE
8
BLACK
6
CONTINUOUS
10
1.0480262992125984
20
0.2586577165354331
11
1.0480261023622046
21
0.2586575196850394
0
LINE
8
BLACK
6
CONTINUOUS
10
1.0480261023622046
20
0.2586575196850394
11
1.0468022440944882
21
0.2571662204724409
0
LINE
8
BLACK
6
CONTINUOUS
10
1.0468022440944882
20
0.2571662204724409
11
1.02
21
0.230363937007874
0
LINE
8
BLACK
6
CONTINUOUS
10
1.02
20
0.230363937007874
11
1.02
21
0.18
0
LINE
8
BLACK
6
CONTINUOUS
10
1.02
20
0.18
11
0.9998425196850393
21
0.18
0
LINE
8
BLACK
6
CONTINUOUS
10
0.9998425196850393
20
0.18
11
0.9998425196850393
21
0.1643918897637795
0
LINE
8
BLACK
6
CONTINUOUS
10
0.9998425196850393
20
0.1643918897637795
11
1.0543918897637794
21
0.1098425196850394
0
LINE
8
BLACK
6
CONTINUOUS
10
1.0543918897637794
20
0.1098425196850394
11
1.1898
21
0.1098425196850394
0
LINE
8
BLACK
6
CONTINUOUS
10
1.1898
20
0.1098425196850394
11
1.295648188976378
21
0.1098425196850394
0
LINE
8
BLACK
6
CONTINUOUS
10
1.295648188976378
20
0.1098425196850394
11
1.2961162992125983
21
0.1106533070866142
0
LINE
8
BLACK
6
CONTINUOUS
10
1.2961162992125983
20
0.1106533070866142
11
1.2993466929133859
21
0.1138837007874016
0
LINE
8
BLACK
6
CONTINUOUS
10
1.2993466929133859
20
0.1138837007874016
11
1.303303031496063
21
0.116167874015748
0
LINE
8
BLACK
6
CONTINUOUS
10
1.303303031496063
20
0.116167874015748
11
1.3077157874015748
21
0.1173502755905512
0
LINE
8
BLACK
6
CONTINUOUS
10
1.3077157874015748
20
0.1173502755905512
11
1.3122842125984251
21
0.1173502755905512
0
LINE
8
BLACK
6
CONTINUOUS
10
1.3122842125984251
20
0.1173502755905512
11
1.3166969685039369
21
0.116167874015748
0
LINE
8
BLACK
6
CONTINUOUS
10
1.3166969685039369
20
0.116167874015748
11
1.3206533070866142
21
0.1138837007874016
0
LINE
8
BLACK
6
CONTINUOUS
10
1.3206533070866142
20
0.1138837007874016
11
1.3238837007874016
21
0.1106533070866142
0
LINE
8
BLACK
6
CONTINUOUS
10
1.3238837007874016
20
0.1106533070866142
11
1.3261678740157481
21
0.106696968503937
0
LINE
8
BLACK
6
CONTINUOUS
10
1.3261678740157481
20
0.106696968503937
11
1.3273502755905511
21
0.1022842125984252
0
LINE
8
BLACK
6
CONTINUOUS
10
1.3273502755905511
20
0.1022842125984252
11
1.3273502755905511
21
0.0977157874015748
0
LINE
8
BLACK
6
CONTINUOUS
10
1.3273502755905511
20
0.0977157874015748
11
1.3261678740157481
21
0.093303031496063
0
LINE
8
BLACK
6
CONTINUOUS
10
1.3261678740157481
20
0.093303031496063
11
1.3238837007874016
21
0.0893466929133858
0
LINE
8
BLACK
6
CONTINUOUS
10
1.3238837007874016
20
0.0893466929133858
11
1.3206533070866142
21
0.0861162992125984
0
LINE
8
BLACK
6
CONTINUOUS
10
1.3206533070866142
20
0.0861162992125984
11
1.3166969685039369
21
0.083832125984252
0
LINE
8
BLACK
6
CONTINUOUS
10
1.3166969685039369
20
0.083832125984252
11
1.3122842125984251
21
0.0826497244094488
0
LINE
8
BLACK
6
CONTINUOUS
10
1.3122842125984251
20
0.0826497244094488
11
1.3077157874015748
21
0.0826497244094488
0
LINE
8
BLACK
6
CONTINUOUS
10
1.3077157874015748
20
0.0826497244094488
11
1.303303031496063
21
0.083832125984252
0
LINE
8
BLACK
6
CONTINUOUS
10
1.303303031496063
20
0.083832125984252
11
1.2993466929133859
21
0.0861162992125984
0
LINE
8
BLACK
6
CONTINUOUS
10
1.2993466929133859
20
0.0861162992125984
11
1.2961162992125983
21
0.0893466929133858
0
LINE
8
BLACK
6
CONTINUOUS
10
1.2961162992125983
20
0.0893466929133858
11
1.295648188976378
21
0.0901574803149606
0
LINE
8
BLACK
6
CONTINUOUS
10
1.295648188976378
20
0.0901574803149606
11
1.1898
21
0.0901574803149606
0
LINE
8
BLACK
6
CONTINUOUS
10
1.1898
20
0.0901574803149606
11
1.0503149606299211
21
0.0901574803149606
0
LINE
8
BLACK
6
CONTINUOUS
10
1.0503149606299211
20
0.0901574803149606
11
1.0483947637795274
21
0.0903466141732283
0
LINE
8
BLACK
6
CONTINUOUS
10
1.0483947637795274
20
0.0903466141732283
11
1.0448467322834645
21
0.0918162598425197
0
LINE
8
BLACK
6
CONTINUOUS
10
1.0448467322834645
20
0.0918162598425197
11
1.0448465354330709
21
0.0918164173228346
0
LINE
8
BLACK
6
CONTINUOUS
10
1.0448465354330709
20
0.0918164173228346
11
1.0433552362204723
21
0.0930402755905512
0
LINE
8
BLACK
6
CONTINUOUS
10
1.0433552362204723
20
0.0930402755905512
11
0.9830402755905512
21
0.1533552362204724
0
LINE
8
BLACK
6
CONTINUOUS
10
0.9830402755905512
20
0.1533552362204724
11
0.9818164173228346
21
0.1548465354330709
0
LINE
8
BLACK
6
CONTINUOUS
10
0.9818164173228346
20
0.1548465354330709
11
0.9818162598425196
21
0.1548467322834646
0
LINE
8
BLACK
6
CONTINUOUS
10
0.9818162598425196
20
0.1548467322834646
11
0.9803466141732283
21
0.1583947637795275
0
LINE
8
BLACK
6
CONTINUOUS
10
0.9803466141732283
20
0.1583947637795275
11
0.9801574803149606
21
0.1603149606299213
0
LINE
8
BLACK
6
CONTINUOUS
10
0.9801574803149606
20
0.1603149606299213
11
0.9801574803149606
21
0.18
0
LINE
8
BLACK
6
CONTINUOUS
10
0.9801574803149606
20
0.18
11
0.96
21
0.18
0
LINE
8
BLACK
6
CONTINUOUS
10
0.96
20
0.18
11
0.96
21
0.24
0
LINE
8
BLACK
6
CONTINUOUS
10
0.96
20
0.24
11
1.0017971653543307
21
0.24
0
LINE
8
BLACK
6
CONTINUOUS
10
1.0017971653543307
20
0.24
11
1.0300000393700788
21
0.2682028346456693
0
LINE
8
BLACK
6
CONTINUOUS
10
1.0300000393700788
20
0.2682028346456693
11
1.0300000393700788
21
0.3517971259842519
0
LINE
8
BLACK
6
CONTINUOUS
10
1.0300000393700788
20
0.3517971259842519
11
0.93163968503937
21
0.4501574803149606
0
LINE
8
BLACK
6
CONTINUOUS
10
0.93163968503937
20
0.4501574803149606
11
0.59
21
0.4501574803149606
0
LINE
8
BLACK
6
CONTINUOUS
10
0.59
20
0.4501574803149606
11
0.5880798031496063
21
0.4503466141732284
0
LINE
8
BLACK
6
CONTINUOUS
10
0.5880798031496063
20
0.4503466141732284
11
0.5845317716535433
21
0.4518162598425197
0
LINE
8
BLACK
6
CONTINUOUS
10
0.5845317716535433
20
0.4518162598425197
11
0.5845315748031495
21
0.4518164173228346
0
LINE
8
BLACK
6
CONTINUOUS
10
0.5845315748031495
20
0.4518164173228346
11
0.5830402755905512
21
0.4530403149606299
0
LINE
8
BLACK
6
CONTINUOUS
10
0.5830402755905512
20
0.4530403149606299
11
0.5230402755905512
21
0.5130402755905512
0
LINE
8
BLACK
6
CONTINUOUS
10
0.5230402755905512
20
0.5130402755905512
11
0.5218164173228347
21
0.5145315748031496
0
LINE
8
BLACK
6
CONTINUOUS
10
0.5218164173228347
20
0.5145315748031496
11
0.5218162598425197
21
0.5145317716535432
0
LINE
8
BLACK
6
CONTINUOUS
10
0.5218162598425197
20
0.5145317716535432
11
0.5203466141732284
21
0.5180798031496063
0
LINE
8
BLACK
6
CONTINUOUS
10
0.5203466141732284
20
0.5180798031496063
11
0.5201574803149606
21
0.52
0
LINE
8
BLACK
6
CONTINUOUS
10
0.5201574803149606
20
0.52
11
0.5201574803149606
21
0.8259230708661417
0
LINE
8
BLACK
6
CONTINUOUS
10
0.5201574803149606
20
0.8259230708661417
11
0.4331885039370079
21
0.9128920078740157
0
LINE
8
BLACK
6
CONTINUOUS
10
0.4331885039370079
20
0.9128920078740157
11
0.4322842125984252
21
0.9126497244094488
0
LINE
8
BLACK
6
CONTINUOUS
10
0.4322842125984252
20
0.9126497244094488
11
0.4277157874015748
21
0.9126497244094488
0
LINE
8
BLACK
6
CONTINUOUS
10
0.4277157874015748
20
0.9126497244094488
11
0.423303031496063
21
0.9138321259842519
0
LINE
8
BLACK
6
CONTINUOUS
10
0.423303031496063
20
0.9138321259842519
11
0.4193466929133858
21
0.9161162992125984
0
LINE
8
BLACK
6
CONTINUOUS
10
0.4193466929133858
20
0.9161162992125984
11
0.4161162992125984
21
0.9193466929133858
0
LINE
8
BLACK
6
CONTINUOUS
10
0.4161162992125984
20
0.9193466929133858
11
0.413832125984252
21
0.923303031496063
0
LINE
8
BLACK
6
CONTINUOUS
10
0.413832125984252
20
0.923303031496063
11
0.4126497244094488
21
0.9277157874015748
0
LINE
8
BLACK
6
CONTINUOUS
10
0.4126497244094488
20
0.9277157874015748
11
0.4126497244094488
21
0.9322842125984252
0
LINE
8
BLACK
6
CONTINUOUS
10
0.4126497244094488
20
0.9322842125984252
11
0.413832125984252
21
0.936696968503937
0
LINE
8
BLACK
6
CONTINUOUS
10
0.413832125984252
20
0.936696968503937
11
0.4161162992125984
21
0.9406533070866141
0
LINE
8
BLACK
6
CONTINUOUS
10
0.4161162992125984
20
0.9406533070866141
11
0.4193466929133858
21
0.9438837007874016
0
LINE
8
BLACK
6
CONTINUOUS
10
0.4193466929133858
20
0.9438837007874016
11
0.423303031496063
21
0.946167874015748
0
LINE
8
BLACK
6
CONTINUOUS
10
0.423303031496063
20
0.946167874015748
11
0.4277157874015748
21
0.9473502755905512
0
LINE
8
BLACK
6
CONTINUOUS
10
0.4277157874015748
20
0.9473502755905512
11
0.4322842125984252
21
0.9473502755905512
0
LINE
8
BLACK
6
CONTINUOUS
10
0.4322842125984252
20
0.9473502755905512
11
0.436696968503937
21
0.946167874015748
0
LINE
8
BLACK
6
CONTINUOUS
10
1.1199999999999999
20
0.18
11
1.0600000000000001
21
0.18
0
LINE
8
BLACK
6
CONTINUOUS
10
1.0600000000000001
20
0.18
11
1.0600000000000001
21
0.24
0
LINE
8
BLACK
6
CONTINUOUS
10
1.0600000000000001
20
0.24
11
1.1199999999999999
21
0.24
0
LINE
8
BLACK
6
CONTINUOUS
10
1.1199999999999999
20
0.24
11
1.1199999999999999
21
0.18
0
LINE
8
BLACK
6
CONTINUOUS
10
1.22
20
0.28
11
1.1959055118110236
21
0.28
0
LINE
8
BLACK
6
CONTINUOUS
10
1.1959055118110236
20
0.28
11
1.1959055118110236
21
0.24
0
LINE
8
BLACK
6
CONTINUOUS
10
1.1959055118110236
20
0.24
11
1.22
21
0.24
0
LINE
8
BLACK
6
CONTINUOUS
10
1.22
20
0.24
11
1.22
21
0.18
0
LINE
8
BLACK
6
CONTINUOUS
10
1.22
20
0.18
11
1.1599999999999999
21
0.18
0
LINE
8
BLACK
6
CONTINUOUS
10
1.1599999999999999
20
0.18
11
1.1599999999999999
21
0.24
0
LINE
8
BLACK
6
CONTINUOUS
10
1.1599999999999999
20
0.24
11
1.1840944881889763
21
0.24
0
LINE
8
BLACK
6
CONTINUOUS
10
1.1840944881889763
20
0.24
11
1.1840944881889763
21
0.28
0
LINE
8
BLACK
6
CONTINUOUS
10
1.1840944881889763
20
0.28
11
1.1599999999999999
21
0.28
0
LINE
8
BLACK
6
CONTINUOUS
10
1.1599999999999999
20
0.28
11
1.1599999999999999
21
0.34
0
LINE
8
BLACK
6
CONTINUOUS
10
1.1599999999999999
20
0.34
11
1.22
21
0.34
0
LINE
8
BLACK
6
CONTINUOUS
10
1.22
20
0.34
11
1.22
21
0.28
0
LINE
8
BLACK
6
CONTINUOUS
10
0.896696968503937
20
0.406167874015748
11
0.9006533070866142
21
0.4038837007874015
0
LINE
8
BLACK
6
CONTINUOUS
10
0.9006533070866142
20
0.4038837007874015
11
0.9038837007874015
21
0.4006533070866142
0
LINE
8
BLACK
6
CONTINUOUS
10
0.9038837007874015
20
0.4006533070866142
11
0.9061678740157481
21
0.396696968503937
0
LINE
8
BLACK
6
CONTINUOUS
10
0.9061678740157481
20
0.396696968503937
11
0.9073502755905511
21
0.3922842125984252
0
LINE
8
BLACK
6
CONTINUOUS
10
0.9073502755905511
20
0.3922842125984252
11
0.9073502755905511
21
0.3877157874015748
0
LINE
8
BLACK
6
CONTINUOUS
10
0.9073502755905511
20
0.3877157874015748
11
0.9061678740157481
21
0.383303031496063
0
LINE
8
BLACK
6
CONTINUOUS
10
0.9061678740157481
20
0.383303031496063
11
0.9038837007874015
21
0.3793466929133858
0
LINE
8
BLACK
6
CONTINUOUS
10
0.9038837007874015
20
0.3793466929133858
11
0.9006533070866142
21
0.3761162992125984
0
LINE
8
BLACK
6
CONTINUOUS
10
0.9006533070866142
20
0.3761162992125984
11
0.896696968503937
21
0.373832125984252
0
LINE
8
BLACK
6
CONTINUOUS
10
0.896696968503937
20
0.373832125984252
11
0.8922842125984252
21
0.3726497244094488
0
LINE
8
BLACK
6
CONTINUOUS
10
0.8922842125984252
20
0.3726497244094488
11
0.8877157874015748
21
0.3726497244094488
0
LINE
8
BLACK
6
CONTINUOUS
10
0.8877157874015748
20
0.3726497244094488
11
0.8833030314960629
21
0.373832125984252
0
LINE
8
BLACK
6
CONTINUOUS
10
0.8833030314960629
20
0.373832125984252
11
0.8793466929133859
21
0.3761162992125984
0
LINE
8
BLACK
6
CONTINUOUS
10
0.8793466929133859
20
0.3761162992125984
11
0.8761162992125984
21
0.3793466929133858
0
LINE
8
BLACK
6
CONTINUOUS
10
0.8761162992125984
20
0.3793466929133858
11
0.873832125984252
21
0.383303031496063
0
LINE
8
BLACK
6
CONTINUOUS
10
0.873832125984252
20
0.383303031496063
11
0.8736200393700787
21
0.3840944881889763
0
LINE
8
BLACK
6
CONTINUOUS
10
0.8736200393700787
20
0.3840944881889763
11
0.5706351181102363
21
0.3840944881889763
0
LINE
8
BLACK
6
CONTINUOUS
10
0.5706351181102363
20
0.3840944881889763
11
0.4759055118110236
21
0.2893648818897638
0
LINE
8
BLACK
6
CONTINUOUS
10
0.4759055118110236
20
0.2893648818897638
11
0.4759055118110236
21
0.28
0
LINE
8
BLACK
6
CONTINUOUS
10
0.4759055118110236
20
0.28
11
0.5
21
0.28
0
LINE
8
BLACK
6
CONTINUOUS
10
0.5
20
0.28
11
0.5
21
0.22
0
LINE
8
BLACK
6
CONTINUOUS
10
0.5
20
0.22
11
0.44
21
0.22
0
LINE
8
BLACK
6
CONTINUOUS
10
0.44
20
0.22
11
0.44
21
0.28
0
LINE
8
BLACK
6
CONTINUOUS
10
0.44
20
0.28
11
0.4640944881889764
21
0.28
0
LINE
8
BLACK
6
CONTINUOUS
10
0.4640944881889764
20
0.28
11
0.4640944881889764
21
0.2918110236220472
0
LINE
8
BLACK
6
CONTINUOUS
10
0.4640944881889764
20
0.2918110236220472
11
0.4642079527559055
21
0.2929631496062992
0
LINE
8
BLACK
6
CONTINUOUS
10
0.4642079527559055
20
0.2929631496062992
11
0.4645991338582677
21
0.2939074803149606
0
LINE
8
BLACK
6
CONTINUOUS
10
0.4645991338582677
20
0.2939074803149606
11
0.4650897244094488
21
0.2950919291338583
0
LINE
8
BLACK
6
CONTINUOUS
10
0.4650897244094488
20
0.2950919291338583
11
0.4658241732283465
21
0.2959868503937008
0
LINE
8
BLACK
6
CONTINUOUS
10
0.4658241732283465
20
0.2959868503937008
11
0.5640131496062992
21
0.3941758267716535
0
LINE
8
BLACK
6
CONTINUOUS
10
0.5640131496062992
20
0.3941758267716535
11
0.5649080708661417
21
0.3949102755905512
0
LINE
8
BLACK
6
CONTINUOUS
10
0.5649080708661417
20
0.3949102755905512
11
0.5661550787401575
21
0.3954267716535433
0
LINE
8
BLACK
6
CONTINUOUS
10
0.5661550787401575
20
0.3954267716535433
11
0.5670368503937008
21
0.3957920472440945
0
LINE
8
BLACK
6
CONTINUOUS
10
0.5670368503937008
20
0.3957920472440945
11
0.5681889763779527
21
0.3959055118110236
0
LINE
8
BLACK
6
CONTINUOUS
10
0.5681889763779527
20
0.3959055118110236
11
0.8736200393700787
21
0.3959055118110236
0
LINE
8
BLACK
6
CONTINUOUS
10
0.8736200393700787
20
0.3959055118110236
11
0.873832125984252
21
0.396696968503937
0
LINE
8
BLACK
6
CONTINUOUS
10
0.873832125984252
20
0.396696968503937
11
0.8761162992125984
21
0.4006533070866142
0
LINE
8
BLACK
6
CONTINUOUS
10
0.8761162992125984
20
0.4006533070866142
11
0.8793466929133859
21
0.4038837007874015
0
LINE
8
BLACK
6
CONTINUOUS
10
0.8793466929133859
20
0.4038837007874015
11
0.8833030314960629
21
0.406167874015748
0
LINE
8
BLACK
6
CONTINUOUS
10
0.8833030314960629
20
0.406167874015748
11
0.8877157874015748
21
0.4073502755905511
0
LINE
8
BLACK
6
CONTINUOUS
10
0.8877157874015748
20
0.4073502755905511
11
0.8922842125984252
21
0.4073502755905511
0
LINE
8
BLACK
6
CONTINUOUS
10
0.8922842125984252
20
0.4073502755905511
11
0.896696968503937
21
0.406167874015748
0
LINE
8
BLACK
6
CONTINUOUS
10
0.9391974015748031
20
0.366167874015748
11
0.9431537401574803
21
0.3638837007874016
0
LINE
8
BLACK
6
CONTINUOUS
10
0.9431537401574803
20
0.3638837007874016
11
0.9463841338582677
21
0.3606533070866141
0
LINE
8
BLACK
6
CONTINUOUS
10
0.9463841338582677
20
0.3606533070866141
11
0.9486683070866142
21
0.356696968503937
0
LINE
8
BLACK
6
CONTINUOUS
10
0.9486683070866142
20
0.356696968503937
11
0.9498507086614173
21
0.3522842125984252
0
LINE
8
BLACK
6
CONTINUOUS
10
0.9498507086614173
20
0.3522842125984252
11
0.9498507086614173
21
0.3477157874015748
0
LINE
8
BLACK
6
CONTINUOUS
10
0.9498507086614173
20
0.3477157874015748
11
0.9486683070866142
21
0.343303031496063
0
LINE
8
BLACK
6
CONTINUOUS
10
0.9486683070866142
20
0.343303031496063
11
0.9463841338582677
21
0.3393466929133858
0
LINE
8
BLACK
6
CONTINUOUS
10
0.9463841338582677
20
0.3393466929133858
11
0.9431537401574803
21
0.3361162992125984
0
LINE
8
BLACK
6
CONTINUOUS
10
0.9431537401574803
20
0.3361162992125984
11
0.9391974015748031
21
0.3338321259842519
0
LINE
8
BLACK
6
CONTINUOUS
10
0.9391974015748031
20
0.3338321259842519
11
0.9347846456692913
21
0.3326497244094488
0
LINE
8
BLACK
6
CONTINUOUS
10
0.9347846456692913
20
0.3326497244094488
11
0.9302162204724409
21
0.3326497244094488
0
LINE
8
BLACK
6
CONTINUOUS
10
0.9302162204724409
20
0.3326497244094488
11
0.9258034645669291
21
0.3338321259842519
0
LINE
8
BLACK
6
CONTINUOUS
10
0.9258034645669291
20
0.3338321259842519
11
0.921847125984252
21
0.3361162992125984
0
LINE
8
BLACK
6
CONTINUOUS
10
0.921847125984252
20
0.3361162992125984
11
0.9186167322834645
21
0.3393466929133858
0
LINE
8
BLACK
6
CONTINUOUS
10
0.9186167322834645
20
0.3393466929133858
11
0.9163325590551181
21
0.343303031496063
0
LINE
8
BLACK
6
CONTINUOUS
10
0.9163325590551181
20
0.343303031496063
11
0.9161204724409449
21
0.3440944881889764
0
LINE
8
BLACK
6
CONTINUOUS
10
0.9161204724409449
20
0.3440944881889764
11
0.6306351181102362
21
0.3440944881889764
0
LINE
8
BLACK
6
CONTINUOUS
10
0.6306351181102362
20
0.3440944881889764
11
0.5759055118110236
21
0.2893648818897638
0
LINE
8
BLACK
6
CONTINUOUS
10
0.5759055118110236
20
0.2893648818897638
11
0.5759055118110236
21
0.28
0
LINE
8
BLACK
6
CONTINUOUS
10
0.5759055118110236
20
0.28
11
0.6
21
0.28
0
LINE
8
BLACK
6
CONTINUOUS
10
0.6
20
0.28
11
0.6
21
0.22
0
LINE
8
BLACK
6
CONTINUOUS
10
0.6
20
0.22
11
0.54
21
0.22
0
LINE
8
BLACK
6
CONTINUOUS
10
0.54
20
0.22
11
0.54
21
0.28
0
LINE
8
BLACK
6
CONTINUOUS
10
0.54
20
0.28
11
0.5640944881889763
21
0.28
0
LINE
8
BLACK
6
CONTINUOUS
10
0.5640944881889763
20
0.28
11
0.5640944881889763
21
0.2918110236220472
0
LINE
8
BLACK
6
CONTINUOUS
10
0.5640944881889763
20
0.2918110236220472
11
0.5642079527559055
21
0.2929631496062992
0
LINE
8
BLACK
6
CONTINUOUS
10
0.5642079527559055
20
0.2929631496062992
11
0.5645991338582677
21
0.2939074803149606
0
LINE
8
BLACK
6
CONTINUOUS
10
0.5645991338582677
20
0.2939074803149606
11
0.5650897244094488
21
0.2950919291338583
0
LINE
8
BLACK
6
CONTINUOUS
10
0.5650897244094488
20
0.2950919291338583
11
0.5658241732283464
21
0.2959868503937008
0
LINE
8
BLACK
6
CONTINUOUS
10
0.5658241732283464
20
0.2959868503937008
11
0.6240131496062992
21
0.3541758267716535
0
LINE
8
BLACK
6
CONTINUOUS
10
0.6240131496062992
20
0.3541758267716535
11
0.6249080708661418
21
0.3549102755905512
0
LINE
8
BLACK
6
CONTINUOUS
10
0.6249080708661418
20
0.3549102755905512
11
0.6261550787401574
21
0.3554267716535433
0
LINE
8
BLACK
6
CONTINUOUS
10
0.6261550787401574
20
0.3554267716535433
11
0.6270368503937007
21
0.3557920472440945
0
LINE
8
BLACK
6
CONTINUOUS
10
0.6270368503937007
20
0.3557920472440945
11
0.6281889763779528
21
0.3559055118110236
0
LINE
8
BLACK
6
CONTINUOUS
10
0.6281889763779528
20
0.3559055118110236
11
0.9161204724409449
21
0.3559055118110236
0
LINE
8
BLACK
6
CONTINUOUS
10
0.9161204724409449
20
0.3559055118110236
11
0.9163325590551181
21
0.356696968503937
0
LINE
8
BLACK
6
CONTINUOUS
10
0.9163325590551181
20
0.356696968503937
11
0.9186167322834645
21
0.3606533070866141
0
LINE
8
BLACK
6
CONTINUOUS
10
0.9186167322834645
20
0.3606533070866141
11
0.921847125984252
21
0.3638837007874016
0
LINE
8
BLACK
6
CONTINUOUS
10
0.921847125984252
20
0.3638837007874016
11
0.9258034645669291
21
0.366167874015748
0
LINE
8
BLACK
6
CONTINUOUS
10
0.9258034645669291
20
0.366167874015748
11
0.9302162204724409
21
0.3673502755905512
0
LINE
8
BLACK
6
CONTINUOUS
10
0.9302162204724409
20
0.3673502755905512
11
0.9347846456692913
21
0.3673502755905512
0
LINE
8
BLACK
6
CONTINUOUS
10
0.9347846456692913
20
0.3673502755905512
11
0.9391974015748031
21
0.366167874015748
0
LINE
8
BLACK
6
CONTINUOUS
10
1.02
20
0.28
11
0.96
21
0.28
0
LINE
8
BLACK
6
CONTINUOUS
10
0.96
20
0.28
11
0.96
21
0.34
0
LINE
8
BLACK
6
CONTINUOUS
10
0.96
20
0.34
11
1.02
21
0.34
0
LINE
8
BLACK
6
CONTINUOUS
10
1.02
20
0.34
11
1.02
21
0.28
0
LINE
8
BLACK
6
CONTINUOUS
10
1.1199999999999999
20
0.28
11
1.0600000000000001
21
0.28
0
LINE
8
BLACK
6
CONTINUOUS
10
1.0600000000000001
20
0.28
11
1.0600000000000001
21
0.34
0
LINE
8
BLACK
6
CONTINUOUS
10
1.0600000000000001
20
0.34
11
1.1199999999999999
21
0.34
0
LINE
8
BLACK
6
CONTINUOUS
10
1.1199999999999999
20
0.34
11
1.1199999999999999
21
0.28
0
LINE
8
BLACK
6
CONTINUOUS
10
1.5366969685039369
20
0.456167874015748
11
1.5406533070866142
21
0.4538837007874016
0
LINE
8
BLACK
6
CONTINUOUS
10
1.5406533070866142
20
0.4538837007874016
11
1.5438837007874016
21
0.4506533070866142
0
LINE
8
BLACK
6
CONTINUOUS
10
1.5438837007874016
20
0.4506533070866142
11
1.5461678740157481
21
0.446696968503937
0
LINE
8
BLACK
6
CONTINUOUS
10
1.5461678740157481
20
0.446696968503937
11
1.547350275590551
21
0.4422842125984252
0
LINE
8
BLACK
6
CONTINUOUS
10
1.547350275590551
20
0.4422842125984252
11
1.547350275590551
21
0.4377157874015748
0
LINE
8
BLACK
6
CONTINUOUS
10
1.547350275590551
20
0.4377157874015748
11
1.5461678740157481
21
0.433303031496063
0
LINE
8
BLACK
6
CONTINUOUS
10
1.5461678740157481
20
0.433303031496063
11
1.5438837007874016
21
0.4293466929133858
0
LINE
8
BLACK
6
CONTINUOUS
10
1.5438837007874016
20
0.4293466929133858
11
1.5406533070866142
21
0.4261162992125984
0
LINE
8
BLACK
6
CONTINUOUS
10
1.5406533070866142
20
0.4261162992125984
11
1.5366969685039369
21
0.423832125984252
0
LINE
8
BLACK
6
CONTINUOUS
10
1.5366969685039369
20
0.423832125984252
11
1.5322842125984251
21
0.4226497244094488
0
LINE
8
BLACK
6
CONTINUOUS
10
1.5322842125984251
20
0.4226497244094488
11
1.5277157874015748
21
0.4226497244094488
0
LINE
8
BLACK
6
CONTINUOUS
10
1.5277157874015748
20
0.4226497244094488
11
1.5233030314960629
21
0.423832125984252
0
LINE
8
BLACK
6
CONTINUOUS
10
1.5233030314960629
20
0.423832125984252
11
1.5193466929133859
21
0.4261162992125984
0
LINE
8
BLACK
6
CONTINUOUS
10
1.5193466929133859
20
0.4261162992125984
11
1.5161162992125985
21
0.4293466929133858
0
LINE
8
BLACK
6
CONTINUOUS
10
1.5161162992125985
20
0.4293466929133858
11
1.513832125984252
21
0.433303031496063
0
LINE
8
BLACK
6
CONTINUOUS
10
1.513832125984252
20
0.433303031496063
11
1.5136200393700787
21
0.4340944881889764
0
LINE
8
BLACK
6
CONTINUOUS
10
1.5136200393700787
20
0.4340944881889764
11
1.4224461417322833
21
0.4340944881889764
0
LINE
8
BLACK
6
CONTINUOUS
10
1.4224461417322833
20
0.4340944881889764
11
1.3200000000000001
21
0.3316483464566929
0
LINE
8
BLACK
6
CONTINUOUS
10
1.3200000000000001
20
0.3316483464566929
11
1.3200000000000001
21
0.28
0
LINE
8
BLACK
6
CONTINUOUS
10
1.3200000000000001
20
0.28
11
1.26
21
0.28
0
LINE
8
BLACK
6
CONTINUOUS
10
1.26
20
0.28
11
1.26
21
0.34
0
LINE
8
BLACK
6
CONTINUOUS
10
1.26
20
0.34
11
1.3116483464566928
21
0.34
0
LINE
8
BLACK
6
CONTINUOUS
10
1.3116483464566928
20
0.34
11
1.4158241732283465
21
0.4441758267716535
0
LINE
8
BLACK
6
CONTINUOUS
10
1.4158241732283465
20
0.4441758267716535
11
1.4167190944881889
21
0.4449102755905512
0
LINE
8
BLACK
6
CONTINUOUS
10
1.4167190944881889
20
0.4449102755905512
11
1.4179661023622048
21
0.4454267716535433
0
LINE
8
BLACK
6
CONTINUOUS
10
1.4179661023622048
20
0.4454267716535433
11
1.418847874015748
21
0.4457920472440945
0
LINE
8
BLACK
6
CONTINUOUS
10
1.418847874015748
20
0.4457920472440945
11
1.4199999999999999
21
0.4459055118110236
0
LINE
8
BLACK
6
CONTINUOUS
10
1.4199999999999999
20
0.4459055118110236
11
1.5136200393700787
21
0.4459055118110236
0
LINE
8
BLACK
6
CONTINUOUS
10
1.5136200393700787
20
0.4459055118110236
11
1.513832125984252
21
0.446696968503937
0
LINE
8
BLACK
6
CONTINUOUS
10
1.513832125984252
20
0.446696968503937
11
1.5161162992125985
21
0.4506533070866142
0
LINE
8
BLACK
6
CONTINUOUS
10
1.5161162992125985
20
0.4506533070866142
11
1.5193466929133859
21
0.4538837007874016
0
LINE
8
BLACK
6
CONTINUOUS
10
1.5193466929133859
20
0.4538837007874016
11
1.5233030314960629
21
0.456167874015748
0
LINE
8
BLACK
6
CONTINUOUS
10
1.5233030314960629
20
0.456167874015748
11
1.5277157874015748
21
0.4573502755905512
0
LINE
8
BLACK
6
CONTINUOUS
10
1.5277157874015748
20
0.4573502755905512
11
1.5322842125984251
21
0.4573502755905512
0
LINE
8
BLACK
6
CONTINUOUS
10
1.5322842125984251
20
0.4573502755905512
11
1.5366969685039369
21
0.456167874015748
0
LINE
8
BLACK
6
CONTINUOUS
10
1.366696968503937
20
0.456167874015748
11
1.370653307086614
21
0.4538837007874016
0
LINE
8
BLACK
6
CONTINUOUS
10
1.370653307086614
20
0.4538837007874016
11
1.3738837007874016
21
0.4506533070866142
0
LINE
8
BLACK
6
CONTINUOUS
10
1.3738837007874016
20
0.4506533070866142
11
1.3761678740157479
21
0.446696968503937
0
LINE
8
BLACK
6
CONTINUOUS
10
1.3761678740157479
20
0.446696968503937
11
1.3773502755905511
21
0.4422842125984252
0
LINE
8
BLACK
6
CONTINUOUS
10
1.3773502755905511
20
0.4422842125984252
11
1.3773502755905511
21
0.4377157874015748
0
LINE
8
BLACK
6
CONTINUOUS
10
1.3773502755905511
20
0.4377157874015748
11
1.3761678740157479
21
0.433303031496063
0
LINE
8
BLACK
6
CONTINUOUS
10
1.3761678740157479
20
0.433303031496063
11
1.3738837007874016
21
0.4293466929133858
0
LINE
8
BLACK
6
CONTINUOUS
10
1.3738837007874016
20
0.4293466929133858
11
1.370653307086614
21
0.4261162992125984
0
LINE
8
BLACK
6
CONTINUOUS
10
1.370653307086614
20
0.4261162992125984
11
1.366696968503937
21
0.423832125984252
0
LINE
8
BLACK
6
CONTINUOUS
10
1.366696968503937
20
0.423832125984252
11
1.3622842125984251
21
0.4226497244094488
0
LINE
8
BLACK
6
CONTINUOUS
10
1.3622842125984251
20
0.4226497244094488
11
1.3577157874015748
21
0.4226497244094488
0
LINE
8
BLACK
6
CONTINUOUS
10
1.3577157874015748
20
0.4226497244094488
11
1.353303031496063
21
0.423832125984252
0
LINE
8
BLACK
6
CONTINUOUS
10
1.353303031496063
20
0.423832125984252
11
1.3493466929133857
21
0.4261162992125984
0
LINE
8
BLACK
6
CONTINUOUS
10
1.3493466929133857
20
0.4261162992125984
11
1.3461162992125983
21
0.4293466929133858
0
LINE
8
BLACK
6
CONTINUOUS
10
1.3461162992125983
20
0.4293466929133858
11
1.3438321259842518
21
0.433303031496063
0
LINE
8
BLACK
6
CONTINUOUS
10
1.3438321259842518
20
0.433303031496063
11
1.3436200393700788
21
0.4340944881889764
0
LINE
8
BLACK
6
CONTINUOUS
10
1.3436200393700788
20
0.4340944881889764
11
1.2724461417322834
21
0.4340944881889764
0
LINE
8
BLACK
6
CONTINUOUS
10
1.2724461417322834
20
0.4340944881889764
11
1.2111212598425196
21
0.3727696062992126
0
LINE
8
BLACK
6
CONTINUOUS
10
1.2111212598425196
20
0.3727696062992126
11
1.210226338582677
21
0.372035157480315
0
LINE
8
BLACK
6
CONTINUOUS
10
1.210226338582677
20
0.372035157480315
11
1.2089793307086614
21
0.3715186220472441
0
LINE
8
BLACK
6
CONTINUOUS
10
1.2089793307086614
20
0.3715186220472441
11
1.2080975590551182
21
0.3711533858267717
0
LINE
8
BLACK
6
CONTINUOUS
10
1.2080975590551182
20
0.3711533858267717
11
1.2069454330708662
21
0.3710399212598425
0
LINE
8
BLACK
6
CONTINUOUS
10
1.2069454330708662
20
0.3710399212598425
11
1.1593915748031496
21
0.3710399212598425
0
LINE
8
BLACK
6
CONTINUOUS
10
1.1593915748031496
20
0.3710399212598425
11
1.1552036614173229
21
0.3668520078740157
0
LINE
8
BLACK
6
CONTINUOUS
10
1.1552036614173229
20
0.3668520078740157
11
1.1556133464566929
21
0.3661424409448819
0
LINE
8
BLACK
6
CONTINUOUS
10
1.1556133464566929
20
0.3661424409448819
11
1.1567957480314961
21
0.3617296850393701
0
LINE
8
BLACK
6
CONTINUOUS
10
1.1567957480314961
20
0.3617296850393701
11
1.1567957480314961
21
0.3571612598425197
0
LINE
8
BLACK
6
CONTINUOUS
10
1.1567957480314961
20
0.3571612598425197
11
1.1556133464566929
21
0.3527485039370079
0
LINE
8
BLACK
6
CONTINUOUS
10
1.1556133464566929
20
0.3527485039370079
11
1.1533291732283464
21
0.3487921653543307
0
LINE
8
BLACK
6
CONTINUOUS
10
1.1533291732283464
20
0.3487921653543307
11
1.150098779527559
21
0.3455617716535433
0
LINE
8
BLACK
6
CONTINUOUS
10
1.150098779527559
20
0.3455617716535433
11
1.1461424409448819
21
0.3432775984251968
0
LINE
8
BLACK
6
CONTINUOUS
10
1.1461424409448819
20
0.3432775984251968
11
1.1417296850393701
21
0.3420951968503937
0
LINE
8
BLACK
6
CONTINUOUS
10
1.1417296850393701
20
0.3420951968503937
11
1.1371612598425196
21
0.3420951968503937
0
LINE
8
BLACK
6
CONTINUOUS
10
1.1371612598425196
20
0.3420951968503937
11
1.1327485039370078
21
0.3432775984251968
0
LINE
8
BLACK
6
CONTINUOUS
10
1.1327485039370078
20
0.3432775984251968
11
1.1287921653543307
21
0.3455617716535433
0
LINE
8
BLACK
6
CONTINUOUS
10
1.1287921653543307
20
0.3455617716535433
11
1.1255617716535433
21
0.3487921653543307
0
LINE
8
BLACK
6
CONTINUOUS
10
1.1255617716535433
20
0.3487921653543307
11
1.1232775984251968
21
0.3527485039370079
0
LINE
8
BLACK
6
CONTINUOUS
10
1.1232775984251968
20
0.3527485039370079
11
1.1220951968503936
21
0.3571612598425197
0
LINE
8
BLACK
6
CONTINUOUS
10
1.1220951968503936
20
0.3571612598425197
11
1.1220951968503936
21
0.3617296850393701
0
LINE
8
BLACK
6
CONTINUOUS
10
1.1220951968503936
20
0.3617296850393701
11
1.1232775984251968
21
0.3661424409448819
0
LINE
8
BLACK
6
CONTINUOUS
10
1.1232775984251968
20
0.3661424409448819
11
1.1255617716535433
21
0.370098779527559
0
LINE
8
BLACK
6
CONTINUOUS
10
1.1255617716535433
20
0.370098779527559
11
1.1287921653543307
21
0.3733291732283465
0
LINE
8
BLACK
6
CONTINUOUS
10
1.1287921653543307
20
0.3733291732283465
11
1.1327485039370078
21
0.3756133464566929
0
LINE
8
BLACK
6
CONTINUOUS
10
1.1327485039370078
20
0.3756133464566929
11
1.1371612598425196
21
0.3767957480314961
0
LINE
8
BLACK
6
CONTINUOUS
10
1.1371612598425196
20
0.3767957480314961
11
1.1417296850393701
21
0.3767957480314961
0
LINE
8
BLACK
6
CONTINUOUS
10
1.1417296850393701
20
0.3767957480314961
11
1.1461424409448819
21
0.3756133464566929
0
LINE
8
BLACK
6
CONTINUOUS
10
1.1461424409448819
20
0.3756133464566929
11
1.1468520078740156
21
0.3752036614173228
0
LINE
8
BLACK
6
CONTINUOUS
10
1.1468520078740156
20
0.3752036614173228
11
1.1527696062992125
21
0.3811212598425197
0
LINE
8
BLACK
6
CONTINUOUS
10
1.1527696062992125
20
0.3811212598425197
11
1.1536645275590551
21
0.3818557086614173
0
LINE
8
BLACK
6
CONTINUOUS
10
1.1536645275590551
20
0.3818557086614173
11
1.1549115354330708
21
0.3823722047244094
0
LINE
8
BLACK
6
CONTINUOUS
10
1.1549115354330708
20
0.3823722047244094
11
1.1557933070866142
21
0.3827374803149606
0
LINE
8
BLACK
6
CONTINUOUS
10
1.1557933070866142
20
0.3827374803149606
11
1.1569454330708662
21
0.3828509448818898
0
LINE
8
BLACK
6
CONTINUOUS
10
1.1569454330708662
20
0.3828509448818898
11
1.2044992913385826
21
0.3828509448818898
0
LINE
8
BLACK
6
CONTINUOUS
10
1.2044992913385826
20
0.3828509448818898
11
1.2658241732283464
21
0.4441758267716535
0
LINE
8
BLACK
6
CONTINUOUS
10
1.2658241732283464
20
0.4441758267716535
11
1.266719094488189
21
0.4449102755905512
0
LINE
8
BLACK
6
CONTINUOUS
10
1.266719094488189
20
0.4449102755905512
11
1.2679661023622046
21
0.4454267716535433
0
LINE
8
BLACK
6
CONTINUOUS
10
1.2679661023622046
20
0.4454267716535433
11
1.2688478740157481
21
0.4457920472440945
0
LINE
8
BLACK
6
CONTINUOUS
10
1.2688478740157481
20
0.4457920472440945
11
1.27
21
0.4459055118110236
0
LINE
8
BLACK
6
CONTINUOUS
10
1.27
20
0.4459055118110236
11
1.3436200393700788
21
0.4459055118110236
0
LINE
8
BLACK
6
CONTINUOUS
10
1.3436200393700788
20
0.4459055118110236
11
1.3438321259842518
21
0.446696968503937
0
LINE
8
BLACK
6
CONTINUOUS
10
1.3438321259842518
20
0.446696968503937
11
1.3461162992125983
21
0.4506533070866142
0
LINE
8
BLACK
6
CONTINUOUS
10
1.3461162992125983
20
0.4506533070866142
11
1.3493466929133857
21
0.4538837007874016
0
LINE
8
BLACK
6
CONTINUOUS
10
1.3493466929133857
20
0.4538837007874016
11
1.353303031496063
21
0.456167874015748
0
LINE
8
BLACK
6
CONTINUOUS
10
1.353303031496063
20
0.456167874015748
11
1.3577157874015748
21
0.4573502755905512
0
LINE
8
BLACK
6
CONTINUOUS
10
1.3577157874015748
20
0.4573502755905512
11
1.3622842125984251
21
0.4573502755905512
0
LINE
8
BLACK
6
CONTINUOUS
10
1.3622842125984251
20
0.4573502755905512
11
1.366696968503937
21
0.456167874015748
0
LINE
8
BLACK
6
CONTINUOUS
10
0.5
20
0.12
11
0.44
21
0.12
0
LINE
8
BLACK
6
CONTINUOUS
10
0.44
20
0.12
11
0.44
21
0.18
0
LINE
8
BLACK
6
CONTINUOUS
10
0.44
20
0.18
11
0.5
21
0.18
0
LINE
8
BLACK
6
CONTINUOUS
10
0.5
20
0.18
11
0.5
21
0.12
0
LINE
8
BLACK
6
CONTINUOUS
10
0.6
20
0.12
11
0.54
21
0.12
0
LINE
8
BLACK
6
CONTINUOUS
10
0.54
20
0.12
11
0.54
21
0.18
0
LINE
8
BLACK
6
CONTINUOUS
10
0.54
20
0.18
11
0.6
21
0.18
0
LINE
8
BLACK
6
CONTINUOUS
10
0.6
20
0.18
11
0.6
21
0.12
0
LINE
8
BLACK
6
CONTINUOUS
10
0.285
20
0.4481496062992126
11
0.135
21
0.4481496062992126
0
LINE
8
BLACK
6
CONTINUOUS
10
0.135
20
0.4481496062992126
11
0.135
21
0.5981496062992125
0
LINE
8
BLACK
6
CONTINUOUS
10
0.135
20
0.5981496062992125
11
0.285
21
0.5981496062992125
0
LINE
8
BLACK
6
CONTINUOUS
10
0.285
20
0.5981496062992125
11
0.285
21
0.4481496062992126
0
LINE
8
BLACK
6
CONTINUOUS
10
0.4818503937007874
20
0.4481496062992126
11
0.3318503937007874
21
0.4481496062992126
0
LINE
8
BLACK
6
CONTINUOUS
10
0.3318503937007874
20
0.4481496062992126
11
0.3318503937007874
21
0.5981496062992125
0
LINE
8
BLACK
6
CONTINUOUS
10
0.3318503937007874
20
0.5981496062992125
11
0.4818503937007874
21
0.5981496062992125
0
LINE
8
BLACK
6
CONTINUOUS
10
0.4818503937007874
20
0.5981496062992125
11
0.4818503937007874
21
0.4481496062992126
0
LINE
8
BLACK
6
CONTINUOUS
10
0.8275115748031496
20
1.4792556299212598
11
0.8289274803149607
21
1.477306811023622
0
LINE
8
BLACK
6
CONTINUOUS
10
0.8289274803149607
20
1.477306811023622
11
0.8291182283464567
21
1.4761023622047245
0
LINE
8
BLACK
6
CONTINUOUS
10
0.8291182283464567
20
1.4761023622047245
11
0.8291182283464567
21
1.1484046456692913
0
LINE
8
BLACK
6
CONTINUOUS
10
0.8291182283464567
20
1.1484046456692913
11
0.8298672047244094
21
1.1456093700787402
0
LINE
8
BLACK
6
CONTINUOUS
10
0.8298672047244094
20
1.1456093700787402
11
0.83
21
1.1446006299212599
0
LINE
8
BLACK
6
CONTINUOUS
10
0.83
20
1.1446006299212599
11
0.83
21
0.58
0
LINE
8
BLACK
6
CONTINUOUS
10
0.83
20
0.58
11
0.83
21
0.5499999999999999
0
LINE
8
BLACK
6
CONTINUOUS
10
0.83
20
0.5499999999999999
11
1.0861023622047243
21
0.5499999999999999
0
LINE
8
BLACK
6
CONTINUOUS
10
1.0861023622047243
20
0.5499999999999999
11
1.0883933464566928
21
0.5492556299212599
0
LINE
8
BLACK
6
CONTINUOUS
10
1.0883933464566928
20
0.5492556299212599
11
1.0898092519685039
21
0.547306811023622
0
LINE
8
BLACK
6
CONTINUOUS
10
1.0898092519685039
20
0.547306811023622
11
1.0900000000000001
21
0.5461023622047244
0
LINE
8
BLACK
6
CONTINUOUS
10
1.0900000000000001
20
0.5461023622047244
11
1.0900000000000001
21
0.5038976377952756
0
LINE
8
BLACK
6
CONTINUOUS
10
1.0900000000000001
20
0.5038976377952756
11
1.0893225984251969
21
0.501812874015748
0
LINE
8
BLACK
6
CONTINUOUS
10
1.0893225984251969
20
0.501812874015748
11
1.1082614960629922
21
0.4828740157480315
0
LINE
8
BLACK
6
CONTINUOUS
10
1.1082614960629922
20
0.4828740157480315
11
1.2002511417322834
21
0.4828740157480315
0
LINE
8
BLACK
6
CONTINUOUS
10
1.2002511417322834
20
0.4828740157480315
11
1.2095115354330708
21
0.4828740157480315
0
LINE
8
BLACK
6
CONTINUOUS
10
1.2095115354330708
20
0.4828740157480315
11
1.2111161417322835
21
0.4856533070866141
0
LINE
8
BLACK
6
CONTINUOUS
10
1.2111161417322835
20
0.4856533070866141
11
1.2143465354330709
21
0.4888837007874016
0
LINE
8
BLACK
6
CONTINUOUS
10
1.2143465354330709
20
0.4888837007874016
11
1.218302874015748
21
0.491167874015748
0
LINE
8
BLACK
6
CONTINUOUS
10
1.218302874015748
20
0.491167874015748
11
1.2227156299212598
21
0.4923502755905512
0
LINE
8
BLACK
6
CONTINUOUS
10
1.2227156299212598
20
0.4923502755905512
11
1.2272840551181101
21
0.4923502755905512
0
LINE
8
BLACK
6
CONTINUOUS
10
1.2272840551181101
20
0.4923502755905512
11
1.2316968110236219
21
0.491167874015748
0
LINE
8
BLACK
6
CONTINUOUS
10
1.2316968110236219
20
0.491167874015748
11
1.2356531496062992
21
0.4888837007874016
0
LINE
8
BLACK
6
CONTINUOUS
10
1.2356531496062992
20
0.4888837007874016
11
1.2388835433070866
21
0.4856533070866141
0
LINE
8
BLACK
6
CONTINUOUS
10
1.2388835433070866
20
0.4856533070866141
11
1.2411677165354331
21
0.481696968503937
0
LINE
8
BLACK
6
CONTINUOUS
10
1.2411677165354331
20
0.481696968503937
11
1.2423501181102361
21
0.4772842125984252
0
LINE
8
BLACK
6
CONTINUOUS
10
1.2423501181102361
20
0.4772842125984252
11
1.2423501181102361
21
0.4727157874015748
0
LINE
8
BLACK
6
CONTINUOUS
10
1.2423501181102361
20
0.4727157874015748
11
1.2411677165354331
21
0.468303031496063
0
LINE
8
BLACK
6
CONTINUOUS
10
1.2411677165354331
20
0.468303031496063
11
1.2388835433070866
21
0.4643466929133858
0
LINE
8
BLACK
6
CONTINUOUS
10
1.2388835433070866
20
0.4643466929133858
11
1.2356531496062992
21
0.4611162992125984
0
LINE
8
BLACK
6
CONTINUOUS
10
1.2356531496062992
20
0.4611162992125984
11
1.2316968110236219
21
0.4588321259842519
0
LINE
8
BLACK
6
CONTINUOUS
10
1.2316968110236219
20
0.4588321259842519
11
1.2272840551181101
21
0.4576497244094488
0
LINE
8
BLACK
6
CONTINUOUS
10
1.2272840551181101
20
0.4576497244094488
11
1.2227156299212598
21
0.4576497244094488
0
LINE
8
BLACK
6
CONTINUOUS
10
1.2227156299212598
20
0.4576497244094488
11
1.218302874015748
21
0.4588321259842519
0
LINE
8
BLACK
6
CONTINUOUS
10
1.218302874015748
20
0.4588321259842519
11
1.2143465354330709
21
0.4611162992125984
0
LINE
8
BLACK
6
CONTINUOUS
10
1.2143465354330709
20
0.4611162992125984
11
1.2111161417322835
21
0.4643466929133858
0
LINE
8
BLACK
6
CONTINUOUS
10
1.2111161417322835
20
0.4643466929133858
11
1.2095115354330708
21
0.4671259842519685
0
LINE
8
BLACK
6
CONTINUOUS
10
1.2095115354330708
20
0.4671259842519685
11
1.2002511417322834
21
0.4671259842519685
0
LINE
8
BLACK
6
CONTINUOUS
10
1.2002511417322834
20
0.4671259842519685
11
1.105
21
0.4671259842519685
0
LINE
8
BLACK
6
CONTINUOUS
10
1.105
20
0.4671259842519685
11
1.1034638582677165
21
0.4672772834645669
0
LINE
8
BLACK
6
CONTINUOUS
10
1.1034638582677165
20
0.4672772834645669
11
1.100625433070866
21
0.4684529921259842
0
LINE
8
BLACK
6
CONTINUOUS
10
1.100625433070866
20
0.4684529921259842
11
1.0994322440944881
21
0.4694322440944882
0
LINE
8
BLACK
6
CONTINUOUS
10
1.0994322440944881
20
0.4694322440944882
11
1.0688644881889764
21
0.5
0
LINE
8
BLACK
6
CONTINUOUS
10
1.0688644881889764
20
0.5
11
0.76
21
0.5
0
LINE
8
BLACK
6
CONTINUOUS
10
0.76
20
0.5
11
0.6538976377952755
21
0.5
0
LINE
8
BLACK
6
CONTINUOUS
10
0.6538976377952755
20
0.5
11
0.651606653543307
21
0.5007443700787402
0
LINE
8
BLACK
6
CONTINUOUS
10
0.651606653543307
20
0.5007443700787402
11
0.650190748031496
21
0.5026931889763779
0
LINE
8
BLACK
6
CONTINUOUS
10
0.650190748031496
20
0.5026931889763779
11
0.65
21
0.5038976377952756
0
LINE
8
BLACK
6
CONTINUOUS
10
0.65
20
0.5038976377952756
11
0.65
21
1.4761023622047245
0
LINE
8
BLACK
6
CONTINUOUS
10
0.65
20
1.4761023622047245
11
0.6507443700787402
21
1.478393346456693
0
LINE
8
BLACK
6
CONTINUOUS
10
0.6507443700787402
20
1.478393346456693
11
0.652693188976378
21
1.479809251968504
0
LINE
8
BLACK
6
CONTINUOUS
10
0.652693188976378
20
1.479809251968504
11
0.6538976377952755
21
1.48
0
LINE
8
BLACK
6
CONTINUOUS
10
0.6538976377952755
20
1.48
11
0.8252205905511811
21
1.48
0
LINE
8
BLACK
6
CONTINUOUS
10
0.8252205905511811
20
1.48
11
0.8275115748031496
21
1.4792556299212598
0
LINE
8
BLACK
6
CONTINUOUS
10
1.78
20
1.04
11
1.7549999999999999
21
1.04
0
LINE
8
BLACK
6
CONTINUOUS
10
1.7549999999999999
20
1.04
11
1.7549999999999999
21
1.03
0
LINE
8
BLACK
6
CONTINUOUS
10
1.7549999999999999
20
1.03
11
1.7549039370078741
21
1.0290245669291338
0
LINE
8
BLACK
6
CONTINUOUS
10
1.7549039370078741
20
1.0290245669291338
11
1.7549039370078741
21
1.029024527559055
0
LINE
8
BLACK
6
CONTINUOUS
10
1.7549039370078741
20
1.029024527559055
11
1.7541573622047244
21
1.027222125984252
0
LINE
8
BLACK
6
CONTINUOUS
10
1.7541573622047244
20
1.027222125984252
11
1.7535355511811024
21
1.0264644881889764
0
LINE
8
BLACK
6
CONTINUOUS
10
1.7535355511811024
20
1.0264644881889764
11
1.6234109055118109
21
0.8963398031496063
0
LINE
8
BLACK
6
CONTINUOUS
10
1.6234109055118109
20
0.8963398031496063
11
1.6226532283464568
21
0.895718031496063
0
LINE
8
BLACK
6
CONTINUOUS
10
1.6226532283464568
20
0.895718031496063
11
1.622653188976378
21
0.8957179921259842
0
LINE
8
BLACK
6
CONTINUOUS
10
1.622653188976378
20
0.8957179921259842
11
1.6215974015748031
21
0.8952806692913385
0
LINE
8
BLACK
6
CONTINUOUS
10
1.6215974015748031
20
0.8952806692913385
11
1.6208508267716535
21
0.8949714173228346
0
LINE
8
BLACK
6
CONTINUOUS
10
1.6208508267716535
20
0.8949714173228346
11
1.6208507874015747
21
0.8949714173228346
0
LINE
8
BLACK
6
CONTINUOUS
10
1.6208507874015747
20
0.8949714173228346
11
1.6198753543307087
21
0.8948753543307086
0
LINE
8
BLACK
6
CONTINUOUS
10
1.6198753543307087
20
0.8948753543307086
11
1.0868718503937007
21
0.8948753543307086
0
LINE
8
BLACK
6
CONTINUOUS
10
1.0868718503937007
20
0.8948753543307086
11
1.0864171653543306
21
0.8931783858267717
0
LINE
8
BLACK
6
CONTINUOUS
10
1.0864171653543306
20
0.8931783858267717
11
1.0841329921259841
21
0.8892220472440945
0
LINE
8
BLACK
6
CONTINUOUS
10
1.0841329921259841
20
0.8892220472440945
11
1.0809025984251968
21
0.8859916535433071
0
LINE
8
BLACK
6
CONTINUOUS
10
1.0809025984251968
20
0.8859916535433071
11
1.0769462598425197
21
0.8837074803149606
0
LINE
8
BLACK
6
CONTINUOUS
10
1.0769462598425197
20
0.8837074803149606
11
1.0725335039370079
21
0.8825250787401575
0
LINE
8
BLACK
6
CONTINUOUS
10
1.0725335039370079
20
0.8825250787401575
11
1.0679650787401576
21
0.8825250787401575
0
LINE
8
BLACK
6
CONTINUOUS
10
1.0679650787401576
20
0.8825250787401575
11
1.0635523228346457
21
0.8837074803149606
0
LINE
8
BLACK
6
CONTINUOUS
10
1.0635523228346457
20
0.8837074803149606
11
1.0595959842519684
21
0.8859916535433071
0
LINE
8
BLACK
6
CONTINUOUS
10
1.0595959842519684
20
0.8859916535433071
11
1.0563655905511811
21
0.8892220472440945
0
LINE
8
BLACK
6
CONTINUOUS
10
1.0563655905511811
20
0.8892220472440945
11
1.0540814173228346
21
0.8931783858267717
0
LINE
8
BLACK
6
CONTINUOUS
10
1.0540814173228346
20
0.8931783858267717
11
1.0528990157480316
21
0.8975911417322835
0
LINE
8
BLACK
6
CONTINUOUS
10
1.0528990157480316
20
0.8975911417322835
11
1.0528990157480316
21
0.9021595669291338
0
LINE
8
BLACK
6
CONTINUOUS
10
1.0528990157480316
20
0.9021595669291338
11
1.0540814173228346
21
0.9065723228346456
0
LINE
8
BLACK
6
CONTINUOUS
10
1.0540814173228346
20
0.9065723228346456
11
1.0563655905511811
21
0.9105286614173228
0
LINE
8
BLACK
6
CONTINUOUS
10
1.0563655905511811
20
0.9105286614173228
11
1.0595959842519684
21
0.9137590551181102
0
LINE
8
BLACK
6
CONTINUOUS
10
1.0595959842519684
20
0.9137590551181102
11
1.0635523228346457
21
0.9160432283464567
0
LINE
8
BLACK
6
CONTINUOUS
10
1.0635523228346457
20
0.9160432283464567
11
1.0679650787401576
21
0.9172256299212598
0
LINE
8
BLACK
6
CONTINUOUS
10
1.0679650787401576
20
0.9172256299212598
11
1.0725335039370079
21
0.9172256299212598
0
LINE
8
BLACK
6
CONTINUOUS
10
1.0725335039370079
20
0.9172256299212598
11
1.0769462598425197
21
0.9160432283464567
0
LINE
8
BLACK
6
CONTINUOUS
10
1.0769462598425197
20
0.9160432283464567
11
1.0809025984251968
21
0.9137590551181102
0
LINE
8
BLACK
6
CONTINUOUS
10
1.0809025984251968
20
0.9137590551181102
11
1.0841329921259841
21
0.9105286614173228
0
LINE
8
BLACK
6
CONTINUOUS
10
1.0841329921259841
20
0.9105286614173228
11
1.0864171653543306
21
0.9065723228346456
0
LINE
8
BLACK
6
CONTINUOUS
10
1.0864171653543306
20
0.9065723228346456
11
1.0868718503937007
21
0.9048753543307086
0
LINE
8
BLACK
6
CONTINUOUS
10
1.0868718503937007
20
0.9048753543307086
11
1.6178042519685039
21
0.9048753543307086
0
LINE
8
BLACK
6
CONTINUOUS
10
1.6178042519685039
20
0.9048753543307086
11
1.7449999999999999
21
1.0320710629921259
0
LINE
8
BLACK
6
CONTINUOUS
10
1.7449999999999999
20
1.0320710629921259
11
1.7449999999999999
21
1.04
0
LINE
8
BLACK
6
CONTINUOUS
10
1.7449999999999999
20
1.04
11
1.72
21
1.04
0
LINE
8
BLACK
6
CONTINUOUS
10
1.72
20
1.04
11
1.72
21
1.0999999999999999
0
LINE
8
BLACK
6
CONTINUOUS
10
1.72
20
1.0999999999999999
11
1.78
21
1.0999999999999999
0
LINE
8
BLACK
6
CONTINUOUS
10
1.78
20
1.0999999999999999
11
1.78
21
1.04
0
LINE
8
BLACK
6
CONTINUOUS
10
1.3799999999999999
20
1.2
11
1.3200000000000001
21
1.2
0
LINE
8
BLACK
6
CONTINUOUS
10
1.3200000000000001
20
1.2
11
1.3200000000000001
21
1.2240944881889764
0
LINE
8
BLACK
6
CONTINUOUS
10
1.3200000000000001
20
1.2240944881889764
11
1.3081889763779526
21
1.2240944881889764
0
LINE
8
BLACK
6
CONTINUOUS
10
1.3081889763779526
20
1.2240944881889764
11
1.2724461417322834
21
1.2240944881889764
0
LINE
8
BLACK
6
CONTINUOUS
10
1.2724461417322834
20
1.2240944881889764
11
1.2432703149606299
21
1.1949186614173228
0
LINE
8
BLACK
6
CONTINUOUS
10
1.2432703149606299
20
1.1949186614173228
11
1.2423753937007873
21
1.1941842125984252
0
LINE
8
BLACK
6
CONTINUOUS
10
1.2423753937007873
20
1.1941842125984252
11
1.2411283858267717
21
1.1936676771653543
0
LINE
8
BLACK
6
CONTINUOUS
10
1.2411283858267717
20
1.1936676771653543
11
1.2402466141732282
21
1.1933024409448818
0
LINE
8
BLACK
6
CONTINUOUS
10
1.2402466141732282
20
1.1933024409448818
11
1.2390944881889763
21
1.1931889763779526
0
LINE
8
BLACK
6
CONTINUOUS
10
1.2390944881889763
20
1.1931889763779526
11
1.17065031496063
21
1.1931889763779526
0
LINE
8
BLACK
6
CONTINUOUS
10
1.17065031496063
20
1.1931889763779526
11
1.1129295275590552
21
1.135468188976378
0
LINE
8
BLACK
6
CONTINUOUS
10
1.1129295275590552
20
1.135468188976378
11
1.0519626771653543
21
1.0745013385826772
0
LINE
8
BLACK
6
CONTINUOUS
10
1.0519626771653543
20
1.0745013385826772
11
1.0512049999999999
21
1.0738795669291339
0
LINE
8
BLACK
6
CONTINUOUS
10
1.0512049999999999
20
1.0738795669291339
11
1.0512049606299212
21
1.0738795275590551
0
LINE
8
BLACK
6
CONTINUOUS
10
1.0512049606299212
20
1.0738795275590551
11
1.0505219291338583
21
1.0735966141732283
0
LINE
8
BLACK
6
CONTINUOUS
10
1.0505219291338583
20
1.0735966141732283
11
1.0494025984251969
21
1.0731329527559055
0
LINE
8
BLACK
6
CONTINUOUS
10
1.0494025984251969
20
1.0731329527559055
11
1.0494025590551181
21
1.0731329527559055
0
LINE
8
BLACK
6
CONTINUOUS
10
1.0494025590551181
20
1.0731329527559055
11
1.0484271259842519
21
1.0730368897637794
0
LINE
8
BLACK
6
CONTINUOUS
10
1.0484271259842519
20
1.0730368897637794
11
1.006791220472441
21
1.0730368897637794
0
LINE
8
BLACK
6
CONTINUOUS
10
1.006791220472441
20
1.0730368897637794
11
0.9885179133858267
21
1.0547635433070865
0
LINE
8
BLACK
6
CONTINUOUS
10
0.9885179133858267
20
1.0547635433070865
11
0.9877259842519684
21
1.052851496062992
0
LINE
8
BLACK
6
CONTINUOUS
10
0.9877259842519684
20
1.052851496062992
11
0.9869915354330708
21
1.0519566141732284
0
LINE
8
BLACK
6
CONTINUOUS
10
0.9869915354330708
20
1.0519566141732284
11
0.9820564173228347
21
1.047021496062992
0
LINE
8
BLACK
6
CONTINUOUS
10
0.9820564173228347
20
1.047021496062992
11
0.9059055118110236
21
0.9708705905511811
0
LINE
8
BLACK
6
CONTINUOUS
10
0.9059055118110236
20
0.9708705905511811
11
0.9059055118110236
21
0.9363799212598425
0
LINE
8
BLACK
6
CONTINUOUS
10
0.9059055118110236
20
0.9363799212598425
11
0.906696968503937
21
0.936167874015748
0
LINE
8
BLACK
6
CONTINUOUS
10
0.906696968503937
20
0.936167874015748
11
0.9106533070866142
21
0.9338837007874016
0
LINE
8
BLACK
6
CONTINUOUS
10
0.9106533070866142
20
0.9338837007874016
11
0.9138837007874016
21
0.9306533070866142
0
LINE
8
BLACK
6
CONTINUOUS
10
0.9138837007874016
20
0.9306533070866142
11
0.9161678740157481
21
0.926696968503937
0
LINE
8
BLACK
6
CONTINUOUS
10
0.9161678740157481
20
0.926696968503937
11
0.9173502755905512
21
0.9222842125984252
0
LINE
8
BLACK
6
CONTINUOUS
10
0.9173502755905512
20
0.9222842125984252
11
0.9173502755905512
21
0.9177157874015748
0
LINE
8
BLACK
6
CONTINUOUS
10
0.9173502755905512
20
0.9177157874015748
11
0.9161678740157481
21
0.913303031496063
0
LINE
8
BLACK
6
CONTINUOUS
10
0.9161678740157481
20
0.913303031496063
11
0.9138837007874016
21
0.9093466929133858
0
LINE
8
BLACK
6
CONTINUOUS
10
0.9138837007874016
20
0.9093466929133858
11
0.9106533070866142
21
0.9061162992125984
0
LINE
8
BLACK
6
CONTINUOUS
10
0.9106533070866142
20
0.9061162992125984
11
0.906696968503937
21
0.903832125984252
0
LINE
8
BLACK
6
CONTINUOUS
10
0.906696968503937
20
0.903832125984252
11
0.9022842125984252
21
0.9026497244094488
0
LINE
8
BLACK
6
CONTINUOUS
10
0.9022842125984252
20
0.9026497244094488
11
0.8977157874015748
21
0.9026497244094488
0
LINE
8
BLACK
6
CONTINUOUS
10
0.8977157874015748
20
0.9026497244094488
11
0.8933030314960629
21
0.903832125984252
0
LINE
8
BLACK
6
CONTINUOUS
10
0.8933030314960629
20
0.903832125984252
11
0.8893466929133859
21
0.9061162992125984
0
LINE
8
BLACK
6
CONTINUOUS
10
0.8893466929133859
20
0.9061162992125984
11
0.8861162992125984
21
0.9093466929133858
0
LINE
8
BLACK
6
CONTINUOUS
10
0.8861162992125984
20
0.9093466929133858
11
0.883832125984252
21
0.913303031496063
0
LINE
8
BLACK
6
CONTINUOUS
10
0.883832125984252
20
0.913303031496063
11
0.8826497244094488
21
0.9177157874015748
0
LINE
8
BLACK
6
CONTINUOUS
10
0.8826497244094488
20
0.9177157874015748
11
0.8826497244094488
21
0.9222842125984252
0
LINE
8
BLACK
6
CONTINUOUS
10
0.8826497244094488
20
0.9222842125984252
11
0.883832125984252
21
0.926696968503937
0
LINE
8
BLACK
6
CONTINUOUS
10
0.883832125984252
20
0.926696968503937
11
0.8861162992125984
21
0.9306533070866142
0
LINE
8
BLACK
6
CONTINUOUS
10
0.8861162992125984
20
0.9306533070866142
11
0.8893466929133859
21
0.9338837007874016
0
LINE
8
BLACK
6
CONTINUOUS
10
0.8893466929133859
20
0.9338837007874016
11
0.8933030314960629
21
0.936167874015748
0
LINE
8
BLACK
6
CONTINUOUS
10
0.8933030314960629
20
0.936167874015748
11
0.8940944881889764
21
0.9363799212598425
0
LINE
8
BLACK
6
CONTINUOUS
10
0.8940944881889764
20
0.9363799212598425
11
0.8940944881889764
21
0.9733167322834645
0
LINE
8
BLACK
6
CONTINUOUS
10
0.8940944881889764
20
0.9733167322834645
11
0.8942079527559055
21
0.9744688582677166
0
LINE
8
BLACK
6
CONTINUOUS
10
0.8942079527559055
20
0.9744688582677166
11
0.8946985826771653
21
0.9756533070866141
0
LINE
8
BLACK
6
CONTINUOUS
10
0.8946985826771653
20
0.9756533070866141
11
0.8950897244094488
21
0.9765976377952755
0
LINE
8
BLACK
6
CONTINUOUS
10
0.8950897244094488
20
0.9765976377952755
11
0.8958241732283464
21
0.9774925590551181
0
LINE
8
BLACK
6
CONTINUOUS
10
0.8958241732283464
20
0.9774925590551181
11
0.9720022440944882
21
1.0536706299212599
0
LINE
8
BLACK
6
CONTINUOUS
10
0.9720022440944882
20
1.0536706299212599
11
0.9720885433070866
21
1.0545466141732283
0
LINE
8
BLACK
6
CONTINUOUS
10
0.9720885433070866
20
1.0545466141732283
11
0.9725147244094487
21
1.0555755118110235
0
LINE
8
BLACK
6
CONTINUOUS
10
0.9725147244094487
20
1.0555755118110235
11
0.9729703149606299
21
1.0566753937007873
0
LINE
8
BLACK
6
CONTINUOUS
10
0.9729703149606299
20
1.0566753937007873
11
0.9737047637795275
21
1.0575703149606299
0
LINE
8
BLACK
6
CONTINUOUS
10
0.9737047637795275
20
1.0575703149606299
11
0.9992526771653543
21
1.0831182283464567
0
LINE
8
BLACK
6
CONTINUOUS
10
0.9992526771653543
20
1.0831182283464567
11
1.0001475590551181
21
1.0838526771653543
0
LINE
8
BLACK
6
CONTINUOUS
10
1.0001475590551181
20
1.0838526771653543
11
1.0017755905511811
21
1.0845270078740157
0
LINE
8
BLACK
6
CONTINUOUS
10
1.0017755905511811
20
1.0845270078740157
11
1.0022763779527559
21
1.0847344488188977
0
LINE
8
BLACK
6
CONTINUOUS
10
1.0022763779527559
20
1.0847344488188977
11
1.0034285039370079
21
1.0848479133858266
0
LINE
8
BLACK
6
CONTINUOUS
10
1.0034285039370079
20
1.0848479133858266
11
1.0456059448818897
21
1.0848479133858266
0
LINE
8
BLACK
6
CONTINUOUS
10
1.0456059448818897
20
1.0848479133858266
11
1.164028346456693
21
1.2032703149606299
0
LINE
8
BLACK
6
CONTINUOUS
10
1.164028346456693
20
1.2032703149606299
11
1.1649232677165353
21
1.2040047637795275
0
LINE
8
BLACK
6
CONTINUOUS
10
1.1649232677165353
20
1.2040047637795275
11
1.1661702755905512
21
1.2045212598425197
0
LINE
8
BLACK
6
CONTINUOUS
10
1.1661702755905512
20
1.2045212598425197
11
1.1670520472440944
21
1.2048865354330709
0
LINE
8
BLACK
6
CONTINUOUS
10
1.1670520472440944
20
1.2048865354330709
11
1.1682041732283464
21
1.2050000000000001
0
LINE
8
BLACK
6
CONTINUOUS
10
1.1682041732283464
20
1.2050000000000001
11
1.2366483464566929
21
1.2050000000000001
0
LINE
8
BLACK
6
CONTINUOUS
10
1.2366483464566929
20
1.2050000000000001
11
1.2658241732283464
21
1.2341758267716536
0
LINE
8
BLACK
6
CONTINUOUS
10
1.2658241732283464
20
1.2341758267716536
11
1.266719094488189
21
1.2349102755905512
0
LINE
8
BLACK
6
CONTINUOUS
10
1.266719094488189
20
1.2349102755905512
11
1.2679661023622046
21
1.2354267716535432
0
LINE
8
BLACK
6
CONTINUOUS
10
1.2679661023622046
20
1.2354267716535432
11
1.2688478740157481
21
1.2357920472440944
0
LINE
8
BLACK
6
CONTINUOUS
10
1.2688478740157481
20
1.2357920472440944
11
1.27
21
1.2359055118110236
0
LINE
8
BLACK
6
CONTINUOUS
10
1.27
20
1.2359055118110236
11
1.3081889763779526
21
1.2359055118110236
0
LINE
8
BLACK
6
CONTINUOUS
10
1.3081889763779526
20
1.2359055118110236
11
1.3200000000000001
21
1.2359055118110236
0
LINE
8
BLACK
6
CONTINUOUS
10
1.3200000000000001
20
1.2359055118110236
11
1.3200000000000001
21
1.26
0
LINE
8
BLACK
6
CONTINUOUS
10
1.3200000000000001
20
1.26
11
1.3799999999999999
21
1.26
0
LINE
8
BLACK
6
CONTINUOUS
10
1.3799999999999999
20
1.26
11
1.3799999999999999
21
1.2
0
LINE
8
BLACK
6
CONTINUOUS
10
1.3799999999999999
20
1.0999999999999999
11
1.3200000000000001
21
1.0999999999999999
0
LINE
8
BLACK
6
CONTINUOUS
10
1.3200000000000001
20
1.0999999999999999
11
1.3200000000000001
21
1.125
0
LINE
8
BLACK
6
CONTINUOUS
10
1.3200000000000001
20
1.125
11
1.3100000000000001
21
1.125
0
LINE
8
BLACK
6
CONTINUOUS
10
1.3100000000000001
20
1.125
11
1.1723223622047243
21
1.125
0
LINE
8
BLACK
6
CONTINUOUS
10
1.1723223622047243
20
1.125
11
0.99
21
0.9426775984251968
0
LINE
8
BLACK
6
CONTINUOUS
10
0.99
20
0.9426775984251968
11
0.99
21
0.936622559055118
0
LINE
8
BLACK
6
CONTINUOUS
10
0.99
20
0.936622559055118
11
0.991696968503937
21
0.936167874015748
0
LINE
8
BLACK
6
CONTINUOUS
10
0.991696968503937
20
0.936167874015748
11
0.9956533070866141
21
0.9338837007874016
0
LINE
8
BLACK
6
CONTINUOUS
10
0.9956533070866141
20
0.9338837007874016
11
0.9988837007874015
21
0.9306533070866142
0
LINE
8
BLACK
6
CONTINUOUS
10
0.9988837007874015
20
0.9306533070866142
11
1.0011678740157479
21
0.926696968503937
0
LINE
8
BLACK
6
CONTINUOUS
10
1.0011678740157479
20
0.926696968503937
11
1.0023502755905511
21
0.9222842125984252
0
LINE
8
BLACK
6
CONTINUOUS
10
1.0023502755905511
20
0.9222842125984252
11
1.0023502755905511
21
0.9177157874015748
0
LINE
8
BLACK
6
CONTINUOUS
10
1.0023502755905511
20
0.9177157874015748
11
1.0011678740157479
21
0.913303031496063
0
LINE
8
BLACK
6
CONTINUOUS
10
1.0011678740157479
20
0.913303031496063
11
0.9988837007874015
21
0.9093466929133858
0
LINE
8
BLACK
6
CONTINUOUS
10
0.9988837007874015
20
0.9093466929133858
11
0.9956533070866141
21
0.9061162992125984
0
LINE
8
BLACK
6
CONTINUOUS
10
0.9956533070866141
20
0.9061162992125984
11
0.991696968503937
21
0.903832125984252
0
LINE
8
BLACK
6
CONTINUOUS
10
0.991696968503937
20
0.903832125984252
11
0.9872842125984251
21
0.9026497244094488
0
LINE
8
BLACK
6
CONTINUOUS
10
0.9872842125984251
20
0.9026497244094488
11
0.9827157874015748
21
0.9026497244094488
0
LINE
8
BLACK
6
CONTINUOUS
10
0.9827157874015748
20
0.9026497244094488
11
0.978303031496063
21
0.903832125984252
0
LINE
8
BLACK
6
CONTINUOUS
10
0.978303031496063
20
0.903832125984252
11
0.9743466929133858
21
0.9061162992125984
0
LINE
8
BLACK
6
CONTINUOUS
10
0.9743466929133858
20
0.9061162992125984
11
0.9711162992125985
21
0.9093466929133858
0
LINE
8
BLACK
6
CONTINUOUS
10
0.9711162992125985
20
0.9093466929133858
11
0.9688321259842519
21
0.913303031496063
0
LINE
8
BLACK
6
CONTINUOUS
10
0.9688321259842519
20
0.913303031496063
11
0.9676497244094487
21
0.9177157874015748
0
LINE
8
BLACK
6
CONTINUOUS
10
0.9676497244094487
20
0.9177157874015748
11
0.9676497244094487
21
0.9222842125984252
0
LINE
8
BLACK
6
CONTINUOUS
10
0.9676497244094487
20
0.9222842125984252
11
0.9688321259842519
21
0.926696968503937
0
LINE
8
BLACK
6
CONTINUOUS
10
0.9688321259842519
20
0.926696968503937
11
0.9711162992125985
21
0.9306533070866142
0
LINE
8
BLACK
6
CONTINUOUS
10
0.9711162992125985
20
0.9306533070866142
11
0.9743466929133858
21
0.9338837007874016
0
LINE
8
BLACK
6
CONTINUOUS
10
0.9743466929133858
20
0.9338837007874016
11
0.978303031496063
21
0.936167874015748
0
LINE
8
BLACK
6
CONTINUOUS
10
0.978303031496063
20
0.936167874015748
11
0.98
21
0.936622559055118
0
LINE
8
BLACK
6
CONTINUOUS
10
0.98
20
0.936622559055118
11
0.98
21
0.9447487007874016
0
LINE
8
BLACK
6
CONTINUOUS
10
0.98
20
0.9447487007874016
11
0.9800960629921259
21
0.9457241338582677
0
LINE
8
BLACK
6
CONTINUOUS
10
0.9800960629921259
20
0.9457241338582677
11
0.9802798818897638
21
0.946167874015748
0
LINE
8
BLACK
6
CONTINUOUS
10
0.9802798818897638
20
0.946167874015748
11
0.9804053149606299
21
0.946470748031496
0
LINE
8
BLACK
6
CONTINUOUS
10
0.9804053149606299
20
0.946470748031496
11
0.9808426377952756
21
0.9475265354330709
0
LINE
8
BLACK
6
CONTINUOUS
10
0.9808426377952756
20
0.9475265354330709
11
0.9808426771653543
21
0.9475265748031496
0
LINE
8
BLACK
6
CONTINUOUS
10
0.9808426771653543
20
0.9475265748031496
11
0.9814644488188976
21
0.948284251968504
0
LINE
8
BLACK
6
CONTINUOUS
10
0.9814644488188976
20
0.948284251968504
11
1.166715748031496
21
1.1335355118110235
0
LINE
8
BLACK
6
CONTINUOUS
10
1.166715748031496
20
1.1335355118110235
11
1.1674734251968504
21
1.1341573228346455
0
LINE
8
BLACK
6
CONTINUOUS
10
1.1674734251968504
20
1.1341573228346455
11
1.1674734645669291
21
1.1341573622047243
0
LINE
8
BLACK
6
CONTINUOUS
10
1.1674734645669291
20
1.1341573622047243
11
1.1692758661417322
21
1.134903937007874
0
LINE
8
BLACK
6
CONTINUOUS
10
1.1692758661417322
20
1.134903937007874
11
1.1702512992125984
21
1.135
0
LINE
8
BLACK
6
CONTINUOUS
10
1.1702512992125984
20
1.135
11
1.3100000000000001
21
1.135
0
LINE
8
BLACK
6
CONTINUOUS
10
1.3100000000000001
20
1.135
11
1.3200000000000001
21
1.135
0
LINE
8
BLACK
6
CONTINUOUS
10
1.3200000000000001
20
1.135
11
1.3200000000000001
21
1.1599999999999999
0
LINE
8
BLACK
6
CONTINUOUS
10
1.3200000000000001
20
1.1599999999999999
11
1.3799999999999999
21
1.1599999999999999
0
LINE
8
BLACK
6
CONTINUOUS
10
1.3799999999999999
20
1.1599999999999999
11
1.3799999999999999
21
1.0999999999999999
0
LINE
8
BLACK
6
CONTINUOUS
10
1.3799999999999999
20
1.
11
1.3200000000000001
21
1.
0
LINE
8
BLACK
6
CONTINUOUS
10
1.3200000000000001
20
1.
11
1.3200000000000001
21
1.0240944881889764
0
LINE
8
BLACK
6
CONTINUOUS
10
1.3200000000000001
20
1.0240944881889764
11
1.1424461417322835
21
1.0240944881889764
0
LINE
8
BLACK
6
CONTINUOUS
10
1.1424461417322835
20
1.0240944881889764
11
1.0457581889763778
21
0.9274065354330708
0
LINE
8
BLACK
6
CONTINUOUS
10
1.0457581889763778
20
0.9274065354330708
11
1.0461678740157481
21
0.926696968503937
0
LINE
8
BLACK
6
CONTINUOUS
10
1.0461678740157481
20
0.926696968503937
11
1.047350275590551
21
0.9222842125984252
0
LINE
8
BLACK
6
CONTINUOUS
10
1.047350275590551
20
0.9222842125984252
11
1.047350275590551
21
0.9177157874015748
0
LINE
8
BLACK
6
CONTINUOUS
10
1.047350275590551
20
0.9177157874015748
11
1.0461678740157481
21
0.913303031496063
0
LINE
8
BLACK
6
CONTINUOUS
10
1.0461678740157481
20
0.913303031496063
11
1.0438837007874016
21
0.9093466929133858
0
LINE
8
BLACK
6
CONTINUOUS
10
1.0438837007874016
20
0.9093466929133858
11
1.0406533070866142
21
0.9061162992125984
0
LINE
8
BLACK
6
CONTINUOUS
10
1.0406533070866142
20
0.9061162992125984
11
1.0366969685039369
21
0.903832125984252
0
LINE
8
BLACK
6
CONTINUOUS
10
1.0366969685039369
20
0.903832125984252
11
1.0322842125984251
21
0.9026497244094488
0
LINE
8
BLACK
6
CONTINUOUS
10
1.0322842125984251
20
0.9026497244094488
11
1.0277157874015748
21
0.9026497244094488
0
LINE
8
BLACK
6
CONTINUOUS
10
1.0277157874015748
20
0.9026497244094488
11
1.0233030314960629
21
0.903832125984252
0
LINE
8
BLACK
6
CONTINUOUS
10
1.0233030314960629
20
0.903832125984252
11
1.0193466929133859
21
0.9061162992125984
0
LINE
8
BLACK
6
CONTINUOUS
10
1.0193466929133859
20
0.9061162992125984
11
1.0161162992125985
21
0.9093466929133858
0
LINE
8
BLACK
6
CONTINUOUS
10
1.0161162992125985
20
0.9093466929133858
11
1.013832125984252
21
0.913303031496063
0
LINE
8
BLACK
6
CONTINUOUS
10
1.013832125984252
20
0.913303031496063
11
1.0126497244094488
21
0.9177157874015748
0
LINE
8
BLACK
6
CONTINUOUS
10
1.0126497244094488
20
0.9177157874015748
11
1.0126497244094488
21
0.9222842125984252
0
LINE
8
BLACK
6
CONTINUOUS
10
1.0126497244094488
20
0.9222842125984252
11
1.013832125984252
21
0.926696968503937
0
LINE
8
BLACK
6
CONTINUOUS
10
1.013832125984252
20
0.926696968503937
11
1.0161162992125985
21
0.9306533070866142
0
LINE
8
BLACK
6
CONTINUOUS
10
1.0161162992125985
20
0.9306533070866142
11
1.0193466929133859
21
0.9338837007874016
0
LINE
8
BLACK
6
CONTINUOUS
10
1.0193466929133859
20
0.9338837007874016
11
1.0233030314960629
21
0.936167874015748
0
LINE
8
BLACK
6
CONTINUOUS
10
1.0233030314960629
20
0.936167874015748
11
1.0277157874015748
21
0.9373502755905512
0
LINE
8
BLACK
6
CONTINUOUS
10
1.0277157874015748
20
0.9373502755905512
11
1.0322842125984251
21
0.9373502755905512
0
LINE
8
BLACK
6
CONTINUOUS
10
1.0322842125984251
20
0.9373502755905512
11
1.0366969685039369
21
0.936167874015748
0
LINE
8
BLACK
6
CONTINUOUS
10
1.0366969685039369
20
0.936167874015748
11
1.0374065354330708
21
0.935758188976378
0
LINE
8
BLACK
6
CONTINUOUS
10
1.0374065354330708
20
0.935758188976378
11
1.1358241732283465
21
1.0341758267716534
0
LINE
8
BLACK
6
CONTINUOUS
10
1.1358241732283465
20
1.0341758267716534
11
1.1367190944881889
21
1.0349102755905513
0
LINE
8
BLACK
6
CONTINUOUS
10
1.1367190944881889
20
1.0349102755905513
11
1.1379661023622047
21
1.0354267716535432
0
LINE
8
BLACK
6
CONTINUOUS
10
1.1379661023622047
20
1.0354267716535432
11
1.1388478740157479
21
1.0357920472440945
0
LINE
8
BLACK
6
CONTINUOUS
10
1.1388478740157479
20
1.0357920472440945
11
1.1399999999999999
21
1.0359055118110236
0
LINE
8
BLACK
6
CONTINUOUS
10
1.1399999999999999
20
1.0359055118110236
11
1.3200000000000001
21
1.0359055118110236
0
LINE
8
BLACK
6
CONTINUOUS
10
1.3200000000000001
20
1.0359055118110236
11
1.3200000000000001
21
1.0600000000000001
0
LINE
8
BLACK
6
CONTINUOUS
10
1.3200000000000001
20
1.0600000000000001
11
1.3799999999999999
21
1.0600000000000001
0
LINE
8
BLACK
6
CONTINUOUS
10
1.3799999999999999
20
1.0600000000000001
11
1.3799999999999999
21
1.
0
LINE
8
BLACK
6
CONTINUOUS
10
1.78
20
1.1399999999999999
11
1.72
21
1.1399999999999999
0
LINE
8
BLACK
6
CONTINUOUS
10
1.72
20
1.1399999999999999
11
1.72
21
1.165
0
LINE
8
BLACK
6
CONTINUOUS
10
1.72
20
1.165
11
1.71
21
1.165
0
LINE
8
BLACK
6
CONTINUOUS
10
1.71
20
1.165
11
1.7090245669291337
21
1.1650960629921259
0
LINE
8
BLACK
6
CONTINUOUS
10
1.7090245669291337
20
1.1650960629921259
11
1.709024527559055
21
1.1650960629921259
0
LINE
8
BLACK
6
CONTINUOUS
10
1.709024527559055
20
1.1650960629921259
11
1.7072221259842519
21
1.1658426377952755
0
LINE
8
BLACK
6
CONTINUOUS
10
1.7072221259842519
20
1.1658426377952755
11
1.7064644881889763
21
1.1664644488188975
0
LINE
8
BLACK
6
CONTINUOUS
10
1.7064644881889763
20
1.1664644488188975
11
1.7029288582677164
21
1.1699999999999999
0
LINE
8
BLACK
6
CONTINUOUS
10
1.7029288582677164
20
1.1699999999999999
11
1.1757461417322834
21
1.1699999999999999
0
LINE
8
BLACK
6
CONTINUOUS
10
1.1757461417322834
20
1.1699999999999999
11
1.0477474409448819
21
1.0420012992125984
0
LINE
8
BLACK
6
CONTINUOUS
10
1.0477474409448819
20
1.0420012992125984
11
1.0469897637795276
21
1.0413795275590552
0
LINE
8
BLACK
6
CONTINUOUS
10
1.0469897637795276
20
1.0413795275590552
11
1.0469897244094488
21
1.0413794881889764
0
LINE
8
BLACK
6
CONTINUOUS
10
1.0469897244094488
20
1.0413794881889764
11
1.045933937007874
21
1.0409421653543307
0
LINE
8
BLACK
6
CONTINUOUS
10
1.045933937007874
20
1.0409421653543307
11
1.0451873622047243
21
1.0406329133858268
0
LINE
8
BLACK
6
CONTINUOUS
10
1.0451873622047243
20
1.0406329133858268
11
1.0451873228346455
21
1.0406329133858268
0
LINE
8
BLACK
6
CONTINUOUS
10
1.0451873228346455
20
1.0406329133858268
11
1.0442118897637795
21
1.0405368503937007
0
LINE
8
BLACK
6
CONTINUOUS
10
1.0442118897637795
20
1.0405368503937007
11
1.036085748031496
21
1.0405368503937007
0
LINE
8
BLACK
6
CONTINUOUS
10
1.036085748031496
20
1.0405368503937007
11
1.0356310629921259
21
1.0388398818897637
0
LINE
8
BLACK
6
CONTINUOUS
10
1.0356310629921259
20
1.0388398818897637
11
1.0333468897637794
21
1.0348835433070867
0
LINE
8
BLACK
6
CONTINUOUS
10
1.0333468897637794
20
1.0348835433070867
11
1.030116496062992
21
1.0316531496062993
0
LINE
8
BLACK
6
CONTINUOUS
10
1.030116496062992
20
1.0316531496062993
11
1.026160157480315
21
1.0293689763779528
0
LINE
8
BLACK
6
CONTINUOUS
10
1.026160157480315
20
1.0293689763779528
11
1.0217474015748031
21
1.0281865748031496
0
LINE
8
BLACK
6
CONTINUOUS
10
1.0217474015748031
20
1.0281865748031496
11
1.0171789763779526
21
1.0281865748031496
0
LINE
8
BLACK
6
CONTINUOUS
10
1.0171789763779526
20
1.0281865748031496
11
1.012766220472441
21
1.0293689763779528
0
LINE
8
BLACK
6
CONTINUOUS
10
1.012766220472441
20
1.0293689763779528
11
1.0088098818897637
21
1.0316531496062993
0
LINE
8
BLACK
6
CONTINUOUS
10
1.0088098818897637
20
1.0316531496062993
11
1.0055794881889764
21
1.0348835433070867
0
LINE
8
BLACK
6
CONTINUOUS
10
1.0055794881889764
20
1.0348835433070867
11
1.0032953149606298
21
1.0388398818897637
0
LINE
8
BLACK
6
CONTINUOUS
10
1.0032953149606298
20
1.0388398818897637
11
1.0021129133858266
21
1.0432526377952756
0
LINE
8
BLACK
6
CONTINUOUS
10
1.0021129133858266
20
1.0432526377952756
11
1.0021129133858266
21
1.0478210629921259
0
LINE
8
BLACK
6
CONTINUOUS
10
1.0021129133858266
20
1.0478210629921259
11
1.0032953149606298
21
1.0522338188976377
0
LINE
8
BLACK
6
CONTINUOUS
10
1.0032953149606298
20
1.0522338188976377
11
1.0055794881889764
21
1.056190157480315
0
LINE
8
BLACK
6
CONTINUOUS
10
1.0055794881889764
20
1.056190157480315
11
1.0088098818897637
21
1.0594205511811023
0
LINE
8
BLACK
6
CONTINUOUS
10
1.0088098818897637
20
1.0594205511811023
11
1.012766220472441
21
1.0617047244094489
0
LINE
8
BLACK
6
CONTINUOUS
10
1.012766220472441
20
1.0617047244094489
11
1.0171789763779526
21
1.0628871259842518
0
LINE
8
BLACK
6
CONTINUOUS
10
1.0171789763779526
20
1.0628871259842518
11
1.0217474015748031
21
1.0628871259842518
0
LINE
8
BLACK
6
CONTINUOUS
10
1.0217474015748031
20
1.0628871259842518
11
1.026160157480315
21
1.0617047244094489
0
LINE
8
BLACK
6
CONTINUOUS
10
1.026160157480315
20
1.0617047244094489
11
1.030116496062992
21
1.0594205511811023
0
LINE
8
BLACK
6
CONTINUOUS
10
1.030116496062992
20
1.0594205511811023
11
1.0333468897637794
21
1.056190157480315
0
LINE
8
BLACK
6
CONTINUOUS
10
1.0333468897637794
20
1.056190157480315
11
1.0356310629921259
21
1.0522338188976377
0
LINE
8
BLACK
6
CONTINUOUS
10
1.0356310629921259
20
1.0522338188976377
11
1.036085748031496
21
1.0505368503937007
0
LINE
8
BLACK
6
CONTINUOUS
10
1.036085748031496
20
1.0505368503937007
11
1.0421407874015747
21
1.0505368503937007
0
LINE
8
BLACK
6
CONTINUOUS
10
1.0421407874015747
20
1.0505368503937007
11
1.1701394881889764
21
1.1785355511811024
0
LINE
8
BLACK
6
CONTINUOUS
10
1.1701394881889764
20
1.1785355511811024
11
1.1708971653543307
21
1.1791573622047244
0
LINE
8
BLACK
6
CONTINUOUS
10
1.1708971653543307
20
1.1791573622047244
11
1.1726995669291338
21
1.1799039370078739
0
LINE
8
BLACK
6
CONTINUOUS
10
1.1726995669291338
20
1.1799039370078739
11
1.1726996062992125
21
1.1799039370078739
0
LINE
8
BLACK
6
CONTINUOUS
10
1.1726996062992125
20
1.1799039370078739
11
1.1736750393700788
21
1.1799999999999999
0
LINE
8
BLACK
6
CONTINUOUS
10
1.1736750393700788
20
1.1799999999999999
11
1.7049999606299213
21
1.1800000393700787
0
LINE
8
BLACK
6
CONTINUOUS
10
1.7049999606299213
20
1.1800000393700787
11
1.7059753937007873
21
1.1799039763779526
0
LINE
8
BLACK
6
CONTINUOUS
10
1.7059753937007873
20
1.1799039763779526
11
1.7059754330708661
21
1.1799039763779526
0
LINE
8
BLACK
6
CONTINUOUS
10
1.7059754330708661
20
1.1799039763779526
11
1.7067220078740157
21
1.1795946850393701
0
LINE
8
BLACK
6
CONTINUOUS
10
1.7067220078740157
20
1.1795946850393701
11
1.7077777952755906
21
1.1791574015748032
0
LINE
8
BLACK
6
CONTINUOUS
10
1.7077777952755906
20
1.1791574015748032
11
1.7077778346456693
21
1.1791573622047244
0
LINE
8
BLACK
6
CONTINUOUS
10
1.7077778346456693
20
1.1791573622047244
11
1.7085355118110235
21
1.1785355905511812
0
LINE
8
BLACK
6
CONTINUOUS
10
1.7085355118110235
20
1.1785355905511812
11
1.7120710629921259
21
1.175
0
LINE
8
BLACK
6
CONTINUOUS
10
1.7120710629921259
20
1.175
11
1.72
21
1.175
0
LINE
8
BLACK
6
CONTINUOUS
10
1.72
20
1.175
11
1.72
21
1.2
0
LINE
8
BLACK
6
CONTINUOUS
10
1.72
20
1.2
11
1.78
21
1.2
0
LINE
8
BLACK
6
CONTINUOUS
10
1.78
20
1.2
11
1.78
21
1.1399999999999999
0
LINE
8
BLACK
6
CONTINUOUS
10
1.3799999999999999
20
1.3
11
1.3200000000000001
21
1.3
0
LINE
8
BLACK
6
CONTINUOUS
10
1.3200000000000001
20
1.3
11
1.3200000000000001
21
1.3240944881889762
0
LINE
8
BLACK
6
CONTINUOUS
10
1.3200000000000001
20
1.3240944881889762
11
1.3081889763779526
21
1.3240944881889762
0
LINE
8
BLACK
6
CONTINUOUS
10
1.3081889763779526
20
1.3240944881889762
11
1.270709842519685
21
1.3240944881889762
0
LINE
8
BLACK
6
CONTINUOUS
10
1.270709842519685
20
1.3240944881889762
11
1.0431933070866142
21
1.0965779527559054
0
LINE
8
BLACK
6
CONTINUOUS
10
1.0431933070866142
20
1.0965779527559054
11
1.0422983858267716
21
1.0958435039370078
0
LINE
8
BLACK
6
CONTINUOUS
10
1.0422983858267716
20
1.0958435039370078
11
1.0410513779527559
21
1.0953269685039371
0
LINE
8
BLACK
6
CONTINUOUS
10
1.0410513779527559
20
1.0953269685039371
11
1.0401696062992125
21
1.0949617322834646
0
LINE
8
BLACK
6
CONTINUOUS
10
1.0401696062992125
20
1.0949617322834646
11
1.0390174803149606
21
1.0948482677165354
0
LINE
8
BLACK
6
CONTINUOUS
10
1.0390174803149606
20
1.0948482677165354
11
0.9804429527559055
21
1.0948482677165354
0
LINE
8
BLACK
6
CONTINUOUS
10
0.9804429527559055
20
1.0948482677165354
11
0.9418797637795275
21
1.0562850787401574
0
LINE
8
BLACK
6
CONTINUOUS
10
0.9418797637795275
20
1.0562850787401574
11
0.9422894488188976
21
1.0555755118110235
0
LINE
8
BLACK
6
CONTINUOUS
10
0.9422894488188976
20
1.0555755118110235
11
0.9434718503937007
21
1.0511627559055119
0
LINE
8
BLACK
6
CONTINUOUS
10
0.9434718503937007
20
1.0511627559055119
11
0.9434718503937007
21
1.0465943307086614
0
LINE
8
BLACK
6
CONTINUOUS
10
0.9434718503937007
20
1.0465943307086614
11
0.9422894488188976
21
1.0421815748031495
0
LINE
8
BLACK
6
CONTINUOUS
10
0.9422894488188976
20
1.0421815748031495
11
0.9400052755905511
21
1.0382252362204725
0
LINE
8
BLACK
6
CONTINUOUS
10
0.9400052755905511
20
1.0382252362204725
11
0.9367748818897638
21
1.0349948425196851
0
LINE
8
BLACK
6
CONTINUOUS
10
0.9367748818897638
20
1.0349948425196851
11
0.9328185433070866
21
1.0327106692913386
0
LINE
8
BLACK
6
CONTINUOUS
10
0.9328185433070866
20
1.0327106692913386
11
0.9284057874015748
21
1.0315282677165354
0
LINE
8
BLACK
6
CONTINUOUS
10
0.9284057874015748
20
1.0315282677165354
11
0.9238373622047243
21
1.0315282677165354
0
LINE
8
BLACK
6
CONTINUOUS
10
0.9238373622047243
20
1.0315282677165354
11
0.9194246062992126
21
1.0327106692913386
0
LINE
8
BLACK
6
CONTINUOUS
10
0.9194246062992126
20
1.0327106692913386
11
0.9154682677165354
21
1.0349948425196851
0
LINE
8
BLACK
6
CONTINUOUS
10
0.9154682677165354
20
1.0349948425196851
11
0.912237874015748
21
1.0382252362204725
0
LINE
8
BLACK
6
CONTINUOUS
10
0.912237874015748
20
1.0382252362204725
11
0.9099537007874016
21
1.0421815748031495
0
LINE
8
BLACK
6
CONTINUOUS
10
0.9099537007874016
20
1.0421815748031495
11
0.9087712992125984
21
1.0465943307086614
0
LINE
8
BLACK
6
CONTINUOUS
10
0.9087712992125984
20
1.0465943307086614
11
0.9087712992125984
21
1.0511627559055119
0
LINE
8
BLACK
6
CONTINUOUS
10
0.9087712992125984
20
1.0511627559055119
11
0.9099537007874016
21
1.0555755118110235
0
LINE
8
BLACK
6
CONTINUOUS
10
0.9099537007874016
20
1.0555755118110235
11
0.912237874015748
21
1.0595318503937008
0
LINE
8
BLACK
6
CONTINUOUS
10
0.912237874015748
20
1.0595318503937008
11
0.9154682677165354
21
1.0627622440944882
0
LINE
8
BLACK
6
CONTINUOUS
10
0.9154682677165354
20
1.0627622440944882
11
0.9194246062992126
21
1.0650464173228347
0
LINE
8
BLACK
6
CONTINUOUS
10
0.9194246062992126
20
1.0650464173228347
11
0.9238373622047243
21
1.0662288188976379
0
LINE
8
BLACK
6
CONTINUOUS
10
0.9238373622047243
20
1.0662288188976379
11
0.9284057874015748
21
1.0662288188976379
0
LINE
8
BLACK
6
CONTINUOUS
10
0.9284057874015748
20
1.0662288188976379
11
0.9328185433070866
21
1.0650464173228347
0
LINE
8
BLACK
6
CONTINUOUS
10
0.9328185433070866
20
1.0650464173228347
11
0.9335281102362204
21
1.0646367322834644
0
LINE
8
BLACK
6
CONTINUOUS
10
0.9335281102362204
20
1.0646367322834644
11
0.9738209842519685
21
1.1049296062992127
0
LINE
8
BLACK
6
CONTINUOUS
10
0.9738209842519685
20
1.1049296062992127
11
0.974715905511811
21
1.1056640551181103
0
LINE
8
BLACK
6
CONTINUOUS
10
0.974715905511811
20
1.1056640551181103
11
0.9759629133858267
21
1.1061805511811023
0
LINE
8
BLACK
6
CONTINUOUS
10
0.9759629133858267
20
1.1061805511811023
11
0.9768446850393701
21
1.1065458267716535
0
LINE
8
BLACK
6
CONTINUOUS
10
0.9768446850393701
20
1.1065458267716535
11
0.977996811023622
21
1.1066592913385827
0
LINE
8
BLACK
6
CONTINUOUS
10
0.977996811023622
20
1.1066592913385827
11
1.0365713385826771
21
1.1066592913385827
0
LINE
8
BLACK
6
CONTINUOUS
10
1.0365713385826771
20
1.1066592913385827
11
1.264087874015748
21
1.3341758267716535
0
LINE
8
BLACK
6
CONTINUOUS
10
1.264087874015748
20
1.3341758267716535
11
1.2649827952755905
21
1.3349102755905511
0
LINE
8
BLACK
6
CONTINUOUS
10
1.2649827952755905
20
1.3349102755905511
11
1.2662298031496062
21
1.3354267716535433
0
LINE
8
BLACK
6
CONTINUOUS
10
1.2662298031496062
20
1.3354267716535433
11
1.2671115748031496
21
1.3357920472440945
0
LINE
8
BLACK
6
CONTINUOUS
10
1.2671115748031496
20
1.3357920472440945
11
1.2682637007874016
21
1.3359055118110237
0
LINE
8
BLACK
6
CONTINUOUS
10
1.2682637007874016
20
1.3359055118110237
11
1.3081889763779526
21
1.3359055118110237
0
LINE
8
BLACK
6
CONTINUOUS
10
1.3081889763779526
20
1.3359055118110237
11
1.3200000000000001
21
1.3359055118110237
0
LINE
8
BLACK
6
CONTINUOUS
10
1.3200000000000001
20
1.3359055118110237
11
1.3200000000000001
21
1.3599999999999999
0
LINE
8
BLACK
6
CONTINUOUS
10
1.3200000000000001
20
1.3599999999999999
11
1.3799999999999999
21
1.3599999999999999
0
LINE
8
BLACK
6
CONTINUOUS
10
1.3799999999999999
20
1.3599999999999999
11
1.3799999999999999
21
1.3
0
LINE
8
BLACK
6
CONTINUOUS
10
1.3799999999999999
20
1.3999999999999999
11
1.3200000000000001
21
1.3999999999999999
0
LINE
8
BLACK
6
CONTINUOUS
10
1.3200000000000001
20
1.3999999999999999
11
1.3200000000000001
21
1.4240944881889763
0
LINE
8
BLACK
6
CONTINUOUS
10
1.3200000000000001
20
1.4240944881889763
11
1.3106351181102363
21
1.4240944881889763
0
LINE
8
BLACK
6
CONTINUOUS
10
1.3106351181102363
20
1.4240944881889763
11
1.0473648031496063
21
1.1608241732283464
0
LINE
8
BLACK
6
CONTINUOUS
10
1.0473648031496063
20
1.1608241732283464
11
1.0464698818897638
21
1.1600897244094488
0
LINE
8
BLACK
6
CONTINUOUS
10
1.0464698818897638
20
1.1600897244094488
11
1.0452228740157481
21
1.1595731889763778
0
LINE
8
BLACK
6
CONTINUOUS
10
1.0452228740157481
20
1.1595731889763778
11
1.0443411023622047
21
1.1592079527559054
0
LINE
8
BLACK
6
CONTINUOUS
10
1.0443411023622047
20
1.1592079527559054
11
1.0431889763779527
21
1.1590944881889764
0
LINE
8
BLACK
6
CONTINUOUS
10
1.0431889763779527
20
1.1590944881889764
11
0.9726974409448819
21
1.1590944881889764
0
LINE
8
BLACK
6
CONTINUOUS
10
0.9726974409448819
20
1.1590944881889764
11
0.8859055118110236
21
1.0723025590551181
0
LINE
8
BLACK
6
CONTINUOUS
10
0.8859055118110236
20
1.0723025590551181
11
0.8859055118110236
21
1.0663799212598426
0
LINE
8
BLACK
6
CONTINUOUS
10
0.8859055118110236
20
1.0663799212598426
11
0.886696968503937
21
1.0661678740157481
0
LINE
8
BLACK
6
CONTINUOUS
10
0.886696968503937
20
1.0661678740157481
11
0.8906533070866142
21
1.0638837007874016
0
LINE
8
BLACK
6
CONTINUOUS
10
0.8906533070866142
20
1.0638837007874016
11
0.8938837007874015
21
1.0606533070866142
0
LINE
8
BLACK
6
CONTINUOUS
10
0.8938837007874015
20
1.0606533070866142
11
0.896167874015748
21
1.0566969685039369
0
LINE
8
BLACK
6
CONTINUOUS
10
0.896167874015748
20
1.0566969685039369
11
0.8973502755905511
21
1.0522842125984251
0
LINE
8
BLACK
6
CONTINUOUS
10
0.8973502755905511
20
1.0522842125984251
11
0.8973502755905511
21
1.0477157874015748
0
LINE
8
BLACK
6
CONTINUOUS
10
0.8973502755905511
20
1.0477157874015748
11
0.896167874015748
21
1.043303031496063
0
LINE
8
BLACK
6
CONTINUOUS
10
0.896167874015748
20
1.043303031496063
11
0.8938837007874015
21
1.0393466929133859
0
LINE
8
BLACK
6
CONTINUOUS
10
0.8938837007874015
20
1.0393466929133859
11
0.8906533070866142
21
1.0361162992125983
0
LINE
8
BLACK
6
CONTINUOUS
10
0.8906533070866142
20
1.0361162992125983
11
0.886696968503937
21
1.033832125984252
0
LINE
8
BLACK
6
CONTINUOUS
10
0.886696968503937
20
1.033832125984252
11
0.8822842125984252
21
1.0326497244094488
0
LINE
8
BLACK
6
CONTINUOUS
10
0.8822842125984252
20
1.0326497244094488
11
0.8777157874015747
21
1.0326497244094488
0
LINE
8
BLACK
6
CONTINUOUS
10
0.8777157874015747
20
1.0326497244094488
11
0.8733030314960629
21
1.033832125984252
0
LINE
8
BLACK
6
CONTINUOUS
10
0.8733030314960629
20
1.033832125984252
11
0.8693466929133858
21
1.0361162992125983
0
LINE
8
BLACK
6
CONTINUOUS
10
0.8693466929133858
20
1.0361162992125983
11
0.8661162992125984
21
1.0393466929133859
0
LINE
8
BLACK
6
CONTINUOUS
10
0.8661162992125984
20
1.0393466929133859
11
0.863832125984252
21
1.043303031496063
0
LINE
8
BLACK
6
CONTINUOUS
10
0.863832125984252
20
1.043303031496063
11
0.8626497244094488
21
1.0477157874015748
0
LINE
8
BLACK
6
CONTINUOUS
10
0.8626497244094488
20
1.0477157874015748
11
0.8626497244094488
21
1.0522842125984251
0
LINE
8
BLACK
6
CONTINUOUS
10
0.8626497244094488
20
1.0522842125984251
11
0.863832125984252
21
1.0566969685039369
0
LINE
8
BLACK
6
CONTINUOUS
10
0.863832125984252
20
1.0566969685039369
11
0.8661162992125984
21
1.0606533070866142
0
LINE
8
BLACK
6
CONTINUOUS
10
0.8661162992125984
20
1.0606533070866142
11
0.8693466929133858
21
1.0638837007874016
0
LINE
8
BLACK
6
CONTINUOUS
10
0.8693466929133858
20
1.0638837007874016
11
0.8733030314960629
21
1.0661678740157481
0
LINE
8
BLACK
6
CONTINUOUS
10
0.8733030314960629
20
1.0661678740157481
11
0.8740944881889764
21
1.0663799212598426
0
LINE
8
BLACK
6
CONTINUOUS
10
0.8740944881889764
20
1.0663799212598426
11
0.8740944881889764
21
1.0747487007874015
0
LINE
8
BLACK
6
CONTINUOUS
10
0.8740944881889764
20
1.0747487007874015
11
0.8742079527559055
21
1.0759008267716534
0
LINE
8
BLACK
6
CONTINUOUS
10
0.8742079527559055
20
1.0759008267716534
11
0.874866968503937
21
1.0774917716535433
0
LINE
8
BLACK
6
CONTINUOUS
10
0.874866968503937
20
1.0774917716535433
11
0.8750897244094488
21
1.0780296062992125
0
LINE
8
BLACK
6
CONTINUOUS
10
0.8750897244094488
20
1.0780296062992125
11
0.8758241732283465
21
1.0789245275590551
0
LINE
8
BLACK
6
CONTINUOUS
10
0.8758241732283465
20
1.0789245275590551
11
0.9660754724409448
21
1.1691758267716534
0
LINE
8
BLACK
6
CONTINUOUS
10
0.9660754724409448
20
1.1691758267716534
11
0.9669703937007874
21
1.1699102755905511
0
LINE
8
BLACK
6
CONTINUOUS
10
0.9669703937007874
20
1.1699102755905511
11
0.9682174015748032
21
1.1704267716535433
0
LINE
8
BLACK
6
CONTINUOUS
10
0.9682174015748032
20
1.1704267716535433
11
0.9690991732283465
21
1.1707920472440945
0
LINE
8
BLACK
6
CONTINUOUS
10
0.9690991732283465
20
1.1707920472440945
11
0.9702512992125985
21
1.1709055118110236
0
LINE
8
BLACK
6
CONTINUOUS
10
0.9702512992125985
20
1.1709055118110236
11
1.0407428346456693
21
1.1709055118110236
0
LINE
8
BLACK
6
CONTINUOUS
10
1.0407428346456693
20
1.1709055118110236
11
1.3040131496062992
21
1.4341758267716536
0
LINE
8
BLACK
6
CONTINUOUS
10
1.3040131496062992
20
1.4341758267716536
11
1.304908031496063
21
1.4349102755905512
0
LINE
8
BLACK
6
CONTINUOUS
10
1.304908031496063
20
1.4349102755905512
11
1.3057898031496062
21
1.4352754724409449
0
LINE
8
BLACK
6
CONTINUOUS
10
1.3057898031496062
20
1.4352754724409449
11
1.3070368503937007
21
1.4357920472440944
0
LINE
8
BLACK
6
CONTINUOUS
10
1.3070368503937007
20
1.4357920472440944
11
1.3081889763779526
21
1.4359055118110235
0
LINE
8
BLACK
6
CONTINUOUS
10
1.3081889763779526
20
1.4359055118110235
11
1.3200000000000001
21
1.4359055118110235
0
LINE
8
BLACK
6
CONTINUOUS
10
1.3200000000000001
20
1.4359055118110235
11
1.3200000000000001
21
1.46
0
LINE
8
BLACK
6
CONTINUOUS
10
1.3200000000000001
20
1.46
11
1.3799999999999999
21
1.46
0
LINE
8
BLACK
6
CONTINUOUS
10
1.3799999999999999
20
1.46
11
1.3799999999999999
21
1.3999999999999999
0
LINE
8
BLACK
6
CONTINUOUS
10
0.8229381102362204
20
1.5398425196850394
11
0.8489804330708661
21
1.5398425196850394
0
LINE
8
BLACK
6
CONTINUOUS
10
0.8489804330708661
20
1.5398425196850394
11
1.4457166141732283
21
1.5398425196850394
0
LINE
8
BLACK
6
CONTINUOUS
10
1.4457166141732283
20
1.5398425196850394
11
1.447636811023622
21
1.5396533858267716
0
LINE
8
BLACK
6
CONTINUOUS
10
1.447636811023622
20
1.5396533858267716
11
1.4511848425196849
21
1.5381837401574803
0
LINE
8
BLACK
6
CONTINUOUS
10
1.4511848425196849
20
1.5381837401574803
11
1.4511849999999999
21
1.5381835433070865
0
LINE
8
BLACK
6
CONTINUOUS
10
1.4511849999999999
20
1.5381835433070865
11
1.4526763385826771
21
1.5369597244094488
0
LINE
8
BLACK
6
CONTINUOUS
10
1.4526763385826771
20
1.5369597244094488
11
1.5374351968503936
21
1.4522008661417323
0
LINE
8
BLACK
6
CONTINUOUS
10
1.5374351968503936
20
1.4522008661417323
11
1.5469597244094488
21
1.4426763385826771
0
LINE
8
BLACK
6
CONTINUOUS
10
1.5469597244094488
20
1.4426763385826771
11
1.548183779527559
21
1.4411848031496062
0
LINE
8
BLACK
6
CONTINUOUS
10
1.548183779527559
20
1.4411848031496062
11
1.548674527559055
21
1.4399999999999999
0
LINE
8
BLACK
6
CONTINUOUS
10
1.548674527559055
20
1.4399999999999999
11
1.5496533858267716
21
1.437636811023622
0
LINE
8
BLACK
6
CONTINUOUS
10
1.5496533858267716
20
1.437636811023622
11
1.5498425196850394
21
1.4357166141732283
0
LINE
8
BLACK
6
CONTINUOUS
10
1.5498425196850394
20
1.4357166141732283
11
1.5498425196850394
21
1.2493517716535434
0
LINE
8
BLACK
6
CONTINUOUS
10
1.5498425196850394
20
1.2493517716535434
11
1.5506533070866142
21
1.2488837007874016
0
LINE
8
BLACK
6
CONTINUOUS
10
1.5506533070866142
20
1.2488837007874016
11
1.5538837007874016
21
1.245653307086614
0
LINE
8
BLACK
6
CONTINUOUS
10
1.5538837007874016
20
1.245653307086614
11
1.5561678740157481
21
1.241696968503937
0
LINE
8
BLACK
6
CONTINUOUS
10
1.5561678740157481
20
1.241696968503937
11
1.5573502755905511
21
1.2372842125984251
0
LINE
8
BLACK
6
CONTINUOUS
10
1.5573502755905511
20
1.2372842125984251
11
1.5573502755905511
21
1.2327157874015748
0
LINE
8
BLACK
6
CONTINUOUS
10
1.5573502755905511
20
1.2327157874015748
11
1.5561678740157481
21
1.228303031496063
0
LINE
8
BLACK
6
CONTINUOUS
10
1.5561678740157481
20
1.228303031496063
11
1.5538837007874016
21
1.2243466929133857
0
LINE
8
BLACK
6
CONTINUOUS
10
1.5538837007874016
20
1.2243466929133857
11
1.5506533070866142
21
1.2211162992125983
0
LINE
8
BLACK
6
CONTINUOUS
10
1.5506533070866142
20
1.2211162992125983
11
1.5466969685039369
21
1.2188321259842518
0
LINE
8
BLACK
6
CONTINUOUS
10
1.5466969685039369
20
1.2188321259842518
11
1.5422842125984251
21
1.2176497244094489
0
LINE
8
BLACK
6
CONTINUOUS
10
1.5422842125984251
20
1.2176497244094489
11
1.5377157874015748
21
1.2176497244094489
0
LINE
8
BLACK
6
CONTINUOUS
10
1.5377157874015748
20
1.2176497244094489
11
1.533303031496063
21
1.2188321259842518
0
LINE
8
BLACK
6
CONTINUOUS
10
1.533303031496063
20
1.2188321259842518
11
1.5293466929133859
21
1.2211162992125983
0
LINE
8
BLACK
6
CONTINUOUS
10
1.5293466929133859
20
1.2211162992125983
11
1.5261162992125983
21
1.2243466929133857
0
LINE
8
BLACK
6
CONTINUOUS
10
1.5261162992125983
20
1.2243466929133857
11
1.523832125984252
21
1.228303031496063
0
LINE
8
BLACK
6
CONTINUOUS
10
1.523832125984252
20
1.228303031496063
11
1.5226497244094488
21
1.2327157874015748
0
LINE
8
BLACK
6
CONTINUOUS
10
1.5226497244094488
20
1.2327157874015748
11
1.5226497244094488
21
1.2372842125984251
0
LINE
8
BLACK
6
CONTINUOUS
10
1.5226497244094488
20
1.2372842125984251
11
1.523832125984252
21
1.241696968503937
0
LINE
8
BLACK
6
CONTINUOUS
10
1.523832125984252
20
1.241696968503937
11
1.5261162992125983
21
1.245653307086614
0
LINE
8
BLACK
6
CONTINUOUS
10
1.5261162992125983
20
1.245653307086614
11
1.5293466929133859
21
1.2488837007874016
0
LINE
8
BLACK
6
CONTINUOUS
10
1.5293466929133859
20
1.2488837007874016
11
1.5301574803149607
21
1.2493517716535434
0
LINE
8
BLACK
6
CONTINUOUS
10
1.5301574803149607
20
1.2493517716535434
11
1.5301574803149607
21
1.43163968503937
0
LINE
8
BLACK
6
CONTINUOUS
10
1.5301574803149607
20
1.43163968503937
11
1.523515748031496
21
1.4382814173228347
0
LINE
8
BLACK
6
CONTINUOUS
10
1.523515748031496
20
1.4382814173228347
11
1.44163968503937
21
1.5201574803149607
0
LINE
8
BLACK
6
CONTINUOUS
10
1.44163968503937
20
1.5201574803149607
11
0.8588229527559055
21
1.5201574803149607
0
LINE
8
BLACK
6
CONTINUOUS
10
0.8588229527559055
20
1.5201574803149607
11
0.8588229527559055
21
1.1550964566929134
0
LINE
8
BLACK
6
CONTINUOUS
10
0.8588229527559055
20
1.1550964566929134
11
0.8668114566929134
21
1.1471079527559054
0
LINE
8
BLACK
6
CONTINUOUS
10
0.8668114566929134
20
1.1471079527559054
11
0.8677157874015747
21
1.1473502755905511
0
LINE
8
BLACK
6
CONTINUOUS
10
0.8677157874015747
20
1.1473502755905511
11
0.8722842125984251
21
1.1473502755905511
0
LINE
8
BLACK
6
CONTINUOUS
10
0.8722842125984251
20
1.1473502755905511
11
0.876696968503937
21
1.1461678740157479
0
LINE
8
BLACK
6
CONTINUOUS
10
0.876696968503937
20
1.1461678740157479
11
0.8806533070866142
21
1.1438837007874016
0
LINE
8
BLACK
6
CONTINUOUS
10
0.8806533070866142
20
1.1438837007874016
11
0.8838837007874015
21
1.1406533070866141
0
LINE
8
BLACK
6
CONTINUOUS
10
0.8838837007874015
20
1.1406533070866141
11
0.886167874015748
21
1.136696968503937
0
LINE
8
BLACK
6
CONTINUOUS
10
0.886167874015748
20
1.136696968503937
11
0.8873502755905511
21
1.1322842125984252
0
LINE
8
BLACK
6
CONTINUOUS
10
0.8873502755905511
20
1.1322842125984252
11
0.8873502755905511
21
1.1277157874015749
0
LINE
8
BLACK
6
CONTINUOUS
10
0.8873502755905511
20
1.1277157874015749
11
0.886167874015748
21
1.123303031496063
0
LINE
8
BLACK
6
CONTINUOUS
10
0.886167874015748
20
1.123303031496063
11
0.8838837007874015
21
1.1193466929133857
0
LINE
8
BLACK
6
CONTINUOUS
10
0.8838837007874015
20
1.1193466929133857
11
0.8806533070866142
21
1.1161162992125984
0
LINE
8
BLACK
6
CONTINUOUS
10
0.8806533070866142
20
1.1161162992125984
11
0.876696968503937
21
1.1138321259842519
0
LINE
8
BLACK
6
CONTINUOUS
10
0.876696968503937
20
1.1138321259842519
11
0.8722842125984251
21
1.1126497244094489
0
LINE
8
BLACK
6
CONTINUOUS
10
0.8722842125984251
20
1.1126497244094489
11
0.8677157874015747
21
1.1126497244094489
0
LINE
8
BLACK
6
CONTINUOUS
10
0.8677157874015747
20
1.1126497244094489
11
0.863303031496063
21
1.1138321259842519
0
LINE
8
BLACK
6
CONTINUOUS
10
0.863303031496063
20
1.1138321259842519
11
0.8593466929133858
21
1.1161162992125984
0
LINE
8
BLACK
6
CONTINUOUS
10
0.8593466929133858
20
1.1161162992125984
11
0.8561162992125984
21
1.1193466929133857
0
LINE
8
BLACK
6
CONTINUOUS
10
0.8561162992125984
20
1.1193466929133857
11
0.853832125984252
21
1.123303031496063
0
LINE
8
BLACK
6
CONTINUOUS
10
0.853832125984252
20
1.123303031496063
11
0.8526497244094488
21
1.1277157874015749
0
LINE
8
BLACK
6
CONTINUOUS
10
0.8526497244094488
20
1.1277157874015749
11
0.8526497244094488
21
1.1322842125984252
0
LINE
8
BLACK
6
CONTINUOUS
10
0.8526497244094488
20
1.1322842125984252
11
0.8528920078740158
21
1.1331885039370078
0
LINE
8
BLACK
6
CONTINUOUS
10
0.8528920078740158
20
1.1331885039370078
11
0.8420207086614173
21
1.1440598425196851
0
LINE
8
BLACK
6
CONTINUOUS
10
0.8420207086614173
20
1.1440598425196851
11
0.8407968503937008
21
1.1455511417322835
0
LINE
8
BLACK
6
CONTINUOUS
10
0.8407968503937008
20
1.1455511417322835
11
0.8407966929133858
21
1.1455513385826772
0
LINE
8
BLACK
6
CONTINUOUS
10
0.8407966929133858
20
1.1455513385826772
11
0.8393270472440945
21
1.1490993700787402
0
LINE
8
BLACK
6
CONTINUOUS
10
0.8393270472440945
20
1.1490993700787402
11
0.8391379133858268
21
1.1510195669291339
0
LINE
8
BLACK
6
CONTINUOUS
10
0.8391379133858268
20
1.1510195669291339
11
0.8391379133858268
21
1.5201574803149607
0
LINE
8
BLACK
6
CONTINUOUS
10
0.8391379133858268
20
1.5201574803149607
11
0.8229381102362204
21
1.5201574803149607
0
LINE
8
BLACK
6
CONTINUOUS
10
0.8229381102362204
20
1.5201574803149607
11
0.4640769291338583
21
1.5201574803149607
0
LINE
8
BLACK
6
CONTINUOUS
10
0.4640769291338583
20
1.5201574803149607
11
0.3798425196850393
21
1.4359230708661417
0
LINE
8
BLACK
6
CONTINUOUS
10
0.3798425196850393
20
1.4359230708661417
11
0.3798425196850393
21
1.4025670078740158
0
LINE
8
BLACK
6
CONTINUOUS
10
0.3798425196850393
20
1.4025670078740158
11
0.3798425196850393
21
1.2003149606299213
0
LINE
8
BLACK
6
CONTINUOUS
10
0.3798425196850393
20
1.2003149606299213
11
0.3796534251968504
21
1.1983951574803149
0
LINE
8
BLACK
6
CONTINUOUS
10
0.3796534251968504
20
1.1983951574803149
11
0.3796534251968504
21
1.1983948031496063
0
LINE
8
BLACK
6
CONTINUOUS
10
0.3796534251968504
20
1.1983948031496063
11
0.378183779527559
21
1.1948467716535434
0
LINE
8
BLACK
6
CONTINUOUS
10
0.378183779527559
20
1.1948467716535434
11
0.3769597244094488
21
1.1933552755905512
0
LINE
8
BLACK
6
CONTINUOUS
10
0.3769597244094488
20
1.1933552755905512
11
0.2566447637795276
21
1.0730402755905513
0
LINE
8
BLACK
6
CONTINUOUS
10
0.2566447637795276
20
1.0730402755905513
11
0.2551534251968504
21
1.0718164173228346
0
LINE
8
BLACK
6
CONTINUOUS
10
0.2551534251968504
20
1.0718164173228346
11
0.2551532677165354
21
1.0718162598425196
0
LINE
8
BLACK
6
CONTINUOUS
10
0.2551532677165354
20
1.0718162598425196
11
0.2516052362204724
21
1.0703466141732283
0
LINE
8
BLACK
6
CONTINUOUS
10
0.2516052362204724
20
1.0703466141732283
11
0.2496850393700787
21
1.0701574803149605
0
LINE
8
BLACK
6
CONTINUOUS
10
0.2496850393700787
20
1.0701574803149605
11
0.23
21
1.0701574803149605
0
LINE
8
BLACK
6
CONTINUOUS
10
0.23
20
1.0701574803149605
11
0.23
21
1.05
0
LINE
8
BLACK
6
CONTINUOUS
10
0.23
20
1.05
11
0.17
21
1.05
0
LINE
8
BLACK
6
CONTINUOUS
10
0.17
20
1.05
11
0.17
21
1.1099999999999999
0
LINE
8
BLACK
6
CONTINUOUS
10
0.17
20
1.1099999999999999
11
0.23
21
1.1099999999999999
0
LINE
8
BLACK
6
CONTINUOUS
10
0.23
20
1.1099999999999999
11
0.23
21
1.0898425196850394
0
LINE
8
BLACK
6
CONTINUOUS
10
0.23
20
1.0898425196850394
11
0.2456081102362205
21
1.0898425196850394
0
LINE
8
BLACK
6
CONTINUOUS
10
0.2456081102362205
20
1.0898425196850394
11
0.3601574803149606
21
1.2043918503937008
0
LINE
8
BLACK
6
CONTINUOUS
10
0.3601574803149606
20
1.2043918503937008
11
0.3601574803149606
21
1.4025670078740158
0
LINE
8
BLACK
6
CONTINUOUS
10
0.3601574803149606
20
1.4025670078740158
11
0.3601574803149606
21
1.4399999999999999
0
LINE
8
BLACK
6
CONTINUOUS
10
0.3601574803149606
20
1.4399999999999999
11
0.3603466141732283
21
1.4419201968503936
0
LINE
8
BLACK
6
CONTINUOUS
10
0.3603466141732283
20
1.4419201968503936
11
0.3618162598425197
21
1.4454682283464566
0
LINE
8
BLACK
6
CONTINUOUS
10
0.3618162598425197
20
1.4454682283464566
11
0.3618164173228346
21
1.4454683858267716
0
LINE
8
BLACK
6
CONTINUOUS
10
0.3618164173228346
20
1.4454683858267716
11
0.3630402755905512
21
1.4469597244094488
0
LINE
8
BLACK
6
CONTINUOUS
10
0.3630402755905512
20
1.4469597244094488
11
0.4530402755905512
21
1.5369597244094488
0
LINE
8
BLACK
6
CONTINUOUS
10
0.4530402755905512
20
1.5369597244094488
11
0.4545315748031496
21
1.5381835433070865
0
LINE
8
BLACK
6
CONTINUOUS
10
0.4545315748031496
20
1.5381835433070865
11
0.4545317716535433
21
1.5381837401574803
0
LINE
8
BLACK
6
CONTINUOUS
10
0.4545317716535433
20
1.5381837401574803
11
0.4580798031496063
21
1.5396533858267716
0
LINE
8
BLACK
6
CONTINUOUS
10
0.4580798031496063
20
1.5396533858267716
11
0.46
21
1.5398425196850394
0
LINE
8
BLACK
6
CONTINUOUS
10
0.46
20
1.5398425196850394
11
0.8229381102362204
21
1.5398425196850394
0
LINE
8
BLACK
6
CONTINUOUS
10
1.48
20
1.0999999999999999
11
1.4199999999999999
21
1.0999999999999999
0
LINE
8
BLACK
6
CONTINUOUS
10
1.4199999999999999
20
1.0999999999999999
11
1.4199999999999999
21
1.1599999999999999
0
LINE
8
BLACK
6
CONTINUOUS
10
1.4199999999999999
20
1.1599999999999999
11
1.48
21
1.1599999999999999
0
LINE
8
BLACK
6
CONTINUOUS
10
1.48
20
1.1599999999999999
11
1.48
21
1.0999999999999999
0
LINE
8
BLACK
6
CONTINUOUS
10
1.48
20
1.2
11
1.4199999999999999
21
1.2
0
LINE
8
BLACK
6
CONTINUOUS
10
1.4199999999999999
20
1.2
11
1.4199999999999999
21
1.26
0
LINE
8
BLACK
6
CONTINUOUS
10
1.4199999999999999
20
1.26
11
1.48
21
1.26
0
LINE
8
BLACK
6
CONTINUOUS
10
1.48
20
1.26
11
1.48
21
1.2
0
LINE
8
BLACK
6
CONTINUOUS
10
1.0584618110236219
20
1.2634948031496063
11
1.063741220472441
21
1.2613079921259842
0
LINE
8
BLACK
6
CONTINUOUS
10
1.063741220472441
20
1.2613079921259842
11
1.0684925590551182
21
1.2581332677165353
0
LINE
8
BLACK
6
CONTINUOUS
10
1.0684925590551182
20
1.2581332677165353
11
1.0725332677165353
21
1.2540925590551182
0
LINE
8
BLACK
6
CONTINUOUS
10
1.0725332677165353
20
1.2540925590551182
11
1.0757079921259842
21
1.249341220472441
0
LINE
8
BLACK
6
CONTINUOUS
10
1.0757079921259842
20
1.249341220472441
11
1.0778948031496063
21
1.2440618110236221
0
LINE
8
BLACK
6
CONTINUOUS
10
1.0778948031496063
20
1.2440618110236221
11
1.0790096456692913
21
1.2384572047244093
0
LINE
8
BLACK
6
CONTINUOUS
10
1.0790096456692913
20
1.2384572047244093
11
1.0790096456692913
21
1.2327427952755905
0
LINE
8
BLACK
6
CONTINUOUS
10
1.0790096456692913
20
1.2327427952755905
11
1.0778948031496063
21
1.2271381889763779
0
LINE
8
BLACK
6
CONTINUOUS
10
1.0778948031496063
20
1.2271381889763779
11
1.0757079921259842
21
1.2218587795275591
0
LINE
8
BLACK
6
CONTINUOUS
10
1.0757079921259842
20
1.2218587795275591
11
1.0725332677165353
21
1.2171074409448819
0
LINE
8
BLACK
6
CONTINUOUS
10
1.0725332677165353
20
1.2171074409448819
11
1.0684925590551182
21
1.2130667322834645
0
LINE
8
BLACK
6
CONTINUOUS
10
1.0684925590551182
20
1.2130667322834645
11
1.063741220472441
21
1.2098920078740156
0
LINE
8
BLACK
6
CONTINUOUS
10
1.063741220472441
20
1.2098920078740156
11
1.0584618110236219
21
1.2077051968503936
0
LINE
8
BLACK
6
CONTINUOUS
10
1.0584618110236219
20
1.2077051968503936
11
1.0528572047244094
21
1.2065903543307086
0
LINE
8
BLACK
6
CONTINUOUS
10
1.0528572047244094
20
1.2065903543307086
11
1.0471427952755905
21
1.2065903543307086
0
LINE
8
BLACK
6
CONTINUOUS
10
1.0471427952755905
20
1.2065903543307086
11
1.041538188976378
21
1.2077051968503936
0
LINE
8
BLACK
6
CONTINUOUS
10
1.041538188976378
20
1.2077051968503936
11
1.0362587795275591
21
1.2098920078740156
0
LINE
8
BLACK
6
CONTINUOUS
10
1.0362587795275591
20
1.2098920078740156
11
1.0315074409448819
21
1.2130667322834645
0
LINE
8
BLACK
6
CONTINUOUS
10
1.0315074409448819
20
1.2130667322834645
11
1.0274667322834645
21
1.2171074409448819
0
LINE
8
BLACK
6
CONTINUOUS
10
1.0274667322834645
20
1.2171074409448819
11
1.0242920078740156
21
1.2218587795275591
0
LINE
8
BLACK
6
CONTINUOUS
10
1.0242920078740156
20
1.2218587795275591
11
1.0221051968503936
21
1.2271381889763779
0
LINE
8
BLACK
6
CONTINUOUS
10
1.0221051968503936
20
1.2271381889763779
11
1.0209903543307086
21
1.2327427952755905
0
LINE
8
BLACK
6
CONTINUOUS
10
1.0209903543307086
20
1.2327427952755905
11
1.0209903543307086
21
1.2384572047244093
0
LINE
8
BLACK
6
CONTINUOUS
10
1.0209903543307086
20
1.2384572047244093
11
1.0221051968503936
21
1.2440618110236221
0
LINE
8
BLACK
6
CONTINUOUS
10
1.0221051968503936
20
1.2440618110236221
11
1.0242920078740156
21
1.249341220472441
0
LINE
8
BLACK
6
CONTINUOUS
10
1.0242920078740156
20
1.249341220472441
11
1.0274667322834645
21
1.2540925590551182
0
LINE
8
BLACK
6
CONTINUOUS
10
1.0274667322834645
20
1.2540925590551182
11
1.0315074409448819
21
1.2581332677165353
0
LINE
8
BLACK
6
CONTINUOUS
10
1.0315074409448819
20
1.2581332677165353
11
1.0362587795275591
21
1.2613079921259842
0
LINE
8
BLACK
6
CONTINUOUS
10
1.0362587795275591
20
1.2613079921259842
11
1.041538188976378
21
1.2634948031496063
0
LINE
8
BLACK
6
CONTINUOUS
10
1.041538188976378
20
1.2634948031496063
11
1.0471427952755905
21
1.2646096456692912
0
LINE
8
BLACK
6
CONTINUOUS
10
1.0471427952755905
20
1.2646096456692912
11
1.0528572047244094
21
1.2646096456692912
0
LINE
8
BLACK
6
CONTINUOUS
10
1.0528572047244094
20
1.2646096456692912
11
1.0584618110236219
21
1.2634948031496063
0
LINE
8
BLACK
6
CONTINUOUS
10
1.48
20
1.3999999999999999
11
1.4199999999999999
21
1.3999999999999999
0
LINE
8
BLACK
6
CONTINUOUS
10
1.4199999999999999
20
1.3999999999999999
11
1.4199999999999999
21
1.46
0
LINE
8
BLACK
6
CONTINUOUS
10
1.4199999999999999
20
1.46
11
1.48
21
1.46
0
LINE
8
BLACK
6
CONTINUOUS
10
1.48
20
1.46
11
1.48
21
1.3999999999999999
0
LINE
8
BLACK
6
CONTINUOUS
10
1.6681496062992125
20
0.5181496062992126
11
1.5181496062992126
21
0.5181496062992126
0
LINE
8
BLACK
6
CONTINUOUS
10
1.5181496062992126
20
0.5181496062992126
11
1.5181496062992126
21
0.6681496062992126
0
LINE
8
BLACK
6
CONTINUOUS
10
1.5181496062992126
20
0.6681496062992126
11
1.6681496062992125
21
0.6681496062992126
0
LINE
8
BLACK
6
CONTINUOUS
10
1.6681496062992125
20
0.6681496062992126
11
1.6681496062992125
21
0.5181496062992126
0
LINE
8
BLACK
6
CONTINUOUS
10
1.865
20
0.5181496062992126
11
1.7149999999999999
21
0.5181496062992126
0
LINE
8
BLACK
6
CONTINUOUS
10
1.7149999999999999
20
0.5181496062992126
11
1.7149999999999999
21
0.6681496062992126
0
LINE
8
BLACK
6
CONTINUOUS
10
1.7149999999999999
20
0.6681496062992126
11
1.865
21
0.6681496062992126
0
LINE
8
BLACK
6
CONTINUOUS
10
1.865
20
0.6681496062992126
11
1.865
21
0.5181496062992126
0
LINE
8
BLACK
6
CONTINUOUS
10
0.285
20
0.645
11
0.135
21
0.645
0
LINE
8
BLACK
6
CONTINUOUS
10
0.135
20
0.645
11
0.135
21
0.7949999999999999
0
LINE
8
BLACK
6
CONTINUOUS
10
0.135
20
0.7949999999999999
11
0.285
21
0.7949999999999999
0
LINE
8
BLACK
6
CONTINUOUS
10
0.285
20
0.7949999999999999
11
0.285
21
0.645
0
LINE
8
BLACK
6
CONTINUOUS
10
0.4818503937007874
20
0.645
11
0.3318503937007874
21
0.645
0
LINE
8
BLACK
6
CONTINUOUS
10
0.3318503937007874
20
0.645
11
0.3318503937007874
21
0.7949999999999999
0
LINE
8
BLACK
6
CONTINUOUS
10
0.3318503937007874
20
0.7949999999999999
11
0.4818503937007874
21
0.7949999999999999
0
LINE
8
BLACK
6
CONTINUOUS
10
0.4818503937007874
20
0.7949999999999999
11
0.4818503937007874
21
0.645
0
LINE
8
BLACK
6
CONTINUOUS
10
1.6681496062992125
20
0.715
11
1.5181496062992126
21
0.715
0
LINE
8
BLACK
6
CONTINUOUS
10
1.5181496062992126
20
0.715
11
1.5181496062992126
21
0.865
0
LINE
8
BLACK
6
CONTINUOUS
10
1.5181496062992126
20
0.865
11
1.6681496062992125
21
0.865
0
LINE
8
BLACK
6
CONTINUOUS
10
1.6681496062992125
20
0.865
11
1.6681496062992125
21
0.715
0
LINE
8
BLACK
6
CONTINUOUS
10
1.865
20
0.715
11
1.7149999999999999
21
0.715
0
LINE
8
BLACK
6
CONTINUOUS
10
1.7149999999999999
20
0.715
11
1.7149999999999999
21
0.865
0
LINE
8
BLACK
6
CONTINUOUS
10
1.7149999999999999
20
0.865
11
1.865
21
0.865
0
LINE
8
BLACK
6
CONTINUOUS
10
1.865
20
0.865
11
1.865
21
0.715
0
LINE
8
BLACK
6
CONTINUOUS
10
1.48
20
1.
11
1.4199999999999999
21
1.
0
LINE
8
BLACK
6
CONTINUOUS
10
1.4199999999999999
20
1.
11
1.4199999999999999
21
1.0600000000000001
0
LINE
8
BLACK
6
CONTINUOUS
10
1.4199999999999999
20
1.0600000000000001
11
1.48
21
1.0600000000000001
0
LINE
8
BLACK
6
CONTINUOUS
10
1.48
20
1.0600000000000001
11
1.48
21
1.
0
LINE
8
BLACK
6
CONTINUOUS
10
1.8799999999999999
20
1.04
11
1.8200000000000001
21
1.04
0
LINE
8
BLACK
6
CONTINUOUS
10
1.8200000000000001
20
1.04
11
1.8200000000000001
21
1.0999999999999999
0
LINE
8
BLACK
6
CONTINUOUS
10
1.8200000000000001
20
1.0999999999999999
11
1.8799999999999999
21
1.0999999999999999
0
LINE
8
BLACK
6
CONTINUOUS
10
1.8799999999999999
20
1.0999999999999999
11
1.8799999999999999
21
1.04
0
LINE
8
BLACK
6
CONTINUOUS
10
0.13
20
1.05
11
0.07
21
1.05
0
LINE
8
BLACK
6
CONTINUOUS
10
0.07
20
1.05
11
0.07
21
1.1099999999999999
0
LINE
8
BLACK
6
CONTINUOUS
10
0.07
20
1.1099999999999999
11
0.13
21
1.1099999999999999
0
LINE
8
BLACK
6
CONTINUOUS
10
0.13
20
1.1099999999999999
11
0.13
21
1.05
0
LINE
8
BLACK
6
CONTINUOUS
10
1.8799999999999999
20
1.1399999999999999
11
1.8200000000000001
21
1.1399999999999999
0
LINE
8
BLACK
6
CONTINUOUS
10
1.8200000000000001
20
1.1399999999999999
11
1.8200000000000001
21
1.2
0
LINE
8
BLACK
6
CONTINUOUS
10
1.8200000000000001
20
1.2
11
1.8799999999999999
21
1.2
0
LINE
8
BLACK
6
CONTINUOUS
10
1.8799999999999999
20
1.2
11
1.8799999999999999
21
1.1399999999999999
0
LINE
8
BLACK
6
CONTINUOUS
10
1.48
20
1.3
11
1.4199999999999999
21
1.3
0
LINE
8
BLACK
6
CONTINUOUS
10
1.4199999999999999
20
1.3
11
1.4199999999999999
21
1.3599999999999999
0
LINE
8
BLACK
6
CONTINUOUS
10
1.4199999999999999
20
1.3599999999999999
11
1.48
21
1.3599999999999999
0
LINE
8
BLACK
6
CONTINUOUS
10
1.48
20
1.3599999999999999
11
1.48
21
1.3
0
LINE
8
BLACK
6
CONTINUOUS
10
1.986405157480315
20
1.5872674409448819
11
1.987821062992126
21
1.5853186220472442
0
LINE
8
BLACK
6
CONTINUOUS
10
1.987821062992126
20
1.5853186220472442
11
1.988011811023622
21
1.5841141732283464
0
LINE
8
BLACK
6
CONTINUOUS
10
1.988011811023622
20
1.5841141732283464
11
1.988011811023622
21
0.0158858267716535
0
LINE
8
BLACK
6
CONTINUOUS
10
1.988011811023622
20
0.0158858267716535
11
1.9872674409448818
21
0.013594842519685
0
LINE
8
BLACK
6
CONTINUOUS
10
1.9872674409448818
20
0.013594842519685
11
1.9853186220472441
21
0.012178937007874
0
LINE
8
BLACK
6
CONTINUOUS
10
1.9853186220472441
20
0.012178937007874
11
1.9841141732283465
21
0.011988188976378
0
LINE
8
BLACK
6
CONTINUOUS
10
1.9841141732283465
20
0.011988188976378
11
0.0158858267716535
21
0.011988188976378
0
LINE
8
BLACK
6
CONTINUOUS
10
0.0158858267716535
20
0.011988188976378
11
0.013594842519685
21
0.0127325590551181
0
LINE
8
BLACK
6
CONTINUOUS
10
0.013594842519685
20
0.0127325590551181
11
0.012178937007874
21
0.0146813779527559
0
LINE
8
BLACK
6
CONTINUOUS
10
0.012178937007874
20
0.0146813779527559
11
0.011988188976378
21
0.0158858267716535
0
LINE
8
BLACK
6
CONTINUOUS
10
0.011988188976378
20
0.0158858267716535
11
0.011988188976378
21
0.1809868503937008
0
LINE
8
BLACK
6
CONTINUOUS
10
0.011988188976378
20
0.1809868503937008
11
0.011988188976378
21
0.5991364960629921
0
LINE
8
BLACK
6
CONTINUOUS
10
0.011988188976378
20
0.5991364960629921
11
0.011988188976378
21
0.7959868897637795
0
LINE
8
BLACK
6
CONTINUOUS
10
0.011988188976378
20
0.7959868897637795
11
0.011988188976378
21
0.9327105118110236
0
LINE
8
BLACK
6
CONTINUOUS
10
0.011988188976378
20
0.9327105118110236
11
0.011988188976378
21
1.1109868503937008
0
LINE
8
BLACK
6
CONTINUOUS
10
0.011988188976378
20
1.1109868503937008
11
0.011988188976378
21
1.5841141732283464
0
LINE
8
BLACK
6
CONTINUOUS
10
0.011988188976378
20
1.5841141732283464
11
0.0127325590551181
21
1.5864051574803149
0
LINE
8
BLACK
6
CONTINUOUS
10
0.0127325590551181
20
1.5864051574803149
11
0.0146813779527559
21
1.5878210629921259
0
LINE
8
BLACK
6
CONTINUOUS
10
0.0146813779527559
20
1.5878210629921259
11
0.0158858267716535
21
1.5880118110236221
0
LINE
8
BLACK
6
CONTINUOUS
10
0.0158858267716535
20
1.5880118110236221
11
1.9841141732283465
21
1.5880118110236221
0
LINE
8
BLACK
6
CONTINUOUS
10
1.9841141732283465
20
1.5880118110236221
11
1.986405157480315
21
1.5872674409448819
0
LINE
8
BLACK
6
CONTINUOUS
10
0.4024803149606299
20
0.9272894488188976
11
0.403537874015748
21
0.9219727952755905
0
LINE
8
BLACK
6
CONTINUOUS
10
0.403537874015748
20
0.9219727952755905
11
0.403537874015748
21
0.921972716535433
0
LINE
8
BLACK
6
CONTINUOUS
10
0.403537874015748
20
0.921972716535433
11
0.4056122834645669
21
0.9169646062992126
0
LINE
8
BLACK
6
CONTINUOUS
10
0.4056122834645669
20
0.9169646062992126
11
0.4056122834645669
21
0.9169645669291339
0
LINE
8
BLACK
6
CONTINUOUS
10
0.4056122834645669
20
0.9169645669291339
11
0.4086240157480315
21
0.9124572440944881
0
LINE
8
BLACK
6
CONTINUOUS
10
0.4086240157480315
20
0.9124572440944881
11
0.4124572440944882
21
0.9086240157480314
0
LINE
8
BLACK
6
CONTINUOUS
10
0.4124572440944882
20
0.9086240157480314
11
0.4169646062992126
21
0.9056122834645669
0
LINE
8
BLACK
6
CONTINUOUS
10
0.4169646062992126
20
0.9056122834645669
11
0.4219727559055118
21
0.903537874015748
0
LINE
8
BLACK
6
CONTINUOUS
10
0.4219727559055118
20
0.903537874015748
11
0.4272894488188976
21
0.9024803149606299
0
LINE
8
BLACK
6
CONTINUOUS
10
0.4272894488188976
20
0.9024803149606299
11
0.4272895669291338
21
0.9024803149606299
0
LINE
8
BLACK
6
CONTINUOUS
10
0.4272895669291338
20
0.9024803149606299
11
0.4278157874015748
21
0.9024803149606299
0
LINE
8
BLACK
6
CONTINUOUS
10
0.4278157874015748
20
0.9024803149606299
11
0.4301067716535433
21
0.9017359448818898
0
LINE
8
BLACK
6
CONTINUOUS
10
0.4301067716535433
20
0.9017359448818898
11
0.4305718503937008
21
0.9013387401574803
0
LINE
8
BLACK
6
CONTINUOUS
10
0.4305718503937008
20
0.9013387401574803
11
0.508996220472441
21
0.8229143700787401
0
LINE
8
BLACK
6
CONTINUOUS
10
0.508996220472441
20
0.8229143700787401
11
0.5100898031496063
21
0.8207680314960629
0
LINE
8
BLACK
6
CONTINUOUS
10
0.5100898031496063
20
0.8207680314960629
11
0.5101377952755906
21
0.8201583070866142
0
LINE
8
BLACK
6
CONTINUOUS
10
0.5101377952755906
20
0.8201583070866142
11
0.5101377952755906
21
0.5173850787401575
0
LINE
8
BLACK
6
CONTINUOUS
10
0.5101377952755906
20
0.5173850787401575
11
0.5109805118110237
21
0.5142400787401574
0
LINE
8
BLACK
6
CONTINUOUS
10
0.5109805118110237
20
0.5142400787401574
11
0.5114914173228347
21
0.5123333464566929
0
LINE
8
BLACK
6
CONTINUOUS
10
0.5114914173228347
20
0.5123333464566929
11
0.5123040157480315
21
0.5109259448818898
0
LINE
8
BLACK
6
CONTINUOUS
10
0.5123040157480315
20
0.5109259448818898
11
0.5123040944881889
21
0.5109258267716535
0
LINE
8
BLACK
6
CONTINUOUS
10
0.5123040944881889
20
0.5109258267716535
11
0.5135826771653543
21
0.5087112204724409
0
LINE
8
BLACK
6
CONTINUOUS
10
0.5135826771653543
20
0.5087112204724409
11
0.5141062598425197
21
0.5078043307086614
0
LINE
8
BLACK
6
CONTINUOUS
10
0.5141062598425197
20
0.5078043307086614
11
0.5741062992125984
21
0.4478043307086614
0
LINE
8
BLACK
6
CONTINUOUS
10
0.5741062992125984
20
0.4478043307086614
11
0.5741062598425196
21
0.4478042913385827
0
LINE
8
BLACK
6
CONTINUOUS
10
0.5741062598425196
20
0.4478042913385827
11
0.5778042913385827
21
0.4441062992125984
0
LINE
8
BLACK
6
CONTINUOUS
10
0.5778042913385827
20
0.4441062992125984
11
0.5778044881889763
21
0.4441061417322835
0
LINE
8
BLACK
6
CONTINUOUS
10
0.5778044881889763
20
0.4441061417322835
11
0.5823333070866141
21
0.4414914173228346
0
LINE
8
BLACK
6
CONTINUOUS
10
0.5823333070866141
20
0.4414914173228346
11
0.5823332677165354
21
0.4414914173228346
0
LINE
8
BLACK
6
CONTINUOUS
10
0.5823332677165354
20
0.4414914173228346
11
0.5842933858267716
21
0.4409661811023622
0
LINE
8
BLACK
6
CONTINUOUS
10
0.5842933858267716
20
0.4409661811023622
11
0.5873850787401574
21
0.4401377952755905
0
LINE
8
BLACK
6
CONTINUOUS
10
0.5873850787401574
20
0.4401377952755905
11
0.9258749212598425
21
0.4401377952755905
0
LINE
8
BLACK
6
CONTINUOUS
10
0.9258749212598425
20
0.4401377952755905
11
0.928165905511811
21
0.4393934251968504
0
LINE
8
BLACK
6
CONTINUOUS
10
0.928165905511811
20
0.4393934251968504
11
0.9286309842519684
21
0.4389962204724409
0
LINE
8
BLACK
6
CONTINUOUS
10
0.9286309842519684
20
0.4389962204724409
11
1.0109538188976377
21
0.3566733464566929
0
LINE
8
BLACK
6
CONTINUOUS
10
1.0109538188976377
20
0.3566733464566929
11
1.0120474015748031
21
0.3545270078740158
0
LINE
8
BLACK
6
CONTINUOUS
10
1.0120474015748031
20
0.3545270078740158
11
1.0116705905511811
21
0.3521477952755905
0
LINE
8
BLACK
6
CONTINUOUS
10
1.0116705905511811
20
0.3521477952755905
11
1.0099672440944882
21
0.3504444488188976
0
LINE
8
BLACK
6
CONTINUOUS
10
1.0099672440944882
20
0.3504444488188976
11
1.0081977559055117
21
0.3500196456692913
0
LINE
8
BLACK
6
CONTINUOUS
10
1.0081977559055117
20
0.3500196456692913
11
0.9637540944881889
21
0.3500196456692913
0
LINE
8
BLACK
6
CONTINUOUS
10
0.9637540944881889
20
0.3500196456692913
11
0.9614631102362204
21
0.3507640157480315
0
LINE
8
BLACK
6
CONTINUOUS
10
0.9614631102362204
20
0.3507640157480315
11
0.9600472047244094
21
0.3527128346456693
0
LINE
8
BLACK
6
CONTINUOUS
10
0.9600472047244094
20
0.3527128346456693
11
0.9599313385826771
21
0.3531568897637795
0
LINE
8
BLACK
6
CONTINUOUS
10
0.9599313385826771
20
0.3531568897637795
11
0.9595943307086614
21
0.3548508661417323
0
LINE
8
BLACK
6
CONTINUOUS
10
0.9595943307086614
20
0.3548508661417323
11
0.9589625590551181
21
0.3580272047244095
0
LINE
8
BLACK
6
CONTINUOUS
10
0.9589625590551181
20
0.3580272047244095
11
0.9568880708661417
21
0.3630354724409449
0
LINE
8
BLACK
6
CONTINUOUS
10
0.9568880708661417
20
0.3630354724409449
11
0.9538763779527559
21
0.3675427559055118
0
LINE
8
BLACK
6
CONTINUOUS
10
0.9538763779527559
20
0.3675427559055118
11
0.950043188976378
21
0.3713759448818897
0
LINE
8
BLACK
6
CONTINUOUS
10
0.950043188976378
20
0.3713759448818897
11
0.945535905511811
21
0.3743876377952756
0
LINE
8
BLACK
6
CONTINUOUS
10
0.945535905511811
20
0.3743876377952756
11
0.9405276377952756
21
0.3764621259842519
0
LINE
8
BLACK
6
CONTINUOUS
10
0.9405276377952756
20
0.3764621259842519
11
0.9352108661417322
21
0.3775196850393701
0
LINE
8
BLACK
6
CONTINUOUS
10
0.9352108661417322
20
0.3775196850393701
11
0.92979
21
0.3775196850393701
0
LINE
8
BLACK
6
CONTINUOUS
10
0.92979
20
0.3775196850393701
11
0.9244732283464566
21
0.3764621259842519
0
LINE
8
BLACK
6
CONTINUOUS
10
0.9244732283464566
20
0.3764621259842519
11
0.9244731496062992
21
0.3764620866141732
0
LINE
8
BLACK
6
CONTINUOUS
10
0.9244731496062992
20
0.3764620866141732
11
0.9207410236220472
21
0.3749162204724409
0
LINE
8
BLACK
6
CONTINUOUS
10
0.9207410236220472
20
0.3749162204724409
11
0.9183395669291339
21
0.3747272440944882
0
LINE
8
BLACK
6
CONTINUOUS
10
0.9183395669291339
20
0.3747272440944882
11
0.9162856692913386
21
0.3759858661417323
0
LINE
8
BLACK
6
CONTINUOUS
10
0.9162856692913386
20
0.3759858661417323
11
0.9153638582677165
21
0.3782113779527559
0
LINE
8
BLACK
6
CONTINUOUS
10
0.9153638582677165
20
0.3782113779527559
11
0.9156485039370078
21
0.3800085039370079
0
LINE
8
BLACK
6
CONTINUOUS
10
0.9156485039370078
20
0.3800085039370079
11
0.9164621259842519
21
0.3819727952755905
0
LINE
8
BLACK
6
CONTINUOUS
10
0.9164621259842519
20
0.3819727952755905
11
0.9175196850393701
21
0.3872895669291339
0
LINE
8
BLACK
6
CONTINUOUS
10
0.9175196850393701
20
0.3872895669291339
11
0.9175196850393701
21
0.3927104330708661
0
LINE
8
BLACK
6
CONTINUOUS
10
0.9175196850393701
20
0.3927104330708661
11
0.9164621259842519
21
0.3980272047244094
0
LINE
8
BLACK
6
CONTINUOUS
10
0.9164621259842519
20
0.3980272047244094
11
0.9143876377952755
21
0.4030354724409449
0
LINE
8
BLACK
6
CONTINUOUS
10
0.9143876377952755
20
0.4030354724409449
11
0.9113759448818898
21
0.4075427559055118
0
LINE
8
BLACK
6
CONTINUOUS
10
0.9113759448818898
20
0.4075427559055118
11
0.9075427559055118
21
0.4113759448818898
0
LINE
8
BLACK
6
CONTINUOUS
10
0.9075427559055118
20
0.4113759448818898
11
0.9030354724409448
21
0.4143876377952756
0
LINE
8
BLACK
6
CONTINUOUS
10
0.9030354724409448
20
0.4143876377952756
11
0.8980272047244094
21
0.416462125984252
0
LINE
8
BLACK
6
CONTINUOUS
10
0.8980272047244094
20
0.416462125984252
11
0.8927104330708662
21
0.4175196850393701
0
LINE
8
BLACK
6
CONTINUOUS
10
0.8927104330708662
20
0.4175196850393701
11
0.8872895669291339
21
0.4175196850393701
0
LINE
8
BLACK
6
CONTINUOUS
10
0.8872895669291339
20
0.4175196850393701
11
0.8819727952755906
21
0.416462125984252
0
LINE
8
BLACK
6
CONTINUOUS
10
0.8819727952755906
20
0.416462125984252
11
0.8819727165354331
21
0.4164620866141732
0
LINE
8
BLACK
6
CONTINUOUS
10
0.8819727165354331
20
0.4164620866141732
11
0.8769646062992126
21
0.4143876771653543
0
LINE
8
BLACK
6
CONTINUOUS
10
0.8769646062992126
20
0.4143876771653543
11
0.8769645669291338
21
0.4143876771653543
0
LINE
8
BLACK
6
CONTINUOUS
10
0.8769645669291338
20
0.4143876771653543
11
0.8724572440944882
21
0.4113759448818898
0
LINE
8
BLACK
6
CONTINUOUS
10
0.8724572440944882
20
0.4113759448818898
11
0.8686238976377952
21
0.4075425984251969
0
LINE
8
BLACK
6
CONTINUOUS
10
0.8686238976377952
20
0.4075425984251969
11
0.8685027165354331
21
0.4073949212598425
0
LINE
8
BLACK
6
CONTINUOUS
10
0.8685027165354331
20
0.4073949212598425
11
0.8684363779527559
21
0.4074493307086614
0
LINE
8
BLACK
6
CONTINUOUS
10
0.8684363779527559
20
0.4074493307086614
11
0.8668098031496063
21
0.4061664173228346
0
LINE
8
BLACK
6
CONTINUOUS
10
0.8668098031496063
20
0.4061664173228346
11
0.8654599212598425
21
0.4059251968503937
0
LINE
8
BLACK
6
CONTINUOUS
10
0.8654599212598425
20
0.4059251968503937
11
0.5702855511811024
21
0.4059251968503937
0
LINE
8
BLACK
6
CONTINUOUS
10
0.5702855511811024
20
0.4059251968503937
11
0.5660924015748031
21
0.4059251968503937
0
LINE
8
BLACK
6
CONTINUOUS
10
0.5660924015748031
20
0.4059251968503937
11
0.5620420866141732
21
0.4048399212598425
0
LINE
8
BLACK
6
CONTINUOUS
10
0.5620420866141732
20
0.4048399212598425
11
0.5584106692913385
21
0.4027433464566929
0
LINE
8
BLACK
6
CONTINUOUS
10
0.5584106692913385
20
0.4027433464566929
11
0.4602216929133858
21
0.3045543307086614
0
LINE
8
BLACK
6
CONTINUOUS
10
0.4602216929133858
20
0.3045543307086614
11
0.4602216535433071
21
0.3045543307086614
0
LINE
8
BLACK
6
CONTINUOUS
10
0.4602216535433071
20
0.3045543307086614
11
0.4572566929133858
21
0.3015893307086614
0
LINE
8
BLACK
6
CONTINUOUS
10
0.4572566929133858
20
0.3015893307086614
11
0.4572565354330709
21
0.3015891338582677
0
LINE
8
BLACK
6
CONTINUOUS
10
0.4572565354330709
20
0.3015891338582677
11
0.4551601181102362
21
0.2979580708661417
0
LINE
8
BLACK
6
CONTINUOUS
10
0.4551601181102362
20
0.2979580708661417
11
0.4540747637795275
21
0.2939074803149606
0
LINE
8
BLACK
6
CONTINUOUS
10
0.4540747637795275
20
0.2939074803149606
11
0.4540414566929133
21
0.2936542913385827
0
LINE
8
BLACK
6
CONTINUOUS
10
0.4540414566929133
20
0.2936542913385827
11
0.4539914566929134
21
0.2936608661417323
0
LINE
8
BLACK
6
CONTINUOUS
10
0.4539914566929134
20
0.2936608661417323
11
0.4533304330708661
21
0.2916262992125984
0
LINE
8
BLACK
6
CONTINUOUS
10
0.4533304330708661
20
0.2916262992125984
11
0.4513816141732284
21
0.2902103937007874
0
LINE
8
BLACK
6
CONTINUOUS
10
0.4513816141732284
20
0.2902103937007874
11
0.4501771653543307
21
0.2900196456692913
0
LINE
8
BLACK
6
CONTINUOUS
10
0.4501771653543307
20
0.2900196456692913
11
0.4390131496062992
21
0.2900196456692913
0
LINE
8
BLACK
6
CONTINUOUS
10
0.4390131496062992
20
0.2900196456692913
11
0.4390129527559055
21
0.2900196062992126
0
LINE
8
BLACK
6
CONTINUOUS
10
0.4390129527559055
20
0.2900196062992126
11
0.4360905118110236
21
0.2894383464566929
0
LINE
8
BLACK
6
CONTINUOUS
10
0.4360905118110236
20
0.2894383464566929
11
0.4360904330708661
21
0.2894383070866142
0
LINE
8
BLACK
6
CONTINUOUS
10
0.4360904330708661
20
0.2894383070866142
11
0.4360903937007874
21
0.2894382677165354
0
LINE
8
BLACK
6
CONTINUOUS
10
0.4360903937007874
20
0.2894382677165354
11
0.4327762204724409
21
0.2872237795275591
0
LINE
8
BLACK
6
CONTINUOUS
10
0.4327762204724409
20
0.2872237795275591
11
0.4305616535433071
21
0.2839094881889764
0
LINE
8
BLACK
6
CONTINUOUS
10
0.4305616535433071
20
0.2839094881889764
11
0.4299803543307086
21
0.2809870078740158
0
LINE
8
BLACK
6
CONTINUOUS
10
0.4299803543307086
20
0.2809870078740158
11
0.4299803149606299
21
0.2809868503937008
0
LINE
8
BLACK
6
CONTINUOUS
10
0.4299803149606299
20
0.2809868503937008
11
0.4299803149606299
21
0.2190132283464567
0
LINE
8
BLACK
6
CONTINUOUS
10
0.4299803149606299
20
0.2190132283464567
11
0.4299803543307086
21
0.2190129527559055
0
LINE
8
BLACK
6
CONTINUOUS
10
0.4299803543307086
20
0.2190129527559055
11
0.4305616141732284
21
0.2160905118110236
0
LINE
8
BLACK
6
CONTINUOUS
10
0.4305616141732284
20
0.2160905118110236
11
0.4305616535433071
21
0.2160904330708661
0
LINE
8
BLACK
6
CONTINUOUS
10
0.4305616535433071
20
0.2160904330708661
11
0.4327761023622047
21
0.2127763385826772
0
LINE
8
BLACK
6
CONTINUOUS
10
0.4327761023622047
20
0.2127763385826772
11
0.4327762992125984
21
0.2127761417322835
0
LINE
8
BLACK
6
CONTINUOUS
10
0.4327762992125984
20
0.2127761417322835
11
0.434985748031496
21
0.211299842519685
0
LINE
8
BLACK
6
CONTINUOUS
10
0.434985748031496
20
0.211299842519685
11
0.4360905118110236
21
0.2105616535433071
0
LINE
8
BLACK
6
CONTINUOUS
10
0.4360905118110236
20
0.2105616535433071
11
0.4390131102362205
21
0.2099803149606299
0
LINE
8
BLACK
6
CONTINUOUS
10
0.4390131102362205
20
0.2099803149606299
11
0.5009867322834646
21
0.2099803149606299
0
LINE
8
BLACK
6
CONTINUOUS
10
0.5009867322834646
20
0.2099803149606299
11
0.5009870078740157
21
0.2099803543307087
0
LINE
8
BLACK
6
CONTINUOUS
10
0.5009870078740157
20
0.2099803543307087
11
0.5039094488188977
21
0.2105616141732283
0
LINE
8
BLACK
6
CONTINUOUS
10
0.5039094488188977
20
0.2105616141732283
11
0.5039095275590552
21
0.2105616535433071
0
LINE
8
BLACK
6
CONTINUOUS
10
0.5039095275590552
20
0.2105616535433071
11
0.5072236220472441
21
0.2127761023622047
0
LINE
8
BLACK
6
CONTINUOUS
10
0.5072236220472441
20
0.2127761023622047
11
0.5072236614173228
21
0.2127761417322835
0
LINE
8
BLACK
6
CONTINUOUS
10
0.5072236614173228
20
0.2127761417322835
11
0.507223779527559
21
0.2127762204724409
0
LINE
8
BLACK
6
CONTINUOUS
10
0.507223779527559
20
0.2127762204724409
11
0.5094383464566929
21
0.2160905118110236
0
LINE
8
BLACK
6
CONTINUOUS
10
0.5094383464566929
20
0.2160905118110236
11
0.5100196850393701
21
0.2190131102362205
0
LINE
8
BLACK
6
CONTINUOUS
10
0.5100196850393701
20
0.2190131102362205
11
0.5100196456692914
21
0.2809868503937008
0
LINE
8
BLACK
6
CONTINUOUS
10
0.5100196456692914
20
0.2809868503937008
11
0.5094383464566929
21
0.2839094881889764
0
LINE
8
BLACK
6
CONTINUOUS
10
0.5094383464566929
20
0.2839094881889764
11
0.507223779527559
21
0.2872237795275591
0
LINE
8
BLACK
6
CONTINUOUS
10
0.507223779527559
20
0.2872237795275591
11
0.5039094881889764
21
0.2894383464566929
0
LINE
8
BLACK
6
CONTINUOUS
10
0.5039094881889764
20
0.2894383464566929
11
0.5009868897637795
21
0.2900196850393701
0
LINE
8
BLACK
6
CONTINUOUS
10
0.5009868897637795
20
0.2900196850393701
11
0.5001400393700788
21
0.2900196456692913
0
LINE
8
BLACK
6
CONTINUOUS
10
0.5001400393700788
20
0.2900196456692913
11
0.4978491338582677
21
0.290763937007874
0
LINE
8
BLACK
6
CONTINUOUS
10
0.4978491338582677
20
0.290763937007874
11
0.4964331889763779
21
0.2927127165354331
0
LINE
8
BLACK
6
CONTINUOUS
10
0.4964331889763779
20
0.2927127165354331
11
0.4964330708661417
21
0.2951215748031496
0
LINE
8
BLACK
6
CONTINUOUS
10
0.4964330708661417
20
0.2951215748031496
11
0.497383937007874
21
0.2966733464566929
0
LINE
8
BLACK
6
CONTINUOUS
10
0.497383937007874
20
0.2966733464566929
11
0.5329297637795275
21
0.3322191338582677
0
LINE
8
BLACK
6
CONTINUOUS
10
0.5329297637795275
20
0.3322191338582677
11
0.5736438582677166
21
0.3729332283464567
0
LINE
8
BLACK
6
CONTINUOUS
10
0.5736438582677166
20
0.3729332283464567
11
0.5757901968503937
21
0.3740268110236221
0
LINE
8
BLACK
6
CONTINUOUS
10
0.5757901968503937
20
0.3740268110236221
11
0.5763999212598425
21
0.3740748031496063
0
LINE
8
BLACK
6
CONTINUOUS
10
0.5763999212598425
20
0.3740748031496063
11
0.8654599212598425
21
0.3740748031496063
0
LINE
8
BLACK
6
CONTINUOUS
10
0.8654599212598425
20
0.3740748031496063
11
0.8659535826771654
21
0.3739143700787401
0
LINE
8
BLACK
6
CONTINUOUS
10
0.8659535826771654
20
0.3739143700787401
11
0.8664720078740157
21
0.3739411023622047
0
LINE
8
BLACK
6
CONTINUOUS
10
0.8664720078740157
20
0.3739411023622047
11
0.8669691338582677
21
0.3735844094488189
0
LINE
8
BLACK
6
CONTINUOUS
10
0.8669691338582677
20
0.3735844094488189
11
0.867750905511811
21
0.3733304330708661
0
LINE
8
BLACK
6
CONTINUOUS
10
0.867750905511811
20
0.3733304330708661
11
0.8684911023622047
21
0.3726273622047244
0
LINE
8
BLACK
6
CONTINUOUS
10
0.8684911023622047
20
0.3726273622047244
11
0.8686022834645669
21
0.3724897637795275
0
LINE
8
BLACK
6
CONTINUOUS
10
0.8686022834645669
20
0.3724897637795275
11
0.8686240551181102
21
0.3724572440944882
0
LINE
8
BLACK
6
CONTINUOUS
10
0.8686240551181102
20
0.3724572440944882
11
0.8686478346456693
21
0.3724334251968504
0
LINE
8
BLACK
6
CONTINUOUS
10
0.8686478346456693
20
0.3724334251968504
11
0.8687775196850394
21
0.372273031496063
0
LINE
8
BLACK
6
CONTINUOUS
10
0.8687775196850394
20
0.372273031496063
11
0.8691381102362205
21
0.3713311811023622
0
LINE
8
BLACK
6
CONTINUOUS
10
0.8691381102362205
20
0.3713311811023622
11
0.8695959842519685
21
0.3704325590551181
0
LINE
8
BLACK
6
CONTINUOUS
10
0.8695959842519685
20
0.3704325590551181
11
0.8695626771653543
21
0.3702222834645669
0
LINE
8
BLACK
6
CONTINUOUS
10
0.8695626771653543
20
0.3702222834645669
11
0.8696388188976377
21
0.3700234251968504
0
LINE
8
BLACK
6
CONTINUOUS
10
0.8696388188976377
20
0.3700234251968504
11
0.8693769291338582
21
0.3690494881889764
0
LINE
8
BLACK
6
CONTINUOUS
10
0.8693769291338582
20
0.3690494881889764
11
0.8692191732283464
21
0.3680533464566929
0
LINE
8
BLACK
6
CONTINUOUS
10
0.8692191732283464
20
0.3680533464566929
11
0.8690685826771654
21
0.3679027559055118
0
LINE
8
BLACK
6
CONTINUOUS
10
0.8690685826771654
20
0.3679027559055118
11
0.8690133070866142
21
0.3676971653543307
0
LINE
8
BLACK
6
CONTINUOUS
10
0.8690133070866142
20
0.3676971653543307
11
0.8682290157480315
21
0.367063188976378
0
LINE
8
BLACK
6
CONTINUOUS
10
0.8682290157480315
20
0.367063188976378
11
0.8675158267716535
21
0.36635
0
LINE
8
BLACK
6
CONTINUOUS
10
0.8675158267716535
20
0.36635
11
0.8672752755905512
21
0.3662922440944882
0
LINE
8
BLACK
6
CONTINUOUS
10
0.8672752755905512
20
0.3662922440944882
11
0.8671399212598425
21
0.3661828346456693
0
LINE
8
BLACK
6
CONTINUOUS
10
0.8671399212598425
20
0.3661828346456693
11
0.8667319291338582
21
0.3661618110236221
0
LINE
8
BLACK
6
CONTINUOUS
10
0.8667319291338582
20
0.3661618110236221
11
0.8657463385826771
21
0.3659251968503937
0
LINE
8
BLACK
6
CONTINUOUS
10
0.8657463385826771
20
0.3659251968503937
11
0.6302855511811023
21
0.3659251968503937
0
LINE
8
BLACK
6
CONTINUOUS
10
0.6302855511811023
20
0.3659251968503937
11
0.6260924015748032
21
0.3659251968503937
0
LINE
8
BLACK
6
CONTINUOUS
10
0.6260924015748032
20
0.3659251968503937
11
0.6220420866141733
21
0.3648399212598425
0
LINE
8
BLACK
6
CONTINUOUS
10
0.6220420866141733
20
0.3648399212598425
11
0.6184106692913386
21
0.3627433464566929
0
LINE
8
BLACK
6
CONTINUOUS
10
0.6184106692913386
20
0.3627433464566929
11
0.5602216929133859
21
0.3045543307086614
0
LINE
8
BLACK
6
CONTINUOUS
10
0.5602216929133859
20
0.3045543307086614
11
0.5602216535433071
21
0.3045543307086614
0
LINE
8
BLACK
6
CONTINUOUS
10
0.5602216535433071
20
0.3045543307086614
11
0.5572566929133859
21
0.3015893307086614
0
LINE
8
BLACK
6
CONTINUOUS
10
0.5572566929133859
20
0.3015893307086614
11
0.5572565354330709
21
0.3015891338582677
0
LINE
8
BLACK
6
CONTINUOUS
10
0.5572565354330709
20
0.3015891338582677
11
0.5551601181102362
21
0.2979580708661417
0
LINE
8
BLACK
6
CONTINUOUS
10
0.5551601181102362
20
0.2979580708661417
11
0.5540747637795276
21
0.2939074803149606
0
LINE
8
BLACK
6
CONTINUOUS
10
0.5540747637795276
20
0.2939074803149606
11
0.5540414566929134
21
0.2936542913385827
0
LINE
8
BLACK
6
CONTINUOUS
10
0.5540414566929134
20
0.2936542913385827
11
0.5539914566929134
21
0.2936608661417323
0
LINE
8
BLACK
6
CONTINUOUS
10
0.5539914566929134
20
0.2936608661417323
11
0.5533304330708662
21
0.2916262992125984
0
LINE
8
BLACK
6
CONTINUOUS
10
0.5533304330708662
20
0.2916262992125984
11
0.5513816141732283
21
0.2902103937007874
0
LINE
8
BLACK
6
CONTINUOUS
10
0.5513816141732283
20
0.2902103937007874
11
0.5501771653543307
21
0.2900196456692913
0
LINE
8
BLACK
6
CONTINUOUS
10
0.5501771653543307
20
0.2900196456692913
11
0.5390131496062992
21
0.2900196456692913
0
LINE
8
BLACK
6
CONTINUOUS
10
0.5390131496062992
20
0.2900196456692913
11
0.5390129527559056
21
0.2900196062992126
0
LINE
8
BLACK
6
CONTINUOUS
10
0.5390129527559056
20
0.2900196062992126
11
0.5360905118110236
21
0.2894383464566929
0
LINE
8
BLACK
6
CONTINUOUS
10
0.5360905118110236
20
0.2894383464566929
11
0.5360904330708661
21
0.2894383070866142
0
LINE
8
BLACK
6
CONTINUOUS
10
0.5360904330708661
20
0.2894383070866142
11
0.5360903937007874
21
0.2894382677165354
0
LINE
8
BLACK
6
CONTINUOUS
10
0.5360903937007874
20
0.2894382677165354
11
0.5327762204724409
21
0.2872237795275591
0
LINE
8
BLACK
6
CONTINUOUS
10
0.5327762204724409
20
0.2872237795275591
11
0.5305616535433071
21
0.2839094881889764
0
LINE
8
BLACK
6
CONTINUOUS
10
0.5305616535433071
20
0.2839094881889764
11
0.5299803543307087
21
0.2809870078740158
0
LINE
8
BLACK
6
CONTINUOUS
10
0.5299803543307087
20
0.2809870078740158
11
0.5299803149606299
21
0.2809868503937008
0
LINE
8
BLACK
6
CONTINUOUS
10
0.5299803149606299
20
0.2809868503937008
11
0.5299803149606299
21
0.2190132283464567
0
LINE
8
BLACK
6
CONTINUOUS
10
0.5299803149606299
20
0.2190132283464567
11
0.5299803543307087
21
0.2190129527559055
0
LINE
8
BLACK
6
CONTINUOUS
10
0.5299803543307087
20
0.2190129527559055
11
0.5305616141732283
21
0.2160905118110236
0
LINE
8
BLACK
6
CONTINUOUS
10
0.5305616141732283
20
0.2160905118110236
11
0.5305616535433071
21
0.2160904330708661
0
LINE
8
BLACK
6
CONTINUOUS
10
0.5305616535433071
20
0.2160904330708661
11
0.5327761023622047
21
0.2127763385826772
0
LINE
8
BLACK
6
CONTINUOUS
10
0.5327761023622047
20
0.2127763385826772
11
0.5327762992125984
21
0.2127761417322835
0
LINE
8
BLACK
6
CONTINUOUS
10
0.5327762992125984
20
0.2127761417322835
11
0.534985748031496
21
0.211299842519685
0
LINE
8
BLACK
6
CONTINUOUS
10
0.534985748031496
20
0.211299842519685
11
0.5360905118110236
21
0.2105616535433071
0
LINE
8
BLACK
6
CONTINUOUS
10
0.5360905118110236
20
0.2105616535433071
11
0.5390131102362204
21
0.2099803149606299
0
LINE
8
BLACK
6
CONTINUOUS
10
0.5390131102362204
20
0.2099803149606299
11
0.6009867322834646
21
0.2099803149606299
0
LINE
8
BLACK
6
CONTINUOUS
10
0.6009867322834646
20
0.2099803149606299
11
0.6009870078740157
21
0.2099803543307087
0
LINE
8
BLACK
6
CONTINUOUS
10
0.6009870078740157
20
0.2099803543307087
11
0.6039094488188976
21
0.2105616141732283
0
LINE
8
BLACK
6
CONTINUOUS
10
0.6039094488188976
20
0.2105616141732283
11
0.6039095275590551
21
0.2105616535433071
0
LINE
8
BLACK
6
CONTINUOUS
10
0.6039095275590551
20
0.2105616535433071
11
0.6072236220472441
21
0.2127761023622047
0
LINE
8
BLACK
6
CONTINUOUS
10
0.6072236220472441
20
0.2127761023622047
11
0.6072236614173229
21
0.2127761417322835
0
LINE
8
BLACK
6
CONTINUOUS
10
0.6072236614173229
20
0.2127761417322835
11
0.607223779527559
21
0.2127762204724409
0
LINE
8
BLACK
6
CONTINUOUS
10
0.607223779527559
20
0.2127762204724409
11
0.6094383464566929
21
0.2160905118110236
0
LINE
8
BLACK
6
CONTINUOUS
10
0.6094383464566929
20
0.2160905118110236
11
0.6100196850393701
21
0.2190131102362205
0
LINE
8
BLACK
6
CONTINUOUS
10
0.6100196850393701
20
0.2190131102362205
11
0.6100196456692913
21
0.2809868503937008
0
LINE
8
BLACK
6
CONTINUOUS
10
0.6100196456692913
20
0.2809868503937008
11
0.6094383464566929
21
0.2839094881889764
0
LINE
8
BLACK
6
CONTINUOUS
10
0.6094383464566929
20
0.2839094881889764
11
0.607223779527559
21
0.2872237795275591
0
LINE
8
BLACK
6
CONTINUOUS
10
0.607223779527559
20
0.2872237795275591
11
0.6039094881889764
21
0.2894383464566929
0
LINE
8
BLACK
6
CONTINUOUS
10
0.6039094881889764
20
0.2894383464566929
11
0.6009868897637796
21
0.2900196850393701
0
LINE
8
BLACK
6
CONTINUOUS
10
0.6009868897637796
20
0.2900196850393701
11
0.6001400787401575
21
0.2900196456692913
0
LINE
8
BLACK
6
CONTINUOUS
10
0.6001400787401575
20
0.2900196456692913
11
0.5978491732283464
21
0.290763937007874
0
LINE
8
BLACK
6
CONTINUOUS
10
0.5978491732283464
20
0.290763937007874
11
0.5964332283464567
21
0.2927127165354331
0
LINE
8
BLACK
6
CONTINUOUS
10
0.5964332283464567
20
0.2927127165354331
11
0.5964331102362205
21
0.2951215748031496
0
LINE
8
BLACK
6
CONTINUOUS
10
0.5964331102362205
20
0.2951215748031496
11
0.5973839763779527
21
0.2966733464566929
0
LINE
8
BLACK
6
CONTINUOUS
10
0.5973839763779527
20
0.2966733464566929
11
0.6336438582677165
21
0.3329332283464567
0
LINE
8
BLACK
6
CONTINUOUS
10
0.6336438582677165
20
0.3329332283464567
11
0.6357901968503937
21
0.334026811023622
0
LINE
8
BLACK
6
CONTINUOUS
10
0.6357901968503937
20
0.334026811023622
11
0.6363999212598425
21
0.3340748031496063
0
LINE
8
BLACK
6
CONTINUOUS
10
0.6363999212598425
20
0.3340748031496063
11
0.9079603543307087
21
0.3340748031496063
0
LINE
8
BLACK
6
CONTINUOUS
10
0.9079603543307087
20
0.3340748031496063
11
0.9102513385826771
21
0.3333304330708661
0
LINE
8
BLACK
6
CONTINUOUS
10
0.9102513385826771
20
0.3333304330708661
11
0.9109725984251968
21
0.33258
0
LINE
8
BLACK
6
CONTINUOUS
10
0.9109725984251968
20
0.33258
11
0.9110031496062992
21
0.3326050787401575
0
LINE
8
BLACK
6
CONTINUOUS
10
0.9110031496062992
20
0.3326050787401575
11
0.9111243307086614
21
0.3324573622047244
0
LINE
8
BLACK
6
CONTINUOUS
10
0.9111243307086614
20
0.3324573622047244
11
0.9149576771653543
21
0.3286240157480315
0
LINE
8
BLACK
6
CONTINUOUS
10
0.9149576771653543
20
0.3286240157480315
11
0.9194650393700787
21
0.3256122834645669
0
LINE
8
BLACK
6
CONTINUOUS
10
0.9194650393700787
20
0.3256122834645669
11
0.924473188976378
21
0.323537874015748
0
LINE
8
BLACK
6
CONTINUOUS
10
0.924473188976378
20
0.323537874015748
11
0.9297898818897637
21
0.3224803149606299
0
LINE
8
BLACK
6
CONTINUOUS
10
0.9297898818897637
20
0.3224803149606299
11
0.92979
21
0.3224803149606299
0
LINE
8
BLACK
6
CONTINUOUS
10
0.92979
20
0.3224803149606299
11
0.9352109448818897
21
0.3224803149606299
0
LINE
8
BLACK
6
CONTINUOUS
10
0.9352109448818897
20
0.3224803149606299
11
0.9387553543307087
21
0.3231853543307087
0
LINE
8
BLACK
6
CONTINUOUS
10
0.9387553543307087
20
0.3231853543307087
11
0.9405276377952756
21
0.323537874015748
0
LINE
8
BLACK
6
CONTINUOUS
10
0.9405276377952756
20
0.323537874015748
11
0.9405276771653543
21
0.323537874015748
0
LINE
8
BLACK
6
CONTINUOUS
10
0.9405276771653543
20
0.323537874015748
11
0.9445911417322834
21
0.3252209842519685
0
LINE
8
BLACK
6
CONTINUOUS
10
0.9445911417322834
20
0.3252209842519685
11
0.9469925984251968
21
0.3254099606299213
0
LINE
8
BLACK
6
CONTINUOUS
10
0.9469925984251968
20
0.3254099606299213
11
0.9490464960629921
21
0.3241513385826771
0
LINE
8
BLACK
6
CONTINUOUS
10
0.9490464960629921
20
0.3241513385826771
11
0.9499683070866142
21
0.3219257874015748
0
LINE
8
BLACK
6
CONTINUOUS
10
0.9499683070866142
20
0.3219257874015748
11
0.9499803149606298
21
0.3216200393700787
0
LINE
8
BLACK
6
CONTINUOUS
10
0.9499803149606298
20
0.3216200393700787
11
0.9499803149606298
21
0.2790132283464567
0
LINE
8
BLACK
6
CONTINUOUS
10
0.9499803149606298
20
0.2790132283464567
11
0.9499803543307086
21
0.2790129527559055
0
LINE
8
BLACK
6
CONTINUOUS
10
0.9499803543307086
20
0.2790129527559055
11
0.9505616141732284
21
0.2760905118110236
0
LINE
8
BLACK
6
CONTINUOUS
10
0.9505616141732284
20
0.2760905118110236
11
0.950561653543307
21
0.2760904330708661
0
LINE
8
BLACK
6
CONTINUOUS
10
0.950561653543307
20
0.2760904330708661
11
0.9527761023622047
21
0.2727763385826771
0
LINE
8
BLACK
6
CONTINUOUS
10
0.9527761023622047
20
0.2727763385826771
11
0.9527762992125984
21
0.2727761417322835
0
LINE
8
BLACK
6
CONTINUOUS
10
0.9527762992125984
20
0.2727761417322835
11
0.9549857480314961
21
0.271299842519685
0
LINE
8
BLACK
6
CONTINUOUS
10
0.9549857480314961
20
0.271299842519685
11
0.9560905118110236
21
0.2705616535433071
0
LINE
8
BLACK
6
CONTINUOUS
10
0.9560905118110236
20
0.2705616535433071
11
0.9584317322834646
21
0.2700959448818898
0
LINE
8
BLACK
6
CONTINUOUS
10
0.9584317322834646
20
0.2700959448818898
11
0.9590130708661417
21
0.2699803149606299
0
LINE
8
BLACK
6
CONTINUOUS
10
0.9590130708661417
20
0.2699803149606299
11
0.9590131102362205
21
0.2699803149606299
0
LINE
8
BLACK
6
CONTINUOUS
10
0.9590131102362205
20
0.2699803149606299
11
1.0081977952755905
21
0.2699803149606299
0
LINE
8
BLACK
6
CONTINUOUS
10
1.0081977952755905
20
0.2699803149606299
11
1.010488779527559
21
0.2692359448818897
0
LINE
8
BLACK
6
CONTINUOUS
10
1.010488779527559
20
0.2692359448818897
11
1.01190468503937
21
0.267287125984252
0
LINE
8
BLACK
6
CONTINUOUS
10
1.01190468503937
20
0.267287125984252
11
1.01190468503937
21
0.2648782283464567
0
LINE
8
BLACK
6
CONTINUOUS
10
1.01190468503937
20
0.2648782283464567
11
1.0109538582677164
21
0.2633266141732283
0
LINE
8
BLACK
6
CONTINUOUS
10
1.0109538582677164
20
0.2633266141732283
11
0.9987884645669292
21
0.2511612204724409
0
LINE
8
BLACK
6
CONTINUOUS
10
0.9987884645669292
20
0.2511612204724409
11
0.9966421259842519
21
0.2500676377952756
0
LINE
8
BLACK
6
CONTINUOUS
10
0.9966421259842519
20
0.2500676377952756
11
0.9960324015748031
21
0.2500196456692914
0
LINE
8
BLACK
6
CONTINUOUS
10
0.9960324015748031
20
0.2500196456692914
11
0.9590131496062992
21
0.2500196456692914
0
LINE
8
BLACK
6
CONTINUOUS
10
0.9590131496062992
20
0.2500196456692914
11
0.9590129527559055
21
0.2500196062992126
0
LINE
8
BLACK
6
CONTINUOUS
10
0.9590129527559055
20
0.2500196062992126
11
0.9560905118110236
21
0.2494383464566929
0
LINE
8
BLACK
6
CONTINUOUS
10
0.9560905118110236
20
0.2494383464566929
11
0.9560904330708662
21
0.2494383070866142
0
LINE
8
BLACK
6
CONTINUOUS
10
0.9560904330708662
20
0.2494383070866142
11
0.9560903937007874
21
0.2494382677165354
0
LINE
8
BLACK
6
CONTINUOUS
10
0.9560903937007874
20
0.2494382677165354
11
0.9527762204724409
21
0.2472237795275591
0
LINE
8
BLACK
6
CONTINUOUS
10
0.9527762204724409
20
0.2472237795275591
11
0.950561653543307
21
0.2439094881889764
0
LINE
8
BLACK
6
CONTINUOUS
10
0.950561653543307
20
0.2439094881889764
11
0.9499803543307086
21
0.2409870078740158
0
LINE
8
BLACK
6
CONTINUOUS
10
0.9499803543307086
20
0.2409870078740158
11
0.9499803149606298
21
0.2409868503937008
0
LINE
8
BLACK
6
CONTINUOUS
10
0.9499803149606298
20
0.2409868503937008
11
0.9499803149606298
21
0.1790132283464567
0
LINE
8
BLACK
6
CONTINUOUS
10
0.9499803149606298
20
0.1790132283464567
11
0.9499803543307086
21
0.1790129527559055
0
LINE
8
BLACK
6
CONTINUOUS
10
0.9499803543307086
20
0.1790129527559055
11
0.9505616141732284
21
0.1760905118110236
0
LINE
8
BLACK
6
CONTINUOUS
10
0.9505616141732284
20
0.1760905118110236
11
0.950561653543307
21
0.1760904330708661
0
LINE
8
BLACK
6
CONTINUOUS
10
0.950561653543307
20
0.1760904330708661
11
0.9527761023622047
21
0.1727763385826772
0
LINE
8
BLACK
6
CONTINUOUS
10
0.9527761023622047
20
0.1727763385826772
11
0.9527762992125984
21
0.1727761417322835
0
LINE
8
BLACK
6
CONTINUOUS
10
0.9527762992125984
20
0.1727761417322835
11
0.9549857480314961
21
0.171299842519685
0
LINE
8
BLACK
6
CONTINUOUS
10
0.9549857480314961
20
0.171299842519685
11
0.9560905118110236
21
0.1705616535433071
0
LINE
8
BLACK
6
CONTINUOUS
10
0.9560905118110236
20
0.1705616535433071
11
0.9584317322834646
21
0.1700959448818898
0
LINE
8
BLACK
6
CONTINUOUS
10
0.9584317322834646
20
0.1700959448818898
11
0.9590130708661417
21
0.1699803149606299
0
LINE
8
BLACK
6
CONTINUOUS
10
0.9590130708661417
20
0.1699803149606299
11
0.9590131102362205
21
0.1699803149606299
0
LINE
8
BLACK
6
CONTINUOUS
10
0.9590131102362205
20
0.1699803149606299
11
0.9662401574803149
21
0.1699803149606299
0
LINE
8
BLACK
6
CONTINUOUS
10
0.9662401574803149
20
0.1699803149606299
11
0.9685311417322835
21
0.1692359448818898
0
LINE
8
BLACK
6
CONTINUOUS
10
0.9685311417322835
20
0.1692359448818898
11
0.9699470472440944
21
0.167287125984252
0
LINE
8
BLACK
6
CONTINUOUS
10
0.9699470472440944
20
0.167287125984252
11
0.9701377952755905
21
0.1660826771653543
0
LINE
8
BLACK
6
CONTINUOUS
10
0.9701377952755905
20
0.1660826771653543
11
0.9701377952755905
21
0.1577000787401575
0
LINE
8
BLACK
6
CONTINUOUS
10
0.9701377952755905
20
0.1577000787401575
11
0.9714913779527559
21
0.1526484251968504
0
LINE
8
BLACK
6
CONTINUOUS
10
0.9714913779527559
20
0.1526484251968504
11
0.9724485039370079
21
0.1509905905511811
0
LINE
8
BLACK
6
CONTINUOUS
10
0.9724485039370079
20
0.1509905905511811
11
0.9724484645669291
21
0.1509905511811024
0
LINE
8
BLACK
6
CONTINUOUS
10
0.9724484645669291
20
0.1509905511811024
11
0.9741061023622047
21
0.1481194488188976
0
LINE
8
BLACK
6
CONTINUOUS
10
0.9741061023622047
20
0.1481194488188976
11
1.0381193700787401
21
0.0841061811023622
0
LINE
8
BLACK
6
CONTINUOUS
10
1.0381193700787401
20
0.0841061811023622
11
1.0418024803149606
21
0.0819797244094488
0
LINE
8
BLACK
6
CONTINUOUS
10
1.0418024803149606
20
0.0819797244094488
11
1.0418025196850393
21
0.0819797637795276
0
LINE
8
BLACK
6
CONTINUOUS
10
1.0418025196850393
20
0.0819797637795276
11
1.0426483464566929
21
0.0814913779527559
0
LINE
8
BLACK
6
CONTINUOUS
10
1.0426483464566929
20
0.0814913779527559
11
1.0451742125984251
21
0.0808145669291339
0
LINE
8
BLACK
6
CONTINUOUS
10
1.0451742125984251
20
0.0808145669291339
11
1.0477000393700786
21
0.0801377952755905
0
LINE
8
BLACK
6
CONTINUOUS
10
1.0477000393700786
20
0.0801377952755905
11
1.1871850787401574
21
0.0801377952755905
0
LINE
8
BLACK
6
CONTINUOUS
10
1.1871850787401574
20
0.0801377952755905
11
1.2893290157480315
21
0.0801377952755905
0
LINE
8
BLACK
6
CONTINUOUS
10
1.2893290157480315
20
0.0801377952755905
11
1.29162
21
0.0793934251968504
0
LINE
8
BLACK
6
CONTINUOUS
10
1.29162
20
0.0793934251968504
11
1.2920850787401574
21
0.0789962204724409
0
LINE
8
BLACK
6
CONTINUOUS
10
1.2920850787401574
20
0.0789962204724409
11
1.2924572440944881
21
0.0786240157480315
0
LINE
8
BLACK
6
CONTINUOUS
10
1.2924572440944881
20
0.0786240157480315
11
1.2969646062992126
21
0.0756122834645669
0
LINE
8
BLACK
6
CONTINUOUS
10
1.2969646062992126
20
0.0756122834645669
11
1.3019727559055119
21
0.073537874015748
0
LINE
8
BLACK
6
CONTINUOUS
10
1.3019727559055119
20
0.073537874015748
11
1.3072894488188975
21
0.0724803149606299
0
LINE
8
BLACK
6
CONTINUOUS
10
1.3072894488188975
20
0.0724803149606299
11
1.3072895669291338
21
0.0724803149606299
0
LINE
8
BLACK
6
CONTINUOUS
10
1.3072895669291338
20
0.0724803149606299
11
1.3127105118110236
21
0.0724803149606299
0
LINE
8
BLACK
6
CONTINUOUS
10
1.3127105118110236
20
0.0724803149606299
11
1.3162549212598424
21
0.0731853543307087
0
LINE
8
BLACK
6
CONTINUOUS
10
1.3162549212598424
20
0.0731853543307087
11
1.3180272047244095
21
0.073537874015748
0
LINE
8
BLACK
6
CONTINUOUS
10
1.3180272047244095
20
0.073537874015748
11
1.3180272440944882
21
0.073537874015748
0
LINE
8
BLACK
6
CONTINUOUS
10
1.3180272440944882
20
0.073537874015748
11
1.3230353543307087
21
0.0756122834645669
0
LINE
8
BLACK
6
CONTINUOUS
10
1.3230353543307087
20
0.0756122834645669
11
1.3230353937007873
21
0.0756122834645669
0
LINE
8
BLACK
6
CONTINUOUS
10
1.3230353937007873
20
0.0756122834645669
11
1.327542716535433
21
0.0786240157480315
0
LINE
8
BLACK
6
CONTINUOUS
10
1.327542716535433
20
0.0786240157480315
11
1.3313759448818898
21
0.0824572440944882
0
LINE
8
BLACK
6
CONTINUOUS
10
1.3313759448818898
20
0.0824572440944882
11
1.3343876771653542
21
0.0869645669291339
0
LINE
8
BLACK
6
CONTINUOUS
10
1.3343876771653542
20
0.0869645669291339
11
1.3343876771653542
21
0.0869646062992126
0
LINE
8
BLACK
6
CONTINUOUS
10
1.3343876771653542
20
0.0869646062992126
11
1.3364620866141732
21
0.0919727165354331
0
LINE
8
BLACK
6
CONTINUOUS
10
1.3364620866141732
20
0.0919727165354331
11
1.336462125984252
21
0.0919727952755905
0
LINE
8
BLACK
6
CONTINUOUS
10
1.336462125984252
20
0.0919727952755905
11
1.33751968503937
21
0.0972895669291339
0
LINE
8
BLACK
6
CONTINUOUS
10
1.33751968503937
20
0.0972895669291339
11
1.33751968503937
21
0.1027104330708661
0
LINE
8
BLACK
6
CONTINUOUS
10
1.33751968503937
20
0.1027104330708661
11
1.336462125984252
21
0.1080272047244095
0
LINE
8
BLACK
6
CONTINUOUS
10
1.336462125984252
20
0.1080272047244095
11
1.3343876377952755
21
0.1130354724409449
0
LINE
8
BLACK
6
CONTINUOUS
10
1.3343876377952755
20
0.1130354724409449
11
1.3313759448818898
21
0.1175427559055118
0
LINE
8
BLACK
6
CONTINUOUS
10
1.3313759448818898
20
0.1175427559055118
11
1.3275427559055117
21
0.1213759448818898
0
LINE
8
BLACK
6
CONTINUOUS
10
1.3275427559055117
20
0.1213759448818898
11
1.3230354724409448
21
0.1243876377952756
0
LINE
8
BLACK
6
CONTINUOUS
10
1.3230354724409448
20
0.1243876377952756
11
1.3180272047244095
21
0.126462125984252
0
LINE
8
BLACK
6
CONTINUOUS
10
1.3180272047244095
20
0.126462125984252
11
1.3127104330708661
21
0.1275196850393701
0
LINE
8
BLACK
6
CONTINUOUS
10
1.3127104330708661
20
0.1275196850393701
11
1.3072895669291338
21
0.1275196850393701
0
LINE
8
BLACK
6
CONTINUOUS
10
1.3072895669291338
20
0.1275196850393701
11
1.3019727952755906
21
0.126462125984252
0
LINE
8
BLACK
6
CONTINUOUS
10
1.3019727952755906
20
0.126462125984252
11
1.3019727165354331
21
0.1264620866141732
0
LINE
8
BLACK
6
CONTINUOUS
10
1.3019727165354331
20
0.1264620866141732
11
1.2969646062992126
21
0.1243876771653543
0
LINE
8
BLACK
6
CONTINUOUS
10
1.2969646062992126
20
0.1243876771653543
11
1.2969645669291339
21
0.1243876771653543
0
LINE
8
BLACK
6
CONTINUOUS
10
1.2969645669291339
20
0.1243876771653543
11
1.2924572440944881
21
0.1213759448818898
0
LINE
8
BLACK
6
CONTINUOUS
10
1.2924572440944881
20
0.1213759448818898
11
1.2920850787401574
21
0.1210037795275591
0
LINE
8
BLACK
6
CONTINUOUS
10
1.2920850787401574
20
0.1210037795275591
11
1.2899387401574802
21
0.1199101968503937
0
LINE
8
BLACK
6
CONTINUOUS
10
1.2899387401574802
20
0.1199101968503937
11
1.2893290157480315
21
0.1198622047244094
0
LINE
8
BLACK
6
CONTINUOUS
10
1.2893290157480315
20
0.1198622047244094
11
1.0601566535433071
21
0.1198622047244094
0
LINE
8
BLACK
6
CONTINUOUS
10
1.0601566535433071
20
0.1198622047244094
11
1.0578656692913386
21
0.1206065748031496
0
LINE
8
BLACK
6
CONTINUOUS
10
1.0578656692913386
20
0.1206065748031496
11
1.0574005905511812
21
0.1210037795275591
0
LINE
8
BLACK
6
CONTINUOUS
10
1.0574005905511812
20
0.1210037795275591
11
1.05088468503937
21
0.1275196850393701
0
LINE
8
BLACK
6
CONTINUOUS
10
1.05088468503937
20
0.1275196850393701
11
1.0150776377952755
21
0.1633266929133858
0
LINE
8
BLACK
6
CONTINUOUS
10
1.0150776377952755
20
0.1633266929133858
11
1.0139841338582678
21
0.1654729527559055
0
LINE
8
BLACK
6
CONTINUOUS
10
1.0139841338582678
20
0.1654729527559055
11
1.0143609448818898
21
0.1678521653543307
0
LINE
8
BLACK
6
CONTINUOUS
10
1.0143609448818898
20
0.1678521653543307
11
1.0160642913385827
21
0.1695555118110236
0
LINE
8
BLACK
6
CONTINUOUS
10
1.0160642913385827
20
0.1695555118110236
11
1.0178337401574802
21
0.1699803149606299
0
LINE
8
BLACK
6
CONTINUOUS
10
1.0178337401574802
20
0.1699803149606299
11
1.0209867322834645
21
0.1699803149606299
0
LINE
8
BLACK
6
CONTINUOUS
10
1.0209867322834645
20
0.1699803149606299
11
1.0209870078740158
21
0.1699803543307087
0
LINE
8
BLACK
6
CONTINUOUS
10
1.0209870078740158
20
0.1699803543307087
11
1.0239094488188976
21
0.1705616141732283
0
LINE
8
BLACK
6
CONTINUOUS
10
1.0239094488188976
20
0.1705616141732283
11
1.0239095275590551
21
0.1705616535433071
0
LINE
8
BLACK
6
CONTINUOUS
10
1.0239095275590551
20
0.1705616535433071
11
1.0272236220472442
21
0.1727761023622047
0
LINE
8
BLACK
6
CONTINUOUS
10
1.0272236220472442
20
0.1727761023622047
11
1.0272236614173229
21
0.1727761417322835
0
LINE
8
BLACK
6
CONTINUOUS
10
1.0272236614173229
20
0.1727761417322835
11
1.0272237795275589
21
0.1727762204724409
0
LINE
8
BLACK
6
CONTINUOUS
10
1.0272237795275589
20
0.1727762204724409
11
1.029438346456693
21
0.1760905118110236
0
LINE
8
BLACK
6
CONTINUOUS
10
1.029438346456693
20
0.1760905118110236
11
1.0300196850393701
21
0.1790131102362205
0
LINE
8
BLACK
6
CONTINUOUS
10
1.0300196850393701
20
0.1790131102362205
11
1.0300196456692914
21
0.2245991338582677
0
LINE
8
BLACK
6
CONTINUOUS
10
1.0300196456692914
20
0.2245991338582677
11
1.0307640157480316
21
0.2268901181102362
0
LINE
8
BLACK
6
CONTINUOUS
10
1.0307640157480316
20
0.2268901181102362
11
1.031161220472441
21
0.227355157480315
0
LINE
8
BLACK
6
CONTINUOUS
10
1.031161220472441
20
0.227355157480315
11
1.0433266141732283
21
0.2395205905511811
0
LINE
8
BLACK
6
CONTINUOUS
10
1.0433266141732283
20
0.2395205905511811
11
1.0454729527559055
21
0.2406142125984252
0
LINE
8
BLACK
6
CONTINUOUS
10
1.0454729527559055
20
0.2406142125984252
11
1.0478521653543307
21
0.2402374015748031
0
LINE
8
BLACK
6
CONTINUOUS
10
1.0478521653543307
20
0.2402374015748031
11
1.0495555118110236
21
0.2385340551181102
0
LINE
8
BLACK
6
CONTINUOUS
10
1.0495555118110236
20
0.2385340551181102
11
1.0499803149606299
21
0.2367645669291339
0
LINE
8
BLACK
6
CONTINUOUS
10
1.0499803149606299
20
0.2367645669291339
11
1.0499803149606299
21
0.1790132283464567
0
LINE
8
BLACK
6
CONTINUOUS
10
1.0499803149606299
20
0.1790132283464567
11
1.0499803543307087
21
0.1790129527559055
0
LINE
8
BLACK
6
CONTINUOUS
10
1.0499803543307087
20
0.1790129527559055
11
1.0505616141732284
21
0.1760905118110236
0
LINE
8
BLACK
6
CONTINUOUS
10
1.0505616141732284
20
0.1760905118110236
11
1.0505616535433071
21
0.1760904330708661
0
LINE
8
BLACK
6
CONTINUOUS
10
1.0505616535433071
20
0.1760904330708661
11
1.0527761023622046
21
0.1727763385826772
0
LINE
8
BLACK
6
CONTINUOUS
10
1.0527761023622046
20
0.1727763385826772
11
1.0527762992125984
21
0.1727761417322835
0
LINE
8
BLACK
6
CONTINUOUS
10
1.0527762992125984
20
0.1727761417322835
11
1.0549857480314961
21
0.171299842519685
0
LINE
8
BLACK
6
CONTINUOUS
10
1.0549857480314961
20
0.171299842519685
11
1.0560905118110235
21
0.1705616535433071
0
LINE
8
BLACK
6
CONTINUOUS
10
1.0560905118110235
20
0.1705616535433071
11
1.0590131102362204
21
0.1699803149606299
0
LINE
8
BLACK
6
CONTINUOUS
10
1.0590131102362204
20
0.1699803149606299
11
1.1209867322834646
21
0.1699803149606299
0
LINE
8
BLACK
6
CONTINUOUS
10
1.1209867322834646
20
0.1699803149606299
11
1.1209870078740156
21
0.1699803543307087
0
LINE
8
BLACK
6
CONTINUOUS
10
1.1209870078740156
20
0.1699803543307087
11
1.1239094488188976
21
0.1705616141732283
0
LINE
8
BLACK
6
CONTINUOUS
10
1.1239094488188976
20
0.1705616141732283
11
1.1239095275590552
21
0.1705616535433071
0
LINE
8
BLACK
6
CONTINUOUS
10
1.1239095275590552
20
0.1705616535433071
11
1.127223622047244
21
0.1727761023622047
0
LINE
8
BLACK
6
CONTINUOUS
10
1.127223622047244
20
0.1727761023622047
11
1.1272236614173228
21
0.1727761417322835
0
LINE
8
BLACK
6
CONTINUOUS
10
1.1272236614173228
20
0.1727761417322835
11
1.127223779527559
21
0.1727762204724409
0
LINE
8
BLACK
6
CONTINUOUS
10
1.127223779527559
20
0.1727762204724409
11
1.1294383464566928
21
0.1760905118110236
0
LINE
8
BLACK
6
CONTINUOUS
10
1.1294383464566928
20
0.1760905118110236
11
1.13001968503937
21
0.1790131102362205
0
LINE
8
BLACK
6
CONTINUOUS
10
1.13001968503937
20
0.1790131102362205
11
1.1300196456692913
21
0.2409868503937008
0
LINE
8
BLACK
6
CONTINUOUS
10
1.1300196456692913
20
0.2409868503937008
11
1.1294383464566928
21
0.2439094881889764
0
LINE
8
BLACK
6
CONTINUOUS
10
1.1294383464566928
20
0.2439094881889764
11
1.127223779527559
21
0.2472237795275591
0
LINE
8
BLACK
6
CONTINUOUS
10
1.127223779527559
20
0.2472237795275591
11
1.1239094881889764
21
0.2494383464566929
0
LINE
8
BLACK
6
CONTINUOUS
10
1.1239094881889764
20
0.2494383464566929
11
1.1209868897637796
21
0.2500196850393701
0
LINE
8
BLACK
6
CONTINUOUS
10
1.1209868897637796
20
0.2500196850393701
11
1.0613840551181102
21
0.2500196456692914
0
LINE
8
BLACK
6
CONTINUOUS
10
1.0613840551181102
20
0.2500196456692914
11
1.0590931102362204
21
0.2507640157480315
0
LINE
8
BLACK
6
CONTINUOUS
10
1.0590931102362204
20
0.2507640157480315
11
1.0576772047244094
21
0.2527128346456693
0
LINE
8
BLACK
6
CONTINUOUS
10
1.0576772047244094
20
0.2527128346456693
11
1.0576772047244094
21
0.2551217322834646
0
LINE
8
BLACK
6
CONTINUOUS
10
1.0576772047244094
20
0.2551217322834646
11
1.0577303937007874
21
0.2552745275590551
0
LINE
8
BLACK
6
CONTINUOUS
10
1.0577303937007874
20
0.2552745275590551
11
1.0578446062992126
21
0.2555820078740157
0
LINE
8
BLACK
6
CONTINUOUS
10
1.0578446062992126
20
0.2555820078740157
11
1.0583511811023623
21
0.2564594094488189
0
LINE
8
BLACK
6
CONTINUOUS
10
1.0583511811023623
20
0.2564594094488189
11
1.0587712598425196
21
0.2580272047244094
0
LINE
8
BLACK
6
CONTINUOUS
10
1.0587712598425196
20
0.2580272047244094
11
1.0597047637795276
21
0.2615110236220473
0
LINE
8
BLACK
6
CONTINUOUS
10
1.0597047637795276
20
0.2615110236220473
11
1.0597047637795276
21
0.2660826771653543
0
LINE
8
BLACK
6
CONTINUOUS
10
1.0597047637795276
20
0.2660826771653543
11
1.0604491338582678
21
0.2683736614173228
0
LINE
8
BLACK
6
CONTINUOUS
10
1.0604491338582678
20
0.2683736614173228
11
1.0623979527559055
21
0.2697895669291339
0
LINE
8
BLACK
6
CONTINUOUS
10
1.0623979527559055
20
0.2697895669291339
11
1.0636024015748031
21
0.2699803149606299
0
LINE
8
BLACK
6
CONTINUOUS
10
1.0636024015748031
20
0.2699803149606299
11
1.1209867322834646
21
0.2699803149606299
0
LINE
8
BLACK
6
CONTINUOUS
10
1.1209867322834646
20
0.2699803149606299
11
1.1209870078740156
21
0.2699803543307087
0
LINE
8
BLACK
6
CONTINUOUS
10
1.1209870078740156
20
0.2699803543307087
11
1.1239094488188976
21
0.2705616141732283
0
LINE
8
BLACK
6
CONTINUOUS
10
1.1239094488188976
20
0.2705616141732283
11
1.1239095275590552
21
0.2705616535433071
0
LINE
8
BLACK
6
CONTINUOUS
10
1.1239095275590552
20
0.2705616535433071
11
1.127223622047244
21
0.2727761023622047
0
LINE
8
BLACK
6
CONTINUOUS
10
1.127223622047244
20
0.2727761023622047
11
1.1272236614173228
21
0.2727761417322835
0
LINE
8
BLACK
6
CONTINUOUS
10
1.1272236614173228
20
0.2727761417322835
11
1.127223779527559
21
0.2727762204724409
0
LINE
8
BLACK
6
CONTINUOUS
10
1.127223779527559
20
0.2727762204724409
11
1.1294383464566928
21
0.2760905118110236
0
LINE
8
BLACK
6
CONTINUOUS
10
1.1294383464566928
20
0.2760905118110236
11
1.13001968503937
21
0.2790131102362204
0
LINE
8
BLACK
6
CONTINUOUS
10
1.13001968503937
20
0.2790131102362204
11
1.1300196456692913
21
0.3285122440944882
0
LINE
8
BLACK
6
CONTINUOUS
10
1.1300196456692913
20
0.3285122440944882
11
1.1307640157480314
21
0.3308032283464567
0
LINE
8
BLACK
6
CONTINUOUS
10
1.1307640157480314
20
0.3308032283464567
11
1.1327128346456692
21
0.3322191338582677
0
LINE
8
BLACK
6
CONTINUOUS
10
1.1327128346456692
20
0.3322191338582677
11
1.1346776377952756
21
0.332335
0
LINE
8
BLACK
6
CONTINUOUS
10
1.1346776377952756
20
0.332335
11
1.1367348031496063
21
0.3319257874015748
0
LINE
8
BLACK
6
CONTINUOUS
10
1.1367348031496063
20
0.3319257874015748
11
1.1367350393700788
21
0.3319257874015748
0
LINE
8
BLACK
6
CONTINUOUS
10
1.1367350393700788
20
0.3319257874015748
11
1.1421561023622047
21
0.3319257874015748
0
LINE
8
BLACK
6
CONTINUOUS
10
1.1421561023622047
20
0.3319257874015748
11
1.1453223228346456
21
0.3325555905511811
0
LINE
8
BLACK
6
CONTINUOUS
10
1.1453223228346456
20
0.3325555905511811
11
1.1477144881889763
21
0.3322724409448819
0
LINE
8
BLACK
6
CONTINUOUS
10
1.1477144881889763
20
0.3322724409448819
11
1.1494833464566929
21
0.3306372834645669
0
LINE
8
BLACK
6
CONTINUOUS
10
1.1494833464566929
20
0.3306372834645669
11
1.1499803149606298
21
0.3287328346456693
0
LINE
8
BLACK
6
CONTINUOUS
10
1.1499803149606298
20
0.3287328346456693
11
1.1499803149606298
21
0.2790132283464567
0
LINE
8
BLACK
6
CONTINUOUS
10
1.1499803149606298
20
0.2790132283464567
11
1.1499803543307086
21
0.2790129527559055
0
LINE
8
BLACK
6
CONTINUOUS
10
1.1499803543307086
20
0.2790129527559055
11
1.1505616141732282
21
0.2760905118110236
0
LINE
8
BLACK
6
CONTINUOUS
10
1.1505616141732282
20
0.2760905118110236
11
1.150561653543307
21
0.2760904330708661
0
LINE
8
BLACK
6
CONTINUOUS
10
1.150561653543307
20
0.2760904330708661
11
1.1527761023622047
21
0.2727763385826771
0
LINE
8
BLACK
6
CONTINUOUS
10
1.1527761023622047
20
0.2727763385826771
11
1.1527762992125985
21
0.2727761417322835
0
LINE
8
BLACK
6
CONTINUOUS
10
1.1527762992125985
20
0.2727761417322835
11
1.154985748031496
21
0.271299842519685
0
LINE
8
BLACK
6
CONTINUOUS
10
1.154985748031496
20
0.271299842519685
11
1.1560905118110236
21
0.2705616535433071
0
LINE
8
BLACK
6
CONTINUOUS
10
1.1560905118110236
20
0.2705616535433071
11
1.1584317322834645
21
0.2700959448818898
0
LINE
8
BLACK
6
CONTINUOUS
10
1.1584317322834645
20
0.2700959448818898
11
1.1590130708661417
21
0.2699803149606299
0
LINE
8
BLACK
6
CONTINUOUS
10
1.1590130708661417
20
0.2699803149606299
11
1.1590131102362204
21
0.2699803149606299
0
LINE
8
BLACK
6
CONTINUOUS
10
1.1590131102362204
20
0.2699803149606299
11
1.1701771653543307
21
0.2699803149606299
0
LINE
8
BLACK
6
CONTINUOUS
10
1.1701771653543307
20
0.2699803149606299
11
1.1724681496062992
21
0.2692359448818897
0
LINE
8
BLACK
6
CONTINUOUS
10
1.1724681496062992
20
0.2692359448818897
11
1.1738840551181102
21
0.267287125984252
0
LINE
8
BLACK
6
CONTINUOUS
10
1.1738840551181102
20
0.267287125984252
11
1.1740748031496062
21
0.2660826771653543
0
LINE
8
BLACK
6
CONTINUOUS
10
1.1740748031496062
20
0.2660826771653543
11
1.1740748031496062
21
0.2539172834645669
0
LINE
8
BLACK
6
CONTINUOUS
10
1.1740748031496062
20
0.2539172834645669
11
1.173330433070866
21
0.2516262992125984
0
LINE
8
BLACK
6
CONTINUOUS
10
1.173330433070866
20
0.2516262992125984
11
1.1713816141732283
21
0.2502103937007874
0
LINE
8
BLACK
6
CONTINUOUS
10
1.1713816141732283
20
0.2502103937007874
11
1.1701771653543307
21
0.2500196456692914
0
LINE
8
BLACK
6
CONTINUOUS
10
1.1701771653543307
20
0.2500196456692914
11
1.1590131496062992
21
0.2500196456692914
0
LINE
8
BLACK
6
CONTINUOUS
10
1.1590131496062992
20
0.2500196456692914
11
1.1590129527559054
21
0.2500196062992126
0
LINE
8
BLACK
6
CONTINUOUS
10
1.1590129527559054
20
0.2500196062992126
11
1.1560905118110236
21
0.2494383464566929
0
LINE
8
BLACK
6
CONTINUOUS
10
1.1560905118110236
20
0.2494383464566929
11
1.1560904330708661
21
0.2494383070866142
0
LINE
8
BLACK
6
CONTINUOUS
10
1.1560904330708661
20
0.2494383070866142
11
1.1560903937007874
21
0.2494382677165354
0
LINE
8
BLACK
6
CONTINUOUS
10
1.1560903937007874
20
0.2494382677165354
11
1.152776220472441
21
0.2472237795275591
0
LINE
8
BLACK
6
CONTINUOUS
10
1.152776220472441
20
0.2472237795275591
11
1.150561653543307
21
0.2439094881889764
0
LINE
8
BLACK
6
CONTINUOUS
10
1.150561653543307
20
0.2439094881889764
11
1.1499803543307086
21
0.2409870078740158
0
LINE
8
BLACK
6
CONTINUOUS
10
1.1499803543307086
20
0.2409870078740158
11
1.1499803149606298
21
0.2409868503937008
0
LINE
8
BLACK
6
CONTINUOUS
10
1.1499803149606298
20
0.2409868503937008
11
1.1499803149606298
21
0.1790132283464567
0
LINE
8
BLACK
6
CONTINUOUS
10
1.1499803149606298
20
0.1790132283464567
11
1.1499803543307086
21
0.1790129527559055
0
LINE
8
BLACK
6
CONTINUOUS
10
1.1499803543307086
20
0.1790129527559055
11
1.1505616141732282
21
0.1760905118110236
0
LINE
8
BLACK
6
CONTINUOUS
10
1.1505616141732282
20
0.1760905118110236
11
1.150561653543307
21
0.1760904330708661
0
LINE
8
BLACK
6
CONTINUOUS
10
1.150561653543307
20
0.1760904330708661
11
1.1527761023622047
21
0.1727763385826772
0
LINE
8
BLACK
6
CONTINUOUS
10
1.1527761023622047
20
0.1727763385826772
11
1.1527762992125985
21
0.1727761417322835
0
LINE
8
BLACK
6
CONTINUOUS
10
1.1527762992125985
20
0.1727761417322835
11
1.154985748031496
21
0.171299842519685
0
LINE
8
BLACK
6
CONTINUOUS
10
1.154985748031496
20
0.171299842519685
11
1.1560905118110236
21
0.1705616535433071
0
LINE
8
BLACK
6
CONTINUOUS
10
1.1560905118110236
20
0.1705616535433071
11
1.1590131102362204
21
0.1699803149606299
0
LINE
8
BLACK
6
CONTINUOUS
10
1.1590131102362204
20
0.1699803149606299
11
1.2209867322834644
21
0.1699803149606299
0
LINE
8
BLACK
6
CONTINUOUS
10
1.2209867322834644
20
0.1699803149606299
11
1.2209870078740157
21
0.1699803543307087
0
LINE
8
BLACK
6
CONTINUOUS
10
1.2209870078740157
20
0.1699803543307087
11
1.2239094488188975
21
0.1705616141732283
0
LINE
8
BLACK
6
CONTINUOUS
10
1.2239094488188975
20
0.1705616141732283
11
1.223909527559055
21
0.1705616535433071
0
LINE
8
BLACK
6
CONTINUOUS
10
1.223909527559055
20
0.1705616535433071
11
1.2272236220472441
21
0.1727761023622047
0
LINE
8
BLACK
6
CONTINUOUS
10
1.2272236220472441
20
0.1727761023622047
11
1.2272236614173229
21
0.1727761417322835
0
LINE
8
BLACK
6
CONTINUOUS
10
1.2272236614173229
20
0.1727761417322835
11
1.2272237795275591
21
0.1727762204724409
0
LINE
8
BLACK
6
CONTINUOUS
10
1.2272237795275591
20
0.1727762204724409
11
1.2294383464566929
21
0.1760905118110236
0
LINE
8
BLACK
6
CONTINUOUS
10
1.2294383464566929
20
0.1760905118110236
11
1.2300196850393701
21
0.1790131102362205
0
LINE
8
BLACK
6
CONTINUOUS
10
1.2300196850393701
20
0.1790131102362205
11
1.2300196456692913
21
0.2409868503937008
0
LINE
8
BLACK
6
CONTINUOUS
10
1.2300196456692913
20
0.2409868503937008
11
1.2294383464566929
21
0.2439094881889764
0
LINE
8
BLACK
6
CONTINUOUS
10
1.2294383464566929
20
0.2439094881889764
11
1.2272237795275591
21
0.2472237795275591
0
LINE
8
BLACK
6
CONTINUOUS
10
1.2272237795275591
20
0.2472237795275591
11
1.2239094881889763
21
0.2494383464566929
0
LINE
8
BLACK
6
CONTINUOUS
10
1.2239094881889763
20
0.2494383464566929
11
1.2209868897637794
21
0.2500196850393701
0
LINE
8
BLACK
6
CONTINUOUS
10
1.2209868897637794
20
0.2500196850393701
11
1.2098227952755904
21
0.2500196456692914
0
LINE
8
BLACK
6
CONTINUOUS
10
1.2098227952755904
20
0.2500196456692914
11
1.2075318897637795
21
0.2507640157480315
0
LINE
8
BLACK
6
CONTINUOUS
10
1.2075318897637795
20
0.2507640157480315
11
1.2061159842519684
21
0.2527128346456693
0
LINE
8
BLACK
6
CONTINUOUS
10
1.2061159842519684
20
0.2527128346456693
11
1.2059251968503937
21
0.2539172834645669
0
LINE
8
BLACK
6
CONTINUOUS
10
1.2059251968503937
20
0.2539172834645669
11
1.2059251968503937
21
0.2660826771653543
0
LINE
8
BLACK
6
CONTINUOUS
10
1.2059251968503937
20
0.2660826771653543
11
1.2066695669291339
21
0.2683736614173228
0
LINE
8
BLACK
6
CONTINUOUS
10
1.2066695669291339
20
0.2683736614173228
11
1.2086183858267716
21
0.2697895669291339
0
LINE
8
BLACK
6
CONTINUOUS
10
1.2086183858267716
20
0.2697895669291339
11
1.2098228346456692
21
0.2699803149606299
0
LINE
8
BLACK
6
CONTINUOUS
10
1.2098228346456692
20
0.2699803149606299
11
1.2209867322834644
21
0.2699803149606299
0
LINE
8
BLACK
6
CONTINUOUS
10
1.2209867322834644
20
0.2699803149606299
11
1.2209870078740157
21
0.2699803543307087
0
LINE
8
BLACK
6
CONTINUOUS
10
1.2209870078740157
20
0.2699803543307087
11
1.2239094488188975
21
0.2705616141732283
0
LINE
8
BLACK
6
CONTINUOUS
10
1.2239094488188975
20
0.2705616141732283
11
1.223909527559055
21
0.2705616535433071
0
LINE
8
BLACK
6
CONTINUOUS
10
1.223909527559055
20
0.2705616535433071
11
1.2272236220472441
21
0.2727761023622047
0
LINE
8
BLACK
6
CONTINUOUS
10
1.2272236220472441
20
0.2727761023622047
11
1.2272236614173229
21
0.2727761417322835
0
LINE
8
BLACK
6
CONTINUOUS
10
1.2272236614173229
20
0.2727761417322835
11
1.2272237795275591
21
0.2727762204724409
0
LINE
8
BLACK
6
CONTINUOUS
10
1.2272237795275591
20
0.2727762204724409
11
1.2294383464566929
21
0.2760905118110236
0
LINE
8
BLACK
6
CONTINUOUS
10
1.2294383464566929
20
0.2760905118110236
11
1.2300196850393701
21
0.2790131102362204
0
LINE
8
BLACK
6
CONTINUOUS
10
1.2300196850393701
20
0.2790131102362204
11
1.2300196456692913
21
0.3409868503937008
0
LINE
8
BLACK
6
CONTINUOUS
10
1.2300196456692913
20
0.3409868503937008
11
1.2294383464566929
21
0.3439094881889764
0
LINE
8
BLACK
6
CONTINUOUS
10
1.2294383464566929
20
0.3439094881889764
11
1.2272237795275591
21
0.3472237795275591
0
LINE
8
BLACK
6
CONTINUOUS
10
1.2272237795275591
20
0.3472237795275591
11
1.2239094881889763
21
0.3494383464566929
0
LINE
8
BLACK
6
CONTINUOUS
10
1.2239094881889763
20
0.3494383464566929
11
1.2209868897637794
21
0.3500196850393701
0
LINE
8
BLACK
6
CONTINUOUS
10
1.2209868897637794
20
0.3500196850393701
11
1.1703786220472441
21
0.3500196456692913
0
LINE
8
BLACK
6
CONTINUOUS
10
1.1703786220472441
20
0.3500196456692913
11
1.1695233858267717
21
0.3502975196850394
0
LINE
8
BLACK
6
CONTINUOUS
10
1.1695233858267717
20
0.3502975196850394
11
1.1686341338582678
21
0.3504318503937008
0
LINE
8
BLACK
6
CONTINUOUS
10
1.1686341338582678
20
0.3504318503937008
11
1.1684001574803149
21
0.3506624803149606
0
LINE
8
BLACK
6
CONTINUOUS
10
1.1684001574803149
20
0.3506624803149606
11
1.1680876771653543
21
0.3507640157480315
0
LINE
8
BLACK
6
CONTINUOUS
10
1.1680876771653543
20
0.3507640157480315
11
1.1675590157480316
21
0.3514916141732283
0
LINE
8
BLACK
6
CONTINUOUS
10
1.1675590157480316
20
0.3514916141732283
11
1.1669186220472441
21
0.3521229133858267
0
LINE
8
BLACK
6
CONTINUOUS
10
1.1669186220472441
20
0.3521229133858267
11
1.1668744488188976
21
0.3524338188976378
0
LINE
8
BLACK
6
CONTINUOUS
10
1.1668744488188976
20
0.3524338188976378
11
1.1666717716535433
21
0.3527128346456693
0
LINE
8
BLACK
6
CONTINUOUS
10
1.1666717716535433
20
0.3527128346456693
11
1.1665247244094488
21
0.3544993700787402
0
LINE
8
BLACK
6
CONTINUOUS
10
1.1665247244094488
20
0.3544993700787402
11
1.1665381496062992
21
0.3545884251968504
0
LINE
8
BLACK
6
CONTINUOUS
10
1.1665381496062992
20
0.3545884251968504
11
1.166965157480315
21
0.3567350393700787
0
LINE
8
BLACK
6
CONTINUOUS
10
1.166965157480315
20
0.3567350393700787
11
1.166965157480315
21
0.3574153543307086
0
LINE
8
BLACK
6
CONTINUOUS
10
1.166965157480315
20
0.3574153543307086
11
1.1670088582677165
21
0.3577046850393701
0
LINE
8
BLACK
6
CONTINUOUS
10
1.1670088582677165
20
0.3577046850393701
11
1.167423346456693
21
0.3585327952755906
0
LINE
8
BLACK
6
CONTINUOUS
10
1.167423346456693
20
0.3585327952755906
11
1.167709527559055
21
0.3594135826771653
0
LINE
8
BLACK
6
CONTINUOUS
10
1.167709527559055
20
0.3594135826771653
11
1.1679525590551181
21
0.359590157480315
0
LINE
8
BLACK
6
CONTINUOUS
10
1.1679525590551181
20
0.359590157480315
11
1.1680870472440945
21
0.3598588188976378
0
LINE
8
BLACK
6
CONTINUOUS
10
1.1680870472440945
20
0.3598588188976378
11
1.168909094488189
21
0.3602851181102362
0
LINE
8
BLACK
6
CONTINUOUS
10
1.168909094488189
20
0.3602851181102362
11
1.169658346456693
21
0.3608294881889764
0
LINE
8
BLACK
6
CONTINUOUS
10
1.169658346456693
20
0.3608294881889764
11
1.1700908267716534
21
0.3608979527559055
0
LINE
8
BLACK
6
CONTINUOUS
10
1.1700908267716534
20
0.3608979527559055
11
1.1702254724409449
21
0.3609677952755905
0
LINE
8
BLACK
6
CONTINUOUS
10
1.1702254724409449
20
0.3609677952755905
11
1.1703821653543307
21
0.360944094488189
0
LINE
8
BLACK
6
CONTINUOUS
10
1.1703821653543307
20
0.360944094488189
11
1.1708627952755906
21
0.3610202362204724
0
LINE
8
BLACK
6
CONTINUOUS
10
1.1708627952755906
20
0.3610202362204724
11
1.2090419291338583
21
0.3610202362204724
0
LINE
8
BLACK
6
CONTINUOUS
10
1.2090419291338583
20
0.3610202362204724
11
1.2090420078740156
21
0.3610202362204724
0
LINE
8
BLACK
6
CONTINUOUS
10
1.2090420078740156
20
0.3610202362204724
11
1.2130923228346457
21
0.3621055118110236
0
LINE
8
BLACK
6
CONTINUOUS
10
1.2130923228346457
20
0.3621055118110236
11
1.2130924803149605
21
0.3621055511811024
0
LINE
8
BLACK
6
CONTINUOUS
10
1.2130924803149605
20
0.3621055511811024
11
1.2167235433070867
21
0.364201968503937
0
LINE
8
BLACK
6
CONTINUOUS
10
1.2167235433070867
20
0.364201968503937
11
1.2167235826771654
21
0.3642020078740157
0
LINE
8
BLACK
6
CONTINUOUS
10
1.2167235826771654
20
0.3642020078740157
11
1.2167236220472442
21
0.3642020472440945
0
LINE
8
BLACK
6
CONTINUOUS
10
1.2167236220472442
20
0.3642020472440945
11
1.2167237401574802
21
0.3642021259842519
0
LINE
8
BLACK
6
CONTINUOUS
10
1.2167237401574802
20
0.3642021259842519
11
1.2754548818897637
21
0.4229332283464567
0
LINE
8
BLACK
6
CONTINUOUS
10
1.2754548818897637
20
0.4229332283464567
11
1.277601220472441
21
0.4240268110236221
0
LINE
8
BLACK
6
CONTINUOUS
10
1.277601220472441
20
0.4240268110236221
11
1.2782109448818897
21
0.4240748031496063
0
LINE
8
BLACK
6
CONTINUOUS
10
1.2782109448818897
20
0.4240748031496063
11
1.3354599212598426
21
0.4240748031496063
0
LINE
8
BLACK
6
CONTINUOUS
10
1.3354599212598426
20
0.4240748031496063
11
1.3377509055118111
21
0.4233304330708662
0
LINE
8
BLACK
6
CONTINUOUS
10
1.3377509055118111
20
0.4233304330708662
11
1.3384721653543308
21
0.42258
0
LINE
8
BLACK
6
CONTINUOUS
10
1.3384721653543308
20
0.42258
11
1.3385027165354331
21
0.4226050787401575
0
LINE
8
BLACK
6
CONTINUOUS
10
1.3385027165354331
20
0.4226050787401575
11
1.3386238976377953
21
0.4224573622047244
0
LINE
8
BLACK
6
CONTINUOUS
10
1.3386238976377953
20
0.4224573622047244
11
1.3424572440944882
21
0.4186240157480315
0
LINE
8
BLACK
6
CONTINUOUS
10
1.3424572440944882
20
0.4186240157480315
11
1.3469646062992127
21
0.4156122834645669
0
LINE
8
BLACK
6
CONTINUOUS
10
1.3469646062992127
20
0.4156122834645669
11
1.3519727559055117
21
0.413537874015748
0
LINE
8
BLACK
6
CONTINUOUS
10
1.3519727559055117
20
0.413537874015748
11
1.3572894488188976
21
0.4124803149606299
0
LINE
8
BLACK
6
CONTINUOUS
10
1.3572894488188976
20
0.4124803149606299
11
1.360548937007874
21
0.4124803149606299
0
LINE
8
BLACK
6
CONTINUOUS
10
1.360548937007874
20
0.4124803149606299
11
1.3628399212598425
21
0.4117359448818897
0
LINE
8
BLACK
6
CONTINUOUS
10
1.3628399212598425
20
0.4117359448818897
11
1.3642558267716536
21
0.4097871259842519
0
LINE
8
BLACK
6
CONTINUOUS
10
1.3642558267716536
20
0.4097871259842519
11
1.3642558267716536
21
0.4073782283464567
0
LINE
8
BLACK
6
CONTINUOUS
10
1.3642558267716536
20
0.4073782283464567
11
1.363305
21
0.4058266141732284
0
LINE
8
BLACK
6
CONTINUOUS
10
1.363305
20
0.4058266141732284
11
1.3086396062992125
21
0.3511612204724409
0
LINE
8
BLACK
6
CONTINUOUS
10
1.3086396062992125
20
0.3511612204724409
11
1.3064932677165355
21
0.3500676377952756
0
LINE
8
BLACK
6
CONTINUOUS
10
1.3064932677165355
20
0.3500676377952756
11
1.3058835433070866
21
0.3500196456692913
0
LINE
8
BLACK
6
CONTINUOUS
10
1.3058835433070866
20
0.3500196456692913
11
1.2590131496062993
21
0.3500196456692913
0
LINE
8
BLACK
6
CONTINUOUS
10
1.2590131496062993
20
0.3500196456692913
11
1.2590129527559055
21
0.3500196062992126
0
LINE
8
BLACK
6
CONTINUOUS
10
1.2590129527559055
20
0.3500196062992126
11
1.2560905118110235
21
0.3494383464566929
0
LINE
8
BLACK
6
CONTINUOUS
10
1.2560905118110235
20
0.3494383464566929
11
1.2560904330708662
21
0.3494383070866142
0
LINE
8
BLACK
6
CONTINUOUS
10
1.2560904330708662
20
0.3494383070866142
11
1.2560903937007875
21
0.3494382677165354
0
LINE
8
BLACK
6
CONTINUOUS
10
1.2560903937007875
20
0.3494382677165354
11
1.2527762204724409
21
0.3472237795275591
0
LINE
8
BLACK
6
CONTINUOUS
10
1.2527762204724409
20
0.3472237795275591
11
1.2505616535433071
21
0.3439094881889764
0
LINE
8
BLACK
6
CONTINUOUS
10
1.2505616535433071
20
0.3439094881889764
11
1.2499803543307086
21
0.3409870078740158
0
LINE
8
BLACK
6
CONTINUOUS
10
1.2499803543307086
20
0.3409870078740158
11
1.2499803149606299
21
0.3409868503937008
0
LINE
8
BLACK
6
CONTINUOUS
10
1.2499803149606299
20
0.3409868503937008
11
1.2499803149606299
21
0.2790132283464567
0
LINE
8
BLACK
6
CONTINUOUS
10
1.2499803149606299
20
0.2790132283464567
11
1.2499803543307086
21
0.2790129527559055
0
LINE
8
BLACK
6
CONTINUOUS
10
1.2499803543307086
20
0.2790129527559055
11
1.2505616141732283
21
0.2760905118110236
0
LINE
8
BLACK
6
CONTINUOUS
10
1.2505616141732283
20
0.2760905118110236
11
1.2505616535433071
21
0.2760904330708661
0
LINE
8
BLACK
6
CONTINUOUS
10
1.2505616535433071
20
0.2760904330708661
11
1.2527761023622046
21
0.2727763385826771
0
LINE
8
BLACK
6
CONTINUOUS
10
1.2527761023622046
20
0.2727763385826771
11
1.2527762992125984
21
0.2727761417322835
0
LINE
8
BLACK
6
CONTINUOUS
10
1.2527762992125984
20
0.2727761417322835
11
1.2549857480314961
21
0.271299842519685
0
LINE
8
BLACK
6
CONTINUOUS
10
1.2549857480314961
20
0.271299842519685
11
1.2560905118110235
21
0.2705616535433071
0
LINE
8
BLACK
6
CONTINUOUS
10
1.2560905118110235
20
0.2705616535433071
11
1.2590131102362205
21
0.2699803149606299
0
LINE
8
BLACK
6
CONTINUOUS
10
1.2590131102362205
20
0.2699803149606299
11
1.3209867322834645
21
0.2699803149606299
0
LINE
8
BLACK
6
CONTINUOUS
10
1.3209867322834645
20
0.2699803149606299
11
1.3209870078740158
21
0.2699803543307087
0
LINE
8
BLACK
6
CONTINUOUS
10
1.3209870078740158
20
0.2699803543307087
11
1.3239094488188976
21
0.2705616141732283
0
LINE
8
BLACK
6
CONTINUOUS
10
1.3239094488188976
20
0.2705616141732283
11
1.3239095275590551
21
0.2705616535433071
0
LINE
8
BLACK
6
CONTINUOUS
10
1.3239095275590551
20
0.2705616535433071
11
1.327223622047244
21
0.2727761023622047
0
LINE
8
BLACK
6
CONTINUOUS
10
1.327223622047244
20
0.2727761023622047
11
1.3272236614173227
21
0.2727761417322835
0
LINE
8
BLACK
6
CONTINUOUS
10
1.3272236614173227
20
0.2727761417322835
11
1.327223779527559
21
0.2727762204724409
0
LINE
8
BLACK
6
CONTINUOUS
10
1.327223779527559
20
0.2727762204724409
11
1.3294383464566928
21
0.2760905118110236
0
LINE
8
BLACK
6
CONTINUOUS
10
1.3294383464566928
20
0.2760905118110236
11
1.33001968503937
21
0.2790131102362204
0
LINE
8
BLACK
6
CONTINUOUS
10
1.33001968503937
20
0.2790131102362204
11
1.3300196456692912
21
0.3258835433070866
0
LINE
8
BLACK
6
CONTINUOUS
10
1.3300196456692912
20
0.3258835433070866
11
1.3307640157480314
21
0.3281745275590551
0
LINE
8
BLACK
6
CONTINUOUS
10
1.3307640157480314
20
0.3281745275590551
11
1.331161220472441
21
0.3286396062992126
0
LINE
8
BLACK
6
CONTINUOUS
10
1.331161220472441
20
0.3286396062992126
11
1.4254548425196849
21
0.4229332283464567
0
LINE
8
BLACK
6
CONTINUOUS
10
1.4254548425196849
20
0.4229332283464567
11
1.4276011811023621
21
0.4240268110236221
0
LINE
8
BLACK
6
CONTINUOUS
10
1.4276011811023621
20
0.4240268110236221
11
1.4282109055118111
21
0.4240748031496063
0
LINE
8
BLACK
6
CONTINUOUS
10
1.4282109055118111
20
0.4240748031496063
11
1.5054599212598425
21
0.4240748031496063
0
LINE
8
BLACK
6
CONTINUOUS
10
1.5054599212598425
20
0.4240748031496063
11
1.507750905511811
21
0.4233304330708662
0
LINE
8
BLACK
6
CONTINUOUS
10
1.507750905511811
20
0.4233304330708662
11
1.5084721653543307
21
0.42258
0
LINE
8
BLACK
6
CONTINUOUS
10
1.5084721653543307
20
0.42258
11
1.508502716535433
21
0.4226050787401575
0
LINE
8
BLACK
6
CONTINUOUS
10
1.508502716535433
20
0.4226050787401575
11
1.5086238976377953
21
0.4224573622047244
0
LINE
8
BLACK
6
CONTINUOUS
10
1.5086238976377953
20
0.4224573622047244
11
1.5124572440944881
21
0.4186240157480315
0
LINE
8
BLACK
6
CONTINUOUS
10
1.5124572440944881
20
0.4186240157480315
11
1.5169646062992126
21
0.4156122834645669
0
LINE
8
BLACK
6
CONTINUOUS
10
1.5169646062992126
20
0.4156122834645669
11
1.5219727559055118
21
0.413537874015748
0
LINE
8
BLACK
6
CONTINUOUS
10
1.5219727559055118
20
0.413537874015748
11
1.5272894488188975
21
0.4124803149606299
0
LINE
8
BLACK
6
CONTINUOUS
10
1.5272894488188975
20
0.4124803149606299
11
1.5272895669291338
21
0.4124803149606299
0
LINE
8
BLACK
6
CONTINUOUS
10
1.5272895669291338
20
0.4124803149606299
11
1.5327105118110236
21
0.4124803149606299
0
LINE
8
BLACK
6
CONTINUOUS
10
1.5327105118110236
20
0.4124803149606299
11
1.5362549212598424
21
0.4131853543307086
0
LINE
8
BLACK
6
CONTINUOUS
10
1.5362549212598424
20
0.4131853543307086
11
1.5380272047244095
21
0.413537874015748
0
LINE
8
BLACK
6
CONTINUOUS
10
1.5380272047244095
20
0.413537874015748
11
1.5380272440944882
21
0.413537874015748
0
LINE
8
BLACK
6
CONTINUOUS
10
1.5380272440944882
20
0.413537874015748
11
1.5430353543307087
21
0.4156122834645669
0
LINE
8
BLACK
6
CONTINUOUS
10
1.5430353543307087
20
0.4156122834645669
11
1.5430353937007875
21
0.4156122834645669
0
LINE
8
BLACK
6
CONTINUOUS
10
1.5430353937007875
20
0.4156122834645669
11
1.547542716535433
21
0.4186240157480315
0
LINE
8
BLACK
6
CONTINUOUS
10
1.547542716535433
20
0.4186240157480315
11
1.5513759448818898
21
0.4224572440944882
0
LINE
8
BLACK
6
CONTINUOUS
10
1.5513759448818898
20
0.4224572440944882
11
1.5543876771653542
21
0.4269645669291339
0
LINE
8
BLACK
6
CONTINUOUS
10
1.5543876771653542
20
0.4269645669291339
11
1.5543876771653542
21
0.4269646062992126
0
LINE
8
BLACK
6
CONTINUOUS
10
1.5543876771653542
20
0.4269646062992126
11
1.5564620866141732
21
0.4319727165354331
0
LINE
8
BLACK
6
CONTINUOUS
10
1.5564620866141732
20
0.4319727165354331
11
1.5564621259842519
21
0.4319727952755905
0
LINE
8
BLACK
6
CONTINUOUS
10
1.5564621259842519
20
0.4319727952755905
11
1.55751968503937
21
0.4372895669291338
0
LINE
8
BLACK
6
CONTINUOUS
10
1.55751968503937
20
0.4372895669291338
11
1.55751968503937
21
0.4427104330708661
0
LINE
8
BLACK
6
CONTINUOUS
10
1.55751968503937
20
0.4427104330708661
11
1.5564621259842519
21
0.4480272047244094
0
LINE
8
BLACK
6
CONTINUOUS
10
1.5564621259842519
20
0.4480272047244094
11
1.5543876377952754
21
0.4530354724409449
0
LINE
8
BLACK
6
CONTINUOUS
10
1.5543876377952754
20
0.4530354724409449
11
1.5513759448818898
21
0.4575427559055118
0
LINE
8
BLACK
6
CONTINUOUS
10
1.5513759448818898
20
0.4575427559055118
11
1.5475427559055117
21
0.4613759448818898
0
LINE
8
BLACK
6
CONTINUOUS
10
1.5475427559055117
20
0.4613759448818898
11
1.5430354724409447
21
0.4643876377952756
0
LINE
8
BLACK
6
CONTINUOUS
10
1.5430354724409447
20
0.4643876377952756
11
1.5380272047244095
21
0.466462125984252
0
LINE
8
BLACK
6
CONTINUOUS
10
1.5380272047244095
20
0.466462125984252
11
1.5327104330708661
21
0.4675196850393701
0
LINE
8
BLACK
6
CONTINUOUS
10
1.5327104330708661
20
0.4675196850393701
11
1.5272895669291338
21
0.4675196850393701
0
LINE
8
BLACK
6
CONTINUOUS
10
1.5272895669291338
20
0.4675196850393701
11
1.5219727952755906
21
0.466462125984252
0
LINE
8
BLACK
6
CONTINUOUS
10
1.5219727952755906
20
0.466462125984252
11
1.5219727165354331
21
0.4664620866141732
0
LINE
8
BLACK
6
CONTINUOUS
10
1.5219727165354331
20
0.4664620866141732
11
1.5169646062992126
21
0.4643876771653543
0
LINE
8
BLACK
6
CONTINUOUS
10
1.5169646062992126
20
0.4643876771653543
11
1.5169645669291338
21
0.4643876771653543
0
LINE
8
BLACK
6
CONTINUOUS
10
1.5169645669291338
20
0.4643876771653543
11
1.5124572440944881
21
0.4613759448818898
0
LINE
8
BLACK
6
CONTINUOUS
10
1.5124572440944881
20
0.4613759448818898
11
1.5086238976377953
21
0.4575425984251968
0
LINE
8
BLACK
6
CONTINUOUS
10
1.5086238976377953
20
0.4575425984251968
11
1.508502716535433
21
0.4573949212598425
0
LINE
8
BLACK
6
CONTINUOUS
10
1.508502716535433
20
0.4573949212598425
11
1.5084363779527559
21
0.4574493307086614
0
LINE
8
BLACK
6
CONTINUOUS
10
1.5084363779527559
20
0.4574493307086614
11
1.5068098031496062
21
0.4561664173228346
0
LINE
8
BLACK
6
CONTINUOUS
10
1.5068098031496062
20
0.4561664173228346
11
1.5054599212598425
21
0.4559251968503937
0
LINE
8
BLACK
6
CONTINUOUS
10
1.5054599212598425
20
0.4559251968503937
11
1.4220965748031495
21
0.4559251968503937
0
LINE
8
BLACK
6
CONTINUOUS
10
1.4220965748031495
20
0.4559251968503937
11
1.4179034251968503
21
0.4559251968503937
0
LINE
8
BLACK
6
CONTINUOUS
10
1.4179034251968503
20
0.4559251968503937
11
1.4138531102362204
21
0.4548399212598425
0
LINE
8
BLACK
6
CONTINUOUS
10
1.4138531102362204
20
0.4548399212598425
11
1.4138529921259841
21
0.454839842519685
0
LINE
8
BLACK
6
CONTINUOUS
10
1.4138529921259841
20
0.454839842519685
11
1.4138529133858266
21
0.454839842519685
0
LINE
8
BLACK
6
CONTINUOUS
10
1.4138529133858266
20
0.454839842519685
11
1.4102218503937007
21
0.4527434251968504
0
LINE
8
BLACK
6
CONTINUOUS
10
1.4102218503937007
20
0.4527434251968504
11
1.4102217716535432
21
0.4527433464566929
0
LINE
8
BLACK
6
CONTINUOUS
10
1.4102217716535432
20
0.4527433464566929
11
1.4102216929133857
21
0.4527433070866141
0
LINE
8
BLACK
6
CONTINUOUS
10
1.4102216929133857
20
0.4527433070866141
11
1.3941732677165355
21
0.4366948818897637
0
LINE
8
BLACK
6
CONTINUOUS
10
1.3941732677165355
20
0.4366948818897637
11
1.3920270472440945
21
0.4356013779527559
0
LINE
8
BLACK
6
CONTINUOUS
10
1.3920270472440945
20
0.4356013779527559
11
1.3896478346456693
21
0.435978188976378
0
LINE
8
BLACK
6
CONTINUOUS
10
1.3896478346456693
20
0.435978188976378
11
1.3879444881889764
21
0.4376815354330709
0
LINE
8
BLACK
6
CONTINUOUS
10
1.3879444881889764
20
0.4376815354330709
11
1.3875196850393701
21
0.4394510236220472
0
LINE
8
BLACK
6
CONTINUOUS
10
1.3875196850393701
20
0.4394510236220472
11
1.3875196850393701
21
0.4427103543307087
0
LINE
8
BLACK
6
CONTINUOUS
10
1.3875196850393701
20
0.4427103543307087
11
1.3875196850393701
21
0.4427104330708661
0
LINE
8
BLACK
6
CONTINUOUS
10
1.3875196850393701
20
0.4427104330708661
11
1.386462125984252
21
0.4480272047244094
0
LINE
8
BLACK
6
CONTINUOUS
10
1.386462125984252
20
0.4480272047244094
11
1.3843876377952755
21
0.4530354724409449
0
LINE
8
BLACK
6
CONTINUOUS
10
1.3843876377952755
20
0.4530354724409449
11
1.3813759448818896
21
0.4575427559055118
0
LINE
8
BLACK
6
CONTINUOUS
10
1.3813759448818896
20
0.4575427559055118
11
1.3775427559055118
21
0.4613759448818898
0
LINE
8
BLACK
6
CONTINUOUS
10
1.3775427559055118
20
0.4613759448818898
11
1.3730354724409448
21
0.4643876377952756
0
LINE
8
BLACK
6
CONTINUOUS
10
1.3730354724409448
20
0.4643876377952756
11
1.3680272047244093
21
0.466462125984252
0
LINE
8
BLACK
6
CONTINUOUS
10
1.3680272047244093
20
0.466462125984252
11
1.3627104330708661
21
0.4675196850393701
0
LINE
8
BLACK
6
CONTINUOUS
10
1.3627104330708661
20
0.4675196850393701
11
1.3572895669291338
21
0.4675196850393701
0
LINE
8
BLACK
6
CONTINUOUS
10
1.3572895669291338
20
0.4675196850393701
11
1.3519727952755904
21
0.466462125984252
0
LINE
8
BLACK
6
CONTINUOUS
10
1.3519727952755904
20
0.466462125984252
11
1.3519727165354329
21
0.4664620866141732
0
LINE
8
BLACK
6
CONTINUOUS
10
1.3519727165354329
20
0.4664620866141732
11
1.3469646062992127
21
0.4643876771653543
0
LINE
8
BLACK
6
CONTINUOUS
10
1.3469646062992127
20
0.4643876771653543
11
1.3469645669291339
21
0.4643876771653543
0
LINE
8
BLACK
6
CONTINUOUS
10
1.3469645669291339
20
0.4643876771653543
11
1.3424572440944882
21
0.4613759448818898
0
LINE
8
BLACK
6
CONTINUOUS
10
1.3424572440944882
20
0.4613759448818898
11
1.3386238976377953
21
0.4575425984251968
0
LINE
8
BLACK
6
CONTINUOUS
10
1.3386238976377953
20
0.4575425984251968
11
1.3385027165354331
21
0.4573949212598425
0
LINE
8
BLACK
6
CONTINUOUS
10
1.3385027165354331
20
0.4573949212598425
11
1.3384363779527559
21
0.4574493307086614
0
LINE
8
BLACK
6
CONTINUOUS
10
1.3384363779527559
20
0.4574493307086614
11
1.3368098031496063
21
0.4561664173228346
0
LINE
8
BLACK
6
CONTINUOUS
10
1.3368098031496063
20
0.4561664173228346
11
1.3354599212598426
21
0.4559251968503937
0
LINE
8
BLACK
6
CONTINUOUS
10
1.3354599212598426
20
0.4559251968503937
11
1.2720965748031496
21
0.4559251968503937
0
LINE
8
BLACK
6
CONTINUOUS
10
1.2720965748031496
20
0.4559251968503937
11
1.2679034251968504
21
0.4559251968503937
0
LINE
8
BLACK
6
CONTINUOUS
10
1.2679034251968504
20
0.4559251968503937
11
1.2638531102362205
21
0.4548399212598425
0
LINE
8
BLACK
6
CONTINUOUS
10
1.2638531102362205
20
0.4548399212598425
11
1.2602216929133858
21
0.4527433464566929
0
LINE
8
BLACK
6
CONTINUOUS
10
1.2602216929133858
20
0.4527433464566929
11
1.2300834645669292
21
0.4226050787401575
0
LINE
8
BLACK
6
CONTINUOUS
10
1.2300834645669292
20
0.4226050787401575
11
1.201490590551181
21
0.3940122047244095
0
LINE
8
BLACK
6
CONTINUOUS
10
1.201490590551181
20
0.3940122047244095
11
1.1993442519685038
21
0.3929186220472441
0
LINE
8
BLACK
6
CONTINUOUS
10
1.1993442519685038
20
0.3929186220472441
11
1.1987345275590551
21
0.3928706299212598
0
LINE
8
BLACK
6
CONTINUOUS
10
1.1987345275590551
20
0.3928706299212598
11
1.1590420078740158
21
0.3928706299212598
0
LINE
8
BLACK
6
CONTINUOUS
10
1.1590420078740158
20
0.3928706299212598
11
1.1548488582677165
21
0.3928706299212598
0
LINE
8
BLACK
6
CONTINUOUS
10
1.1548488582677165
20
0.3928706299212598
11
1.1507985433070866
21
0.3917853543307087
0
LINE
8
BLACK
6
CONTINUOUS
10
1.1507985433070866
20
0.3917853543307087
11
1.147167125984252
21
0.389688779527559
0
LINE
8
BLACK
6
CONTINUOUS
10
1.147167125984252
20
0.389688779527559
11
1.1455369685039369
21
0.3880586220472441
0
LINE
8
BLACK
6
CONTINUOUS
10
1.1455369685039369
20
0.3880586220472441
11
1.143390748031496
21
0.3869651181102362
0
LINE
8
BLACK
6
CONTINUOUS
10
1.143390748031496
20
0.3869651181102362
11
1.142350157480315
21
0.3869858267716536
0
LINE
8
BLACK
6
CONTINUOUS
10
1.142350157480315
20
0.3869858267716536
11
1.1423462992125983
21
0.3869463779527559
0
LINE
8
BLACK
6
CONTINUOUS
10
1.1423462992125983
20
0.3869463779527559
11
1.1421560236220472
21
0.3869651181102362
0
LINE
8
BLACK
6
CONTINUOUS
10
1.1421560236220472
20
0.3869651181102362
11
1.1421559055118109
21
0.386965157480315
0
LINE
8
BLACK
6
CONTINUOUS
10
1.1421559055118109
20
0.386965157480315
11
1.1367350393700788
21
0.386965157480315
0
LINE
8
BLACK
6
CONTINUOUS
10
1.1367350393700788
20
0.386965157480315
11
1.1314182677165354
21
0.3859075984251968
0
LINE
8
BLACK
6
CONTINUOUS
10
1.1314182677165354
20
0.3859075984251968
11
1.1314181889763779
21
0.3859075590551181
0
LINE
8
BLACK
6
CONTINUOUS
10
1.1314181889763779
20
0.3859075590551181
11
1.1264100787401574
21
0.3838331496062992
0
LINE
8
BLACK
6
CONTINUOUS
10
1.1264100787401574
20
0.3838331496062992
11
1.1264100393700787
21
0.3838331496062992
0
LINE
8
BLACK
6
CONTINUOUS
10
1.1264100393700787
20
0.3838331496062992
11
1.1219027165354329
21
0.3808214173228346
0
LINE
8
BLACK
6
CONTINUOUS
10
1.1219027165354329
20
0.3808214173228346
11
1.1180694881889763
21
0.3769881889763779
0
LINE
8
BLACK
6
CONTINUOUS
10
1.1180694881889763
20
0.3769881889763779
11
1.1150577559055117
21
0.3724808661417323
0
LINE
8
BLACK
6
CONTINUOUS
10
1.1150577559055117
20
0.3724808661417323
11
1.1150577559055117
21
0.3724808267716536
0
LINE
8
BLACK
6
CONTINUOUS
10
1.1150577559055117
20
0.3724808267716536
11
1.1129833464566929
21
0.3674727165354331
0
LINE
8
BLACK
6
CONTINUOUS
10
1.1129833464566929
20
0.3674727165354331
11
1.1129833464566929
21
0.3674726377952756
0
LINE
8
BLACK
6
CONTINUOUS
10
1.1129833464566929
20
0.3674726377952756
11
1.1119257874015749
21
0.3621559842519685
0
LINE
8
BLACK
6
CONTINUOUS
10
1.1119257874015749
20
0.3621559842519685
11
1.1119257874015749
21
0.3567348031496063
0
LINE
8
BLACK
6
CONTINUOUS
10
1.1119257874015749
20
0.3567348031496063
11
1.1123350000000001
21
0.3546776377952756
0
LINE
8
BLACK
6
CONTINUOUS
10
1.1123350000000001
20
0.3546776377952756
11
1.1120518503937007
21
0.3522854724409449
0
LINE
8
BLACK
6
CONTINUOUS
10
1.1120518503937007
20
0.3522854724409449
11
1.1104166929133858
21
0.3505166141732283
0
LINE
8
BLACK
6
CONTINUOUS
10
1.1104166929133858
20
0.3505166141732283
11
1.1085122440944881
21
0.3500196456692913
0
LINE
8
BLACK
6
CONTINUOUS
10
1.1085122440944881
20
0.3500196456692913
11
1.0636024015748031
21
0.3500196456692913
0
LINE
8
BLACK
6
CONTINUOUS
10
1.0636024015748031
20
0.3500196456692913
11
1.0631449606299213
21
0.3501682283464567
0
LINE
8
BLACK
6
CONTINUOUS
10
1.0631449606299213
20
0.3501682283464567
11
1.0626652755905512
21
0.3501339763779527
0
LINE
8
BLACK
6
CONTINUOUS
10
1.0626652755905512
20
0.3501339763779527
11
1.062026811023622
21
0.3505315748031496
0
LINE
8
BLACK
6
CONTINUOUS
10
1.062026811023622
20
0.3505315748031496
11
1.0613114173228346
21
0.3507640157480315
0
LINE
8
BLACK
6
CONTINUOUS
10
1.0613114173228346
20
0.3507640157480315
11
1.0610286614173228
21
0.3511531102362205
0
LINE
8
BLACK
6
CONTINUOUS
10
1.0610286614173228
20
0.3511531102362205
11
1.0606204724409449
21
0.3514073622047244
0
LINE
8
BLACK
6
CONTINUOUS
10
1.0606204724409449
20
0.3514073622047244
11
1.060395
21
0.3520253149606299
0
LINE
8
BLACK
6
CONTINUOUS
10
1.060395
20
0.3520253149606299
11
1.0598955118110236
21
0.3527128346456693
0
LINE
8
BLACK
6
CONTINUOUS
10
1.0598955118110236
20
0.3527128346456693
11
1.0597146850393702
21
0.3536394488188976
0
LINE
8
BLACK
6
CONTINUOUS
10
1.0597146850393702
20
0.3536394488188976
11
1.0597047637795276
21
0.3537782283464567
0
LINE
8
BLACK
6
CONTINUOUS
10
1.0597047637795276
20
0.3537782283464567
11
1.0597047637795276
21
0.3584889763779527
0
LINE
8
BLACK
6
CONTINUOUS
10
1.0597047637795276
20
0.3584889763779527
11
1.0593420472440944
21
0.3598425196850394
0
LINE
8
BLACK
6
CONTINUOUS
10
1.0593420472440944
20
0.3598425196850394
11
1.0584865748031496
21
0.3630353937007874
0
LINE
8
BLACK
6
CONTINUOUS
10
1.0584865748031496
20
0.3630353937007874
11
1.0583512992125983
21
0.3635403149606299
0
LINE
8
BLACK
6
CONTINUOUS
10
1.0583512992125983
20
0.3635403149606299
11
1.0583512598425198
21
0.3635403543307086
0
LINE
8
BLACK
6
CONTINUOUS
10
1.0583512598425198
20
0.3635403543307086
11
1.058351220472441
21
0.3635405511811023
0
LINE
8
BLACK
6
CONTINUOUS
10
1.058351220472441
20
0.3635405511811023
11
1.0557362992125985
21
0.3680697244094488
0
LINE
8
BLACK
6
CONTINUOUS
10
1.0557362992125985
20
0.3680697244094488
11
0.9479122834645669
21
0.4758937401574803
0
LINE
8
BLACK
6
CONTINUOUS
10
0.9479122834645669
20
0.4758937401574803
11
0.9462710629921259
21
0.4768412598425197
0
LINE
8
BLACK
6
CONTINUOUS
10
0.9462710629921259
20
0.4768412598425197
11
0.9443270866141732
21
0.4779636614173228
0
LINE
8
BLACK
6
CONTINUOUS
10
0.9443270866141732
20
0.4779636614173228
11
0.9443259842519685
21
0.4779642125984252
0
LINE
8
BLACK
6
CONTINUOUS
10
0.9443259842519685
20
0.4779642125984252
11
0.9443251181102362
21
0.4779647637795276
0
LINE
8
BLACK
6
CONTINUOUS
10
0.9443251181102362
20
0.4779647637795276
11
0.9433831496062992
21
0.4785086220472441
0
LINE
8
BLACK
6
CONTINUOUS
10
0.9433831496062992
20
0.4785086220472441
11
0.9383315354330708
21
0.4798622047244094
0
LINE
8
BLACK
6
CONTINUOUS
10
0.9383315354330708
20
0.4798622047244094
11
0.9383314566929134
21
0.4798622047244094
0
LINE
8
BLACK
6
CONTINUOUS
10
0.9383314566929134
20
0.4798622047244094
11
0.5998416535433071
21
0.4798622047244094
0
LINE
8
BLACK
6
CONTINUOUS
10
0.5998416535433071
20
0.4798622047244094
11
0.5975506692913386
21
0.4806065748031496
0
LINE
8
BLACK
6
CONTINUOUS
10
0.5975506692913386
20
0.4806065748031496
11
0.597085590551181
21
0.481003779527559
0
LINE
8
BLACK
6
CONTINUOUS
10
0.597085590551181
20
0.481003779527559
11
0.5510037795275591
21
0.5270855905511811
0
LINE
8
BLACK
6
CONTINUOUS
10
0.5510037795275591
20
0.5270855905511811
11
0.5499101968503937
21
0.5292319291338583
0
LINE
8
BLACK
6
CONTINUOUS
10
0.5499101968503937
20
0.5292319291338583
11
0.5498622047244094
21
0.529841653543307
0
LINE
8
BLACK
6
CONTINUOUS
10
0.5498622047244094
20
0.529841653543307
11
0.5498622047244094
21
0.832614842519685
0
LINE
8
BLACK
6
CONTINUOUS
10
0.5498622047244094
20
0.832614842519685
11
0.5498622047244094
21
0.8326149212598425
0
LINE
8
BLACK
6
CONTINUOUS
10
0.5498622047244094
20
0.8326149212598425
11
0.548508622047244
21
0.8376665354330709
0
LINE
8
BLACK
6
CONTINUOUS
10
0.548508622047244
20
0.8376665354330709
11
0.5458937007874015
21
0.8421956692913386
0
LINE
8
BLACK
6
CONTINUOUS
10
0.5458937007874015
20
0.8421956692913386
11
0.5421956692913386
21
0.8458937007874016
0
LINE
8
BLACK
6
CONTINUOUS
10
0.5421956692913386
20
0.8458937007874016
11
0.4586612598425197
21
0.9294281102362204
0
LINE
8
BLACK
6
CONTINUOUS
10
0.4586612598425197
20
0.9294281102362204
11
0.4575676771653543
21
0.9315744488188976
0
LINE
8
BLACK
6
CONTINUOUS
10
0.4575676771653543
20
0.9315744488188976
11
0.4575196850393701
21
0.9321841732283465
0
LINE
8
BLACK
6
CONTINUOUS
10
0.4575196850393701
20
0.9321841732283465
11
0.4575196850393701
21
0.9327103543307086
0
LINE
8
BLACK
6
CONTINUOUS
10
0.4575196850393701
20
0.9327103543307086
11
0.4575196850393701
21
0.9327104330708661
0
LINE
8
BLACK
6
CONTINUOUS
10
0.4575196850393701
20
0.9327104330708661
11
0.456462125984252
21
0.9380272047244095
0
LINE
8
BLACK
6
CONTINUOUS
10
0.456462125984252
20
0.9380272047244095
11
0.4543876377952756
21
0.9430354724409449
0
LINE
8
BLACK
6
CONTINUOUS
10
0.4543876377952756
20
0.9430354724409449
11
0.4513759448818898
21
0.9475427559055117
0
LINE
8
BLACK
6
CONTINUOUS
10
0.4513759448818898
20
0.9475427559055117
11
0.4475427559055118
21
0.9513759448818897
0
LINE
8
BLACK
6
CONTINUOUS
10
0.4475427559055118
20
0.9513759448818897
11
0.4430354724409449
21
0.9543876377952756
0
LINE
8
BLACK
6
CONTINUOUS
10
0.4430354724409449
20
0.9543876377952756
11
0.4380272047244094
21
0.956462125984252
0
LINE
8
BLACK
6
CONTINUOUS
10
0.4380272047244094
20
0.956462125984252
11
0.4327104330708662
21
0.95751968503937
0
LINE
8
BLACK
6
CONTINUOUS
10
0.4327104330708662
20
0.95751968503937
11
0.4272895669291338
21
0.95751968503937
0
LINE
8
BLACK
6
CONTINUOUS
10
0.4272895669291338
20
0.95751968503937
11
0.4219727952755906
21
0.956462125984252
0
LINE
8
BLACK
6
CONTINUOUS
10
0.4219727952755906
20
0.956462125984252
11
0.4219727165354331
21
0.9564620866141732
0
LINE
8
BLACK
6
CONTINUOUS
10
0.4219727165354331
20
0.9564620866141732
11
0.4169646062992126
21
0.9543876771653543
0
LINE
8
BLACK
6
CONTINUOUS
10
0.4169646062992126
20
0.9543876771653543
11
0.4169645669291339
21
0.9543876771653543
0
LINE
8
BLACK
6
CONTINUOUS
10
0.4169645669291339
20
0.9543876771653543
11
0.4124572440944882
21
0.9513759448818897
0
LINE
8
BLACK
6
CONTINUOUS
10
0.4124572440944882
20
0.9513759448818897
11
0.4086240157480315
21
0.9475427165354331
0
LINE
8
BLACK
6
CONTINUOUS
10
0.4086240157480315
20
0.9475427165354331
11
0.4056122834645669
21
0.9430353937007874
0
LINE
8
BLACK
6
CONTINUOUS
10
0.4056122834645669
20
0.9430353937007874
11
0.4056122834645669
21
0.9430353543307086
0
LINE
8
BLACK
6
CONTINUOUS
10
0.4056122834645669
20
0.9430353543307086
11
0.4049248818897638
21
0.9413757874015748
0
LINE
8
BLACK
6
CONTINUOUS
10
0.4049248818897638
20
0.9413757874015748
11
0.403537874015748
21
0.9380272047244095
0
LINE
8
BLACK
6
CONTINUOUS
10
0.403537874015748
20
0.9380272047244095
11
0.4034414960629921
21
0.9375427165354331
0
LINE
8
BLACK
6
CONTINUOUS
10
0.4034414960629921
20
0.9375427165354331
11
0.4024803149606299
21
0.9327105118110236
0
LINE
8
BLACK
6
CONTINUOUS
10
0.4024803149606299
20
0.9327105118110236
11
0.4024803149606299
21
0.9272894488188976
0
LINE
8
BLACK
6
CONTINUOUS
10
0.5094383464566929
20
0.1839094881889764
11
0.507223779527559
21
0.1872237795275591
0
LINE
8
BLACK
6
CONTINUOUS
10
0.507223779527559
20
0.1872237795275591
11
0.5039094881889764
21
0.1894383464566929
0
LINE
8
BLACK
6
CONTINUOUS
10
0.5039094881889764
20
0.1894383464566929
11
0.5009868897637795
21
0.1900196850393701
0
LINE
8
BLACK
6
CONTINUOUS
10
0.5009868897637795
20
0.1900196850393701
11
0.4390131496062992
21
0.1900196456692913
0
LINE
8
BLACK
6
CONTINUOUS
10
0.4390131496062992
20
0.1900196456692913
11
0.4390129527559055
21
0.1900196062992126
0
LINE
8
BLACK
6
CONTINUOUS
10
0.4390129527559055
20
0.1900196062992126
11
0.4360905118110236
21
0.1894383464566929
0
LINE
8
BLACK
6
CONTINUOUS
10
0.4360905118110236
20
0.1894383464566929
11
0.4360904330708661
21
0.1894383070866142
0
LINE
8
BLACK
6
CONTINUOUS
10
0.4360904330708661
20
0.1894383070866142
11
0.4360903937007874
21
0.1894382677165354
0
LINE
8
BLACK
6
CONTINUOUS
10
0.4360903937007874
20
0.1894382677165354
11
0.4327762204724409
21
0.1872237795275591
0
LINE
8
BLACK
6
CONTINUOUS
10
0.4327762204724409
20
0.1872237795275591
11
0.4305616535433071
21
0.1839094881889764
0
LINE
8
BLACK
6
CONTINUOUS
10
0.4305616535433071
20
0.1839094881889764
11
0.4299803543307086
21
0.1809870472440945
0
LINE
8
BLACK
6
CONTINUOUS
10
0.4299803543307086
20
0.1809870472440945
11
0.4299803149606299
21
0.1809868503937008
0
LINE
8
BLACK
6
CONTINUOUS
10
0.4299803149606299
20
0.1809868503937008
11
0.4299803149606299
21
0.1190132283464567
0
LINE
8
BLACK
6
CONTINUOUS
10
0.4299803149606299
20
0.1190132283464567
11
0.4299803543307086
21
0.1190129527559055
0
LINE
8
BLACK
6
CONTINUOUS
10
0.4299803543307086
20
0.1190129527559055
11
0.4305616141732284
21
0.1160905118110236
0
LINE
8
BLACK
6
CONTINUOUS
10
0.4305616141732284
20
0.1160905118110236
11
0.4305616535433071
21
0.1160904330708661
0
LINE
8
BLACK
6
CONTINUOUS
10
0.4305616535433071
20
0.1160904330708661
11
0.4327761023622047
21
0.1127763385826772
0
LINE
8
BLACK
6
CONTINUOUS
10
0.4327761023622047
20
0.1127763385826772
11
0.4327762992125984
21
0.1127761417322835
0
LINE
8
BLACK
6
CONTINUOUS
10
0.4327762992125984
20
0.1127761417322835
11
0.434985748031496
21
0.111299842519685
0
LINE
8
BLACK
6
CONTINUOUS
10
0.434985748031496
20
0.111299842519685
11
0.4360905118110236
21
0.1105616535433071
0
LINE
8
BLACK
6
CONTINUOUS
10
0.4360905118110236
20
0.1105616535433071
11
0.4390131102362205
21
0.1099803149606299
0
LINE
8
BLACK
6
CONTINUOUS
10
0.4390131102362205
20
0.1099803149606299
11
0.5009867322834646
21
0.1099803149606299
0
LINE
8
BLACK
6
CONTINUOUS
10
0.5009867322834646
20
0.1099803149606299
11
0.5009870078740157
21
0.1099803543307087
0
LINE
8
BLACK
6
CONTINUOUS
10
0.5009870078740157
20
0.1099803543307087
11
0.5039094488188977
21
0.1105616141732284
0
LINE
8
BLACK
6
CONTINUOUS
10
0.5039094488188977
20
0.1105616141732284
11
0.5039095275590552
21
0.1105616535433071
0
LINE
8
BLACK
6
CONTINUOUS
10
0.5039095275590552
20
0.1105616535433071
11
0.5072236220472441
21
0.1127761023622047
0
LINE
8
BLACK
6
CONTINUOUS
10
0.5072236220472441
20
0.1127761023622047
11
0.5072236614173228
21
0.1127761417322835
0
LINE
8
BLACK
6
CONTINUOUS
10
0.5072236614173228
20
0.1127761417322835
11
0.507223779527559
21
0.1127762204724409
0
LINE
8
BLACK
6
CONTINUOUS
10
0.507223779527559
20
0.1127762204724409
11
0.5094383464566929
21
0.1160905118110236
0
LINE
8
BLACK
6
CONTINUOUS
10
0.5094383464566929
20
0.1160905118110236
11
0.5100196850393701
21
0.1190131102362205
0
LINE
8
BLACK
6
CONTINUOUS
10
0.5100196850393701
20
0.1190131102362205
11
0.5100196456692914
21
0.1809868503937008
0
LINE
8
BLACK
6
CONTINUOUS
10
0.5100196456692914
20
0.1809868503937008
11
0.5094383464566929
21
0.1839094881889764
0
LINE
8
BLACK
6
CONTINUOUS
10
0.5299803149606299
20
0.1190132283464567
11
0.5299803543307087
21
0.1190129527559055
0
LINE
8
BLACK
6
CONTINUOUS
10
0.5299803543307087
20
0.1190129527559055
11
0.5305616141732283
21
0.1160905118110236
0
LINE
8
BLACK
6
CONTINUOUS
10
0.5305616141732283
20
0.1160905118110236
11
0.5305616535433071
21
0.1160904330708661
0
LINE
8
BLACK
6
CONTINUOUS
10
0.5305616535433071
20
0.1160904330708661
11
0.5327761023622047
21
0.1127763385826772
0
LINE
8
BLACK
6
CONTINUOUS
10
0.5327761023622047
20
0.1127763385826772
11
0.5327762992125984
21
0.1127761417322835
0
LINE
8
BLACK
6
CONTINUOUS
10
0.5327762992125984
20
0.1127761417322835
11
0.534985748031496
21
0.111299842519685
0
LINE
8
BLACK
6
CONTINUOUS
10
0.534985748031496
20
0.111299842519685
11
0.5360905118110236
21
0.1105616535433071
0
LINE
8
BLACK
6
CONTINUOUS
10
0.5360905118110236
20
0.1105616535433071
11
0.5390131102362204
21
0.1099803149606299
0
LINE
8
BLACK
6
CONTINUOUS
10
0.5390131102362204
20
0.1099803149606299
11
0.6009867322834646
21
0.1099803149606299
0
LINE
8
BLACK
6
CONTINUOUS
10
0.6009867322834646
20
0.1099803149606299
11
0.6009870078740157
21
0.1099803543307087
0
LINE
8
BLACK
6
CONTINUOUS
10
0.6009870078740157
20
0.1099803543307087
11
0.6039094488188976
21
0.1105616141732284
0
LINE
8
BLACK
6
CONTINUOUS
10
0.6039094488188976
20
0.1105616141732284
11
0.6039095275590551
21
0.1105616535433071
0
LINE
8
BLACK
6
CONTINUOUS
10
0.6039095275590551
20
0.1105616535433071
11
0.6072236220472441
21
0.1127761023622047
0
LINE
8
BLACK
6
CONTINUOUS
10
0.6072236220472441
20
0.1127761023622047
11
0.6072236614173229
21
0.1127761417322835
0
LINE
8
BLACK
6
CONTINUOUS
10
0.6072236614173229
20
0.1127761417322835
11
0.607223779527559
21
0.1127762204724409
0
LINE
8
BLACK
6
CONTINUOUS
10
0.607223779527559
20
0.1127762204724409
11
0.6094383464566929
21
0.1160905118110236
0
LINE
8
BLACK
6
CONTINUOUS
10
0.6094383464566929
20
0.1160905118110236
11
0.6100196850393701
21
0.1190131102362205
0
LINE
8
BLACK
6
CONTINUOUS
10
0.6100196850393701
20
0.1190131102362205
11
0.6100196456692913
21
0.1809868503937008
0
LINE
8
BLACK
6
CONTINUOUS
10
0.6100196456692913
20
0.1809868503937008
11
0.6094383464566929
21
0.1839094881889764
0
LINE
8
BLACK
6
CONTINUOUS
10
0.6094383464566929
20
0.1839094881889764
11
0.607223779527559
21
0.1872237795275591
0
LINE
8
BLACK
6
CONTINUOUS
10
0.607223779527559
20
0.1872237795275591
11
0.6039094881889764
21
0.1894383464566929
0
LINE
8
BLACK
6
CONTINUOUS
10
0.6039094881889764
20
0.1894383464566929
11
0.6009868897637796
21
0.1900196850393701
0
LINE
8
BLACK
6
CONTINUOUS
10
0.6009868897637796
20
0.1900196850393701
11
0.5390131496062992
21
0.1900196456692913
0
LINE
8
BLACK
6
CONTINUOUS
10
0.5390131496062992
20
0.1900196456692913
11
0.5390129527559056
21
0.1900196062992126
0
LINE
8
BLACK
6
CONTINUOUS
10
0.5390129527559056
20
0.1900196062992126
11
0.5360905118110236
21
0.1894383464566929
0
LINE
8
BLACK
6
CONTINUOUS
10
0.5360905118110236
20
0.1894383464566929
11
0.5360904330708661
21
0.1894383070866142
0
LINE
8
BLACK
6
CONTINUOUS
10
0.5360904330708661
20
0.1894383070866142
11
0.5360903937007874
21
0.1894382677165354
0
LINE
8
BLACK
6
CONTINUOUS
10
0.5360903937007874
20
0.1894382677165354
11
0.5327762204724409
21
0.1872237795275591
0
LINE
8
BLACK
6
CONTINUOUS
10
0.5327762204724409
20
0.1872237795275591
11
0.5305616535433071
21
0.1839094881889764
0
LINE
8
BLACK
6
CONTINUOUS
10
0.5305616535433071
20
0.1839094881889764
11
0.5299803543307087
21
0.1809870472440945
0
LINE
8
BLACK
6
CONTINUOUS
10
0.5299803543307087
20
0.1809870472440945
11
0.5299803149606299
21
0.1809868503937008
0
LINE
8
BLACK
6
CONTINUOUS
10
0.5299803149606299
20
0.1809868503937008
11
0.5299803149606299
21
0.1190132283464567
0
LINE
8
BLACK
6
CONTINUOUS
10
0.1249803149606299
20
0.4471628346456693
11
0.1249803543307087
21
0.4471625590551181
0
LINE
8
BLACK
6
CONTINUOUS
10
0.1249803543307087
20
0.4471625590551181
11
0.1255616141732283
21
0.4442401181102362
0
LINE
8
BLACK
6
CONTINUOUS
10
0.1255616141732283
20
0.4442401181102362
11
0.1255616535433071
21
0.4442400393700787
0
LINE
8
BLACK
6
CONTINUOUS
10
0.1255616535433071
20
0.4442400393700787
11
0.1277761023622047
21
0.4409259448818897
0
LINE
8
BLACK
6
CONTINUOUS
10
0.1277761023622047
20
0.4409259448818897
11
0.1277762992125984
21
0.440925748031496
0
LINE
8
BLACK
6
CONTINUOUS
10
0.1277762992125984
20
0.440925748031496
11
0.1299833858267717
21
0.4394510236220472
0
LINE
8
BLACK
6
CONTINUOUS
10
0.1299833858267717
20
0.4394510236220472
11
0.1310905118110236
21
0.4387112598425197
0
LINE
8
BLACK
6
CONTINUOUS
10
0.1310905118110236
20
0.4387112598425197
11
0.1340131102362205
21
0.4381299212598425
0
LINE
8
BLACK
6
CONTINUOUS
10
0.1340131102362205
20
0.4381299212598425
11
0.2859867322834646
21
0.4381299212598425
0
LINE
8
BLACK
6
CONTINUOUS
10
0.2859867322834646
20
0.4381299212598425
11
0.2859870078740158
21
0.4381299606299213
0
LINE
8
BLACK
6
CONTINUOUS
10
0.2859870078740158
20
0.4381299606299213
11
0.2889094488188976
21
0.4387112204724409
0
LINE
8
BLACK
6
CONTINUOUS
10
0.2889094488188976
20
0.4387112204724409
11
0.2889095275590551
21
0.4387112598425197
0
LINE
8
BLACK
6
CONTINUOUS
10
0.2889095275590551
20
0.4387112598425197
11
0.2922236220472441
21
0.4409257086614173
0
LINE
8
BLACK
6
CONTINUOUS
10
0.2922236220472441
20
0.4409257086614173
11
0.2922236614173228
21
0.440925748031496
0
LINE
8
BLACK
6
CONTINUOUS
10
0.2922236614173228
20
0.440925748031496
11
0.2922237795275591
21
0.4409258267716535
0
LINE
8
BLACK
6
CONTINUOUS
10
0.2922237795275591
20
0.4409258267716535
11
0.2944383464566929
21
0.4442401181102362
0
LINE
8
BLACK
6
CONTINUOUS
10
0.2944383464566929
20
0.4442401181102362
11
0.2950196850393701
21
0.447162716535433
0
LINE
8
BLACK
6
CONTINUOUS
10
0.2950196850393701
20
0.447162716535433
11
0.2950196456692913
21
0.5991364566929134
0
LINE
8
BLACK
6
CONTINUOUS
10
0.2950196456692913
20
0.5991364566929134
11
0.2950196456692913
21
0.5991364960629921
0
LINE
8
BLACK
6
CONTINUOUS
10
0.2950196456692913
20
0.5991364960629921
11
0.2944383464566929
21
0.602059094488189
0
LINE
8
BLACK
6
CONTINUOUS
10
0.2944383464566929
20
0.602059094488189
11
0.2922237795275591
21
0.6053733858267717
0
LINE
8
BLACK
6
CONTINUOUS
10
0.2922237795275591
20
0.6053733858267717
11
0.2889094881889764
21
0.6075879527559055
0
LINE
8
BLACK
6
CONTINUOUS
10
0.2889094881889764
20
0.6075879527559055
11
0.2859868897637795
21
0.6081692913385827
0
LINE
8
BLACK
6
CONTINUOUS
10
0.2859868897637795
20
0.6081692913385827
11
0.1340131496062992
21
0.6081692519685039
0
LINE
8
BLACK
6
CONTINUOUS
10
0.1340131496062992
20
0.6081692519685039
11
0.1340129527559055
21
0.6081692125984252
0
LINE
8
BLACK
6
CONTINUOUS
10
0.1340129527559055
20
0.6081692125984252
11
0.1310905118110236
21
0.6075879527559055
0
LINE
8
BLACK
6
CONTINUOUS
10
0.1310905118110236
20
0.6075879527559055
11
0.1310904330708662
21
0.6075879133858267
0
LINE
8
BLACK
6
CONTINUOUS
10
0.1310904330708662
20
0.6075879133858267
11
0.1310903937007874
21
0.607587874015748
0
LINE
8
BLACK
6
CONTINUOUS
10
0.1310903937007874
20
0.607587874015748
11
0.1277762204724409
21
0.6053733858267717
0
LINE
8
BLACK
6
CONTINUOUS
10
0.1277762204724409
20
0.6053733858267717
11
0.1255616535433071
21
0.602059094488189
0
LINE
8
BLACK
6
CONTINUOUS
10
0.1255616535433071
20
0.602059094488189
11
0.1249803543307087
21
0.5991366141732284
0
LINE
8
BLACK
6
CONTINUOUS
10
0.1249803543307087
20
0.5991366141732284
11
0.1249803149606299
21
0.5991364960629921
0
LINE
8
BLACK
6
CONTINUOUS
10
0.1249803149606299
20
0.5991364960629921
11
0.1249803149606299
21
0.4471628346456693
0
LINE
8
BLACK
6
CONTINUOUS
10
0.3218307086614173
20
0.4471628346456693
11
0.3218307480314961
21
0.4471625590551181
0
LINE
8
BLACK
6
CONTINUOUS
10
0.3218307480314961
20
0.4471625590551181
11
0.3224120078740157
21
0.4442401181102362
0
LINE
8
BLACK
6
CONTINUOUS
10
0.3224120078740157
20
0.4442401181102362
11
0.3224120472440945
21
0.4442400393700787
0
LINE
8
BLACK
6
CONTINUOUS
10
0.3224120472440945
20
0.4442400393700787
11
0.3246264960629921
21
0.4409259448818897
0
LINE
8
BLACK
6
CONTINUOUS
10
0.3246264960629921
20
0.4409259448818897
11
0.3246266929133858
21
0.440925748031496
0
LINE
8
BLACK
6
CONTINUOUS
10
0.3246266929133858
20
0.440925748031496
11
0.326833779527559
21
0.4394510236220472
0
LINE
8
BLACK
6
CONTINUOUS
10
0.326833779527559
20
0.4394510236220472
11
0.327940905511811
21
0.4387112598425197
0
LINE
8
BLACK
6
CONTINUOUS
10
0.327940905511811
20
0.4387112598425197
11
0.3308635039370079
21
0.4381299212598425
0
LINE
8
BLACK
6
CONTINUOUS
10
0.3308635039370079
20
0.4381299212598425
11
0.4828371259842519
21
0.4381299212598425
0
LINE
8
BLACK
6
CONTINUOUS
10
0.4828371259842519
20
0.4381299212598425
11
0.4828374015748031
21
0.4381299606299213
0
LINE
8
BLACK
6
CONTINUOUS
10
0.4828374015748031
20
0.4381299606299213
11
0.485759842519685
21
0.4387112204724409
0
LINE
8
BLACK
6
CONTINUOUS
10
0.485759842519685
20
0.4387112204724409
11
0.4857599212598425
21
0.4387112598425197
0
LINE
8
BLACK
6
CONTINUOUS
10
0.4857599212598425
20
0.4387112598425197
11
0.4890740157480315
21
0.4409257086614173
0
LINE
8
BLACK
6
CONTINUOUS
10
0.4890740157480315
20
0.4409257086614173
11
0.4890740551181103
21
0.440925748031496
0
LINE
8
BLACK
6
CONTINUOUS
10
0.4890740551181103
20
0.440925748031496
11
0.4890741732283465
21
0.4409258267716535
0
LINE
8
BLACK
6
CONTINUOUS
10
0.4890741732283465
20
0.4409258267716535
11
0.4912887401574803
21
0.4442401181102362
0
LINE
8
BLACK
6
CONTINUOUS
10
0.4912887401574803
20
0.4442401181102362
11
0.4918700787401575
21
0.447162716535433
0
LINE
8
BLACK
6
CONTINUOUS
10
0.4918700787401575
20
0.447162716535433
11
0.4918700393700787
21
0.5991364566929134
0
LINE
8
BLACK
6
CONTINUOUS
10
0.4918700393700787
20
0.5991364566929134
11
0.4912887401574803
21
0.602059094488189
0
LINE
8
BLACK
6
CONTINUOUS
10
0.4912887401574803
20
0.602059094488189
11
0.4890741732283465
21
0.6053733858267717
0
LINE
8
BLACK
6
CONTINUOUS
10
0.4890741732283465
20
0.6053733858267717
11
0.4857598818897638
21
0.6075879527559055
0
LINE
8
BLACK
6
CONTINUOUS
10
0.4857598818897638
20
0.6075879527559055
11
0.4828372834645669
21
0.6081692913385827
0
LINE
8
BLACK
6
CONTINUOUS
10
0.4828372834645669
20
0.6081692913385827
11
0.3308635433070866
21
0.6081692519685039
0
LINE
8
BLACK
6
CONTINUOUS
10
0.3308635433070866
20
0.6081692519685039
11
0.3308633464566929
21
0.6081692125984252
0
LINE
8
BLACK
6
CONTINUOUS
10
0.3308633464566929
20
0.6081692125984252
11
0.327940905511811
21
0.6075879527559055
0
LINE
8
BLACK
6
CONTINUOUS
10
0.327940905511811
20
0.6075879527559055
11
0.3279408267716535
21
0.6075879133858267
0
LINE
8
BLACK
6
CONTINUOUS
10
0.3279408267716535
20
0.6075879133858267
11
0.3279407874015748
21
0.607587874015748
0
LINE
8
BLACK
6
CONTINUOUS
10
0.3279407874015748
20
0.607587874015748
11
0.3246266141732284
21
0.6053733858267717
0
LINE
8
BLACK
6
CONTINUOUS
10
0.3246266141732284
20
0.6053733858267717
11
0.3224120472440945
21
0.602059094488189
0
LINE
8
BLACK
6
CONTINUOUS
10
0.3224120472440945
20
0.602059094488189
11
0.3218307480314961
21
0.5991366141732284
0
LINE
8
BLACK
6
CONTINUOUS
10
0.3218307480314961
20
0.5991366141732284
11
0.3218307086614173
21
0.5991364960629921
0
LINE
8
BLACK
6
CONTINUOUS
10
0.3218307086614173
20
0.5991364960629921
11
0.3218307086614173
21
0.4471628346456693
0
LINE
8
BLACK
6
CONTINUOUS
10
0.1599803149606299
20
1.0490132283464566
11
0.1599803543307086
21
1.0490129527559056
0
LINE
8
BLACK
6
CONTINUOUS
10
0.1599803543307086
20
1.0490129527559056
11
0.1605616141732283
21
1.0460905118110235
0
LINE
8
BLACK
6
CONTINUOUS
10
0.1605616141732283
20
1.0460905118110235
11
0.1605616535433071
21
1.046090433070866
0
LINE
8
BLACK
6
CONTINUOUS
10
0.1605616535433071
20
1.046090433070866
11
0.1627761023622047
21
1.0427763385826772
0
LINE
8
BLACK
6
CONTINUOUS
10
0.1627761023622047
20
1.0427763385826772
11
0.1627762992125984
21
1.0427761417322834
0
LINE
8
BLACK
6
CONTINUOUS
10
0.1627762992125984
20
1.0427761417322834
11
0.1648072834645669
21
1.0414190944881889
0
LINE
8
BLACK
6
CONTINUOUS
10
0.1648072834645669
20
1.0414190944881889
11
0.1660905118110236
21
1.0405616535433071
0
LINE
8
BLACK
6
CONTINUOUS
10
0.1660905118110236
20
1.0405616535433071
11
0.1690131102362205
21
1.0399803149606299
0
LINE
8
BLACK
6
CONTINUOUS
10
0.1690131102362205
20
1.0399803149606299
11
0.2309867322834646
21
1.0399803149606299
0
LINE
8
BLACK
6
CONTINUOUS
10
0.2309867322834646
20
1.0399803149606299
11
0.2309870078740157
21
1.0399803543307087
0
LINE
8
BLACK
6
CONTINUOUS
10
0.2309870078740157
20
1.0399803543307087
11
0.2339094488188976
21
1.0405616141732283
0
LINE
8
BLACK
6
CONTINUOUS
10
0.2339094488188976
20
1.0405616141732283
11
0.2339095275590551
21
1.0405616535433071
0
LINE
8
BLACK
6
CONTINUOUS
10
0.2339095275590551
20
1.0405616535433071
11
0.2372236220472441
21
1.0427761023622046
0
LINE
8
BLACK
6
CONTINUOUS
10
0.2372236220472441
20
1.0427761023622046
11
0.2372236614173228
21
1.0427761417322834
0
LINE
8
BLACK
6
CONTINUOUS
10
0.2372236614173228
20
1.0427761417322834
11
0.237223779527559
21
1.0427762204724409
0
LINE
8
BLACK
6
CONTINUOUS
10
0.237223779527559
20
1.0427762204724409
11
0.2394383464566929
21
1.0460905118110235
0
LINE
8
BLACK
6
CONTINUOUS
10
0.2394383464566929
20
1.0460905118110235
11
0.2400196850393701
21
1.0490131102362203
0
LINE
8
BLACK
6
CONTINUOUS
10
0.2400196850393701
20
1.0490131102362203
11
0.2400196850393701
21
1.0562401574803149
0
LINE
8
BLACK
6
CONTINUOUS
10
0.2400196850393701
20
1.0562401574803149
11
0.2407640551181102
21
1.0585311417322834
0
LINE
8
BLACK
6
CONTINUOUS
10
0.2407640551181102
20
1.0585311417322834
11
0.242712874015748
21
1.0599470472440944
0
LINE
8
BLACK
6
CONTINUOUS
10
0.242712874015748
20
1.0599470472440944
11
0.2439173228346457
21
1.0601377952755906
0
LINE
8
BLACK
6
CONTINUOUS
10
0.2439173228346457
20
1.0601377952755906
11
0.2522998818897638
21
1.0601377952755906
0
LINE
8
BLACK
6
CONTINUOUS
10
0.2522998818897638
20
1.0601377952755906
11
0.2522999606299213
21
1.0601377952755906
0
LINE
8
BLACK
6
CONTINUOUS
10
0.2522999606299213
20
1.0601377952755906
11
0.2573515748031496
21
1.0614913779527559
0
LINE
8
BLACK
6
CONTINUOUS
10
0.2573515748031496
20
1.0614913779527559
11
0.2590244094488189
21
1.0624572047244094
0
LINE
8
BLACK
6
CONTINUOUS
10
0.2590244094488189
20
1.0624572047244094
11
0.2590244488188976
21
1.0624572047244094
0
LINE
8
BLACK
6
CONTINUOUS
10
0.2590244488188976
20
1.0624572047244094
11
0.2590244881889764
21
1.0624572440944882
0
LINE
8
BLACK
6
CONTINUOUS
10
0.2590244881889764
20
1.0624572440944882
11
0.2618807086614173
21
1.0641062598425197
0
LINE
8
BLACK
6
CONTINUOUS
10
0.2618807086614173
20
1.0641062598425197
11
0.3858937401574803
21
1.1881192913385827
0
LINE
8
BLACK
6
CONTINUOUS
10
0.3858937401574803
20
1.1881192913385827
11
0.387773937007874
21
1.1913759448818897
0
LINE
8
BLACK
6
CONTINUOUS
10
0.387773937007874
20
1.1913759448818897
11
0.3885086220472441
21
1.1926484251968503
0
LINE
8
BLACK
6
CONTINUOUS
10
0.3885086220472441
20
1.1926484251968503
11
0.3898622047244095
21
1.1977000393700787
0
LINE
8
BLACK
6
CONTINUOUS
10
0.3898622047244095
20
1.1977000393700787
11
0.3898622047244095
21
1.4051819291338583
0
LINE
8
BLACK
6
CONTINUOUS
10
0.3898622047244095
20
1.4051819291338583
11
0.3898622047244095
21
1.4301583070866142
0
LINE
8
BLACK
6
CONTINUOUS
10
0.3898622047244095
20
1.4301583070866142
11
0.3906065748031496
21
1.4324492913385827
0
LINE
8
BLACK
6
CONTINUOUS
10
0.3906065748031496
20
1.4324492913385827
11
0.391003779527559
21
1.4329143700787401
0
LINE
8
BLACK
6
CONTINUOUS
10
0.391003779527559
20
1.4329143700787401
11
0.4670856299212598
21
1.508996220472441
0
LINE
8
BLACK
6
CONTINUOUS
10
0.4670856299212598
20
1.508996220472441
11
0.469231968503937
21
1.5100898031496062
0
LINE
8
BLACK
6
CONTINUOUS
10
0.469231968503937
20
1.5100898031496062
11
0.4698416929133858
21
1.5101377952755906
0
LINE
8
BLACK
6
CONTINUOUS
10
0.4698416929133858
20
1.5101377952755906
11
0.8203231889763779
21
1.5101377952755906
0
LINE
8
BLACK
6
CONTINUOUS
10
0.8203231889763779
20
1.5101377952755906
11
0.8252205905511811
21
1.5101377952755906
0
LINE
8
BLACK
6
CONTINUOUS
10
0.8252205905511811
20
1.5101377952755906
11
0.8275115748031496
21
1.5093934251968504
0
LINE
8
BLACK
6
CONTINUOUS
10
0.8275115748031496
20
1.5093934251968504
11
0.8289274803149607
21
1.5074446062992126
0
LINE
8
BLACK
6
CONTINUOUS
10
0.8289274803149607
20
1.5074446062992126
11
0.8291182283464567
21
1.506240157480315
0
LINE
8
BLACK
6
CONTINUOUS
10
0.8291182283464567
20
1.506240157480315
11
0.8291182283464567
21
1.4941141732283465
0
LINE
8
BLACK
6
CONTINUOUS
10
0.8291182283464567
20
1.4941141732283465
11
0.8283738582677165
21
1.491823188976378
0
LINE
8
BLACK
6
CONTINUOUS
10
0.8283738582677165
20
1.491823188976378
11
0.8264250393700787
21
1.490407283464567
0
LINE
8
BLACK
6
CONTINUOUS
10
0.8264250393700787
20
1.490407283464567
11
0.8252205905511811
21
1.4902165354330708
0
LINE
8
BLACK
6
CONTINUOUS
10
0.8252205905511811
20
1.4902165354330708
11
0.6538976377952755
21
1.4902165354330708
0
LINE
8
BLACK
6
CONTINUOUS
10
0.6538976377952755
20
1.4902165354330708
11
0.6522995669291338
21
1.4900907874015747
0
LINE
8
BLACK
6
CONTINUOUS
10
0.6522995669291338
20
1.4900907874015747
11
0.6510951181102362
21
1.4899000393700788
0
LINE
8
BLACK
6
CONTINUOUS
10
0.6510951181102362
20
1.4899000393700788
11
0.6503081496062992
21
1.4897435039370079
0
LINE
8
BLACK
6
CONTINUOUS
10
0.6503081496062992
20
1.4897435039370079
11
0.646688031496063
21
1.4880746062992125
0
LINE
8
BLACK
6
CONTINUOUS
10
0.646688031496063
20
1.4880746062992125
11
0.6466879921259843
21
1.4880745669291338
0
LINE
8
BLACK
6
CONTINUOUS
10
0.6466879921259843
20
1.4880745669291338
11
0.6447393307086614
21
1.4866588188976377
0
LINE
8
BLACK
6
CONTINUOUS
10
0.6447393307086614
20
1.4866588188976377
11
0.6447392125984251
21
1.4866587007874015
0
LINE
8
BLACK
6
CONTINUOUS
10
0.6447392125984251
20
1.4866587007874015
11
0.6429756299212598
21
1.4850284251968504
0
LINE
8
BLACK
6
CONTINUOUS
10
0.6429756299212598
20
1.4850284251968504
11
0.6429755905511811
21
1.4850283858267717
0
LINE
8
BLACK
6
CONTINUOUS
10
0.6429755905511811
20
1.4850283858267717
11
0.6410278346456693
21
1.4815503543307087
0
LINE
8
BLACK
6
CONTINUOUS
10
0.6410278346456693
20
1.4815503543307087
11
0.6402834251968503
21
1.4792592913385827
0
LINE
8
BLACK
6
CONTINUOUS
10
0.6402834251968503
20
1.4792592913385827
11
0.6397834645669291
21
1.4761024803149605
0
LINE
8
BLACK
6
CONTINUOUS
10
0.6397834645669291
20
1.4761024803149605
11
0.6397834645669291
21
1.4761023622047245
0
LINE
8
BLACK
6
CONTINUOUS
10
0.6397834645669291
20
1.4761023622047245
11
0.6397834645669291
21
0.5038976377952756
0
LINE
8
BLACK
6
CONTINUOUS
10
0.6397834645669291
20
0.5038976377952756
11
0.6399092125984251
21
0.5022995669291338
0
LINE
8
BLACK
6
CONTINUOUS
10
0.6399092125984251
20
0.5022995669291338
11
0.6400418503937008
21
0.501462125984252
0
LINE
8
BLACK
6
CONTINUOUS
10
0.6400418503937008
20
0.501462125984252
11
0.6401000787401575
21
0.5010944094488189
0
LINE
8
BLACK
6
CONTINUOUS
10
0.6401000787401575
20
0.5010944094488189
11
0.6402564173228347
21
0.5003083858267716
0
LINE
8
BLACK
6
CONTINUOUS
10
0.6402564173228347
20
0.5003083858267716
11
0.6402565354330708
21
0.500308031496063
0
LINE
8
BLACK
6
CONTINUOUS
10
0.6402565354330708
20
0.500308031496063
11
0.6419252755905511
21
0.496688188976378
0
LINE
8
BLACK
6
CONTINUOUS
10
0.6419252755905511
20
0.496688188976378
11
0.6419253937007874
21
0.4966879921259842
0
LINE
8
BLACK
6
CONTINUOUS
10
0.6419253937007874
20
0.4966879921259842
11
0.6433411417322834
21
0.4947393307086614
0
LINE
8
BLACK
6
CONTINUOUS
10
0.6433411417322834
20
0.4947393307086614
11
0.6433412598425197
21
0.4947392125984252
0
LINE
8
BLACK
6
CONTINUOUS
10
0.6433412598425197
20
0.4947392125984252
11
0.6449715354330708
21
0.4929756692913386
0
LINE
8
BLACK
6
CONTINUOUS
10
0.6449715354330708
20
0.4929756692913386
11
0.6449715748031496
21
0.4929755905511811
0
LINE
8
BLACK
6
CONTINUOUS
10
0.6449715748031496
20
0.4929755905511811
11
0.6484496062992126
21
0.4910278346456693
0
LINE
8
BLACK
6
CONTINUOUS
10
0.6484496062992126
20
0.4910278346456693
11
0.6507407086614173
21
0.4902834251968504
0
LINE
8
BLACK
6
CONTINUOUS
10
0.6507407086614173
20
0.4902834251968504
11
0.6507405905511811
21
0.4902834251968504
0
LINE
8
BLACK
6
CONTINUOUS
10
0.6507405905511811
20
0.4902834251968504
11
0.6538975196850394
21
0.4897834645669291
0
LINE
8
BLACK
6
CONTINUOUS
10
0.6538975196850394
20
0.4897834645669291
11
0.6538976377952755
21
0.4897834645669291
0
LINE
8
BLACK
6
CONTINUOUS
10
0.6538976377952755
20
0.4897834645669291
11
1.0632965354330708
21
0.4897834645669291
0
LINE
8
BLACK
6
CONTINUOUS
10
1.0632965354330708
20
0.4897834645669291
11
1.0655875196850393
21
0.4890390944881889
0
LINE
8
BLACK
6
CONTINUOUS
10
1.0655875196850393
20
0.4890390944881889
11
1.0660525984251967
21
0.4886418897637795
0
LINE
8
BLACK
6
CONTINUOUS
10
1.0660525984251967
20
0.4886418897637795
11
1.0906813779527558
21
0.4640130708661417
0
LINE
8
BLACK
6
CONTINUOUS
10
1.0906813779527558
20
0.4640130708661417
11
1.0906814566929133
21
0.4640129921259842
0
LINE
8
BLACK
6
CONTINUOUS
10
1.0906814566929133
20
0.4640129921259842
11
1.0906814173228345
21
0.4640129527559055
0
LINE
8
BLACK
6
CONTINUOUS
10
1.0906814173228345
20
0.4640129527559055
11
1.0940129921259842
21
0.4606814173228346
0
LINE
8
BLACK
6
CONTINUOUS
10
1.0940129921259842
20
0.4606814173228346
11
1.0980931102362204
21
0.4583257480314961
0
LINE
8
BLACK
6
CONTINUOUS
10
1.0980931102362204
20
0.4583257480314961
11
1.0980932677165354
21
0.4583257086614173
0
LINE
8
BLACK
6
CONTINUOUS
10
1.0980932677165354
20
0.4583257086614173
11
1.0990549999999999
21
0.4580679921259843
0
LINE
8
BLACK
6
CONTINUOUS
10
1.0990549999999999
20
0.4580679921259843
11
1.102644251968504
21
0.4571062598425197
0
LINE
8
BLACK
6
CONTINUOUS
10
1.102644251968504
20
0.4571062598425197
11
1.1026443307086613
21
0.4571062598425197
0
LINE
8
BLACK
6
CONTINUOUS
10
1.1026443307086613
20
0.4571062598425197
11
1.1075944488188976
21
0.4571062598425197
0
LINE
8
BLACK
6
CONTINUOUS
10
1.1075944488188976
20
0.4571062598425197
11
1.1075950787401574
21
0.4571062992125984
0
LINE
8
BLACK
6
CONTINUOUS
10
1.1075950787401574
20
0.4571062992125984
11
1.1978953937007875
21
0.4571062992125984
0
LINE
8
BLACK
6
CONTINUOUS
10
1.1978953937007875
20
0.4571062992125984
11
1.2023603543307086
21
0.4571062992125984
0
LINE
8
BLACK
6
CONTINUOUS
10
1.2023603543307086
20
0.4571062992125984
11
1.2046513385826771
21
0.4563619291338583
0
LINE
8
BLACK
6
CONTINUOUS
10
1.2046513385826771
20
0.4563619291338583
11
1.2051164173228346
21
0.4559647244094488
0
LINE
8
BLACK
6
CONTINUOUS
10
1.2051164173228346
20
0.4559647244094488
11
1.2074570866141732
21
0.4536240157480315
0
LINE
8
BLACK
6
CONTINUOUS
10
1.2074570866141732
20
0.4536240157480315
11
1.2119644488188976
21
0.4506122834645669
0
LINE
8
BLACK
6
CONTINUOUS
10
1.2119644488188976
20
0.4506122834645669
11
1.2169725984251969
21
0.448537874015748
0
LINE
8
BLACK
6
CONTINUOUS
10
1.2169725984251969
20
0.448537874015748
11
1.2222892913385826
21
0.4474803149606299
0
LINE
8
BLACK
6
CONTINUOUS
10
1.2222892913385826
20
0.4474803149606299
11
1.2222894094488188
21
0.4474803149606299
0
LINE
8
BLACK
6
CONTINUOUS
10
1.2222894094488188
20
0.4474803149606299
11
1.2277103543307086
21
0.4474803149606299
0
LINE
8
BLACK
6
CONTINUOUS
10
1.2277103543307086
20
0.4474803149606299
11
1.2312547637795275
21
0.4481853543307087
0
LINE
8
BLACK
6
CONTINUOUS
10
1.2312547637795275
20
0.4481853543307087
11
1.2330270472440945
21
0.448537874015748
0
LINE
8
BLACK
6
CONTINUOUS
10
1.2330270472440945
20
0.448537874015748
11
1.2330270866141733
21
0.448537874015748
0
LINE
8
BLACK
6
CONTINUOUS
10
1.2330270866141733
20
0.448537874015748
11
1.2380351968503938
21
0.4506122834645669
0
LINE
8
BLACK
6
CONTINUOUS
10
1.2380351968503938
20
0.4506122834645669
11
1.2380352362204725
21
0.4506122834645669
0
LINE
8
BLACK
6
CONTINUOUS
10
1.2380352362204725
20
0.4506122834645669
11
1.242542559055118
21
0.4536240157480315
0
LINE
8
BLACK
6
CONTINUOUS
10
1.242542559055118
20
0.4536240157480315
11
1.2463757874015748
21
0.4574572440944882
0
LINE
8
BLACK
6
CONTINUOUS
10
1.2463757874015748
20
0.4574572440944882
11
1.2493875196850392
21
0.4619645669291338
0
LINE
8
BLACK
6
CONTINUOUS
10
1.2493875196850392
20
0.4619645669291338
11
1.2493875196850392
21
0.4619646062992126
0
LINE
8
BLACK
6
CONTINUOUS
10
1.2493875196850392
20
0.4619646062992126
11
1.2514619291338582
21
0.466972716535433
0
LINE
8
BLACK
6
CONTINUOUS
10
1.2514619291338582
20
0.466972716535433
11
1.251461968503937
21
0.4669727952755905
0
LINE
8
BLACK
6
CONTINUOUS
10
1.251461968503937
20
0.4669727952755905
11
1.252519527559055
21
0.4722895669291339
0
LINE
8
BLACK
6
CONTINUOUS
10
1.252519527559055
20
0.4722895669291339
11
1.252519527559055
21
0.4777104330708661
0
LINE
8
BLACK
6
CONTINUOUS
10
1.252519527559055
20
0.4777104330708661
11
1.251461968503937
21
0.4830272047244095
0
LINE
8
BLACK
6
CONTINUOUS
10
1.251461968503937
20
0.4830272047244095
11
1.2493874803149605
21
0.4880354724409449
0
LINE
8
BLACK
6
CONTINUOUS
10
1.2493874803149605
20
0.4880354724409449
11
1.2463757874015748
21
0.4925427559055118
0
LINE
8
BLACK
6
CONTINUOUS
10
1.2463757874015748
20
0.4925427559055118
11
1.2425425984251968
21
0.4963759448818897
0
LINE
8
BLACK
6
CONTINUOUS
10
1.2425425984251968
20
0.4963759448818897
11
1.2380353149606298
21
0.4993876377952756
0
LINE
8
BLACK
6
CONTINUOUS
10
1.2380353149606298
20
0.4993876377952756
11
1.2330270472440945
21
0.501462125984252
0
LINE
8
BLACK
6
CONTINUOUS
10
1.2330270472440945
20
0.501462125984252
11
1.2277102755905511
21
0.5025196850393701
0
LINE
8
BLACK
6
CONTINUOUS
10
1.2277102755905511
20
0.5025196850393701
11
1.2222894094488188
21
0.5025196850393701
0
LINE
8
BLACK
6
CONTINUOUS
10
1.2222894094488188
20
0.5025196850393701
11
1.2169726377952756
21
0.501462125984252
0
LINE
8
BLACK
6
CONTINUOUS
10
1.2169726377952756
20
0.501462125984252
11
1.2169725590551181
21
0.5014620866141732
0
LINE
8
BLACK
6
CONTINUOUS
10
1.2169725590551181
20
0.5014620866141732
11
1.2119644488188976
21
0.4993876771653543
0
LINE
8
BLACK
6
CONTINUOUS
10
1.2119644488188976
20
0.4993876771653543
11
1.2119644094488189
21
0.4993876771653543
0
LINE
8
BLACK
6
CONTINUOUS
10
1.2119644094488189
20
0.4993876771653543
11
1.2074570866141732
21
0.4963759448818897
0
LINE
8
BLACK
6
CONTINUOUS
10
1.2074570866141732
20
0.4963759448818897
11
1.2051164173228346
21
0.4940352755905512
0
LINE
8
BLACK
6
CONTINUOUS
10
1.2051164173228346
20
0.4940352755905512
11
1.2029700787401574
21
0.4929416929133858
0
LINE
8
BLACK
6
CONTINUOUS
10
1.2029700787401574
20
0.4929416929133858
11
1.2023603543307086
21
0.4928937007874016
0
LINE
8
BLACK
6
CONTINUOUS
10
1.2023603543307086
20
0.4928937007874016
11
1.1140262992125984
21
0.4928937007874016
0
LINE
8
BLACK
6
CONTINUOUS
10
1.1140262992125984
20
0.4928937007874016
11
1.1117353149606299
21
0.4936380708661417
0
LINE
8
BLACK
6
CONTINUOUS
10
1.1117353149606299
20
0.4936380708661417
11
1.1112702362204725
21
0.4940352755905512
0
LINE
8
BLACK
6
CONTINUOUS
10
1.1112702362204725
20
0.4940352755905512
11
1.1013581102362204
21
0.5039474015748031
0
LINE
8
BLACK
6
CONTINUOUS
10
1.1013581102362204
20
0.5039474015748031
11
1.100264527559055
21
0.5060937401574803
0
LINE
8
BLACK
6
CONTINUOUS
10
1.100264527559055
20
0.5060937401574803
11
1.1002165354330709
21
0.5067034645669292
0
LINE
8
BLACK
6
CONTINUOUS
10
1.1002165354330709
20
0.5067034645669292
11
1.1002165354330709
21
0.5461020866141733
0
LINE
8
BLACK
6
CONTINUOUS
10
1.1002165354330709
20
0.5461020866141733
11
1.1002165354330709
21
0.5461023622047244
0
LINE
8
BLACK
6
CONTINUOUS
10
1.1002165354330709
20
0.5461023622047244
11
1.1000907874015748
21
0.5477004330708661
0
LINE
8
BLACK
6
CONTINUOUS
10
1.1000907874015748
20
0.5477004330708661
11
1.0999000393700786
21
0.5489048818897637
0
LINE
8
BLACK
6
CONTINUOUS
10
1.0999000393700786
20
0.5489048818897637
11
1.0997435039370078
21
0.5496918503937007
0
LINE
8
BLACK
6
CONTINUOUS
10
1.0997435039370078
20
0.5496918503937007
11
1.0980746062992126
21
0.553311968503937
0
LINE
8
BLACK
6
CONTINUOUS
10
1.0980746062992126
20
0.553311968503937
11
1.0966587007874016
21
0.5552607874015748
0
LINE
8
BLACK
6
CONTINUOUS
10
1.0966587007874016
20
0.5552607874015748
11
1.0950284251968503
21
0.5570243700787402
0
LINE
8
BLACK
6
CONTINUOUS
10
1.0950284251968503
20
0.5570243700787402
11
1.0915503543307086
21
0.5589721653543307
0
LINE
8
BLACK
6
CONTINUOUS
10
1.0915503543307086
20
0.5589721653543307
11
1.0892593700787401
21
0.5597165354330709
0
LINE
8
BLACK
6
CONTINUOUS
10
1.0892593700787401
20
0.5597165354330709
11
1.0861024803149606
21
0.5602165354330708
0
LINE
8
BLACK
6
CONTINUOUS
10
1.0861024803149606
20
0.5602165354330708
11
1.0861023622047243
21
0.5602165354330708
0
LINE
8
BLACK
6
CONTINUOUS
10
1.0861023622047243
20
0.5602165354330708
11
0.8441141732283465
21
0.5602165354330708
0
LINE
8
BLACK
6
CONTINUOUS
10
0.8441141732283465
20
0.5602165354330708
11
0.841823188976378
21
0.560960905511811
0
LINE
8
BLACK
6
CONTINUOUS
10
0.841823188976378
20
0.560960905511811
11
0.8404072834645669
21
0.5629097244094488
0
LINE
8
BLACK
6
CONTINUOUS
10
0.8404072834645669
20
0.5629097244094488
11
0.8402165354330708
21
0.5641141732283464
0
LINE
8
BLACK
6
CONTINUOUS
10
0.8402165354330708
20
0.5641141732283464
11
0.8402165354330708
21
0.6691364960629921
0
LINE
8
BLACK
6
CONTINUOUS
10
0.8402165354330708
20
0.6691364960629921
11
0.8402165354330708
21
0.8659868897637795
0
LINE
8
BLACK
6
CONTINUOUS
10
0.8402165354330708
20
0.8659868897637795
11
0.8402165354330708
21
1.1121911811023621
0
LINE
8
BLACK
6
CONTINUOUS
10
0.8402165354330708
20
1.1121911811023621
11
0.840960905511811
21
1.1144821653543306
0
LINE
8
BLACK
6
CONTINUOUS
10
0.840960905511811
20
1.1144821653543306
11
0.8429097244094488
21
1.1158980708661417
0
LINE
8
BLACK
6
CONTINUOUS
10
0.8429097244094488
20
1.1158980708661417
11
0.8453186220472441
21
1.1158980708661417
0
LINE
8
BLACK
6
CONTINUOUS
10
0.8453186220472441
20
1.1158980708661417
11
0.8472674409448818
21
1.1144821653543306
0
LINE
8
BLACK
6
CONTINUOUS
10
0.8472674409448818
20
1.1144821653543306
11
0.8473549212598425
21
1.1143566141732284
0
LINE
8
BLACK
6
CONTINUOUS
10
0.8473549212598425
20
1.1143566141732284
11
0.8486240157480315
21
1.1124572440944882
0
LINE
8
BLACK
6
CONTINUOUS
10
0.8486240157480315
20
1.1124572440944882
11
0.8524572440944882
21
1.1086240157480314
0
LINE
8
BLACK
6
CONTINUOUS
10
0.8524572440944882
20
1.1086240157480314
11
0.8569646062992126
21
1.105612283464567
0
LINE
8
BLACK
6
CONTINUOUS
10
0.8569646062992126
20
1.105612283464567
11
0.8619727559055118
21
1.103537874015748
0
LINE
8
BLACK
6
CONTINUOUS
10
0.8619727559055118
20
1.103537874015748
11
0.8672894488188976
21
1.1024803149606299
0
LINE
8
BLACK
6
CONTINUOUS
10
0.8672894488188976
20
1.1024803149606299
11
0.8672895669291338
21
1.1024803149606299
0
LINE
8
BLACK
6
CONTINUOUS
10
0.8672895669291338
20
1.1024803149606299
11
0.8727105511811023
21
1.1024803149606299
0
LINE
8
BLACK
6
CONTINUOUS
10
0.8727105511811023
20
1.1024803149606299
11
0.8757116929133858
21
1.1030772834645668
0
LINE
8
BLACK
6
CONTINUOUS
10
0.8757116929133858
20
1.1030772834645668
11
0.8781038976377953
21
1.1027941338582676
0
LINE
8
BLACK
6
CONTINUOUS
10
0.8781038976377953
20
1.1027941338582676
11
0.8798727559055118
21
1.1011589763779528
0
LINE
8
BLACK
6
CONTINUOUS
10
0.8798727559055118
20
1.1011589763779528
11
0.8803427165354331
21
1.0987963779527559
0
LINE
8
BLACK
6
CONTINUOUS
10
0.8803427165354331
20
1.0987963779527559
11
0.8793342125984251
21
1.096608779527559
0
LINE
8
BLACK
6
CONTINUOUS
10
0.8793342125984251
20
1.096608779527559
11
0.8792281496062992
21
1.0964984645669291
0
LINE
8
BLACK
6
CONTINUOUS
10
0.8792281496062992
20
1.0964984645669291
11
0.8702216929133858
21
1.0874920078740158
0
LINE
8
BLACK
6
CONTINUOUS
10
0.8702216929133858
20
1.0874920078740158
11
0.870221653543307
21
1.0874920078740158
0
LINE
8
BLACK
6
CONTINUOUS
10
0.870221653543307
20
1.0874920078740158
11
0.8672566929133858
21
1.0845270078740157
0
LINE
8
BLACK
6
CONTINUOUS
10
0.8672566929133858
20
1.0845270078740157
11
0.8672565354330708
21
1.0845268110236219
0
LINE
8
BLACK
6
CONTINUOUS
10
0.8672565354330708
20
1.0845268110236219
11
0.8651601181102362
21
1.080895748031496
0
LINE
8
BLACK
6
CONTINUOUS
10
0.8651601181102362
20
1.080895748031496
11
0.8651600787401574
21
1.080895590551181
0
LINE
8
BLACK
6
CONTINUOUS
10
0.8651600787401574
20
1.080895590551181
11
0.8640748031496063
21
1.0768452755905511
0
LINE
8
BLACK
6
CONTINUOUS
10
0.8640748031496063
20
1.0768452755905511
11
0.8640748031496063
21
1.0768451968503936
0
LINE
8
BLACK
6
CONTINUOUS
10
0.8640748031496063
20
1.0768451968503936
11
0.8640748031496063
21
1.0745400787401576
0
LINE
8
BLACK
6
CONTINUOUS
10
0.8640748031496063
20
1.0745400787401576
11
0.8633304330708661
21
1.0722490944881891
0
LINE
8
BLACK
6
CONTINUOUS
10
0.8633304330708661
20
1.0722490944881891
11
0.8625801968503937
21
1.0715281102362204
0
LINE
8
BLACK
6
CONTINUOUS
10
0.8625801968503937
20
1.0715281102362204
11
0.8626053543307086
21
1.0714975196850394
0
LINE
8
BLACK
6
CONTINUOUS
10
0.8626053543307086
20
1.0714975196850394
11
0.8624573228346456
21
1.0713760236220473
0
LINE
8
BLACK
6
CONTINUOUS
10
0.8624573228346456
20
1.0713760236220473
11
0.858624094488189
21
1.0675428346456692
0
LINE
8
BLACK
6
CONTINUOUS
10
0.858624094488189
20
1.0675428346456692
11
0.8556122834645669
21
1.0630353937007875
0
LINE
8
BLACK
6
CONTINUOUS
10
0.8556122834645669
20
1.0630353937007875
11
0.8556122834645669
21
1.0630353543307087
0
LINE
8
BLACK
6
CONTINUOUS
10
0.8556122834645669
20
1.0630353543307087
11
0.853537874015748
21
1.0580272440944882
0
LINE
8
BLACK
6
CONTINUOUS
10
0.853537874015748
20
1.0580272440944882
11
0.853537874015748
21
1.0580271653543307
0
LINE
8
BLACK
6
CONTINUOUS
10
0.853537874015748
20
1.0580271653543307
11
0.8524803149606299
21
1.0527105118110236
0
LINE
8
BLACK
6
CONTINUOUS
10
0.8524803149606299
20
1.0527105118110236
11
0.8524803149606299
21
1.0472894488188975
0
LINE
8
BLACK
6
CONTINUOUS
10
0.8524803149606299
20
1.0472894488188975
11
0.853537874015748
21
1.0419727952755906
0
LINE
8
BLACK
6
CONTINUOUS
10
0.853537874015748
20
1.0419727952755906
11
0.853537874015748
21
1.0419727165354331
0
LINE
8
BLACK
6
CONTINUOUS
10
0.853537874015748
20
1.0419727165354331
11
0.8556122834645669
21
1.0369646062992126
0
LINE
8
BLACK
6
CONTINUOUS
10
0.8556122834645669
20
1.0369646062992126
11
0.8556122834645669
21
1.0369645669291339
0
LINE
8
BLACK
6
CONTINUOUS
10
0.8556122834645669
20
1.0369645669291339
11
0.8586240157480315
21
1.0324572440944881
0
LINE
8
BLACK
6
CONTINUOUS
10
0.8586240157480315
20
1.0324572440944881
11
0.8624572440944882
21
1.0286240157480315
0
LINE
8
BLACK
6
CONTINUOUS
10
0.8624572440944882
20
1.0286240157480315
11
0.8669646062992126
21
1.0256122834645669
0
LINE
8
BLACK
6
CONTINUOUS
10
0.8669646062992126
20
1.0256122834645669
11
0.8719727559055118
21
1.0235378740157479
0
LINE
8
BLACK
6
CONTINUOUS
10
0.8719727559055118
20
1.0235378740157479
11
0.8772894488188976
21
1.0224803149606299
0
LINE
8
BLACK
6
CONTINUOUS
10
0.8772894488188976
20
1.0224803149606299
11
0.8772895669291338
21
1.0224803149606299
0
LINE
8
BLACK
6
CONTINUOUS
10
0.8772895669291338
20
1.0224803149606299
11
0.8827105118110236
21
1.0224803149606299
0
LINE
8
BLACK
6
CONTINUOUS
10
0.8827105118110236
20
1.0224803149606299
11
0.8869651181102362
21
1.0233266141732282
0
LINE
8
BLACK
6
CONTINUOUS
10
0.8869651181102362
20
1.0233266141732282
11
0.8880272047244094
21
1.0235378740157479
0
LINE
8
BLACK
6
CONTINUOUS
10
0.8880272047244094
20
1.0235378740157479
11
0.8880272440944882
21
1.0235378740157479
0
LINE
8
BLACK
6
CONTINUOUS
10
0.8880272440944882
20
1.0235378740157479
11
0.8930353543307087
21
1.0256122834645669
0
LINE
8
BLACK
6
CONTINUOUS
10
0.8930353543307087
20
1.0256122834645669
11
0.8930353937007873
21
1.0256122834645669
0
LINE
8
BLACK
6
CONTINUOUS
10
0.8930353937007873
20
1.0256122834645669
11
0.897542716535433
21
1.0286240157480315
0
LINE
8
BLACK
6
CONTINUOUS
10
0.897542716535433
20
1.0286240157480315
11
0.8997439763779528
21
1.0308252755905511
0
LINE
8
BLACK
6
CONTINUOUS
10
0.8997439763779528
20
1.0308252755905511
11
0.9018903149606299
21
1.0319188582677166
0
LINE
8
BLACK
6
CONTINUOUS
10
0.9018903149606299
20
1.0319188582677166
11
0.9042695275590551
21
1.0315420472440944
0
LINE
8
BLACK
6
CONTINUOUS
10
0.9042695275590551
20
1.0315420472440944
11
0.9052560629921259
21
1.0308252755905511
0
LINE
8
BLACK
6
CONTINUOUS
10
0.9052560629921259
20
1.0308252755905511
11
0.9085787007874015
21
1.0275026377952756
0
LINE
8
BLACK
6
CONTINUOUS
10
0.9085787007874015
20
1.0275026377952756
11
0.9130861811023622
21
1.0244908267716535
0
LINE
8
BLACK
6
CONTINUOUS
10
0.9130861811023622
20
1.0244908267716535
11
0.9180942913385827
21
1.0224164173228347
0
LINE
8
BLACK
6
CONTINUOUS
10
0.9180942913385827
20
1.0224164173228347
11
0.9182777559055118
21
1.0223607874015748
0
LINE
8
BLACK
6
CONTINUOUS
10
0.9182777559055118
20
1.0223607874015748
11
0.9182585039370078
21
1.0222974015748032
0
LINE
8
BLACK
6
CONTINUOUS
10
0.9182585039370078
20
1.0222974015748032
11
0.9201211417322834
21
1.0212535433070866
0
LINE
8
BLACK
6
CONTINUOUS
10
0.9201211417322834
20
1.0212535433070866
11
0.9211289763779528
21
1.0190656299212599
0
LINE
8
BLACK
6
CONTINUOUS
10
0.9211289763779528
20
1.0190656299212599
11
0.9206583070866141
21
1.016703188976378
0
LINE
8
BLACK
6
CONTINUOUS
10
0.9206583070866141
20
1.016703188976378
11
0.9200142913385827
21
1.0158526377952755
0
LINE
8
BLACK
6
CONTINUOUS
10
0.9200142913385827
20
1.0158526377952755
11
0.8902216929133858
21
0.9860600393700787
0
LINE
8
BLACK
6
CONTINUOUS
10
0.8902216929133858
20
0.9860600393700787
11
0.8902216535433071
21
0.9860600393700787
0
LINE
8
BLACK
6
CONTINUOUS
10
0.8902216535433071
20
0.9860600393700787
11
0.8872566929133858
21
0.9830950393700787
0
LINE
8
BLACK
6
CONTINUOUS
10
0.8872566929133858
20
0.9830950393700787
11
0.8872565354330708
21
0.983094842519685
0
LINE
8
BLACK
6
CONTINUOUS
10
0.8872565354330708
20
0.983094842519685
11
0.8851601181102362
21
0.979463779527559
0
LINE
8
BLACK
6
CONTINUOUS
10
0.8851601181102362
20
0.979463779527559
11
0.8851600787401575
21
0.979463622047244
0
LINE
8
BLACK
6
CONTINUOUS
10
0.8851600787401575
20
0.979463622047244
11
0.8840748031496063
21
0.9754133070866141
0
LINE
8
BLACK
6
CONTINUOUS
10
0.8840748031496063
20
0.9754133070866141
11
0.8840748031496063
21
0.9754132283464567
0
LINE
8
BLACK
6
CONTINUOUS
10
0.8840748031496063
20
0.9754132283464567
11
0.8840748031496063
21
0.9445400787401574
0
LINE
8
BLACK
6
CONTINUOUS
10
0.8840748031496063
20
0.9445400787401574
11
0.8833304330708661
21
0.9422490944881889
0
LINE
8
BLACK
6
CONTINUOUS
10
0.8833304330708661
20
0.9422490944881889
11
0.8825801968503937
21
0.9415281102362204
0
LINE
8
BLACK
6
CONTINUOUS
10
0.8825801968503937
20
0.9415281102362204
11
0.8826053543307086
21
0.9414975196850394
0
LINE
8
BLACK
6
CONTINUOUS
10
0.8826053543307086
20
0.9414975196850394
11
0.8824573228346456
21
0.9413760236220472
0
LINE
8
BLACK
6
CONTINUOUS
10
0.8824573228346456
20
0.9413760236220472
11
0.878624094488189
21
0.9375428346456692
0
LINE
8
BLACK
6
CONTINUOUS
10
0.878624094488189
20
0.9375428346456692
11
0.8756122834645669
21
0.9330353937007874
0
LINE
8
BLACK
6
CONTINUOUS
10
0.8756122834645669
20
0.9330353937007874
11
0.8756122834645669
21
0.9330353543307086
0
LINE
8
BLACK
6
CONTINUOUS
10
0.8756122834645669
20
0.9330353543307086
11
0.873537874015748
21
0.9280272440944881
0
LINE
8
BLACK
6
CONTINUOUS
10
0.873537874015748
20
0.9280272440944881
11
0.873537874015748
21
0.9280271653543307
0
LINE
8
BLACK
6
CONTINUOUS
10
0.873537874015748
20
0.9280271653543307
11
0.8724803149606299
21
0.9227105118110236
0
LINE
8
BLACK
6
CONTINUOUS
10
0.8724803149606299
20
0.9227105118110236
11
0.8724803149606299
21
0.9172894488188976
0
LINE
8
BLACK
6
CONTINUOUS
10
0.8724803149606299
20
0.9172894488188976
11
0.873537874015748
21
0.9119727952755905
0
LINE
8
BLACK
6
CONTINUOUS
10
0.873537874015748
20
0.9119727952755905
11
0.873537874015748
21
0.9119727165354331
0
LINE
8
BLACK
6
CONTINUOUS
10
0.873537874015748
20
0.9119727165354331
11
0.8756122834645669
21
0.9069646062992126
0
LINE
8
BLACK
6
CONTINUOUS
10
0.8756122834645669
20
0.9069646062992126
11
0.8756122834645669
21
0.9069645669291339
0
LINE
8
BLACK
6
CONTINUOUS
10
0.8756122834645669
20
0.9069645669291339
11
0.8786240157480315
21
0.9024572440944881
0
LINE
8
BLACK
6
CONTINUOUS
10
0.8786240157480315
20
0.9024572440944881
11
0.8824572440944881
21
0.8986240157480315
0
LINE
8
BLACK
6
CONTINUOUS
10
0.8824572440944881
20
0.8986240157480315
11
0.8869646062992126
21
0.8956122834645669
0
LINE
8
BLACK
6
CONTINUOUS
10
0.8869646062992126
20
0.8956122834645669
11
0.8919727559055118
21
0.893537874015748
0
LINE
8
BLACK
6
CONTINUOUS
10
0.8919727559055118
20
0.893537874015748
11
0.8972894488188976
21
0.8924803149606299
0
LINE
8
BLACK
6
CONTINUOUS
10
0.8972894488188976
20
0.8924803149606299
11
0.8972895669291339
21
0.8924803149606299
0
LINE
8
BLACK
6
CONTINUOUS
10
0.8972895669291339
20
0.8924803149606299
11
0.9027105118110236
21
0.8924803149606299
0
LINE
8
BLACK
6
CONTINUOUS
10
0.9027105118110236
20
0.8924803149606299
11
0.9062549212598425
21
0.8931853543307087
0
LINE
8
BLACK
6
CONTINUOUS
10
0.9062549212598425
20
0.8931853543307087
11
0.9080272047244095
21
0.893537874015748
0
LINE
8
BLACK
6
CONTINUOUS
10
0.9080272047244095
20
0.893537874015748
11
0.9080272440944882
21
0.893537874015748
0
LINE
8
BLACK
6
CONTINUOUS
10
0.9080272440944882
20
0.893537874015748
11
0.9130353543307086
21
0.8956122834645669
0
LINE
8
BLACK
6
CONTINUOUS
10
0.9130353543307086
20
0.8956122834645669
11
0.9130353937007873
21
0.8956122834645669
0
LINE
8
BLACK
6
CONTINUOUS
10
0.9130353937007873
20
0.8956122834645669
11
0.9175427165354331
21
0.8986240157480315
0
LINE
8
BLACK
6
CONTINUOUS
10
0.9175427165354331
20
0.8986240157480315
11
0.9213759448818898
21
0.9024572440944881
0
LINE
8
BLACK
6
CONTINUOUS
10
0.9213759448818898
20
0.9024572440944881
11
0.9243876771653543
21
0.9069645669291339
0
LINE
8
BLACK
6
CONTINUOUS
10
0.9243876771653543
20
0.9069645669291339
11
0.9243876771653543
21
0.9069646062992126
0
LINE
8
BLACK
6
CONTINUOUS
10
0.9243876771653543
20
0.9069646062992126
11
0.9264620866141732
21
0.9119727165354331
0
LINE
8
BLACK
6
CONTINUOUS
10
0.9264620866141732
20
0.9119727165354331
11
0.9264621259842519
21
0.9119727952755905
0
LINE
8
BLACK
6
CONTINUOUS
10
0.9264621259842519
20
0.9119727952755905
11
0.9275196850393701
21
0.9172895669291339
0
LINE
8
BLACK
6
CONTINUOUS
10
0.9275196850393701
20
0.9172895669291339
11
0.9275196850393701
21
0.9227104330708661
0
LINE
8
BLACK
6
CONTINUOUS
10
0.9275196850393701
20
0.9227104330708661
11
0.9264621259842519
21
0.9280272047244095
0
LINE
8
BLACK
6
CONTINUOUS
10
0.9264621259842519
20
0.9280272047244095
11
0.9243876377952756
21
0.9330354724409449
0
LINE
8
BLACK
6
CONTINUOUS
10
0.9243876377952756
20
0.9330354724409449
11
0.9213759448818898
21
0.9375427559055118
0
LINE
8
BLACK
6
CONTINUOUS
10
0.9213759448818898
20
0.9375427559055118
11
0.9175427559055118
21
0.9413759448818897
0
LINE
8
BLACK
6
CONTINUOUS
10
0.9175427559055118
20
0.9413759448818897
11
0.9175425984251968
21
0.9413760236220472
0
LINE
8
BLACK
6
CONTINUOUS
10
0.9175425984251968
20
0.9413760236220472
11
0.9173946456692913
21
0.9414975196850394
0
LINE
8
BLACK
6
CONTINUOUS
10
0.9173946456692913
20
0.9414975196850394
11
0.9174492125984252
21
0.9415640157480315
0
LINE
8
BLACK
6
CONTINUOUS
10
0.9174492125984252
20
0.9415640157480315
11
0.9161666929133858
21
0.9431894488188977
0
LINE
8
BLACK
6
CONTINUOUS
10
0.9161666929133858
20
0.9431894488188977
11
0.9159251968503936
21
0.9445400787401574
0
LINE
8
BLACK
6
CONTINUOUS
10
0.9159251968503936
20
0.9445400787401574
11
0.9159251968503936
21
0.9651057874015748
0
LINE
8
BLACK
6
CONTINUOUS
10
0.9159251968503936
20
0.9651057874015748
11
0.9166695669291338
21
0.9673967716535433
0
LINE
8
BLACK
6
CONTINUOUS
10
0.9166695669291338
20
0.9673967716535433
11
0.9170667716535433
21
0.9678618503937008
0
LINE
8
BLACK
6
CONTINUOUS
10
0.9170667716535433
20
0.9678618503937008
11
0.9482181496062992
21
0.9990132283464567
0
LINE
8
BLACK
6
CONTINUOUS
10
0.9482181496062992
20
0.9990132283464567
11
0.9870351181102361
21
1.0378301968503936
0
LINE
8
BLACK
6
CONTINUOUS
10
0.9870351181102361
20
1.0378301968503936
11
0.9891813779527558
21
1.0389237401574802
0
LINE
8
BLACK
6
CONTINUOUS
10
0.9891813779527558
20
1.0389237401574802
11
0.9915605905511811
21
1.0385469291338583
0
LINE
8
BLACK
6
CONTINUOUS
10
0.9915605905511811
20
1.0385469291338583
11
0.993263937007874
21
1.0368435826771654
0
LINE
8
BLACK
6
CONTINUOUS
10
0.993263937007874
20
1.0368435826771654
11
0.9933920472440945
21
1.0365656692913385
0
LINE
8
BLACK
6
CONTINUOUS
10
0.9933920472440945
20
1.0365656692913385
11
0.9950755118110236
21
1.0325013779527559
0
LINE
8
BLACK
6
CONTINUOUS
10
0.9950755118110236
20
1.0325013779527559
11
0.9980872047244094
21
1.0279940944881889
0
LINE
8
BLACK
6
CONTINUOUS
10
0.9980872047244094
20
1.0279940944881889
11
1.0019204330708662
21
1.0241608661417323
0
LINE
8
BLACK
6
CONTINUOUS
10
1.0019204330708662
20
1.0241608661417323
11
1.0064277952755905
21
1.0211491338582677
0
LINE
8
BLACK
6
CONTINUOUS
10
1.0064277952755905
20
1.0211491338582677
11
1.0114359448818897
21
1.0190747244094489
0
LINE
8
BLACK
6
CONTINUOUS
10
1.0114359448818897
20
1.0190747244094489
11
1.0167526377952756
21
1.0180171653543306
0
LINE
8
BLACK
6
CONTINUOUS
10
1.0167526377952756
20
1.0180171653543306
11
1.0167527559055118
21
1.0180171653543306
0
LINE
8
BLACK
6
CONTINUOUS
10
1.0167527559055118
20
1.0180171653543306
11
1.0221737007874017
21
1.0180171653543306
0
LINE
8
BLACK
6
CONTINUOUS
10
1.0221737007874017
20
1.0180171653543306
11
1.0257181102362205
21
1.0187222047244093
0
LINE
8
BLACK
6
CONTINUOUS
10
1.0257181102362205
20
1.0187222047244093
11
1.0274903937007873
21
1.0190747244094489
0
LINE
8
BLACK
6
CONTINUOUS
10
1.0274903937007873
20
1.0190747244094489
11
1.0274904724409448
21
1.0190747637795274
0
LINE
8
BLACK
6
CONTINUOUS
10
1.0274904724409448
20
1.0190747637795274
11
1.0276734645669292
21
1.0191302755905511
0
LINE
8
BLACK
6
CONTINUOUS
10
1.0276734645669292
20
1.0191302755905511
11
1.0276873228346457
21
1.019084527559055
0
LINE
8
BLACK
6
CONTINUOUS
10
1.0276873228346457
20
1.019084527559055
11
1.0298749999999999
21
1.0192564960629922
0
LINE
8
BLACK
6
CONTINUOUS
10
1.0298749999999999
20
1.0192564960629922
11
1.0319287795275591
21
1.0179976771653543
0
LINE
8
BLACK
6
CONTINUOUS
10
1.0319287795275591
20
1.0179976771653543
11
1.0328504330708661
21
1.0157720866141733
0
LINE
8
BLACK
6
CONTINUOUS
10
1.0328504330708661
20
1.0157720866141733
11
1.0322878346456692
21
1.0134298031496063
0
LINE
8
BLACK
6
CONTINUOUS
10
1.0322878346456692
20
1.0134298031496063
11
1.0317208267716536
21
1.0127105905511811
0
LINE
8
BLACK
6
CONTINUOUS
10
1.0317208267716536
20
1.0127105905511811
11
0.9757776771653544
21
0.9567674409448819
0
LINE
8
BLACK
6
CONTINUOUS
10
0.9757776771653544
20
0.9567674409448819
11
0.9757776377952756
21
0.9567674409448819
0
LINE
8
BLACK
6
CONTINUOUS
10
0.9757776377952756
20
0.9567674409448819
11
0.9733979133858267
21
0.9543876771653543
0
LINE
8
BLACK
6
CONTINUOUS
10
0.9733979133858267
20
0.9543876771653543
11
0.9729812598425197
21
0.9539710236220472
0
LINE
8
BLACK
6
CONTINUOUS
10
0.9729812598425197
20
0.9539710236220472
11
0.9710038976377953
21
0.9505461023622047
0
LINE
8
BLACK
6
CONTINUOUS
10
0.9710038976377953
20
0.9505461023622047
11
0.9699803149606299
21
0.9467260629921259
0
LINE
8
BLACK
6
CONTINUOUS
10
0.9699803149606299
20
0.9467260629921259
11
0.9699803149606299
21
0.9467259842519685
0
LINE
8
BLACK
6
CONTINUOUS
10
0.9699803149606299
20
0.9467259842519685
11
0.9699803149606299
21
0.9451451181102362
0
LINE
8
BLACK
6
CONTINUOUS
10
0.9699803149606299
20
0.9451451181102362
11
0.9692359448818897
21
0.9428541338582677
0
LINE
8
BLACK
6
CONTINUOUS
10
0.9692359448818897
20
0.9428541338582677
11
0.9682481496062992
21
0.9419044094488189
0
LINE
8
BLACK
6
CONTINUOUS
10
0.9682481496062992
20
0.9419044094488189
11
0.9674572440944882
21
0.9413759448818897
0
LINE
8
BLACK
6
CONTINUOUS
10
0.9674572440944882
20
0.9413759448818897
11
0.9674570866141732
21
0.9413757874015748
0
LINE
8
BLACK
6
CONTINUOUS
10
0.9674570866141732
20
0.9413757874015748
11
0.9636240157480315
21
0.9375427165354331
0
LINE
8
BLACK
6
CONTINUOUS
10
0.9636240157480315
20
0.9375427165354331
11
0.960612283464567
21
0.9330353937007874
0
LINE
8
BLACK
6
CONTINUOUS
10
0.960612283464567
20
0.9330353937007874
11
0.960612283464567
21
0.9330353543307086
0
LINE
8
BLACK
6
CONTINUOUS
10
0.960612283464567
20
0.9330353543307086
11
0.958537874015748
21
0.9280272440944881
0
LINE
8
BLACK
6
CONTINUOUS
10
0.958537874015748
20
0.9280272440944881
11
0.958537874015748
21
0.9280271653543307
0
LINE
8
BLACK
6
CONTINUOUS
10
0.958537874015748
20
0.9280271653543307
11
0.9574803149606299
21
0.9227105118110236
0
LINE
8
BLACK
6
CONTINUOUS
10
0.9574803149606299
20
0.9227105118110236
11
0.9574803149606299
21
0.9172894488188976
0
LINE
8
BLACK
6
CONTINUOUS
10
0.9574803149606299
20
0.9172894488188976
11
0.958537874015748
21
0.9119727952755905
0
LINE
8
BLACK
6
CONTINUOUS
10
0.958537874015748
20
0.9119727952755905
11
0.958537874015748
21
0.9119727165354331
0
LINE
8
BLACK
6
CONTINUOUS
10
0.958537874015748
20
0.9119727165354331
11
0.960612283464567
21
0.9069646062992126
0
LINE
8
BLACK
6
CONTINUOUS
10
0.960612283464567
20
0.9069646062992126
11
0.960612283464567
21
0.9069645669291339
0
LINE
8
BLACK
6
CONTINUOUS
10
0.960612283464567
20
0.9069645669291339
11
0.9636240157480315
21
0.9024572440944881
0
LINE
8
BLACK
6
CONTINUOUS
10
0.9636240157480315
20
0.9024572440944881
11
0.9674572440944882
21
0.8986240157480315
0
LINE
8
BLACK
6
CONTINUOUS
10
0.9674572440944882
20
0.8986240157480315
11
0.9719646062992126
21
0.8956122834645669
0
LINE
8
BLACK
6
CONTINUOUS
10
0.9719646062992126
20
0.8956122834645669
11
0.9769727559055118
21
0.893537874015748
0
LINE
8
BLACK
6
CONTINUOUS
10
0.9769727559055118
20
0.893537874015748
11
0.9822894488188976
21
0.8924803149606299
0
LINE
8
BLACK
6
CONTINUOUS
10
0.9822894488188976
20
0.8924803149606299
11
0.9822895669291338
21
0.8924803149606299
0
LINE
8
BLACK
6
CONTINUOUS
10
0.9822895669291338
20
0.8924803149606299
11
0.9877105118110237
21
0.8924803149606299
0
LINE
8
BLACK
6
CONTINUOUS
10
0.9877105118110237
20
0.8924803149606299
11
0.9912549212598425
21
0.8931853543307087
0
LINE
8
BLACK
6
CONTINUOUS
10
0.9912549212598425
20
0.8931853543307087
11
0.9930272047244094
21
0.893537874015748
0
LINE
8
BLACK
6
CONTINUOUS
10
0.9930272047244094
20
0.893537874015748
11
0.9930272440944882
21
0.893537874015748
0
LINE
8
BLACK
6
CONTINUOUS
10
0.9930272440944882
20
0.893537874015748
11
0.9980353543307087
21
0.8956122834645669
0
LINE
8
BLACK
6
CONTINUOUS
10
0.9980353543307087
20
0.8956122834645669
11
0.9980353937007874
21
0.8956122834645669
0
LINE
8
BLACK
6
CONTINUOUS
10
0.9980353937007874
20
0.8956122834645669
11
1.002542716535433
21
0.8986240157480315
0
LINE
8
BLACK
6
CONTINUOUS
10
1.002542716535433
20
0.8986240157480315
11
1.0047439370078739
21
0.9008252362204724
0
LINE
8
BLACK
6
CONTINUOUS
10
1.0047439370078739
20
0.9008252362204724
11
1.0068902755905511
21
0.9019188188976378
0
LINE
8
BLACK
6
CONTINUOUS
10
1.0068902755905511
20
0.9019188188976378
11
1.0092694881889763
21
0.9015420078740157
0
LINE
8
BLACK
6
CONTINUOUS
10
1.0092694881889763
20
0.9015420078740157
11
1.010256062992126
21
0.9008252362204724
0
LINE
8
BLACK
6
CONTINUOUS
10
1.010256062992126
20
0.9008252362204724
11
1.0124572440944881
21
0.8986240157480315
0
LINE
8
BLACK
6
CONTINUOUS
10
1.0124572440944881
20
0.8986240157480315
11
1.0169646062992126
21
0.8956122834645669
0
LINE
8
BLACK
6
CONTINUOUS
10
1.0169646062992126
20
0.8956122834645669
11
1.0219727559055118
21
0.893537874015748
0
LINE
8
BLACK
6
CONTINUOUS
10
1.0219727559055118
20
0.893537874015748
11
1.0272894488188977
21
0.8924803149606299
0
LINE
8
BLACK
6
CONTINUOUS
10
1.0272894488188977
20
0.8924803149606299
11
1.0272895669291338
21
0.8924803149606299
0
LINE
8
BLACK
6
CONTINUOUS
10
1.0272895669291338
20
0.8924803149606299
11
1.0327105118110236
21
0.8924803149606299
0
LINE
8
BLACK
6
CONTINUOUS
10
1.0327105118110236
20
0.8924803149606299
11
1.0380270472440944
21
0.8935378346456693
0
LINE
8
BLACK
6
CONTINUOUS
10
1.0380270472440944
20
0.8935378346456693
11
1.0380272047244095
21
0.893537874015748
0
LINE
8
BLACK
6
CONTINUOUS
10
1.0380272047244095
20
0.893537874015748
11
1.0387453937007873
21
0.8938353543307086
0
LINE
8
BLACK
6
CONTINUOUS
10
1.0387453937007873
20
0.8938353543307086
11
1.0411467716535432
21
0.8940242913385826
0
LINE
8
BLACK
6
CONTINUOUS
10
1.0411467716535432
20
0.8940242913385826
11
1.0432006692913385
21
0.8927656299212599
0
LINE
8
BLACK
6
CONTINUOUS
10
1.0432006692913385
20
0.8927656299212599
11
1.0438377952755906
21
0.891725905511811
0
LINE
8
BLACK
6
CONTINUOUS
10
1.0438377952755906
20
0.891725905511811
11
1.0458615748031497
21
0.8868399606299212
0
LINE
8
BLACK
6
CONTINUOUS
10
1.0458615748031497
20
0.8868399606299212
11
1.0458615748031497
21
0.8868399212598425
0
LINE
8
BLACK
6
CONTINUOUS
10
1.0458615748031497
20
0.8868399212598425
11
1.0488733070866141
21
0.8823325984251968
0
LINE
8
BLACK
6
CONTINUOUS
10
1.0488733070866141
20
0.8823325984251968
11
1.0527065354330709
21
0.8784993700787401
0
LINE
8
BLACK
6
CONTINUOUS
10
1.0527065354330709
20
0.8784993700787401
11
1.0572138976377952
21
0.8754876377952756
0
LINE
8
BLACK
6
CONTINUOUS
10
1.0572138976377952
20
0.8754876377952756
11
1.0622220472440944
21
0.8734132283464566
0
LINE
8
BLACK
6
CONTINUOUS
10
1.0622220472440944
20
0.8734132283464566
11
1.0675387401574803
21
0.8723556692913386
0
LINE
8
BLACK
6
CONTINUOUS
10
1.0675387401574803
20
0.8723556692913386
11
1.0675388582677166
21
0.8723556692913386
0
LINE
8
BLACK
6
CONTINUOUS
10
1.0675388582677166
20
0.8723556692913386
11
1.0729598031496064
21
0.8723556692913386
0
LINE
8
BLACK
6
CONTINUOUS
10
1.0729598031496064
20
0.8723556692913386
11
1.0765042125984252
21
0.8730607086614173
0
LINE
8
BLACK
6
CONTINUOUS
10
1.0765042125984252
20
0.8730607086614173
11
1.078276496062992
21
0.8734132283464566
0
LINE
8
BLACK
6
CONTINUOUS
10
1.078276496062992
20
0.8734132283464566
11
1.0782765354330708
21
0.8734132283464566
0
LINE
8
BLACK
6
CONTINUOUS
10
1.0782765354330708
20
0.8734132283464566
11
1.0832846456692913
21
0.8754876377952756
0
LINE
8
BLACK
6
CONTINUOUS
10
1.0832846456692913
20
0.8754876377952756
11
1.08328468503937
21
0.8754876377952756
0
LINE
8
BLACK
6
CONTINUOUS
10
1.08328468503937
20
0.8754876377952756
11
1.0877920078740158
21
0.8784993700787401
0
LINE
8
BLACK
6
CONTINUOUS
10
1.0877920078740158
20
0.8784993700787401
11
1.0916250787401574
21
0.8823324409448818
0
LINE
8
BLACK
6
CONTINUOUS
10
1.0916250787401574
20
0.8823324409448818
11
1.0916252362204724
21
0.8823325984251968
0
LINE
8
BLACK
6
CONTINUOUS
10
1.0916252362204724
20
0.8823325984251968
11
1.0921536614173228
21
0.8831234645669291
0
LINE
8
BLACK
6
CONTINUOUS
10
1.0921536614173228
20
0.8831234645669291
11
1.0940453937007875
21
0.8846147637795275
0
LINE
8
BLACK
6
CONTINUOUS
10
1.0940453937007875
20
0.8846147637795275
11
1.0953944094488188
21
0.8848556692913385
0
LINE
8
BLACK
6
CONTINUOUS
10
1.0953944094488188
20
0.8848556692913385
11
1.6218526377952756
21
0.8848556692913385
0
LINE
8
BLACK
6
CONTINUOUS
10
1.6218526377952756
20
0.8848556692913385
11
1.6218527165354331
21
0.8848556692913385
0
LINE
8
BLACK
6
CONTINUOUS
10
1.6218527165354331
20
0.8848556692913385
11
1.6256727559055117
21
0.8858792519685039
0
LINE
8
BLACK
6
CONTINUOUS
10
1.6256727559055117
20
0.8858792519685039
11
1.6290976771653543
21
0.8878566141732284
0
LINE
8
BLACK
6
CONTINUOUS
10
1.6290976771653543
20
0.8878566141732284
11
1.6290977559055118
21
0.8878566929133858
0
LINE
8
BLACK
6
CONTINUOUS
10
1.6290977559055118
20
0.8878566929133858
11
1.631894094488189
21
0.8906529921259843
0
LINE
8
BLACK
6
CONTINUOUS
10
1.631894094488189
20
0.8906529921259843
11
1.631894094488189
21
0.890653031496063
0
LINE
8
BLACK
6
CONTINUOUS
10
1.631894094488189
20
0.890653031496063
11
1.6956287401574803
21
0.9543876771653543
0
LINE
8
BLACK
6
CONTINUOUS
10
1.6956287401574803
20
0.9543876771653543
11
1.7620187401574803
21
1.0207776771653543
0
LINE
8
BLACK
6
CONTINUOUS
10
1.7620187401574803
20
1.0207776771653543
11
1.7630017716535433
21
1.0224803149606299
0
LINE
8
BLACK
6
CONTINUOUS
10
1.7630017716535433
20
1.0224803149606299
11
1.7639960236220471
21
1.024202401574803
0
LINE
8
BLACK
6
CONTINUOUS
10
1.7639960236220471
20
1.024202401574803
11
1.7639960236220471
21
1.0242024409448818
0
LINE
8
BLACK
6
CONTINUOUS
10
1.7639960236220471
20
1.0242024409448818
11
1.7639961417322834
21
1.0242026377952755
0
LINE
8
BLACK
6
CONTINUOUS
10
1.7639961417322834
20
1.0242026377952755
11
1.7647702362204725
21
1.0270915354330707
0
LINE
8
BLACK
6
CONTINUOUS
10
1.7647702362204725
20
1.0270915354330707
11
1.7660822047244094
21
1.0291117322834646
0
LINE
8
BLACK
6
CONTINUOUS
10
1.7660822047244094
20
1.0291117322834646
11
1.7683310629921258
21
1.0299749606299213
0
LINE
8
BLACK
6
CONTINUOUS
10
1.7683310629921258
20
1.0299749606299213
11
1.7685350393700787
21
1.0299803149606299
0
LINE
8
BLACK
6
CONTINUOUS
10
1.7685350393700787
20
1.0299803149606299
11
1.7809867322834645
21
1.0299803149606299
0
LINE
8
BLACK
6
CONTINUOUS
10
1.7809867322834645
20
1.0299803149606299
11
1.7809870078740158
21
1.0299803543307087
0
LINE
8
BLACK
6
CONTINUOUS
10
1.7809870078740158
20
1.0299803543307087
11
1.7839094488188976
21
1.0305616141732283
0
LINE
8
BLACK
6
CONTINUOUS
10
1.7839094488188976
20
1.0305616141732283
11
1.7839095275590551
21
1.0305616535433071
0
LINE
8
BLACK
6
CONTINUOUS
10
1.7839095275590551
20
1.0305616535433071
11
1.7872236220472442
21
1.0327761023622046
0
LINE
8
BLACK
6
CONTINUOUS
10
1.7872236220472442
20
1.0327761023622046
11
1.7872236614173227
21
1.0327761417322834
0
LINE
8
BLACK
6
CONTINUOUS
10
1.7872236614173227
20
1.0327761417322834
11
1.787223779527559
21
1.0327762204724409
0
LINE
8
BLACK
6
CONTINUOUS
10
1.787223779527559
20
1.0327762204724409
11
1.789438346456693
21
1.0360905118110235
0
LINE
8
BLACK
6
CONTINUOUS
10
1.789438346456693
20
1.0360905118110235
11
1.7900196850393701
21
1.0390131102362203
0
LINE
8
BLACK
6
CONTINUOUS
10
1.7900196850393701
20
1.0390131102362203
11
1.7900196456692914
21
1.1009868503937008
0
LINE
8
BLACK
6
CONTINUOUS
10
1.7900196456692914
20
1.1009868503937008
11
1.789438346456693
21
1.1039094881889764
0
LINE
8
BLACK
6
CONTINUOUS
10
1.789438346456693
20
1.1039094881889764
11
1.787223779527559
21
1.107223779527559
0
LINE
8
BLACK
6
CONTINUOUS
10
1.787223779527559
20
1.107223779527559
11
1.7839094881889763
21
1.1094383464566928
0
LINE
8
BLACK
6
CONTINUOUS
10
1.7839094881889763
20
1.1094383464566928
11
1.7809868897637795
21
1.11001968503937
0
LINE
8
BLACK
6
CONTINUOUS
10
1.7809868897637795
20
1.11001968503937
11
1.7190131496062993
21
1.1100196456692912
0
LINE
8
BLACK
6
CONTINUOUS
10
1.7190131496062993
20
1.1100196456692912
11
1.7190129527559055
21
1.1100196062992125
0
LINE
8
BLACK
6
CONTINUOUS
10
1.7190129527559055
20
1.1100196062992125
11
1.7160905118110237
21
1.1094383464566928
0
LINE
8
BLACK
6
CONTINUOUS
10
1.7160905118110237
20
1.1094383464566928
11
1.7160904330708662
21
1.1094383070866141
0
LINE
8
BLACK
6
CONTINUOUS
10
1.7160904330708662
20
1.1094383070866141
11
1.7136891338582676
21
1.107833779527559
0
LINE
8
BLACK
6
CONTINUOUS
10
1.7136891338582676
20
1.107833779527559
11
1.7127762204724408
21
1.107223779527559
0
LINE
8
BLACK
6
CONTINUOUS
10
1.7127762204724408
20
1.107223779527559
11
1.710561653543307
21
1.1039094881889764
0
LINE
8
BLACK
6
CONTINUOUS
10
1.710561653543307
20
1.1039094881889764
11
1.7099803543307086
21
1.1009870472440944
0
LINE
8
BLACK
6
CONTINUOUS
10
1.7099803543307086
20
1.1009870472440944
11
1.7099803149606299
21
1.1009868503937008
0
LINE
8
BLACK
6
CONTINUOUS
10
1.7099803149606299
20
1.1009868503937008
11
1.7099803149606299
21
1.0390132283464566
0
LINE
8
BLACK
6
CONTINUOUS
10
1.7099803149606299
20
1.0390132283464566
11
1.7099803543307086
21
1.0390129527559056
0
LINE
8
BLACK
6
CONTINUOUS
10
1.7099803543307086
20
1.0390129527559056
11
1.7105616141732283
21
1.0360905118110235
0
LINE
8
BLACK
6
CONTINUOUS
10
1.7105616141732283
20
1.0360905118110235
11
1.710561653543307
21
1.036090433070866
0
LINE
8
BLACK
6
CONTINUOUS
10
1.710561653543307
20
1.036090433070866
11
1.7127761023622048
21
1.0327763385826771
0
LINE
8
BLACK
6
CONTINUOUS
10
1.7127761023622048
20
1.0327763385826771
11
1.7127762992125983
21
1.0327761417322834
0
LINE
8
BLACK
6
CONTINUOUS
10
1.7127762992125983
20
1.0327761417322834
11
1.7140593307086613
21
1.0319188582677166
0
LINE
8
BLACK
6
CONTINUOUS
10
1.7140593307086613
20
1.0319188582677166
11
1.7160905118110237
21
1.0305616535433071
0
LINE
8
BLACK
6
CONTINUOUS
10
1.7160905118110237
20
1.0305616535433071
11
1.7184317322834646
21
1.0300959448818898
0
LINE
8
BLACK
6
CONTINUOUS
10
1.7184317322834646
20
1.0300959448818898
11
1.7190130708661417
21
1.0299803149606299
0
LINE
8
BLACK
6
CONTINUOUS
10
1.7190130708661417
20
1.0299803149606299
11
1.7190131102362205
21
1.0299803149606299
0
LINE
8
BLACK
6
CONTINUOUS
10
1.7190131102362205
20
1.0299803149606299
11
1.7193294881889762
21
1.0299803149606299
0
LINE
8
BLACK
6
CONTINUOUS
10
1.7193294881889762
20
1.0299803149606299
11
1.7216204724409447
21
1.0292359448818897
0
LINE
8
BLACK
6
CONTINUOUS
10
1.7216204724409447
20
1.0292359448818897
11
1.7230363779527558
21
1.027287125984252
0
LINE
8
BLACK
6
CONTINUOUS
10
1.7230363779527558
20
1.027287125984252
11
1.7230363779527558
21
1.0248782283464566
0
LINE
8
BLACK
6
CONTINUOUS
10
1.7230363779527558
20
1.0248782283464566
11
1.7220855511811024
21
1.0233266141732282
0
LINE
8
BLACK
6
CONTINUOUS
10
1.7220855511811024
20
1.0233266141732282
11
1.6147955511811023
21
0.9160366141732283
0
LINE
8
BLACK
6
CONTINUOUS
10
1.6147955511811023
20
0.9160366141732283
11
1.6126492125984251
21
0.9149430314960629
0
LINE
8
BLACK
6
CONTINUOUS
10
1.6126492125984251
20
0.9149430314960629
11
1.6120394881889764
21
0.9148950393700788
0
LINE
8
BLACK
6
CONTINUOUS
10
1.6120394881889764
20
0.9148950393700788
11
1.0953944094488188
21
0.9148950393700788
0
LINE
8
BLACK
6
CONTINUOUS
10
1.0953944094488188
20
0.9148950393700788
11
1.0931034251968503
21
0.9156394094488188
0
LINE
8
BLACK
6
CONTINUOUS
10
1.0931034251968503
20
0.9156394094488188
11
1.0921536614173228
21
0.9166272440944881
0
LINE
8
BLACK
6
CONTINUOUS
10
1.0921536614173228
20
0.9166272440944881
11
1.0916252362204724
21
0.9174181102362204
0
LINE
8
BLACK
6
CONTINUOUS
10
1.0916252362204724
20
0.9174181102362204
11
1.0877920472440945
21
0.9212512992125984
0
LINE
8
BLACK
6
CONTINUOUS
10
1.0877920472440945
20
0.9212512992125984
11
1.0832847637795275
21
0.9242629921259843
0
LINE
8
BLACK
6
CONTINUOUS
10
1.0832847637795275
20
0.9242629921259843
11
1.078276496062992
21
0.9263374803149607
0
LINE
8
BLACK
6
CONTINUOUS
10
1.078276496062992
20
0.9263374803149607
11
1.0729597244094489
21
0.9273950393700787
0
LINE
8
BLACK
6
CONTINUOUS
10
1.0729597244094489
20
0.9273950393700787
11
1.0693264173228345
21
0.9273950393700787
0
LINE
8
BLACK
6
CONTINUOUS
10
1.0693264173228345
20
0.9273950393700787
11
1.067035433070866
21
0.9281394094488189
0
LINE
8
BLACK
6
CONTINUOUS
10
1.067035433070866
20
0.9281394094488189
11
1.0656195275590552
21
0.9300882283464567
0
LINE
8
BLACK
6
CONTINUOUS
10
1.0656195275590552
20
0.9300882283464567
11
1.0656195275590552
21
0.9324971259842519
0
LINE
8
BLACK
6
CONTINUOUS
10
1.0656195275590552
20
0.9324971259842519
11
1.0665703543307086
21
0.9340487401574803
0
LINE
8
BLACK
6
CONTINUOUS
10
1.0665703543307086
20
0.9340487401574803
11
1.1454548425196851
21
1.0129332283464567
0
LINE
8
BLACK
6
CONTINUOUS
10
1.1454548425196851
20
1.0129332283464567
11
1.1476011811023621
21
1.0140268110236221
0
LINE
8
BLACK
6
CONTINUOUS
10
1.1476011811023621
20
1.0140268110236221
11
1.148210905511811
21
1.0140748031496063
0
LINE
8
BLACK
6
CONTINUOUS
10
1.148210905511811
20
1.0140748031496063
11
1.306082716535433
21
1.0140748031496063
0
LINE
8
BLACK
6
CONTINUOUS
10
1.306082716535433
20
1.0140748031496063
11
1.3083737007874015
21
1.0133304330708661
0
LINE
8
BLACK
6
CONTINUOUS
10
1.3083737007874015
20
1.0133304330708661
11
1.3097896062992125
21
1.0113816141732284
0
LINE
8
BLACK
6
CONTINUOUS
10
1.3097896062992125
20
1.0113816141732284
11
1.3099803543307087
21
1.0101771653543308
0
LINE
8
BLACK
6
CONTINUOUS
10
1.3099803543307087
20
1.0101771653543308
11
1.3099803543307087
21
0.9990129527559055
0
LINE
8
BLACK
6
CONTINUOUS
10
1.3099803543307087
20
0.9990129527559055
11
1.3105616141732284
21
0.9960905118110236
0
LINE
8
BLACK
6
CONTINUOUS
10
1.3105616141732284
20
0.9960905118110236
11
1.3105616535433071
21
0.9960904330708661
0
LINE
8
BLACK
6
CONTINUOUS
10
1.3105616535433071
20
0.9960904330708661
11
1.3127761023622047
21
0.9927763385826771
0
LINE
8
BLACK
6
CONTINUOUS
10
1.3127761023622047
20
0.9927763385826771
11
1.3127762992125984
21
0.9927761417322835
0
LINE
8
BLACK
6
CONTINUOUS
10
1.3127762992125984
20
0.9927761417322835
11
1.3149857480314959
21
0.9912998425196851
0
LINE
8
BLACK
6
CONTINUOUS
10
1.3149857480314959
20
0.9912998425196851
11
1.3160905118110235
21
0.9905616535433071
0
LINE
8
BLACK
6
CONTINUOUS
10
1.3160905118110235
20
0.9905616535433071
11
1.3190131102362204
21
0.9899803149606299
0
LINE
8
BLACK
6
CONTINUOUS
10
1.3190131102362204
20
0.9899803149606299
11
1.3809867322834646
21
0.9899803149606299
0
LINE
8
BLACK
6
CONTINUOUS
10
1.3809867322834646
20
0.9899803149606299
11
1.3809870078740156
21
0.9899803543307086
0
LINE
8
BLACK
6
CONTINUOUS
10
1.3809870078740156
20
0.9899803543307086
11
1.3839094488188977
21
0.9905616141732283
0
LINE
8
BLACK
6
CONTINUOUS
10
1.3839094488188977
20
0.9905616141732283
11
1.3839095275590552
21
0.9905616535433071
0
LINE
8
BLACK
6
CONTINUOUS
10
1.3839095275590552
20
0.9905616535433071
11
1.387223622047244
21
0.9927761023622047
0
LINE
8
BLACK
6
CONTINUOUS
10
1.387223622047244
20
0.9927761023622047
11
1.3872236614173228
21
0.9927761417322835
0
LINE
8
BLACK
6
CONTINUOUS
10
1.3872236614173228
20
0.9927761417322835
11
1.387223779527559
21
0.992776220472441
0
LINE
8
BLACK
6
CONTINUOUS
10
1.387223779527559
20
0.992776220472441
11
1.3894383464566928
21
0.9960905118110236
0
LINE
8
BLACK
6
CONTINUOUS
10
1.3894383464566928
20
0.9960905118110236
11
1.39001968503937
21
0.9990131102362204
0
LINE
8
BLACK
6
CONTINUOUS
10
1.39001968503937
20
0.9990131102362204
11
1.3900196456692913
21
1.0609868503937008
0
LINE
8
BLACK
6
CONTINUOUS
10
1.3900196456692913
20
1.0609868503937008
11
1.3894383464566928
21
1.0639094881889763
0
LINE
8
BLACK
6
CONTINUOUS
10
1.3894383464566928
20
1.0639094881889763
11
1.387223779527559
21
1.067223779527559
0
LINE
8
BLACK
6
CONTINUOUS
10
1.387223779527559
20
1.067223779527559
11
1.3839094881889764
21
1.0694383464566928
0
LINE
8
BLACK
6
CONTINUOUS
10
1.3839094881889764
20
1.0694383464566928
11
1.3809868897637796
21
1.0700196850393699
0
LINE
8
BLACK
6
CONTINUOUS
10
1.3809868897637796
20
1.0700196850393699
11
1.3190131496062991
21
1.0700196456692914
0
LINE
8
BLACK
6
CONTINUOUS
10
1.3190131496062991
20
1.0700196456692914
11
1.3190129527559056
21
1.0700196062992127
0
LINE
8
BLACK
6
CONTINUOUS
10
1.3190129527559056
20
1.0700196062992127
11
1.3160905118110235
21
1.0694383464566928
0
LINE
8
BLACK
6
CONTINUOUS
10
1.3160905118110235
20
1.0694383464566928
11
1.316090433070866
21
1.0694383070866142
0
LINE
8
BLACK
6
CONTINUOUS
10
1.316090433070866
20
1.0694383070866142
11
1.3160903937007873
21
1.0694382677165355
0
LINE
8
BLACK
6
CONTINUOUS
10
1.3160903937007873
20
1.0694382677165355
11
1.3127762204724409
21
1.067223779527559
0
LINE
8
BLACK
6
CONTINUOUS
10
1.3127762204724409
20
1.067223779527559
11
1.3105616535433071
21
1.0639094881889763
0
LINE
8
BLACK
6
CONTINUOUS
10
1.3105616535433071
20
1.0639094881889763
11
1.3103877952755905
21
1.0630353937007875
0
LINE
8
BLACK
6
CONTINUOUS
10
1.3103877952755905
20
1.0630353937007875
11
1.3099803149606299
21
1.0609868897637795
0
LINE
8
BLACK
6
CONTINUOUS
10
1.3099803149606299
20
1.0609868897637795
11
1.3099803149606299
21
1.0498228346456693
0
LINE
8
BLACK
6
CONTINUOUS
10
1.3099803149606299
20
1.0498228346456693
11
1.3092359448818898
21
1.0475318503937008
0
LINE
8
BLACK
6
CONTINUOUS
10
1.3092359448818898
20
1.0475318503937008
11
1.307287125984252
21
1.0461159448818897
0
LINE
8
BLACK
6
CONTINUOUS
10
1.307287125984252
20
1.0461159448818897
11
1.3060826771653542
21
1.0459251968503938
0
LINE
8
BLACK
6
CONTINUOUS
10
1.3060826771653542
20
1.0459251968503938
11
1.1420965748031495
21
1.0459251968503938
0
LINE
8
BLACK
6
CONTINUOUS
10
1.1420965748031495
20
1.0459251968503938
11
1.1379034251968503
21
1.0459251968503938
0
LINE
8
BLACK
6
CONTINUOUS
10
1.1379034251968503
20
1.0459251968503938
11
1.1338531102362204
21
1.0448399212598425
0
LINE
8
BLACK
6
CONTINUOUS
10
1.1338531102362204
20
1.0448399212598425
11
1.1338529921259841
21
1.044839842519685
0
LINE
8
BLACK
6
CONTINUOUS
10
1.1338529921259841
20
1.044839842519685
11
1.1338529133858268
21
1.044839842519685
0
LINE
8
BLACK
6
CONTINUOUS
10
1.1338529133858268
20
1.044839842519685
11
1.1302218503937007
21
1.0427434251968504
0
LINE
8
BLACK
6
CONTINUOUS
10
1.1302218503937007
20
1.0427434251968504
11
1.130221811023622
21
1.0427433858267716
0
LINE
8
BLACK
6
CONTINUOUS
10
1.130221811023622
20
1.0427433858267716
11
1.1302216929133857
21
1.0427433070866141
0
LINE
8
BLACK
6
CONTINUOUS
10
1.1302216929133857
20
1.0427433070866141
11
1.0802547244094487
21
0.9927763385826771
0
LINE
8
BLACK
6
CONTINUOUS
10
1.0802547244094487
20
0.9927763385826771
11
1.0360916141732284
21
0.9486132283464567
0
LINE
8
BLACK
6
CONTINUOUS
10
1.0360916141732284
20
0.9486132283464567
11
1.0339452755905512
21
0.9475196456692914
0
LINE
8
BLACK
6
CONTINUOUS
10
1.0339452755905512
20
0.9475196456692914
11
1.0329046850393702
21
0.9475403543307086
0
LINE
8
BLACK
6
CONTINUOUS
10
1.0329046850393702
20
0.9475403543307086
11
1.0329008267716535
21
0.947500905511811
0
LINE
8
BLACK
6
CONTINUOUS
10
1.0329008267716535
20
0.947500905511811
11
1.0327105511811023
21
0.9475196456692914
0
LINE
8
BLACK
6
CONTINUOUS
10
1.0327105511811023
20
0.9475196456692914
11
1.0327104330708661
21
0.94751968503937
0
LINE
8
BLACK
6
CONTINUOUS
10
1.0327104330708661
20
0.94751968503937
11
1.0272895669291338
21
0.94751968503937
0
LINE
8
BLACK
6
CONTINUOUS
10
1.0272895669291338
20
0.94751968503937
11
1.0219727952755906
21
0.9464621259842519
0
LINE
8
BLACK
6
CONTINUOUS
10
1.0219727952755906
20
0.9464621259842519
11
1.0169645275590551
21
0.9443876377952756
0
LINE
8
BLACK
6
CONTINUOUS
10
1.0169645275590551
20
0.9443876377952756
11
1.016463464566929
21
0.9440528346456692
0
LINE
8
BLACK
6
CONTINUOUS
10
1.016463464566929
20
0.9440528346456692
11
1.0141451574803149
21
0.9433989763779528
0
LINE
8
BLACK
6
CONTINUOUS
10
1.0141451574803149
20
0.9433989763779528
11
1.0118851574803149
21
0.9442327165354331
0
LINE
8
BLACK
6
CONTINUOUS
10
1.0118851574803149
20
0.9442327165354331
11
1.010546811023622
21
0.9462355905511811
0
LINE
8
BLACK
6
CONTINUOUS
10
1.010546811023622
20
0.9462355905511811
11
1.0106413779527559
21
0.9486425984251968
0
LINE
8
BLACK
6
CONTINUOUS
10
1.0106413779527559
20
0.9486425984251968
11
1.0115420472440944
21
0.95004968503937
0
LINE
8
BLACK
6
CONTINUOUS
10
1.0115420472440944
20
0.95004968503937
11
1.1753310629921259
21
1.1138387401574803
0
LINE
8
BLACK
6
CONTINUOUS
10
1.1753310629921259
20
1.1138387401574803
11
1.1774774015748031
21
1.1149323228346457
0
LINE
8
BLACK
6
CONTINUOUS
10
1.1774774015748031
20
1.1149323228346457
11
1.178087125984252
21
1.1149803149606299
0
LINE
8
BLACK
6
CONTINUOUS
10
1.178087125984252
20
1.1149803149606299
11
1.306082716535433
21
1.1149803149606299
0
LINE
8
BLACK
6
CONTINUOUS
10
1.306082716535433
20
1.1149803149606299
11
1.3083737007874015
21
1.1142359448818897
0
LINE
8
BLACK
6
CONTINUOUS
10
1.3083737007874015
20
1.1142359448818897
11
1.3097896062992125
21
1.1122871259842519
0
LINE
8
BLACK
6
CONTINUOUS
10
1.3097896062992125
20
1.1122871259842519
11
1.3099803543307087
21
1.1110826771653544
0
LINE
8
BLACK
6
CONTINUOUS
10
1.3099803543307087
20
1.1110826771653544
11
1.3099803543307087
21
1.0990129527559054
0
LINE
8
BLACK
6
CONTINUOUS
10
1.3099803543307087
20
1.0990129527559054
11
1.3105616141732284
21
1.0960905118110236
0
LINE
8
BLACK
6
CONTINUOUS
10
1.3105616141732284
20
1.0960905118110236
11
1.3105616535433071
21
1.0960904330708661
0
LINE
8
BLACK
6
CONTINUOUS
10
1.3105616535433071
20
1.0960904330708661
11
1.3127761023622047
21
1.0927763385826772
0
LINE
8
BLACK
6
CONTINUOUS
10
1.3127761023622047
20
1.0927763385826772
11
1.3127762992125984
21
1.0927761417322834
0
LINE
8
BLACK
6
CONTINUOUS
10
1.3127762992125984
20
1.0927761417322834
11
1.3149857480314959
21
1.0912998425196849
0
LINE
8
BLACK
6
CONTINUOUS
10
1.3149857480314959
20
1.0912998425196849
11
1.3160905118110235
21
1.0905616535433071
0
LINE
8
BLACK
6
CONTINUOUS
10
1.3160905118110235
20
1.0905616535433071
11
1.3190131102362204
21
1.08998031496063
0
LINE
8
BLACK
6
CONTINUOUS
10
1.3190131102362204
20
1.08998031496063
11
1.3809867322834646
21
1.08998031496063
0
LINE
8
BLACK
6
CONTINUOUS
10
1.3809867322834646
20
1.08998031496063
11
1.3809870078740156
21
1.0899803543307087
0
LINE
8
BLACK
6
CONTINUOUS
10
1.3809870078740156
20
1.0899803543307087
11
1.3839094488188977
21
1.0905616141732284
0
LINE
8
BLACK
6
CONTINUOUS
10
1.3839094488188977
20
1.0905616141732284
11
1.3839095275590552
21
1.0905616535433071
0
LINE
8
BLACK
6
CONTINUOUS
10
1.3839095275590552
20
1.0905616535433071
11
1.387223622047244
21
1.0927761023622047
0
LINE
8
BLACK
6
CONTINUOUS
10
1.387223622047244
20
1.0927761023622047
11
1.3872236614173228
21
1.0927761417322834
0
LINE
8
BLACK
6
CONTINUOUS
10
1.3872236614173228
20
1.0927761417322834
11
1.387223779527559
21
1.0927762204724409
0
LINE
8
BLACK
6
CONTINUOUS
10
1.387223779527559
20
1.0927762204724409
11
1.3894383464566928
21
1.0960905118110236
0
LINE
8
BLACK
6
CONTINUOUS
10
1.3894383464566928
20
1.0960905118110236
11
1.39001968503937
21
1.0990131102362204
0
LINE
8
BLACK
6
CONTINUOUS
10
1.39001968503937
20
1.0990131102362204
11
1.3900196456692913
21
1.1560826771653543
0
LINE
8
BLACK
6
CONTINUOUS
10
1.3900196456692913
20
1.1560826771653543
11
1.3907640157480314
21
1.1583736614173228
0
LINE
8
BLACK
6
CONTINUOUS
10
1.3907640157480314
20
1.1583736614173228
11
1.3927128346456692
21
1.1597895669291338
0
LINE
8
BLACK
6
CONTINUOUS
10
1.3927128346456692
20
1.1597895669291338
11
1.393917283464567
21
1.1599803149606298
0
LINE
8
BLACK
6
CONTINUOUS
10
1.393917283464567
20
1.1599803149606298
11
1.4060826771653543
21
1.1599803149606298
0
LINE
8
BLACK
6
CONTINUOUS
10
1.4060826771653543
20
1.1599803149606298
11
1.4083736614173228
21
1.1592359448818896
0
LINE
8
BLACK
6
CONTINUOUS
10
1.4083736614173228
20
1.1592359448818896
11
1.4097895669291338
21
1.1572871259842519
0
LINE
8
BLACK
6
CONTINUOUS
10
1.4097895669291338
20
1.1572871259842519
11
1.4099803149606298
21
1.1560826771653543
0
LINE
8
BLACK
6
CONTINUOUS
10
1.4099803149606298
20
1.1560826771653543
11
1.4099803149606298
21
1.0990132283464566
0
LINE
8
BLACK
6
CONTINUOUS
10
1.4099803149606298
20
1.0990132283464566
11
1.4099803543307086
21
1.0990129527559054
0
LINE
8
BLACK
6
CONTINUOUS
10
1.4099803543307086
20
1.0990129527559054
11
1.4105616141732282
21
1.0960905118110236
0
LINE
8
BLACK
6
CONTINUOUS
10
1.4105616141732282
20
1.0960905118110236
11
1.410561653543307
21
1.0960904330708661
0
LINE
8
BLACK
6
CONTINUOUS
10
1.410561653543307
20
1.0960904330708661
11
1.4127761023622047
21
1.0927763385826772
0
LINE
8
BLACK
6
CONTINUOUS
10
1.4127761023622047
20
1.0927763385826772
11
1.4127762992125983
21
1.0927761417322834
0
LINE
8
BLACK
6
CONTINUOUS
10
1.4127762992125983
20
1.0927761417322834
11
1.414985748031496
21
1.0912998425196849
0
LINE
8
BLACK
6
CONTINUOUS
10
1.414985748031496
20
1.0912998425196849
11
1.4160905118110236
21
1.0905616535433071
0
LINE
8
BLACK
6
CONTINUOUS
10
1.4160905118110236
20
1.0905616535433071
11
1.4190131102362205
21
1.08998031496063
0
LINE
8
BLACK
6
CONTINUOUS
10
1.4190131102362205
20
1.08998031496063
11
1.4809867322834644
21
1.08998031496063
0
LINE
8
BLACK
6
CONTINUOUS
10
1.4809867322834644
20
1.08998031496063
11
1.4809870078740157
21
1.0899803543307087
0
LINE
8
BLACK
6
CONTINUOUS
10
1.4809870078740157
20
1.0899803543307087
11
1.4839094488188975
21
1.0905616141732284
0
LINE
8
BLACK
6
CONTINUOUS
10
1.4839094488188975
20
1.0905616141732284
11
1.483909527559055
21
1.0905616535433071
0
LINE
8
BLACK
6
CONTINUOUS
10
1.483909527559055
20
1.0905616535433071
11
1.4872236220472441
21
1.0927761023622047
0
LINE
8
BLACK
6
CONTINUOUS
10
1.4872236220472441
20
1.0927761023622047
11
1.4872236614173229
21
1.0927761417322834
0
LINE
8
BLACK
6
CONTINUOUS
10
1.4872236614173229
20
1.0927761417322834
11
1.4872237795275591
21
1.0927762204724409
0
LINE
8
BLACK
6
CONTINUOUS
10
1.4872237795275591
20
1.0927762204724409
11
1.4894383464566929
21
1.0960905118110236
0
LINE
8
BLACK
6
CONTINUOUS
10
1.4894383464566929
20
1.0960905118110236
11
1.4900196850393701
21
1.0990131102362204
0
LINE
8
BLACK
6
CONTINUOUS
10
1.4900196850393701
20
1.0990131102362204
11
1.4900196456692913
21
1.1560826771653543
0
LINE
8
BLACK
6
CONTINUOUS
10
1.4900196456692913
20
1.1560826771653543
11
1.4907640157480315
21
1.1583736614173228
0
LINE
8
BLACK
6
CONTINUOUS
10
1.4907640157480315
20
1.1583736614173228
11
1.4927128346456693
21
1.1597895669291338
0
LINE
8
BLACK
6
CONTINUOUS
10
1.4927128346456693
20
1.1597895669291338
11
1.4939172834645669
21
1.1599803149606298
0
LINE
8
BLACK
6
CONTINUOUS
10
1.4939172834645669
20
1.1599803149606298
11
1.6971641732283465
21
1.1599803149606298
0
LINE
8
BLACK
6
CONTINUOUS
10
1.6971641732283465
20
1.1599803149606298
11
1.6972381889763779
21
1.1599562598425197
0
LINE
8
BLACK
6
CONTINUOUS
10
1.6972381889763779
20
1.1599562598425197
11
1.6973131496062992
21
1.1599774803149605
0
LINE
8
BLACK
6
CONTINUOUS
10
1.6973131496062992
20
1.1599774803149605
11
1.6977204724409449
21
1.1597995275590551
0
LINE
8
BLACK
6
CONTINUOUS
10
1.6977204724409449
20
1.1597995275590551
11
1.6994551574803149
21
1.1592359448818896
0
LINE
8
BLACK
6
CONTINUOUS
10
1.6994551574803149
20
1.1592359448818896
11
1.6995739763779527
21
1.159146062992126
0
LINE
8
BLACK
6
CONTINUOUS
10
1.6995739763779527
20
1.159146062992126
11
1.6997561811023623
21
1.1590026771653543
0
LINE
8
BLACK
6
CONTINUOUS
10
1.6997561811023623
20
1.1590026771653543
11
1.7007776771653542
21
1.1579812598425197
0
LINE
8
BLACK
6
CONTINUOUS
10
1.7007776771653542
20
1.1579812598425197
11
1.7015771653543306
21
1.1575196850393701
0
LINE
8
BLACK
6
CONTINUOUS
10
1.7015771653543306
20
1.1575196850393701
11
1.701818622047244
21
1.1573802362204724
0
LINE
8
BLACK
6
CONTINUOUS
10
1.701818622047244
20
1.1573802362204724
11
1.701818779527559
21
1.1573801574803149
0
LINE
8
BLACK
6
CONTINUOUS
10
1.701818779527559
20
1.1573801574803149
11
1.7042026377952755
21
1.1560038188976378
0
LINE
8
BLACK
6
CONTINUOUS
10
1.7042026377952755
20
1.1560038188976378
11
1.7070915354330709
21
1.1552297244094487
0
LINE
8
BLACK
6
CONTINUOUS
10
1.7070915354330709
20
1.1552297244094487
11
1.7091117716535433
21
1.1539177559055118
0
LINE
8
BLACK
6
CONTINUOUS
10
1.7091117716535433
20
1.1539177559055118
11
1.709975
21
1.1516688582677166
0
LINE
8
BLACK
6
CONTINUOUS
10
1.709975
20
1.1516688582677166
11
1.7099803543307086
21
1.1514649212598425
0
LINE
8
BLACK
6
CONTINUOUS
10
1.7099803543307086
20
1.1514649212598425
11
1.7099803543307086
21
1.1390129527559054
0
LINE
8
BLACK
6
CONTINUOUS
10
1.7099803543307086
20
1.1390129527559054
11
1.7105616141732283
21
1.1360905118110236
0
LINE
8
BLACK
6
CONTINUOUS
10
1.7105616141732283
20
1.1360905118110236
11
1.710561653543307
21
1.1360904330708661
0
LINE
8
BLACK
6
CONTINUOUS
10
1.710561653543307
20
1.1360904330708661
11
1.7127761023622048
21
1.1327763385826772
0
LINE
8
BLACK
6
CONTINUOUS
10
1.7127761023622048
20
1.1327763385826772
11
1.7127762992125983
21
1.1327761417322835
0
LINE
8
BLACK
6
CONTINUOUS
10
1.7127762992125983
20
1.1327761417322835
11
1.7149857480314961
21
1.131299842519685
0
LINE
8
BLACK
6
CONTINUOUS
10
1.7149857480314961
20
1.131299842519685
11
1.7160905118110237
21
1.130561653543307
0
LINE
8
BLACK
6
CONTINUOUS
10
1.7160905118110237
20
1.130561653543307
11
1.7190131102362205
21
1.12998031496063
0
LINE
8
BLACK
6
CONTINUOUS
10
1.7190131102362205
20
1.12998031496063
11
1.7809867322834645
21
1.12998031496063
0
LINE
8
BLACK
6
CONTINUOUS
10
1.7809867322834645
20
1.12998031496063
11
1.7809870078740158
21
1.1299803543307085
0
LINE
8
BLACK
6
CONTINUOUS
10
1.7809870078740158
20
1.1299803543307085
11
1.7839094488188976
21
1.1305616141732284
0
LINE
8
BLACK
6
CONTINUOUS
10
1.7839094488188976
20
1.1305616141732284
11
1.7839095275590551
21
1.130561653543307
0
LINE
8
BLACK
6
CONTINUOUS
10
1.7839095275590551
20
1.130561653543307
11
1.7872236220472442
21
1.1327761023622047
0
LINE
8
BLACK
6
CONTINUOUS
10
1.7872236220472442
20
1.1327761023622047
11
1.7872236614173227
21
1.1327761417322835
0
LINE
8
BLACK
6
CONTINUOUS
10
1.7872236614173227
20
1.1327761417322835
11
1.787223779527559
21
1.132776220472441
0
LINE
8
BLACK
6
CONTINUOUS
10
1.787223779527559
20
1.132776220472441
11
1.789438346456693
21
1.1360905118110236
0
LINE
8
BLACK
6
CONTINUOUS
10
1.789438346456693
20
1.1360905118110236
11
1.7900196850393701
21
1.1390131102362204
0
LINE
8
BLACK
6
CONTINUOUS
10
1.7900196850393701
20
1.1390131102362204
11
1.7900196456692914
21
1.2009868503937007
0
LINE
8
BLACK
6
CONTINUOUS
10
1.7900196456692914
20
1.2009868503937007
11
1.789438346456693
21
1.2039094881889763
0
LINE
8
BLACK
6
CONTINUOUS
10
1.789438346456693
20
1.2039094881889763
11
1.787223779527559
21
1.2072237795275591
0
LINE
8
BLACK
6
CONTINUOUS
10
1.787223779527559
20
1.2072237795275591
11
1.7839094881889763
21
1.2094383464566929
0
LINE
8
BLACK
6
CONTINUOUS
10
1.7839094881889763
20
1.2094383464566929
11
1.7809868897637795
21
1.2100196850393701
0
LINE
8
BLACK
6
CONTINUOUS
10
1.7809868897637795
20
1.2100196850393701
11
1.7190131496062993
21
1.2100196456692913
0
LINE
8
BLACK
6
CONTINUOUS
10
1.7190131496062993
20
1.2100196456692913
11
1.7190129527559055
21
1.2100196062992126
0
LINE
8
BLACK
6
CONTINUOUS
10
1.7190129527559055
20
1.2100196062992126
11
1.7160905118110237
21
1.2094383464566929
0
LINE
8
BLACK
6
CONTINUOUS
10
1.7160905118110237
20
1.2094383464566929
11
1.7160904330708662
21
1.2094383070866142
0
LINE
8
BLACK
6
CONTINUOUS
10
1.7160904330708662
20
1.2094383070866142
11
1.7160903937007874
21
1.2094382677165354
0
LINE
8
BLACK
6
CONTINUOUS
10
1.7160903937007874
20
1.2094382677165354
11
1.7127762204724408
21
1.2072237795275591
0
LINE
8
BLACK
6
CONTINUOUS
10
1.7127762204724408
20
1.2072237795275591
11
1.710561653543307
21
1.2039094881889763
0
LINE
8
BLACK
6
CONTINUOUS
10
1.710561653543307
20
1.2039094881889763
11
1.7099803543307086
21
1.2009870472440944
0
LINE
8
BLACK
6
CONTINUOUS
10
1.7099803543307086
20
1.2009870472440944
11
1.7099803149606299
21
1.2009868897637794
0
LINE
8
BLACK
6
CONTINUOUS
10
1.7099803149606299
20
1.2009868897637794
11
1.7099803149606299
21
1.1939173622047243
0
LINE
8
BLACK
6
CONTINUOUS
10
1.7099803149606299
20
1.1939173622047243
11
1.7097895275590551
21
1.1933302362204725
0
LINE
8
BLACK
6
CONTINUOUS
10
1.7097895275590551
20
1.1933302362204725
11
1.7097895669291339
21
1.1927129527559055
0
LINE
8
BLACK
6
CONTINUOUS
10
1.7097895669291339
20
1.1927129527559055
11
1.7094266929133859
21
1.1922135039370079
0
LINE
8
BLACK
6
CONTINUOUS
10
1.7094266929133859
20
1.1922135039370079
11
1.7092359448818897
21
1.1916263779527558
0
LINE
8
BLACK
6
CONTINUOUS
10
1.7092359448818897
20
1.1916263779527558
11
1.708736496062992
21
1.1912635039370079
0
LINE
8
BLACK
6
CONTINUOUS
10
1.708736496062992
20
1.1912635039370079
11
1.7083737007874016
21
1.1907641338582677
0
LINE
8
BLACK
6
CONTINUOUS
10
1.7083737007874016
20
1.1907641338582677
11
1.7077866141732283
21
1.190573346456693
0
LINE
8
BLACK
6
CONTINUOUS
10
1.7077866141732283
20
1.190573346456693
11
1.7072871259842519
21
1.1902104724409448
0
LINE
8
BLACK
6
CONTINUOUS
10
1.7072871259842519
20
1.1902104724409448
11
1.7060827165354331
21
1.1900197244094488
0
LINE
8
BLACK
6
CONTINUOUS
10
1.7060827165354331
20
1.1900197244094488
11
1.7030225984251968
21
1.1900197244094488
0
LINE
8
BLACK
6
CONTINUOUS
10
1.7030225984251968
20
1.1900197244094488
11
1.703022559055118
21
1.1900196850393701
0
LINE
8
BLACK
6
CONTINUOUS
10
1.703022559055118
20
1.1900196850393701
11
1.702247283464567
21
1.1900196850393701
0
LINE
8
BLACK
6
CONTINUOUS
10
1.702247283464567
20
1.1900196850393701
11
1.4926738976377953
21
1.1900196850393701
0
LINE
8
BLACK
6
CONTINUOUS
10
1.4926738976377953
20
1.1900196850393701
11
1.4903829133858268
21
1.1907640551181102
0
LINE
8
BLACK
6
CONTINUOUS
10
1.4903829133858268
20
1.1907640551181102
11
1.4889670078740158
21
1.192712874015748
0
LINE
8
BLACK
6
CONTINUOUS
10
1.4889670078740158
20
1.192712874015748
11
1.4889670078740158
21
1.1951217716535434
0
LINE
8
BLACK
6
CONTINUOUS
10
1.4889670078740158
20
1.1951217716535434
11
1.4894329527559054
21
1.1960824409448818
0
LINE
8
BLACK
6
CONTINUOUS
10
1.4894329527559054
20
1.1960824409448818
11
1.4894383464566929
21
1.1960905118110237
0
LINE
8
BLACK
6
CONTINUOUS
10
1.4894383464566929
20
1.1960905118110237
11
1.4900196850393701
21
1.1990131102362205
0
LINE
8
BLACK
6
CONTINUOUS
10
1.4900196850393701
20
1.1990131102362205
11
1.4900196456692913
21
1.2609868503937007
0
LINE
8
BLACK
6
CONTINUOUS
10
1.4900196456692913
20
1.2609868503937007
11
1.4894383464566929
21
1.2639094881889763
0
LINE
8
BLACK
6
CONTINUOUS
10
1.4894383464566929
20
1.2639094881889763
11
1.4872237795275591
21
1.2672237795275589
0
LINE
8
BLACK
6
CONTINUOUS
10
1.4872237795275591
20
1.2672237795275589
11
1.4839094881889763
21
1.269438346456693
0
LINE
8
BLACK
6
CONTINUOUS
10
1.4839094881889763
20
1.269438346456693
11
1.4809868897637795
21
1.2700196850393701
0
LINE
8
BLACK
6
CONTINUOUS
10
1.4809868897637795
20
1.2700196850393701
11
1.4190131496062992
21
1.2700196456692914
0
LINE
8
BLACK
6
CONTINUOUS
10
1.4190131496062992
20
1.2700196456692914
11
1.4190129527559054
21
1.2700196062992126
0
LINE
8
BLACK
6
CONTINUOUS
10
1.4190129527559054
20
1.2700196062992126
11
1.4160905118110236
21
1.269438346456693
0
LINE
8
BLACK
6
CONTINUOUS
10
1.4160905118110236
20
1.269438346456693
11
1.4160904330708661
21
1.2694383070866142
0
LINE
8
BLACK
6
CONTINUOUS
10
1.4160904330708661
20
1.2694383070866142
11
1.4160903937007874
21
1.2694382677165355
0
LINE
8
BLACK
6
CONTINUOUS
10
1.4160903937007874
20
1.2694382677165355
11
1.412776220472441
21
1.2672237795275589
0
LINE
8
BLACK
6
CONTINUOUS
10
1.412776220472441
20
1.2672237795275589
11
1.410561653543307
21
1.2639094881889763
0
LINE
8
BLACK
6
CONTINUOUS
10
1.410561653543307
20
1.2639094881889763
11
1.4099803543307086
21
1.2609870078740157
0
LINE
8
BLACK
6
CONTINUOUS
10
1.4099803543307086
20
1.2609870078740157
11
1.4099803149606298
21
1.2609868503937007
0
LINE
8
BLACK
6
CONTINUOUS
10
1.4099803149606298
20
1.2609868503937007
11
1.4099803149606298
21
1.1990132283464567
0
LINE
8
BLACK
6
CONTINUOUS
10
1.4099803149606298
20
1.1990132283464567
11
1.4099803543307086
21
1.1990129527559055
0
LINE
8
BLACK
6
CONTINUOUS
10
1.4099803543307086
20
1.1990129527559055
11
1.4105616141732282
21
1.1960905118110237
0
LINE
8
BLACK
6
CONTINUOUS
10
1.4105616141732282
20
1.1960905118110237
11
1.410561653543307
21
1.1960904724409449
0
LINE
8
BLACK
6
CONTINUOUS
10
1.410561653543307
20
1.1960904724409449
11
1.4105668897637795
21
1.1960826771653543
0
LINE
8
BLACK
6
CONTINUOUS
10
1.4105668897637795
20
1.1960826771653543
11
1.4105711023622047
21
1.1960676377952755
0
LINE
8
BLACK
6
CONTINUOUS
10
1.4105711023622047
20
1.1960676377952755
11
1.4107085826771653
21
1.1957357874015748
0
LINE
8
BLACK
6
CONTINUOUS
10
1.4107085826771653
20
1.1957357874015748
11
1.4106692913385825
21
1.1957194881889763
0
LINE
8
BLACK
6
CONTINUOUS
10
1.4106692913385825
20
1.1957194881889763
11
1.4112207086614172
21
1.1937642125984251
0
LINE
8
BLACK
6
CONTINUOUS
10
1.4112207086614172
20
1.1937642125984251
11
1.4103868897637795
21
1.191504251968504
0
LINE
8
BLACK
6
CONTINUOUS
10
1.4103868897637795
20
1.191504251968504
11
1.4083839763779527
21
1.1901659842519685
0
LINE
8
BLACK
6
CONTINUOUS
10
1.4083839763779527
20
1.1901659842519685
11
1.407326062992126
21
1.1900196850393701
0
LINE
8
BLACK
6
CONTINUOUS
10
1.407326062992126
20
1.1900196850393701
11
1.3926738976377953
21
1.1900196850393701
0
LINE
8
BLACK
6
CONTINUOUS
10
1.3926738976377953
20
1.1900196850393701
11
1.3903829133858268
21
1.1907640551181102
0
LINE
8
BLACK
6
CONTINUOUS
10
1.3903829133858268
20
1.1907640551181102
11
1.3889670078740157
21
1.192712874015748
0
LINE
8
BLACK
6
CONTINUOUS
10
1.3889670078740157
20
1.192712874015748
11
1.3889670078740157
21
1.1951217716535434
0
LINE
8
BLACK
6
CONTINUOUS
10
1.3889670078740157
20
1.1951217716535434
11
1.3894329527559055
21
1.1960824409448818
0
LINE
8
BLACK
6
CONTINUOUS
10
1.3894329527559055
20
1.1960824409448818
11
1.3894383464566928
21
1.1960905118110237
0
LINE
8
BLACK
6
CONTINUOUS
10
1.3894383464566928
20
1.1960905118110237
11
1.39001968503937
21
1.1990131102362205
0
LINE
8
BLACK
6
CONTINUOUS
10
1.39001968503937
20
1.1990131102362205
11
1.3900196456692913
21
1.2609868503937007
0
LINE
8
BLACK
6
CONTINUOUS
10
1.3900196456692913
20
1.2609868503937007
11
1.3894383464566928
21
1.2639094881889763
0
LINE
8
BLACK
6
CONTINUOUS
10
1.3894383464566928
20
1.2639094881889763
11
1.387223779527559
21
1.2672237795275589
0
LINE
8
BLACK
6
CONTINUOUS
10
1.387223779527559
20
1.2672237795275589
11
1.3839094881889764
21
1.269438346456693
0
LINE
8
BLACK
6
CONTINUOUS
10
1.3839094881889764
20
1.269438346456693
11
1.3809868897637796
21
1.2700196850393701
0
LINE
8
BLACK
6
CONTINUOUS
10
1.3809868897637796
20
1.2700196850393701
11
1.3190131496062991
21
1.2700196456692914
0
LINE
8
BLACK
6
CONTINUOUS
10
1.3190131496062991
20
1.2700196456692914
11
1.3190129527559056
21
1.2700196062992126
0
LINE
8
BLACK
6
CONTINUOUS
10
1.3190129527559056
20
1.2700196062992126
11
1.3160905118110235
21
1.269438346456693
0
LINE
8
BLACK
6
CONTINUOUS
10
1.3160905118110235
20
1.269438346456693
11
1.316090433070866
21
1.2694383070866142
0
LINE
8
BLACK
6
CONTINUOUS
10
1.316090433070866
20
1.2694383070866142
11
1.3160903937007873
21
1.2694382677165355
0
LINE
8
BLACK
6
CONTINUOUS
10
1.3160903937007873
20
1.2694382677165355
11
1.3127762204724409
21
1.2672237795275589
0
LINE
8
BLACK
6
CONTINUOUS
10
1.3127762204724409
20
1.2672237795275589
11
1.3105616535433071
21
1.2639094881889763
0
LINE
8
BLACK
6
CONTINUOUS
10
1.3105616535433071
20
1.2639094881889763
11
1.3099803543307087
21
1.2609870078740157
0
LINE
8
BLACK
6
CONTINUOUS
10
1.3099803543307087
20
1.2609870078740157
11
1.3099803149606299
21
1.2609868897637795
0
LINE
8
BLACK
6
CONTINUOUS
10
1.3099803149606299
20
1.2609868897637795
11
1.3099803149606299
21
1.2498228346456692
0
LINE
8
BLACK
6
CONTINUOUS
10
1.3099803149606299
20
1.2498228346456692
11
1.3092359448818898
21
1.2475318503937007
0
LINE
8
BLACK
6
CONTINUOUS
10
1.3092359448818898
20
1.2475318503937007
11
1.307287125984252
21
1.2461159448818897
0
LINE
8
BLACK
6
CONTINUOUS
10
1.307287125984252
20
1.2461159448818897
11
1.3060826771653542
21
1.2459251968503937
0
LINE
8
BLACK
6
CONTINUOUS
10
1.3060826771653542
20
1.2459251968503937
11
1.2720965748031496
21
1.2459251968503937
0
LINE
8
BLACK
6
CONTINUOUS
10
1.2720965748031496
20
1.2459251968503937
11
1.2679034251968504
21
1.2459251968503937
0
LINE
8
BLACK
6
CONTINUOUS
10
1.2679034251968504
20
1.2459251968503937
11
1.2638531102362205
21
1.2448399212598424
0
LINE
8
BLACK
6
CONTINUOUS
10
1.2638531102362205
20
1.2448399212598424
11
1.2602216929133858
21
1.2427433464566928
0
LINE
8
BLACK
6
CONTINUOUS
10
1.2602216929133858
20
1.2427433464566928
11
1.2444511811023622
21
1.2269727952755904
0
LINE
8
BLACK
6
CONTINUOUS
10
1.2444511811023622
20
1.2269727952755904
11
1.2336396456692913
21
1.2161612598425195
0
LINE
8
BLACK
6
CONTINUOUS
10
1.2336396456692913
20
1.2161612598425195
11
1.2314933070866141
21
1.2150676771653544
0
LINE
8
BLACK
6
CONTINUOUS
10
1.2314933070866141
20
1.2150676771653544
11
1.2308835826771654
21
1.21501968503937
0
LINE
8
BLACK
6
CONTINUOUS
10
1.2308835826771654
20
1.21501968503937
11
1.1852147637795276
21
1.21501968503937
0
LINE
8
BLACK
6
CONTINUOUS
10
1.1852147637795276
20
1.21501968503937
11
1.1829237795275591
21
1.2157640551181101
0
LINE
8
BLACK
6
CONTINUOUS
10
1.1829237795275591
20
1.2157640551181101
11
1.1815078740157481
21
1.2177128740157479
0
LINE
8
BLACK
6
CONTINUOUS
10
1.1815078740157481
20
1.2177128740157479
11
1.1815078740157481
21
1.2201217716535433
0
LINE
8
BLACK
6
CONTINUOUS
10
1.1815078740157481
20
1.2201217716535433
11
1.1824587007874015
21
1.2216733858267717
0
LINE
8
BLACK
6
CONTINUOUS
10
1.1824587007874015
20
1.2216733858267717
11
1.2737185433070866
21
1.3129332283464568
0
LINE
8
BLACK
6
CONTINUOUS
10
1.2737185433070866
20
1.3129332283464568
11
1.2758648818897638
21
1.314026811023622
0
LINE
8
BLACK
6
CONTINUOUS
10
1.2758648818897638
20
1.314026811023622
11
1.2764746062992125
21
1.3140748031496063
0
LINE
8
BLACK
6
CONTINUOUS
10
1.2764746062992125
20
1.3140748031496063
11
1.306082716535433
21
1.3140748031496063
0
LINE
8
BLACK
6
CONTINUOUS
10
1.306082716535433
20
1.3140748031496063
11
1.3083737007874015
21
1.3133304330708662
0
LINE
8
BLACK
6
CONTINUOUS
10
1.3083737007874015
20
1.3133304330708662
11
1.3097896062992125
21
1.3113816141732284
0
LINE
8
BLACK
6
CONTINUOUS
10
1.3097896062992125
20
1.3113816141732284
11
1.3099803543307087
21
1.3101771653543306
0
LINE
8
BLACK
6
CONTINUOUS
10
1.3099803543307087
20
1.3101771653543306
11
1.3099803543307087
21
1.2990129527559056
0
LINE
8
BLACK
6
CONTINUOUS
10
1.3099803543307087
20
1.2990129527559056
11
1.3105616141732284
21
1.2960905118110235
0
LINE
8
BLACK
6
CONTINUOUS
10
1.3105616141732284
20
1.2960905118110235
11
1.3105616535433071
21
1.296090433070866
0
LINE
8
BLACK
6
CONTINUOUS
10
1.3105616535433071
20
1.296090433070866
11
1.3127761023622047
21
1.2927763385826772
0
LINE
8
BLACK
6
CONTINUOUS
10
1.3127761023622047
20
1.2927763385826772
11
1.3127762992125984
21
1.2927761417322834
0
LINE
8
BLACK
6
CONTINUOUS
10
1.3127762992125984
20
1.2927761417322834
11
1.3149857480314959
21
1.2912998425196851
0
LINE
8
BLACK
6
CONTINUOUS
10
1.3149857480314959
20
1.2912998425196851
11
1.3160905118110235
21
1.2905616535433071
0
LINE
8
BLACK
6
CONTINUOUS
10
1.3160905118110235
20
1.2905616535433071
11
1.3190131102362204
21
1.2899803149606299
0
LINE
8
BLACK
6
CONTINUOUS
10
1.3190131102362204
20
1.2899803149606299
11
1.3809867322834646
21
1.2899803149606299
0
LINE
8
BLACK
6
CONTINUOUS
10
1.3809867322834646
20
1.2899803149606299
11
1.3809870078740156
21
1.2899803543307087
0
LINE
8
BLACK
6
CONTINUOUS
10
1.3809870078740156
20
1.2899803543307087
11
1.3839094488188977
21
1.2905616141732283
0
LINE
8
BLACK
6
CONTINUOUS
10
1.3839094488188977
20
1.2905616141732283
11
1.3839095275590552
21
1.2905616535433071
0
LINE
8
BLACK
6
CONTINUOUS
10
1.3839095275590552
20
1.2905616535433071
11
1.387223622047244
21
1.2927761023622046
0
LINE
8
BLACK
6
CONTINUOUS
10
1.387223622047244
20
1.2927761023622046
11
1.3872236614173228
21
1.2927761417322834
0
LINE
8
BLACK
6
CONTINUOUS
10
1.3872236614173228
20
1.2927761417322834
11
1.387223779527559
21
1.2927762204724409
0
LINE
8
BLACK
6
CONTINUOUS
10
1.387223779527559
20
1.2927762204724409
11
1.3894383464566928
21
1.2960905118110235
0
LINE
8
BLACK
6
CONTINUOUS
10
1.3894383464566928
20
1.2960905118110235
11
1.39001968503937
21
1.2990131102362203
0
LINE
8
BLACK
6
CONTINUOUS
10
1.39001968503937
20
1.2990131102362203
11
1.3900196456692913
21
1.3609868503937008
0
LINE
8
BLACK
6
CONTINUOUS
10
1.3900196456692913
20
1.3609868503937008
11
1.3894383464566928
21
1.3639094881889764
0
LINE
8
BLACK
6
CONTINUOUS
10
1.3894383464566928
20
1.3639094881889764
11
1.387223779527559
21
1.367223779527559
0
LINE
8
BLACK
6
CONTINUOUS
10
1.387223779527559
20
1.367223779527559
11
1.3839094881889764
21
1.3694383464566928
0
LINE
8
BLACK
6
CONTINUOUS
10
1.3839094881889764
20
1.3694383464566928
11
1.3809868897637796
21
1.37001968503937
0
LINE
8
BLACK
6
CONTINUOUS
10
1.3809868897637796
20
1.37001968503937
11
1.3190131496062991
21
1.3700196456692912
0
LINE
8
BLACK
6
CONTINUOUS
10
1.3190131496062991
20
1.3700196456692912
11
1.3190129527559056
21
1.3700196062992125
0
LINE
8
BLACK
6
CONTINUOUS
10
1.3190129527559056
20
1.3700196062992125
11
1.3160905118110235
21
1.3694383464566928
0
LINE
8
BLACK
6
CONTINUOUS
10
1.3160905118110235
20
1.3694383464566928
11
1.316090433070866
21
1.3694383070866141
0
LINE
8
BLACK
6
CONTINUOUS
10
1.316090433070866
20
1.3694383070866141
11
1.3160903937007873
21
1.3694382677165353
0
LINE
8
BLACK
6
CONTINUOUS
10
1.3160903937007873
20
1.3694382677165353
11
1.3127762204724409
21
1.367223779527559
0
LINE
8
BLACK
6
CONTINUOUS
10
1.3127762204724409
20
1.367223779527559
11
1.3105616535433071
21
1.3639094881889764
0
LINE
8
BLACK
6
CONTINUOUS
10
1.3105616535433071
20
1.3639094881889764
11
1.3099803543307087
21
1.3609870472440944
0
LINE
8
BLACK
6
CONTINUOUS
10
1.3099803543307087
20
1.3609870472440944
11
1.3099803149606299
21
1.3609868897637796
0
LINE
8
BLACK
6
CONTINUOUS
10
1.3099803149606299
20
1.3609868897637796
11
1.3099803149606299
21
1.3498228346456693
0
LINE
8
BLACK
6
CONTINUOUS
10
1.3099803149606299
20
1.3498228346456693
11
1.3092359448818898
21
1.3475318503937008
0
LINE
8
BLACK
6
CONTINUOUS
10
1.3092359448818898
20
1.3475318503937008
11
1.307287125984252
21
1.3461159448818898
0
LINE
8
BLACK
6
CONTINUOUS
10
1.307287125984252
20
1.3461159448818898
11
1.3060826771653542
21
1.3459251968503936
0
LINE
8
BLACK
6
CONTINUOUS
10
1.3060826771653542
20
1.3459251968503936
11
1.2703602755905512
21
1.3459251968503936
0
LINE
8
BLACK
6
CONTINUOUS
10
1.2703602755905512
20
1.3459251968503936
11
1.266167125984252
21
1.3459251968503936
0
LINE
8
BLACK
6
CONTINUOUS
10
1.266167125984252
20
1.3459251968503936
11
1.2621168110236221
21
1.3448399212598425
0
LINE
8
BLACK
6
CONTINUOUS
10
1.2621168110236221
20
1.3448399212598425
11
1.2621166929133858
21
1.344839842519685
0
LINE
8
BLACK
6
CONTINUOUS
10
1.2621166929133858
20
1.344839842519685
11
1.2621166141732283
21
1.344839842519685
0
LINE
8
BLACK
6
CONTINUOUS
10
1.2621166141732283
20
1.344839842519685
11
1.2584855511811024
21
1.3427434251968504
0
LINE
8
BLACK
6
CONTINUOUS
10
1.2584855511811024
20
1.3427434251968504
11
1.2584855118110236
21
1.3427433858267717
0
LINE
8
BLACK
6
CONTINUOUS
10
1.2584855118110236
20
1.3427433858267717
11
1.2584853937007874
21
1.3427433070866142
0
LINE
8
BLACK
6
CONTINUOUS
10
1.2584853937007874
20
1.3427433070866142
11
1.1427148818897637
21
1.2269727952755904
0
LINE
8
BLACK
6
CONTINUOUS
10
1.1427148818897637
20
1.2269727952755904
11
1.0335626377952756
21
1.1178205511811024
0
LINE
8
BLACK
6
CONTINUOUS
10
1.0335626377952756
20
1.1178205511811024
11
1.0314162992125984
21
1.1167269685039369
0
LINE
8
BLACK
6
CONTINUOUS
10
1.0314162992125984
20
1.1167269685039369
11
1.0308065748031496
21
1.1166789763779528
0
LINE
8
BLACK
6
CONTINUOUS
10
1.0308065748031496
20
1.1166789763779528
11
0.9800933858267716
21
1.1166789763779528
0
LINE
8
BLACK
6
CONTINUOUS
10
0.9800933858267716
20
1.1166789763779528
11
0.9759002362204724
21
1.1166789763779528
0
LINE
8
BLACK
6
CONTINUOUS
10
0.9759002362204724
20
1.1166789763779528
11
0.9718499212598425
21
1.1155937007874015
0
LINE
8
BLACK
6
CONTINUOUS
10
0.9718499212598425
20
1.1155937007874015
11
0.9682185039370078
21
1.1134971259842519
0
LINE
8
BLACK
6
CONTINUOUS
10
0.9682185039370078
20
1.1134971259842519
11
0.9474977559055118
21
1.0927763385826772
0
LINE
8
BLACK
6
CONTINUOUS
10
0.9474977559055118
20
1.0927763385826772
11
0.9322131889763779
21
1.0774917716535433
0
LINE
8
BLACK
6
CONTINUOUS
10
0.9322131889763779
20
1.0774917716535433
11
0.9300668503937007
21
1.0763981889763778
0
LINE
8
BLACK
6
CONTINUOUS
10
0.9300668503937007
20
1.0763981889763778
11
0.9290262598425196
21
1.0764188976377953
0
LINE
8
BLACK
6
CONTINUOUS
10
0.9290262598425196
20
1.0764188976377953
11
0.9290224015748031
21
1.0763794488188976
0
LINE
8
BLACK
6
CONTINUOUS
10
0.9290224015748031
20
1.0763794488188976
11
0.9288321259842519
21
1.0763981889763778
0
LINE
8
BLACK
6
CONTINUOUS
10
0.9288321259842519
20
1.0763981889763778
11
0.9288320078740158
21
1.0763982283464566
0
LINE
8
BLACK
6
CONTINUOUS
10
0.9288320078740158
20
1.0763982283464566
11
0.9234111417322834
21
1.0763982283464566
0
LINE
8
BLACK
6
CONTINUOUS
10
0.9234111417322834
20
1.0763982283464566
11
0.9180943700787402
21
1.0753406692913385
0
LINE
8
BLACK
6
CONTINUOUS
10
0.9180943700787402
20
1.0753406692913385
11
0.9180942913385827
21
1.0753406299212598
0
LINE
8
BLACK
6
CONTINUOUS
10
0.9180942913385827
20
1.0753406299212598
11
0.9130861811023622
21
1.073266220472441
0
LINE
8
BLACK
6
CONTINUOUS
10
0.9130861811023622
20
1.073266220472441
11
0.9130861417322834
21
1.073266220472441
0
LINE
8
BLACK
6
CONTINUOUS
10
0.9130861417322834
20
1.073266220472441
11
0.909684527559055
21
1.0709933070866142
0
LINE
8
BLACK
6
CONTINUOUS
10
0.909684527559055
20
1.0709933070866142
11
0.907366062992126
21
1.0703394094488188
0
LINE
8
BLACK
6
CONTINUOUS
10
0.907366062992126
20
1.0703394094488188
11
0.9051061023622047
21
1.071173188976378
0
LINE
8
BLACK
6
CONTINUOUS
10
0.9051061023622047
20
1.071173188976378
11
0.9037677952755905
21
1.0731760629921259
0
LINE
8
BLACK
6
CONTINUOUS
10
0.9037677952755905
20
1.0731760629921259
11
0.9038623622047244
21
1.0755830708661418
0
LINE
8
BLACK
6
CONTINUOUS
10
0.9038623622047244
20
1.0755830708661418
11
0.904763031496063
21
1.0769901181102361
0
LINE
8
BLACK
6
CONTINUOUS
10
0.904763031496063
20
1.0769901181102361
11
0.9757061417322834
21
1.1479332283464567
0
LINE
8
BLACK
6
CONTINUOUS
10
0.9757061417322834
20
1.1479332283464567
11
0.9778524803149606
21
1.1490268110236219
0
LINE
8
BLACK
6
CONTINUOUS
10
0.9778524803149606
20
1.1490268110236219
11
0.9784622047244095
21
1.1490748031496063
0
LINE
8
BLACK
6
CONTINUOUS
10
0.9784622047244095
20
1.1490748031496063
11
1.0452854724409448
21
1.1490748031496063
0
LINE
8
BLACK
6
CONTINUOUS
10
1.0452854724409448
20
1.1490748031496063
11
1.0452855511811023
21
1.1490748031496063
0
LINE
8
BLACK
6
CONTINUOUS
10
1.0452855511811023
20
1.1490748031496063
11
1.0493358661417322
21
1.1501600787401574
0
LINE
8
BLACK
6
CONTINUOUS
10
1.0493358661417322
20
1.1501600787401574
11
1.0493360236220473
21
1.1501601181102361
0
LINE
8
BLACK
6
CONTINUOUS
10
1.0493360236220473
20
1.1501601181102361
11
1.0529670866141732
21
1.1522565354330709
0
LINE
8
BLACK
6
CONTINUOUS
10
1.0529670866141732
20
1.1522565354330709
11
1.0529671259842519
21
1.1522565748031495
0
LINE
8
BLACK
6
CONTINUOUS
10
1.0529671259842519
20
1.1522565748031495
11
1.0529671653543307
21
1.1522566141732282
0
LINE
8
BLACK
6
CONTINUOUS
10
1.0529671653543307
20
1.1522566141732282
11
1.0529672834645669
21
1.1522566929133857
0
LINE
8
BLACK
6
CONTINUOUS
10
1.0529672834645669
20
1.1522566929133857
11
1.3033266141732283
21
1.4026160236220473
0
LINE
8
BLACK
6
CONTINUOUS
10
1.3033266141732283
20
1.4026160236220473
11
1.3054729527559055
21
1.4037096062992125
0
LINE
8
BLACK
6
CONTINUOUS
10
1.3054729527559055
20
1.4037096062992125
11
1.3078521653543307
21
1.4033327952755905
0
LINE
8
BLACK
6
CONTINUOUS
10
1.3078521653543307
20
1.4033327952755905
11
1.3095555118110236
21
1.4016294488188976
0
LINE
8
BLACK
6
CONTINUOUS
10
1.3095555118110236
20
1.4016294488188976
11
1.3099803149606299
21
1.3998601181102361
0
LINE
8
BLACK
6
CONTINUOUS
10
1.3099803149606299
20
1.3998601181102361
11
1.3099803149606299
21
1.3990132677165354
0
LINE
8
BLACK
6
CONTINUOUS
10
1.3099803149606299
20
1.3990132677165354
11
1.3099803543307087
21
1.3990129527559054
0
LINE
8
BLACK
6
CONTINUOUS
10
1.3099803543307087
20
1.3990129527559054
11
1.3105616141732284
21
1.3960905118110236
0
LINE
8
BLACK
6
CONTINUOUS
10
1.3105616141732284
20
1.3960905118110236
11
1.3105616535433071
21
1.3960904330708661
0
LINE
8
BLACK
6
CONTINUOUS
10
1.3105616535433071
20
1.3960904330708661
11
1.3127761023622047
21
1.3927763385826772
0
LINE
8
BLACK
6
CONTINUOUS
10
1.3127761023622047
20
1.3927763385826772
11
1.3127762992125984
21
1.3927761417322835
0
LINE
8
BLACK
6
CONTINUOUS
10
1.3127762992125984
20
1.3927761417322835
11
1.3149857480314959
21
1.391299842519685
0
LINE
8
BLACK
6
CONTINUOUS
10
1.3149857480314959
20
1.391299842519685
11
1.3160905118110235
21
1.390561653543307
0
LINE
8
BLACK
6
CONTINUOUS
10
1.3160905118110235
20
1.390561653543307
11
1.3190131102362204
21
1.3899803149606298
0
LINE
8
BLACK
6
CONTINUOUS
10
1.3190131102362204
20
1.3899803149606298
11
1.3809867322834646
21
1.3899803149606298
0
LINE
8
BLACK
6
CONTINUOUS
10
1.3809867322834646
20
1.3899803149606298
11
1.3809870078740156
21
1.3899803543307085
0
LINE
8
BLACK
6
CONTINUOUS
10
1.3809870078740156
20
1.3899803543307085
11
1.3839094488188977
21
1.3905616141732282
0
LINE
8
BLACK
6
CONTINUOUS
10
1.3839094488188977
20
1.3905616141732282
11
1.3839095275590552
21
1.390561653543307
0
LINE
8
BLACK
6
CONTINUOUS
10
1.3839095275590552
20
1.390561653543307
11
1.387223622047244
21
1.3927761023622047
0
LINE
8
BLACK
6
CONTINUOUS
10
1.387223622047244
20
1.3927761023622047
11
1.3872236614173228
21
1.3927761417322835
0
LINE
8
BLACK
6
CONTINUOUS
10
1.3872236614173228
20
1.3927761417322835
11
1.387223779527559
21
1.392776220472441
0
LINE
8
BLACK
6
CONTINUOUS
10
1.387223779527559
20
1.392776220472441
11
1.3894383464566928
21
1.3960905118110236
0
LINE
8
BLACK
6
CONTINUOUS
10
1.3894383464566928
20
1.3960905118110236
11
1.39001968503937
21
1.3990131102362204
0
LINE
8
BLACK
6
CONTINUOUS
10
1.39001968503937
20
1.3990131102362204
11
1.3900196456692913
21
1.4609868503937007
0
LINE
8
BLACK
6
CONTINUOUS
10
1.3900196456692913
20
1.4609868503937007
11
1.3894383464566928
21
1.4639094881889763
0
LINE
8
BLACK
6
CONTINUOUS
10
1.3894383464566928
20
1.4639094881889763
11
1.387223779527559
21
1.4672237795275591
0
LINE
8
BLACK
6
CONTINUOUS
10
1.387223779527559
20
1.4672237795275591
11
1.3839094881889764
21
1.4694383464566929
0
LINE
8
BLACK
6
CONTINUOUS
10
1.3839094881889764
20
1.4694383464566929
11
1.3809868897637796
21
1.4700196850393701
0
LINE
8
BLACK
6
CONTINUOUS
10
1.3809868897637796
20
1.4700196850393701
11
1.3190131496062991
21
1.4700196456692913
0
LINE
8
BLACK
6
CONTINUOUS
10
1.3190131496062991
20
1.4700196456692913
11
1.3190129527559056
21
1.4700196062992126
0
LINE
8
BLACK
6
CONTINUOUS
10
1.3190129527559056
20
1.4700196062992126
11
1.3160905118110235
21
1.4694383464566929
0
LINE
8
BLACK
6
CONTINUOUS
10
1.3160905118110235
20
1.4694383464566929
11
1.316090433070866
21
1.4694383070866142
0
LINE
8
BLACK
6
CONTINUOUS
10
1.316090433070866
20
1.4694383070866142
11
1.3160903937007873
21
1.4694382677165354
0
LINE
8
BLACK
6
CONTINUOUS
10
1.3160903937007873
20
1.4694382677165354
11
1.3127762204724409
21
1.4672237795275591
0
LINE
8
BLACK
6
CONTINUOUS
10
1.3127762204724409
20
1.4672237795275591
11
1.3105616535433071
21
1.4639094881889763
0
LINE
8
BLACK
6
CONTINUOUS
10
1.3105616535433071
20
1.4639094881889763
11
1.3100097637795276
21
1.4611348818897638
0
LINE
8
BLACK
6
CONTINUOUS
10
1.3100097637795276
20
1.4611348818897638
11
1.3099803149606299
21
1.4609868897637794
0
LINE
8
BLACK
6
CONTINUOUS
10
1.3099803149606299
20
1.4609868897637794
11
1.3099803149606299
21
1.4498228346456692
0
LINE
8
BLACK
6
CONTINUOUS
10
1.3099803149606299
20
1.4498228346456692
11
1.3092359448818898
21
1.4475318503937007
0
LINE
8
BLACK
6
CONTINUOUS
10
1.3092359448818898
20
1.4475318503937007
11
1.307287125984252
21
1.4461159448818897
0
LINE
8
BLACK
6
CONTINUOUS
10
1.307287125984252
20
1.4461159448818897
11
1.3069771653543307
21
1.4460292125984251
0
LINE
8
BLACK
6
CONTINUOUS
10
1.3069771653543307
20
1.4460292125984251
11
1.3065360236220471
21
1.4459251968503937
0
LINE
8
BLACK
6
CONTINUOUS
10
1.3065360236220471
20
1.4459251968503937
11
1.3060924015748032
21
1.4459251968503937
0
LINE
8
BLACK
6
CONTINUOUS
10
1.3060924015748032
20
1.4459251968503937
11
1.3028979527559055
21
1.445069251968504
0
LINE
8
BLACK
6
CONTINUOUS
10
1.3028979527559055
20
1.445069251968504
11
1.3020420472440946
21
1.4448399212598424
0
LINE
8
BLACK
6
CONTINUOUS
10
1.3020420472440946
20
1.4448399212598424
11
1.2984106692913386
21
1.4427433070866142
0
LINE
8
BLACK
6
CONTINUOUS
10
1.2984106692913386
20
1.4427433070866142
11
1.1697421653543307
21
1.3140748031496063
0
LINE
8
BLACK
6
CONTINUOUS
10
1.1697421653543307
20
1.3140748031496063
11
1.0953139763779527
21
1.2396466141732283
0
LINE
8
BLACK
6
CONTINUOUS
10
1.0953139763779527
20
1.2396466141732283
11
1.0931676377952755
21
1.2385530314960629
0
LINE
8
BLACK
6
CONTINUOUS
10
1.0931676377952755
20
1.2385530314960629
11
1.0907884251968503
21
1.2389298425196851
0
LINE
8
BLACK
6
CONTINUOUS
10
1.0907884251968503
20
1.2389298425196851
11
1.0890850787401574
21
1.240633188976378
0
LINE
8
BLACK
6
CONTINUOUS
10
1.0890850787401574
20
1.240633188976378
11
1.0887351968503938
21
1.2416421259842518
0
LINE
8
BLACK
6
CONTINUOUS
10
1.0887351968503938
20
1.2416421259842518
11
1.0876644094488188
21
1.2470253937007874
0
LINE
8
BLACK
6
CONTINUOUS
10
1.0876644094488188
20
1.2470253937007874
11
1.0847117322834645
21
1.2541538188976378
0
LINE
8
BLACK
6
CONTINUOUS
10
1.0847117322834645
20
1.2541538188976378
11
1.0804250787401575
21
1.2605692125984251
0
LINE
8
BLACK
6
CONTINUOUS
10
1.0804250787401575
20
1.2605692125984251
11
1.0749692125984252
21
1.2660250787401575
0
LINE
8
BLACK
6
CONTINUOUS
10
1.0749692125984252
20
1.2660250787401575
11
1.0685538188976378
21
1.2703117322834645
0
LINE
8
BLACK
6
CONTINUOUS
10
1.0685538188976378
20
1.2703117322834645
11
1.0614253937007874
21
1.2732644094488188
0
LINE
8
BLACK
6
CONTINUOUS
10
1.0614253937007874
20
1.2732644094488188
11
1.053857874015748
21
1.2747696850393702
0
LINE
8
BLACK
6
CONTINUOUS
10
1.053857874015748
20
1.2747696850393702
11
1.046142125984252
21
1.2747696850393702
0
LINE
8
BLACK
6
CONTINUOUS
10
1.046142125984252
20
1.2747696850393702
11
1.0385746062992125
21
1.2732644094488188
0
LINE
8
BLACK
6
CONTINUOUS
10
1.0385746062992125
20
1.2732644094488188
11
1.038574527559055
21
1.27326437007874
0
LINE
8
BLACK
6
CONTINUOUS
10
1.038574527559055
20
1.27326437007874
11
1.0314462598425196
21
1.2703117716535433
0
LINE
8
BLACK
6
CONTINUOUS
10
1.0314462598425196
20
1.2703117716535433
11
1.0314462204724408
21
1.2703117716535433
0
LINE
8
BLACK
6
CONTINUOUS
10
1.0314462204724408
20
1.2703117716535433
11
1.0250307874015747
21
1.2660250787401575
0
LINE
8
BLACK
6
CONTINUOUS
10
1.0250307874015747
20
1.2660250787401575
11
1.0195748818897639
21
1.2605691732283464
0
LINE
8
BLACK
6
CONTINUOUS
10
1.0195748818897639
20
1.2605691732283464
11
1.0152881889763778
21
1.2541537401574803
0
LINE
8
BLACK
6
CONTINUOUS
10
1.0152881889763778
20
1.2541537401574803
11
1.0152881889763778
21
1.2541537007874015
0
LINE
8
BLACK
6
CONTINUOUS
10
1.0152881889763778
20
1.2541537007874015
11
1.0123355905511811
21
1.2470254330708661
0
LINE
8
BLACK
6
CONTINUOUS
10
1.0123355905511811
20
1.2470254330708661
11
1.0123355905511811
21
1.2470253543307086
0
LINE
8
BLACK
6
CONTINUOUS
10
1.0123355905511811
20
1.2470253543307086
11
1.0108303149606299
21
1.2394579527559055
0
LINE
8
BLACK
6
CONTINUOUS
10
1.0108303149606299
20
1.2394579527559055
11
1.0108303149606299
21
1.2317420078740158
0
LINE
8
BLACK
6
CONTINUOUS
10
1.0108303149606299
20
1.2317420078740158
11
1.0123355905511811
21
1.2241746062992125
0
LINE
8
BLACK
6
CONTINUOUS
10
1.0123355905511811
20
1.2241746062992125
11
1.0123355905511811
21
1.224174527559055
0
LINE
8
BLACK
6
CONTINUOUS
10
1.0123355905511811
20
1.224174527559055
11
1.0152881889763778
21
1.2170462598425196
0
LINE
8
BLACK
6
CONTINUOUS
10
1.0152881889763778
20
1.2170462598425196
11
1.0152881889763778
21
1.2170462204724408
0
LINE
8
BLACK
6
CONTINUOUS
10
1.0152881889763778
20
1.2170462204724408
11
1.0195748818897639
21
1.2106307874015747
0
LINE
8
BLACK
6
CONTINUOUS
10
1.0195748818897639
20
1.2106307874015747
11
1.0250307874015747
21
1.2051748818897638
0
LINE
8
BLACK
6
CONTINUOUS
10
1.0250307874015747
20
1.2051748818897638
11
1.0314462598425196
21
1.2008881889763778
0
LINE
8
BLACK
6
CONTINUOUS
10
1.0314462598425196
20
1.2008881889763778
11
1.038574527559055
21
1.197935590551181
0
LINE
8
BLACK
6
CONTINUOUS
10
1.038574527559055
20
1.197935590551181
11
1.043957716535433
21
1.1968648031496063
0
LINE
8
BLACK
6
CONTINUOUS
10
1.043957716535433
20
1.1968648031496063
11
1.0460594094488189
21
1.1956877559055117
0
LINE
8
BLACK
6
CONTINUOUS
10
1.0460594094488189
20
1.1956877559055117
11
1.0470679133858267
21
1.193500157480315
0
LINE
8
BLACK
6
CONTINUOUS
10
1.0470679133858267
20
1.193500157480315
11
1.0465979527559055
21
1.1911375590551181
0
LINE
8
BLACK
6
CONTINUOUS
10
1.0465979527559055
20
1.1911375590551181
11
1.0459533464566928
21
1.1902859842519684
0
LINE
8
BLACK
6
CONTINUOUS
10
1.0459533464566928
20
1.1902859842519684
11
1.0377341338582677
21
1.1820667716535433
0
LINE
8
BLACK
6
CONTINUOUS
10
1.0377341338582677
20
1.1820667716535433
11
1.0355877952755905
21
1.1809731889763779
0
LINE
8
BLACK
6
CONTINUOUS
10
1.0355877952755905
20
1.1809731889763779
11
1.0349780708661418
21
1.1809251968503938
0
LINE
8
BLACK
6
CONTINUOUS
10
1.0349780708661418
20
1.1809251968503938
11
0.972347874015748
21
1.1809251968503938
0
LINE
8
BLACK
6
CONTINUOUS
10
0.972347874015748
20
1.1809251968503938
11
0.9681547244094488
21
1.1809251968503938
0
LINE
8
BLACK
6
CONTINUOUS
10
0.9681547244094488
20
1.1809251968503938
11
0.9641044094488189
21
1.1798399212598425
0
LINE
8
BLACK
6
CONTINUOUS
10
0.9641044094488189
20
1.1798399212598425
11
0.9641042913385827
21
1.179839842519685
0
LINE
8
BLACK
6
CONTINUOUS
10
0.9641042913385827
20
1.179839842519685
11
0.9641042125984252
21
1.179839842519685
0
LINE
8
BLACK
6
CONTINUOUS
10
0.9641042125984252
20
1.179839842519685
11
0.9604731496062991
21
1.1777434251968504
0
LINE
8
BLACK
6
CONTINUOUS
10
0.9604731496062991
20
1.1777434251968504
11
0.9604731102362204
21
1.1777433858267716
0
LINE
8
BLACK
6
CONTINUOUS
10
0.9604731102362204
20
1.1777433858267716
11
0.9604729921259842
21
1.1777433070866141
0
LINE
8
BLACK
6
CONTINUOUS
10
0.9604729921259842
20
1.1777433070866141
11
0.9318044881889763
21
1.1490748031496063
0
LINE
8
BLACK
6
CONTINUOUS
10
0.9318044881889763
20
1.1490748031496063
11
0.9035014960629921
21
1.120771811023622
0
LINE
8
BLACK
6
CONTINUOUS
10
0.9035014960629921
20
1.120771811023622
11
0.9013551574803149
21
1.1196782283464566
0
LINE
8
BLACK
6
CONTINUOUS
10
0.9013551574803149
20
1.1196782283464566
11
0.8989759448818897
21
1.1200550393700788
0
LINE
8
BLACK
6
CONTINUOUS
10
0.8989759448818897
20
1.1200550393700788
11
0.8972725984251968
21
1.1217583858267717
0
LINE
8
BLACK
6
CONTINUOUS
10
0.8972725984251968
20
1.1217583858267717
11
0.8968957874015748
21
1.1241375984251969
0
LINE
8
BLACK
6
CONTINUOUS
10
0.8968957874015748
20
1.1241375984251969
11
0.8969224015748031
21
1.1242869685039369
0
LINE
8
BLACK
6
CONTINUOUS
10
0.8969224015748031
20
1.1242869685039369
11
0.8975196850393701
21
1.1272895669291338
0
LINE
8
BLACK
6
CONTINUOUS
10
0.8975196850393701
20
1.1272895669291338
11
0.8975196850393701
21
1.1327104330708662
0
LINE
8
BLACK
6
CONTINUOUS
10
0.8975196850393701
20
1.1327104330708662
11
0.8964621259842519
21
1.1380272047244093
0
LINE
8
BLACK
6
CONTINUOUS
10
0.8964621259842519
20
1.1380272047244093
11
0.8943876377952755
21
1.1430354724409448
0
LINE
8
BLACK
6
CONTINUOUS
10
0.8943876377952755
20
1.1430354724409448
11
0.8913759448818898
21
1.1475427559055118
0
LINE
8
BLACK
6
CONTINUOUS
10
0.8913759448818898
20
1.1475427559055118
11
0.8875427559055118
21
1.1513759448818897
0
LINE
8
BLACK
6
CONTINUOUS
10
0.8875427559055118
20
1.1513759448818897
11
0.8830354724409448
21
1.1543876377952755
0
LINE
8
BLACK
6
CONTINUOUS
10
0.8830354724409448
20
1.1543876377952755
11
0.8780272047244094
21
1.156462125984252
0
LINE
8
BLACK
6
CONTINUOUS
10
0.8780272047244094
20
1.156462125984252
11
0.8727104330708662
21
1.1575196850393701
0
LINE
8
BLACK
6
CONTINUOUS
10
0.8727104330708662
20
1.1575196850393701
11
0.8727101181102362
21
1.1575196850393701
0
LINE
8
BLACK
6
CONTINUOUS
10
0.8727101181102362
20
1.1575196850393701
11
0.8725200393700787
21
1.1575384251968504
0
LINE
8
BLACK
6
CONTINUOUS
10
0.8725200393700787
20
1.1575384251968504
11
0.8725250393700787
21
1.1575895669291338
0
LINE
8
BLACK
6
CONTINUOUS
10
0.8725250393700787
20
1.1575895669291338
11
0.8704492913385826
21
1.1582640551181103
0
LINE
8
BLACK
6
CONTINUOUS
10
0.8704492913385826
20
1.1582640551181103
11
0.8690333858267716
21
1.160212874015748
0
LINE
8
BLACK
6
CONTINUOUS
10
0.8690333858267716
20
1.160212874015748
11
0.8688426377952756
21
1.1614173228346456
0
LINE
8
BLACK
6
CONTINUOUS
10
0.8688426377952756
20
1.1614173228346456
11
0.8688426377952756
21
1.506240157480315
0
LINE
8
BLACK
6
CONTINUOUS
10
0.8688426377952756
20
1.506240157480315
11
0.8695870078740158
21
1.5085311417322835
0
LINE
8
BLACK
6
CONTINUOUS
10
0.8695870078740158
20
1.5085311417322835
11
0.8715358267716535
21
1.5099470472440946
0
LINE
8
BLACK
6
CONTINUOUS
10
0.8715358267716535
20
1.5099470472440946
11
0.8727402755905511
21
1.5101377952755906
0
LINE
8
BLACK
6
CONTINUOUS
10
0.8727402755905511
20
1.5101377952755906
11
1.4358749212598425
21
1.5101377952755906
0
LINE
8
BLACK
6
CONTINUOUS
10
1.4358749212598425
20
1.5101377952755906
11
1.438165905511811
21
1.5093934251968504
0
LINE
8
BLACK
6
CONTINUOUS
10
1.438165905511811
20
1.5093934251968504
11
1.4386309842519684
21
1.508996220472441
0
LINE
8
BLACK
6
CONTINUOUS
10
1.4386309842519684
20
1.508996220472441
11
1.4709538188976377
21
1.4766733464566928
0
LINE
8
BLACK
6
CONTINUOUS
10
1.4709538188976377
20
1.4766733464566928
11
1.4720474015748031
21
1.4745270078740158
0
LINE
8
BLACK
6
CONTINUOUS
10
1.4720474015748031
20
1.4745270078740158
11
1.4716705905511811
21
1.4721477952755906
0
LINE
8
BLACK
6
CONTINUOUS
10
1.4716705905511811
20
1.4721477952755906
11
1.4699672440944882
21
1.4704444488188977
0
LINE
8
BLACK
6
CONTINUOUS
10
1.4699672440944882
20
1.4704444488188977
11
1.4681977559055117
21
1.4700196456692913
0
LINE
8
BLACK
6
CONTINUOUS
10
1.4681977559055117
20
1.4700196456692913
11
1.4190131496062992
21
1.4700196456692913
0
LINE
8
BLACK
6
CONTINUOUS
10
1.4190131496062992
20
1.4700196456692913
11
1.4190129527559054
21
1.4700196062992126
0
LINE
8
BLACK
6
CONTINUOUS
10
1.4190129527559054
20
1.4700196062992126
11
1.4160905118110236
21
1.4694383464566929
0
LINE
8
BLACK
6
CONTINUOUS
10
1.4160905118110236
20
1.4694383464566929
11
1.4160904330708661
21
1.4694383070866142
0
LINE
8
BLACK
6
CONTINUOUS
10
1.4160904330708661
20
1.4694383070866142
11
1.4160903937007874
21
1.4694382677165354
0
LINE
8
BLACK
6
CONTINUOUS
10
1.4160903937007874
20
1.4694382677165354
11
1.412776220472441
21
1.4672237795275591
0
LINE
8
BLACK
6
CONTINUOUS
10
1.412776220472441
20
1.4672237795275591
11
1.410561653543307
21
1.4639094881889763
0
LINE
8
BLACK
6
CONTINUOUS
10
1.410561653543307
20
1.4639094881889763
11
1.4100097637795275
21
1.4611348818897638
0
LINE
8
BLACK
6
CONTINUOUS
10
1.4100097637795275
20
1.4611348818897638
11
1.4099803149606298
21
1.4609868503937007
0
LINE
8
BLACK
6
CONTINUOUS
10
1.4099803149606298
20
1.4609868503937007
11
1.4099803149606298
21
1.3990132283464567
0
LINE
8
BLACK
6
CONTINUOUS
10
1.4099803149606298
20
1.3990132283464567
11
1.4099803543307086
21
1.3990129527559054
0
LINE
8
BLACK
6
CONTINUOUS
10
1.4099803543307086
20
1.3990129527559054
11
1.4105616141732282
21
1.3960905118110236
0
LINE
8
BLACK
6
CONTINUOUS
10
1.4105616141732282
20
1.3960905118110236
11
1.410561653543307
21
1.3960904330708661
0
LINE
8
BLACK
6
CONTINUOUS
10
1.410561653543307
20
1.3960904330708661
11
1.4127761023622047
21
1.3927763385826772
0
LINE
8
BLACK
6
CONTINUOUS
10
1.4127761023622047
20
1.3927763385826772
11
1.4127762992125983
21
1.3927761417322835
0
LINE
8
BLACK
6
CONTINUOUS
10
1.4127762992125983
20
1.3927761417322835
11
1.414985748031496
21
1.391299842519685
0
LINE
8
BLACK
6
CONTINUOUS
10
1.414985748031496
20
1.391299842519685
11
1.4160905118110236
21
1.390561653543307
0
LINE
8
BLACK
6
CONTINUOUS
10
1.4160905118110236
20
1.390561653543307
11
1.4190131102362205
21
1.3899803149606298
0
LINE
8
BLACK
6
CONTINUOUS
10
1.4190131102362205
20
1.3899803149606298
11
1.4809867322834644
21
1.3899803149606298
0
LINE
8
BLACK
6
CONTINUOUS
10
1.4809867322834644
20
1.3899803149606298
11
1.4809870078740157
21
1.3899803543307085
0
LINE
8
BLACK
6
CONTINUOUS
10
1.4809870078740157
20
1.3899803543307085
11
1.4839094488188975
21
1.3905616141732282
0
LINE
8
BLACK
6
CONTINUOUS
10
1.4839094488188975
20
1.3905616141732282
11
1.483909527559055
21
1.390561653543307
0
LINE
8
BLACK
6
CONTINUOUS
10
1.483909527559055
20
1.390561653543307
11
1.4872236220472441
21
1.3927761023622047
0
LINE
8
BLACK
6
CONTINUOUS
10
1.4872236220472441
20
1.3927761023622047
11
1.4872236614173229
21
1.3927761417322835
0
LINE
8
BLACK
6
CONTINUOUS
10
1.4872236614173229
20
1.3927761417322835
11
1.4872237795275591
21
1.392776220472441
0
LINE
8
BLACK
6
CONTINUOUS
10
1.4872237795275591
20
1.392776220472441
11
1.4894383464566929
21
1.3960905118110236
0
LINE
8
BLACK
6
CONTINUOUS
10
1.4894383464566929
20
1.3960905118110236
11
1.4900196850393701
21
1.3990131102362204
0
LINE
8
BLACK
6
CONTINUOUS
10
1.4900196850393701
20
1.3990131102362204
11
1.4900196456692913
21
1.4481977559055117
0
LINE
8
BLACK
6
CONTINUOUS
10
1.4900196456692913
20
1.4481977559055117
11
1.4907640157480315
21
1.4504887401574802
0
LINE
8
BLACK
6
CONTINUOUS
10
1.4907640157480315
20
1.4504887401574802
11
1.4927128346456693
21
1.4519046456692912
0
LINE
8
BLACK
6
CONTINUOUS
10
1.4927128346456693
20
1.4519046456692912
11
1.4951217322834645
21
1.4519046456692912
0
LINE
8
BLACK
6
CONTINUOUS
10
1.4951217322834645
20
1.4519046456692912
11
1.4966733070866141
21
1.4509538188976379
0
LINE
8
BLACK
6
CONTINUOUS
10
1.4966733070866141
20
1.4509538188976379
11
1.5145816141732282
21
1.4330455118110237
0
LINE
8
BLACK
6
CONTINUOUS
10
1.5145816141732282
20
1.4330455118110237
11
1.5145817322834645
21
1.4330454724409449
0
LINE
8
BLACK
6
CONTINUOUS
10
1.5145817322834645
20
1.4330454724409449
11
1.518996220472441
21
1.4286309842519684
0
LINE
8
BLACK
6
CONTINUOUS
10
1.518996220472441
20
1.4286309842519684
11
1.5200898031496062
21
1.4264846456692912
0
LINE
8
BLACK
6
CONTINUOUS
10
1.5200898031496062
20
1.4264846456692912
11
1.5201377952755906
21
1.4258749212598425
0
LINE
8
BLACK
6
CONTINUOUS
10
1.5201377952755906
20
1.4258749212598425
11
1.5201377952755906
21
1.2556709842519684
0
LINE
8
BLACK
6
CONTINUOUS
10
1.5201377952755906
20
1.2556709842519684
11
1.5193934251968504
21
1.2533799999999999
0
LINE
8
BLACK
6
CONTINUOUS
10
1.5193934251968504
20
1.2533799999999999
11
1.518996220472441
21
1.2529149212598425
0
LINE
8
BLACK
6
CONTINUOUS
10
1.518996220472441
20
1.2529149212598425
11
1.5186240157480315
21
1.252542716535433
0
LINE
8
BLACK
6
CONTINUOUS
10
1.5186240157480315
20
1.252542716535433
11
1.5156122834645669
21
1.2480353937007873
0
LINE
8
BLACK
6
CONTINUOUS
10
1.5156122834645669
20
1.2480353937007873
11
1.5156122834645669
21
1.2480353543307086
0
LINE
8
BLACK
6
CONTINUOUS
10
1.5156122834645669
20
1.2480353543307086
11
1.5135378740157479
21
1.2430272440944881
0
LINE
8
BLACK
6
CONTINUOUS
10
1.5135378740157479
20
1.2430272440944881
11
1.5135378740157479
21
1.2430271653543308
0
LINE
8
BLACK
6
CONTINUOUS
10
1.5135378740157479
20
1.2430271653543308
11
1.5124803149606298
21
1.2377105118110237
0
LINE
8
BLACK
6
CONTINUOUS
10
1.5124803149606298
20
1.2377105118110237
11
1.5124803149606298
21
1.2322894488188976
0
LINE
8
BLACK
6
CONTINUOUS
10
1.5124803149606298
20
1.2322894488188976
11
1.5135378740157479
21
1.2269727952755904
0
LINE
8
BLACK
6
CONTINUOUS
10
1.5135378740157479
20
1.2269727952755904
11
1.5135378740157479
21
1.2269727165354329
0
LINE
8
BLACK
6
CONTINUOUS
10
1.5135378740157479
20
1.2269727165354329
11
1.5156122834645669
21
1.2219646062992127
0
LINE
8
BLACK
6
CONTINUOUS
10
1.5156122834645669
20
1.2219646062992127
11
1.5156122834645669
21
1.2219645669291339
0
LINE
8
BLACK
6
CONTINUOUS
10
1.5156122834645669
20
1.2219645669291339
11
1.5186240157480315
21
1.2174572440944882
0
LINE
8
BLACK
6
CONTINUOUS
10
1.5186240157480315
20
1.2174572440944882
11
1.5224572440944881
21
1.2136240157480314
0
LINE
8
BLACK
6
CONTINUOUS
10
1.5224572440944881
20
1.2136240157480314
11
1.5269646062992126
21
1.210612283464567
0
LINE
8
BLACK
6
CONTINUOUS
10
1.5269646062992126
20
1.210612283464567
11
1.5319727559055119
21
1.208537874015748
0
LINE
8
BLACK
6
CONTINUOUS
10
1.5319727559055119
20
1.208537874015748
11
1.5372894488188975
21
1.2074803149606299
0
LINE
8
BLACK
6
CONTINUOUS
10
1.5372894488188975
20
1.2074803149606299
11
1.5372895669291338
21
1.2074803149606299
0
LINE
8
BLACK
6
CONTINUOUS
10
1.5372895669291338
20
1.2074803149606299
11
1.5427105118110236
21
1.2074803149606299
0
LINE
8
BLACK
6
CONTINUOUS
10
1.5427105118110236
20
1.2074803149606299
11
1.5462549212598424
21
1.2081853543307086
0
LINE
8
BLACK
6
CONTINUOUS
10
1.5462549212598424
20
1.2081853543307086
11
1.5480272047244095
21
1.208537874015748
0
LINE
8
BLACK
6
CONTINUOUS
10
1.5480272047244095
20
1.208537874015748
11
1.5480272440944882
21
1.208537874015748
0
LINE
8
BLACK
6
CONTINUOUS
10
1.5480272440944882
20
1.208537874015748
11
1.5530353543307087
21
1.210612283464567
0
LINE
8
BLACK
6
CONTINUOUS
10
1.5530353543307087
20
1.210612283464567
11
1.5530353937007875
21
1.210612283464567
0
LINE
8
BLACK
6
CONTINUOUS
10
1.5530353937007875
20
1.210612283464567
11
1.557542716535433
21
1.2136240157480314
0
LINE
8
BLACK
6
CONTINUOUS
10
1.557542716535433
20
1.2136240157480314
11
1.5613759448818898
21
1.2174572440944882
0
LINE
8
BLACK
6
CONTINUOUS
10
1.5613759448818898
20
1.2174572440944882
11
1.5643876771653542
21
1.2219645669291339
0
LINE
8
BLACK
6
CONTINUOUS
10
1.5643876771653542
20
1.2219645669291339
11
1.5643876771653542
21
1.2219646062992127
0
LINE
8
BLACK
6
CONTINUOUS
10
1.5643876771653542
20
1.2219646062992127
11
1.5664620866141732
21
1.2269727165354329
0
LINE
8
BLACK
6
CONTINUOUS
10
1.5664620866141732
20
1.2269727165354329
11
1.5664621259842519
21
1.2269727952755904
0
LINE
8
BLACK
6
CONTINUOUS
10
1.5664621259842519
20
1.2269727952755904
11
1.56751968503937
21
1.2322895669291338
0
LINE
8
BLACK
6
CONTINUOUS
10
1.56751968503937
20
1.2322895669291338
11
1.56751968503937
21
1.2377104330708661
0
LINE
8
BLACK
6
CONTINUOUS
10
1.56751968503937
20
1.2377104330708661
11
1.5664621259842519
21
1.2430272047244095
0
LINE
8
BLACK
6
CONTINUOUS
10
1.5664621259842519
20
1.2430272047244095
11
1.5643876377952755
21
1.2480354724409448
0
LINE
8
BLACK
6
CONTINUOUS
10
1.5643876377952755
20
1.2480354724409448
11
1.5613759448818898
21
1.2525427559055118
0
LINE
8
BLACK
6
CONTINUOUS
10
1.5613759448818898
20
1.2525427559055118
11
1.5610037795275591
21
1.2529149212598425
0
LINE
8
BLACK
6
CONTINUOUS
10
1.5610037795275591
20
1.2529149212598425
11
1.5599101968503937
21
1.2550612598425197
0
LINE
8
BLACK
6
CONTINUOUS
10
1.5599101968503937
20
1.2550612598425197
11
1.5598622047244095
21
1.2556709842519684
0
LINE
8
BLACK
6
CONTINUOUS
10
1.5598622047244095
20
1.2556709842519684
11
1.5598622047244095
21
1.4383314566929133
0
LINE
8
BLACK
6
CONTINUOUS
10
1.5598622047244095
20
1.4383314566929133
11
1.5598622047244095
21
1.4383315354330708
0
LINE
8
BLACK
6
CONTINUOUS
10
1.5598622047244095
20
1.4383315354330708
11
1.5585086220472442
21
1.4433831496062992
0
LINE
8
BLACK
6
CONTINUOUS
10
1.5585086220472442
20
1.4433831496062992
11
1.5570409842519686
21
1.4459251574803149
0
LINE
8
BLACK
6
CONTINUOUS
10
1.5570409842519686
20
1.4459251574803149
11
1.5558937401574804
21
1.4479122834645668
0
LINE
8
BLACK
6
CONTINUOUS
10
1.5558937401574804
20
1.4479122834645668
11
1.5426711417322834
21
1.4611348818897638
0
LINE
8
BLACK
6
CONTINUOUS
10
1.5426711417322834
20
1.4611348818897638
11
1.4579122834645668
21
1.5458937401574804
0
LINE
8
BLACK
6
CONTINUOUS
10
1.4579122834645668
20
1.5458937401574804
11
1.455040905511811
21
1.5475514960629921
0
LINE
8
BLACK
6
CONTINUOUS
10
1.455040905511811
20
1.5475514960629921
11
1.4533831496062992
21
1.5485086220472442
0
LINE
8
BLACK
6
CONTINUOUS
10
1.4533831496062992
20
1.5485086220472442
11
1.4483315354330708
21
1.5498622047244095
0
LINE
8
BLACK
6
CONTINUOUS
10
1.4483315354330708
20
1.5498622047244095
11
0.8515953543307087
21
1.5498622047244095
0
LINE
8
BLACK
6
CONTINUOUS
10
0.8515953543307087
20
1.5498622047244095
11
0.825553031496063
21
1.5498622047244095
0
LINE
8
BLACK
6
CONTINUOUS
10
0.825553031496063
20
1.5498622047244095
11
0.4573850787401575
21
1.5498622047244095
0
LINE
8
BLACK
6
CONTINUOUS
10
0.4573850787401575
20
1.5498622047244095
11
0.4523334645669291
21
1.5485086220472442
0
LINE
8
BLACK
6
CONTINUOUS
10
0.4523334645669291
20
1.5485086220472442
11
0.4478043307086614
21
1.5458937401574804
0
LINE
8
BLACK
6
CONTINUOUS
10
0.4478043307086614
20
1.5458937401574804
11
0.3541062598425197
21
1.4521956692913385
0
LINE
8
BLACK
6
CONTINUOUS
10
0.3541062598425197
20
1.4521956692913385
11
0.3541061811023622
21
1.4521955511811024
0
LINE
8
BLACK
6
CONTINUOUS
10
0.3541061811023622
20
1.4521955511811024
11
0.3541061023622047
21
1.4521954724409449
0
LINE
8
BLACK
6
CONTINUOUS
10
0.3541061023622047
20
1.4521954724409449
11
0.3524484251968504
21
1.4493242913385826
0
LINE
8
BLACK
6
CONTINUOUS
10
0.3524484251968504
20
1.4493242913385826
11
0.3514914566929134
21
1.4476666929133859
0
LINE
8
BLACK
6
CONTINUOUS
10
0.3514914566929134
20
1.4476666929133859
11
0.3514913779527559
21
1.4476665354330709
0
LINE
8
BLACK
6
CONTINUOUS
10
0.3514913779527559
20
1.4476665354330709
11
0.3501377952755905
21
1.4426149212598425
0
LINE
8
BLACK
6
CONTINUOUS
10
0.3501377952755905
20
1.4426149212598425
11
0.3501377952755905
21
1.442614842519685
0
LINE
8
BLACK
6
CONTINUOUS
10
0.3501377952755905
20
1.442614842519685
11
0.3501377952755905
21
1.210156653543307
0
LINE
8
BLACK
6
CONTINUOUS
10
0.3501377952755905
20
1.210156653543307
11
0.3493934251968504
21
1.2078656692913385
0
LINE
8
BLACK
6
CONTINUOUS
10
0.3493934251968504
20
1.2078656692913385
11
0.3489962204724409
21
1.2074005905511811
0
LINE
8
BLACK
6
CONTINUOUS
10
0.3489962204724409
20
1.2074005905511811
11
0.2466733464566929
21
1.1050777165354331
0
LINE
8
BLACK
6
CONTINUOUS
10
0.2466733464566929
20
1.1050777165354331
11
0.2445270078740157
21
1.1039841338582677
0
LINE
8
BLACK
6
CONTINUOUS
10
0.2445270078740157
20
1.1039841338582677
11
0.2421477952755905
21
1.1043609448818896
0
LINE
8
BLACK
6
CONTINUOUS
10
0.2421477952755905
20
1.1043609448818896
11
0.2404444488188976
21
1.1060642913385828
0
LINE
8
BLACK
6
CONTINUOUS
10
0.2404444488188976
20
1.1060642913385828
11
0.2400196456692913
21
1.107833779527559
0
LINE
8
BLACK
6
CONTINUOUS
10
0.2400196456692913
20
1.107833779527559
11
0.2400196456692913
21
1.1109867322834646
0
LINE
8
BLACK
6
CONTINUOUS
10
0.2400196456692913
20
1.1109867322834646
11
0.2400196062992126
21
1.1109868897637796
0
LINE
8
BLACK
6
CONTINUOUS
10
0.2400196062992126
20
1.1109868897637796
11
0.2394383464566929
21
1.1139094881889764
0
LINE
8
BLACK
6
CONTINUOUS
10
0.2394383464566929
20
1.1139094881889764
11
0.237223779527559
21
1.117223779527559
0
LINE
8
BLACK
6
CONTINUOUS
10
0.237223779527559
20
1.117223779527559
11
0.2339094881889764
21
1.1194383464566928
0
LINE
8
BLACK
6
CONTINUOUS
10
0.2339094881889764
20
1.1194383464566928
11
0.2309868897637795
21
1.12001968503937
0
LINE
8
BLACK
6
CONTINUOUS
10
0.2309868897637795
20
1.12001968503937
11
0.1690131496062992
21
1.1200196456692912
0
LINE
8
BLACK
6
CONTINUOUS
10
0.1690131496062992
20
1.1200196456692912
11
0.1690129527559055
21
1.1200196062992125
0
LINE
8
BLACK
6
CONTINUOUS
10
0.1690129527559055
20
1.1200196062992125
11
0.1660905118110236
21
1.1194383464566928
0
LINE
8
BLACK
6
CONTINUOUS
10
0.1660905118110236
20
1.1194383464566928
11
0.1660904330708661
21
1.1194383070866141
0
LINE
8
BLACK
6
CONTINUOUS
10
0.1660904330708661
20
1.1194383070866141
11
0.1660903937007874
21
1.1194382677165353
0
LINE
8
BLACK
6
CONTINUOUS
10
0.1660903937007874
20
1.1194382677165353
11
0.1627762204724409
21
1.117223779527559
0
LINE
8
BLACK
6
CONTINUOUS
10
0.1627762204724409
20
1.117223779527559
11
0.1605616535433071
21
1.1139094881889764
0
LINE
8
BLACK
6
CONTINUOUS
10
0.1605616535433071
20
1.1139094881889764
11
0.1602198818897638
21
1.1121911811023621
0
LINE
8
BLACK
6
CONTINUOUS
10
0.1602198818897638
20
1.1121911811023621
11
0.1599803149606299
21
1.1109868503937008
0
LINE
8
BLACK
6
CONTINUOUS
10
0.1599803149606299
20
1.1109868503937008
11
0.1599803149606299
21
1.0490132283464566
0
LINE
8
BLACK
6
CONTINUOUS
10
1.6775879527559054
20
0.672059094488189
11
1.6753733858267716
21
0.6753733858267716
0
LINE
8
BLACK
6
CONTINUOUS
10
1.6753733858267716
20
0.6753733858267716
11
1.672059094488189
21
0.6775879527559054
0
LINE
8
BLACK
6
CONTINUOUS
10
1.672059094488189
20
0.6775879527559054
11
1.6691364960629922
21
0.6781692913385826
0
LINE
8
BLACK
6
CONTINUOUS
10
1.6691364960629922
20
0.6781692913385826
11
1.5171627559055119
21
0.678169251968504
0
LINE
8
BLACK
6
CONTINUOUS
10
1.5171627559055119
20
0.678169251968504
11
1.5171625590551181
21
0.6781692125984252
0
LINE
8
BLACK
6
CONTINUOUS
10
1.5171625590551181
20
0.6781692125984252
11
1.5142401181102363
21
0.6775879527559054
0
LINE
8
BLACK
6
CONTINUOUS
10
1.5142401181102363
20
0.6775879527559054
11
1.5142400393700788
21
0.6775879133858268
0
LINE
8
BLACK
6
CONTINUOUS
10
1.5142400393700788
20
0.6775879133858268
11
1.51424
21
0.677587874015748
0
LINE
8
BLACK
6
CONTINUOUS
10
1.51424
20
0.677587874015748
11
1.5109258267716534
21
0.6753733858267716
0
LINE
8
BLACK
6
CONTINUOUS
10
1.5109258267716534
20
0.6753733858267716
11
1.5087112598425196
21
0.672059094488189
0
LINE
8
BLACK
6
CONTINUOUS
10
1.5087112598425196
20
0.672059094488189
11
1.5081299606299212
21
0.6691366141732283
0
LINE
8
BLACK
6
CONTINUOUS
10
1.5081299606299212
20
0.6691366141732283
11
1.5081299212598425
21
0.6691364960629921
0
LINE
8
BLACK
6
CONTINUOUS
10
1.5081299212598425
20
0.6691364960629921
11
1.5081299212598425
21
0.5171628346456693
0
LINE
8
BLACK
6
CONTINUOUS
10
1.5081299212598425
20
0.5171628346456693
11
1.5081299606299212
21
0.5171625590551181
0
LINE
8
BLACK
6
CONTINUOUS
10
1.5081299606299212
20
0.5171625590551181
11
1.5087112204724409
21
0.5142401181102362
0
LINE
8
BLACK
6
CONTINUOUS
10
1.5087112204724409
20
0.5142401181102362
11
1.5087112598425196
21
0.5142400393700788
0
LINE
8
BLACK
6
CONTINUOUS
10
1.5087112598425196
20
0.5142400393700788
11
1.5109257086614174
21
0.5109259448818898
0
LINE
8
BLACK
6
CONTINUOUS
10
1.5109257086614174
20
0.5109259448818898
11
1.5109257874015747
21
0.5109258661417323
0
LINE
8
BLACK
6
CONTINUOUS
10
1.5109257874015747
20
0.5109258661417323
11
1.5109258267716534
21
0.5109258267716535
0
LINE
8
BLACK
6
CONTINUOUS
10
1.5109258267716534
20
0.5109258267716535
11
1.5142401181102363
21
0.5087112598425196
0
LINE
8
BLACK
6
CONTINUOUS
10
1.5142401181102363
20
0.5087112598425196
11
1.5171627165354331
21
0.5081299212598425
0
LINE
8
BLACK
6
CONTINUOUS
10
1.5171627165354331
20
0.5081299212598425
11
1.6691363385826772
21
0.5081299212598425
0
LINE
8
BLACK
6
CONTINUOUS
10
1.6691363385826772
20
0.5081299212598425
11
1.6691366141732282
21
0.5081299606299212
0
LINE
8
BLACK
6
CONTINUOUS
10
1.6691366141732282
20
0.5081299606299212
11
1.6720590551181103
21
0.5087112204724409
0
LINE
8
BLACK
6
CONTINUOUS
10
1.6720590551181103
20
0.5087112204724409
11
1.6720591338582678
21
0.5087112598425196
0
LINE
8
BLACK
6
CONTINUOUS
10
1.6720591338582678
20
0.5087112598425196
11
1.6753732283464566
21
0.5109257086614173
0
LINE
8
BLACK
6
CONTINUOUS
10
1.6753732283464566
20
0.5109257086614173
11
1.6753733858267716
21
0.5109258267716535
0
LINE
8
BLACK
6
CONTINUOUS
10
1.6753733858267716
20
0.5109258267716535
11
1.6775879527559054
21
0.5142401181102362
0
LINE
8
BLACK
6
CONTINUOUS
10
1.6775879527559054
20
0.5142401181102362
11
1.6781692913385826
21
0.5171627165354331
0
LINE
8
BLACK
6
CONTINUOUS
10
1.6781692913385826
20
0.5171627165354331
11
1.6781692519685039
21
0.6691364566929133
0
LINE
8
BLACK
6
CONTINUOUS
10
1.6781692519685039
20
0.6691364566929133
11
1.6781692519685039
21
0.6691364960629921
0
LINE
8
BLACK
6
CONTINUOUS
10
1.6781692519685039
20
0.6691364960629921
11
1.6775879527559054
21
0.672059094488189
0
LINE
8
BLACK
6
CONTINUOUS
10
1.70498031496063
20
0.5171628346456693
11
1.7049803543307087
21
0.5171625590551181
0
LINE
8
BLACK
6
CONTINUOUS
10
1.7049803543307087
20
0.5171625590551181
11
1.7055616141732284
21
0.5142401181102362
0
LINE
8
BLACK
6
CONTINUOUS
10
1.7055616141732284
20
0.5142401181102362
11
1.7055616535433071
21
0.5142400393700788
0
LINE
8
BLACK
6
CONTINUOUS
10
1.7055616535433071
20
0.5142400393700788
11
1.7077761023622047
21
0.5109259448818898
0
LINE
8
BLACK
6
CONTINUOUS
10
1.7077761023622047
20
0.5109259448818898
11
1.7077761811023622
21
0.5109258661417323
0
LINE
8
BLACK
6
CONTINUOUS
10
1.7077761811023622
20
0.5109258661417323
11
1.7077762204724409
21
0.5109258267716535
0
LINE
8
BLACK
6
CONTINUOUS
10
1.7077762204724409
20
0.5109258267716535
11
1.7110905118110236
21
0.5087112598425196
0
LINE
8
BLACK
6
CONTINUOUS
10
1.7110905118110236
20
0.5087112598425196
11
1.7140131102362204
21
0.5081299212598425
0
LINE
8
BLACK
6
CONTINUOUS
10
1.7140131102362204
20
0.5081299212598425
11
1.8659867322834645
21
0.5081299212598425
0
LINE
8
BLACK
6
CONTINUOUS
10
1.8659867322834645
20
0.5081299212598425
11
1.8659870078740157
21
0.5081299606299212
0
LINE
8
BLACK
6
CONTINUOUS
10
1.8659870078740157
20
0.5081299606299212
11
1.8689094488188975
21
0.5087112204724409
0
LINE
8
BLACK
6
CONTINUOUS
10
1.8689094488188975
20
0.5087112204724409
11
1.868909527559055
21
0.5087112598425196
0
LINE
8
BLACK
6
CONTINUOUS
10
1.868909527559055
20
0.5087112598425196
11
1.8722236220472441
21
0.5109257086614173
0
LINE
8
BLACK
6
CONTINUOUS
10
1.8722236220472441
20
0.5109257086614173
11
1.8722237795275589
21
0.5109258267716535
0
LINE
8
BLACK
6
CONTINUOUS
10
1.8722237795275589
20
0.5109258267716535
11
1.8744383464566929
21
0.5142401181102362
0
LINE
8
BLACK
6
CONTINUOUS
10
1.8744383464566929
20
0.5142401181102362
11
1.8750196850393701
21
0.5171627165354331
0
LINE
8
BLACK
6
CONTINUOUS
10
1.8750196850393701
20
0.5171627165354331
11
1.8750196456692914
21
0.6691364566929133
0
LINE
8
BLACK
6
CONTINUOUS
10
1.8750196456692914
20
0.6691364566929133
11
1.8744383464566929
21
0.672059094488189
0
LINE
8
BLACK
6
CONTINUOUS
10
1.8744383464566929
20
0.672059094488189
11
1.8722237795275589
21
0.6753733858267716
0
LINE
8
BLACK
6
CONTINUOUS
10
1.8722237795275589
20
0.6753733858267716
11
1.8689094881889763
21
0.6775879527559054
0
LINE
8
BLACK
6
CONTINUOUS
10
1.8689094881889763
20
0.6775879527559054
11
1.8659868897637795
21
0.6781692913385826
0
LINE
8
BLACK
6
CONTINUOUS
10
1.8659868897637795
20
0.6781692913385826
11
1.7140131496062991
21
0.678169251968504
0
LINE
8
BLACK
6
CONTINUOUS
10
1.7140131496062991
20
0.678169251968504
11
1.7140129527559054
21
0.6781692125984252
0
LINE
8
BLACK
6
CONTINUOUS
10
1.7140129527559054
20
0.6781692125984252
11
1.7110905118110236
21
0.6775879527559054
0
LINE
8
BLACK
6
CONTINUOUS
10
1.7110905118110236
20
0.6775879527559054
11
1.7110904330708661
21
0.6775879133858268
0
LINE
8
BLACK
6
CONTINUOUS
10
1.7110904330708661
20
0.6775879133858268
11
1.7110903937007873
21
0.677587874015748
0
LINE
8
BLACK
6
CONTINUOUS
10
1.7110903937007873
20
0.677587874015748
11
1.7077762204724409
21
0.6753733858267716
0
LINE
8
BLACK
6
CONTINUOUS
10
1.7077762204724409
20
0.6753733858267716
11
1.7055616535433071
21
0.672059094488189
0
LINE
8
BLACK
6
CONTINUOUS
10
1.7055616535433071
20
0.672059094488189
11
1.7049803543307087
21
0.6691366141732283
0
LINE
8
BLACK
6
CONTINUOUS
10
1.7049803543307087
20
0.6691366141732283
11
1.70498031496063
21
0.6691364960629921
0
LINE
8
BLACK
6
CONTINUOUS
10
1.70498031496063
20
0.6691364960629921
11
1.70498031496063
21
0.5171628346456693
0
LINE
8
BLACK
6
CONTINUOUS
10
0.1249803149606299
20
0.6440132283464567
11
0.1249803543307087
21
0.6440129527559055
0
LINE
8
BLACK
6
CONTINUOUS
10
0.1249803543307087
20
0.6440129527559055
11
0.1255616141732283
21
0.6410905118110236
0
LINE
8
BLACK
6
CONTINUOUS
10
0.1255616141732283
20
0.6410905118110236
11
0.1255616535433071
21
0.6410904330708661
0
LINE
8
BLACK
6
CONTINUOUS
10
0.1255616535433071
20
0.6410904330708661
11
0.1277761023622047
21
0.6377763385826771
0
LINE
8
BLACK
6
CONTINUOUS
10
0.1277761023622047
20
0.6377763385826771
11
0.1277762992125984
21
0.6377761417322835
0
LINE
8
BLACK
6
CONTINUOUS
10
0.1277762992125984
20
0.6377761417322835
11
0.1299857480314961
21
0.6362998425196851
0
LINE
8
BLACK
6
CONTINUOUS
10
0.1299857480314961
20
0.6362998425196851
11
0.1310905118110236
21
0.6355616535433071
0
LINE
8
BLACK
6
CONTINUOUS
10
0.1310905118110236
20
0.6355616535433071
11
0.1340131102362205
21
0.6349803149606299
0
LINE
8
BLACK
6
CONTINUOUS
10
0.1340131102362205
20
0.6349803149606299
11
0.2859867322834646
21
0.6349803149606299
0
LINE
8
BLACK
6
CONTINUOUS
10
0.2859867322834646
20
0.6349803149606299
11
0.2859870078740158
21
0.6349803543307087
0
LINE
8
BLACK
6
CONTINUOUS
10
0.2859870078740158
20
0.6349803543307087
11
0.2889094488188976
21
0.6355616141732283
0
LINE
8
BLACK
6
CONTINUOUS
10
0.2889094488188976
20
0.6355616141732283
11
0.2889095275590551
21
0.6355616535433071
0
LINE
8
BLACK
6
CONTINUOUS
10
0.2889095275590551
20
0.6355616535433071
11
0.2922236220472441
21
0.6377761023622047
0
LINE
8
BLACK
6
CONTINUOUS
10
0.2922236220472441
20
0.6377761023622047
11
0.2922236614173228
21
0.6377761417322835
0
LINE
8
BLACK
6
CONTINUOUS
10
0.2922236614173228
20
0.6377761417322835
11
0.2922237795275591
21
0.637776220472441
0
LINE
8
BLACK
6
CONTINUOUS
10
0.2922237795275591
20
0.637776220472441
11
0.2944383464566929
21
0.6410905118110236
0
LINE
8
BLACK
6
CONTINUOUS
10
0.2944383464566929
20
0.6410905118110236
11
0.2950196850393701
21
0.6440131102362204
0
LINE
8
BLACK
6
CONTINUOUS
10
0.2950196850393701
20
0.6440131102362204
11
0.2950196456692913
21
0.7959868503937008
0
LINE
8
BLACK
6
CONTINUOUS
10
0.2950196456692913
20
0.7959868503937008
11
0.2950196456692913
21
0.7959868897637795
0
LINE
8
BLACK
6
CONTINUOUS
10
0.2950196456692913
20
0.7959868897637795
11
0.2944383464566929
21
0.7989094881889763
0
LINE
8
BLACK
6
CONTINUOUS
10
0.2944383464566929
20
0.7989094881889763
11
0.2922237795275591
21
0.8022237795275591
0
LINE
8
BLACK
6
CONTINUOUS
10
0.2922237795275591
20
0.8022237795275591
11
0.2889094881889764
21
0.8044383464566929
0
LINE
8
BLACK
6
CONTINUOUS
10
0.2889094881889764
20
0.8044383464566929
11
0.2859868897637795
21
0.80501968503937
0
LINE
8
BLACK
6
CONTINUOUS
10
0.2859868897637795
20
0.80501968503937
11
0.1340131496062992
21
0.8050196456692913
0
LINE
8
BLACK
6
CONTINUOUS
10
0.1340131496062992
20
0.8050196456692913
11
0.1340129527559055
21
0.8050196062992125
0
LINE
8
BLACK
6
CONTINUOUS
10
0.1340129527559055
20
0.8050196062992125
11
0.1310905118110236
21
0.8044383464566929
0
LINE
8
BLACK
6
CONTINUOUS
10
0.1310905118110236
20
0.8044383464566929
11
0.1310904330708662
21
0.8044383070866141
0
LINE
8
BLACK
6
CONTINUOUS
10
0.1310904330708662
20
0.8044383070866141
11
0.1310903937007874
21
0.8044382677165354
0
LINE
8
BLACK
6
CONTINUOUS
10
0.1310903937007874
20
0.8044382677165354
11
0.1277762204724409
21
0.8022237795275591
0
LINE
8
BLACK
6
CONTINUOUS
10
0.1277762204724409
20
0.8022237795275591
11
0.1255616535433071
21
0.7989094881889763
0
LINE
8
BLACK
6
CONTINUOUS
10
0.1255616535433071
20
0.7989094881889763
11
0.1249803543307087
21
0.7959870078740158
0
LINE
8
BLACK
6
CONTINUOUS
10
0.1249803543307087
20
0.7959870078740158
11
0.1249803149606299
21
0.7959868897637795
0
LINE
8
BLACK
6
CONTINUOUS
10
0.1249803149606299
20
0.7959868897637795
11
0.1249803149606299
21
0.6440132283464567
0
LINE
8
BLACK
6
CONTINUOUS
10
0.3218307086614173
20
0.6440132283464567
11
0.3218307480314961
21
0.6440129527559055
0
LINE
8
BLACK
6
CONTINUOUS
10
0.3218307480314961
20
0.6440129527559055
11
0.3224120078740157
21
0.6410905118110236
0
LINE
8
BLACK
6
CONTINUOUS
10
0.3224120078740157
20
0.6410905118110236
11
0.3224120472440945
21
0.6410904330708661
0
LINE
8
BLACK
6
CONTINUOUS
10
0.3224120472440945
20
0.6410904330708661
11
0.3246264960629921
21
0.6377763385826771
0
LINE
8
BLACK
6
CONTINUOUS
10
0.3246264960629921
20
0.6377763385826771
11
0.3246266929133858
21
0.6377761417322835
0
LINE
8
BLACK
6
CONTINUOUS
10
0.3246266929133858
20
0.6377761417322835
11
0.3268361417322835
21
0.6362998425196851
0
LINE
8
BLACK
6
CONTINUOUS
10
0.3268361417322835
20
0.6362998425196851
11
0.327940905511811
21
0.6355616535433071
0
LINE
8
BLACK
6
CONTINUOUS
10
0.327940905511811
20
0.6355616535433071
11
0.3308635039370079
21
0.6349803149606299
0
LINE
8
BLACK
6
CONTINUOUS
10
0.3308635039370079
20
0.6349803149606299
11
0.4828371259842519
21
0.6349803149606299
0
LINE
8
BLACK
6
CONTINUOUS
10
0.4828371259842519
20
0.6349803149606299
11
0.4828374015748031
21
0.6349803543307087
0
LINE
8
BLACK
6
CONTINUOUS
10
0.4828374015748031
20
0.6349803543307087
11
0.485759842519685
21
0.6355616141732283
0
LINE
8
BLACK
6
CONTINUOUS
10
0.485759842519685
20
0.6355616141732283
11
0.4857599212598425
21
0.6355616535433071
0
LINE
8
BLACK
6
CONTINUOUS
10
0.4857599212598425
20
0.6355616535433071
11
0.4890740157480315
21
0.6377761023622047
0
LINE
8
BLACK
6
CONTINUOUS
10
0.4890740157480315
20
0.6377761023622047
11
0.4890740551181103
21
0.6377761417322835
0
LINE
8
BLACK
6
CONTINUOUS
10
0.4890740551181103
20
0.6377761417322835
11
0.4890741732283465
21
0.637776220472441
0
LINE
8
BLACK
6
CONTINUOUS
10
0.4890741732283465
20
0.637776220472441
11
0.4912887401574803
21
0.6410905118110236
0
LINE
8
BLACK
6
CONTINUOUS
10
0.4912887401574803
20
0.6410905118110236
11
0.4918700787401575
21
0.6440131102362204
0
LINE
8
BLACK
6
CONTINUOUS
10
0.4918700787401575
20
0.6440131102362204
11
0.4918700393700787
21
0.7959868503937008
0
LINE
8
BLACK
6
CONTINUOUS
10
0.4918700393700787
20
0.7959868503937008
11
0.4912887401574803
21
0.7989094881889763
0
LINE
8
BLACK
6
CONTINUOUS
10
0.4912887401574803
20
0.7989094881889763
11
0.4890741732283465
21
0.8022237795275591
0
LINE
8
BLACK
6
CONTINUOUS
10
0.4890741732283465
20
0.8022237795275591
11
0.4857598818897638
21
0.8044383464566929
0
LINE
8
BLACK
6
CONTINUOUS
10
0.4857598818897638
20
0.8044383464566929
11
0.4828372834645669
21
0.80501968503937
0
LINE
8
BLACK
6
CONTINUOUS
10
0.4828372834645669
20
0.80501968503937
11
0.3308635433070866
21
0.8050196456692913
0
LINE
8
BLACK
6
CONTINUOUS
10
0.3308635433070866
20
0.8050196456692913
11
0.3308633464566929
21
0.8050196062992125
0
LINE
8
BLACK
6
CONTINUOUS
10
0.3308633464566929
20
0.8050196062992125
11
0.327940905511811
21
0.8044383464566929
0
LINE
8
BLACK
6
CONTINUOUS
10
0.327940905511811
20
0.8044383464566929
11
0.3279408267716535
21
0.8044383070866141
0
LINE
8
BLACK
6
CONTINUOUS
10
0.3279408267716535
20
0.8044383070866141
11
0.3279407874015748
21
0.8044382677165354
0
LINE
8
BLACK
6
CONTINUOUS
10
0.3279407874015748
20
0.8044382677165354
11
0.3246266141732284
21
0.8022237795275591
0
LINE
8
BLACK
6
CONTINUOUS
10
0.3246266141732284
20
0.8022237795275591
11
0.3224120472440945
21
0.7989094881889763
0
LINE
8
BLACK
6
CONTINUOUS
10
0.3224120472440945
20
0.7989094881889763
11
0.3218307480314961
21
0.7959870078740158
0
LINE
8
BLACK
6
CONTINUOUS
10
0.3218307480314961
20
0.7959870078740158
11
0.3218307086614173
21
0.7959868897637795
0
LINE
8
BLACK
6
CONTINUOUS
10
0.3218307086614173
20
0.7959868897637795
11
0.3218307086614173
21
0.6440132283464567
0
LINE
8
BLACK
6
CONTINUOUS
10
1.5081299212598425
20
0.7140132283464566
11
1.5081299606299212
21
0.7140129527559055
0
LINE
8
BLACK
6
CONTINUOUS
10
1.5081299606299212
20
0.7140129527559055
11
1.5087112204724409
21
0.7110905118110236
0
LINE
8
BLACK
6
CONTINUOUS
10
1.5087112204724409
20
0.7110905118110236
11
1.5087112598425196
21
0.7110904330708662
0
LINE
8
BLACK
6
CONTINUOUS
10
1.5087112598425196
20
0.7110904330708662
11
1.5109257086614174
21
0.7077763385826772
0
LINE
8
BLACK
6
CONTINUOUS
10
1.5109257086614174
20
0.7077763385826772
11
1.5109259055118109
21
0.7077761417322834
0
LINE
8
BLACK
6
CONTINUOUS
10
1.5109259055118109
20
0.7077761417322834
11
1.5131353543307087
21
0.706299842519685
0
LINE
8
BLACK
6
CONTINUOUS
10
1.5131353543307087
20
0.706299842519685
11
1.5142401181102363
21
0.705561653543307
0
LINE
8
BLACK
6
CONTINUOUS
10
1.5142401181102363
20
0.705561653543307
11
1.5171627165354331
21
0.7049803149606299
0
LINE
8
BLACK
6
CONTINUOUS
10
1.5171627165354331
20
0.7049803149606299
11
1.6691363385826772
21
0.7049803149606299
0
LINE
8
BLACK
6
CONTINUOUS
10
1.6691363385826772
20
0.7049803149606299
11
1.6691366141732282
21
0.7049803543307086
0
LINE
8
BLACK
6
CONTINUOUS
10
1.6691366141732282
20
0.7049803543307086
11
1.6720590551181103
21
0.7055616141732284
0
LINE
8
BLACK
6
CONTINUOUS
10
1.6720590551181103
20
0.7055616141732284
11
1.6720591338582678
21
0.705561653543307
0
LINE
8
BLACK
6
CONTINUOUS
10
1.6720591338582678
20
0.705561653543307
11
1.6753732283464566
21
0.7077761023622047
0
LINE
8
BLACK
6
CONTINUOUS
10
1.6753732283464566
20
0.7077761023622047
11
1.6753732677165354
21
0.7077761417322834
0
LINE
8
BLACK
6
CONTINUOUS
10
1.6753732677165354
20
0.7077761417322834
11
1.6753733858267716
21
0.7077762204724409
0
LINE
8
BLACK
6
CONTINUOUS
10
1.6753733858267716
20
0.7077762204724409
11
1.6775879527559054
21
0.7110905118110236
0
LINE
8
BLACK
6
CONTINUOUS
10
1.6775879527559054
20
0.7110905118110236
11
1.6781692913385826
21
0.7140131102362205
0
LINE
8
BLACK
6
CONTINUOUS
10
1.6781692913385826
20
0.7140131102362205
11
1.6781692519685039
21
0.8659868503937007
0
LINE
8
BLACK
6
CONTINUOUS
10
1.6781692519685039
20
0.8659868503937007
11
1.6781692519685039
21
0.8659868897637795
0
LINE
8
BLACK
6
CONTINUOUS
10
1.6781692519685039
20
0.8659868897637795
11
1.6775879527559054
21
0.8689094881889764
0
LINE
8
BLACK
6
CONTINUOUS
10
1.6775879527559054
20
0.8689094881889764
11
1.6753733858267716
21
0.872223779527559
0
LINE
8
BLACK
6
CONTINUOUS
10
1.6753733858267716
20
0.872223779527559
11
1.672059094488189
21
0.8744383464566929
0
LINE
8
BLACK
6
CONTINUOUS
10
1.672059094488189
20
0.8744383464566929
11
1.6691364960629922
21
0.8750196850393701
0
LINE
8
BLACK
6
CONTINUOUS
10
1.6691364960629922
20
0.8750196850393701
11
1.5171627559055119
21
0.8750196456692914
0
LINE
8
BLACK
6
CONTINUOUS
10
1.5171627559055119
20
0.8750196456692914
11
1.5171625590551181
21
0.8750196062992126
0
LINE
8
BLACK
6
CONTINUOUS
10
1.5171625590551181
20
0.8750196062992126
11
1.5142401181102363
21
0.8744383464566929
0
LINE
8
BLACK
6
CONTINUOUS
10
1.5142401181102363
20
0.8744383464566929
11
1.5142400393700788
21
0.8744383070866142
0
LINE
8
BLACK
6
CONTINUOUS
10
1.5142400393700788
20
0.8744383070866142
11
1.51424
21
0.8744382677165354
0
LINE
8
BLACK
6
CONTINUOUS
10
1.51424
20
0.8744382677165354
11
1.5109258267716534
21
0.872223779527559
0
LINE
8
BLACK
6
CONTINUOUS
10
1.5109258267716534
20
0.872223779527559
11
1.5087112598425196
21
0.8689094881889764
0
LINE
8
BLACK
6
CONTINUOUS
10
1.5087112598425196
20
0.8689094881889764
11
1.5081299606299212
21
0.8659870078740157
0
LINE
8
BLACK
6
CONTINUOUS
10
1.5081299606299212
20
0.8659870078740157
11
1.5081299212598425
21
0.8659868897637795
0
LINE
8
BLACK
6
CONTINUOUS
10
1.5081299212598425
20
0.8659868897637795
11
1.5081299212598425
21
0.7140132283464566
0
LINE
8
BLACK
6
CONTINUOUS
10
1.70498031496063
20
0.7140132283464566
11
1.7049803543307087
21
0.7140129527559055
0
LINE
8
BLACK
6
CONTINUOUS
10
1.7049803543307087
20
0.7140129527559055
11
1.7055616141732284
21
0.7110905118110236
0
LINE
8
BLACK
6
CONTINUOUS
10
1.7055616141732284
20
0.7110905118110236
11
1.7055616535433071
21
0.7110904330708662
0
LINE
8
BLACK
6
CONTINUOUS
10
1.7055616535433071
20
0.7110904330708662
11
1.7077761023622047
21
0.7077763385826772
0
LINE
8
BLACK
6
CONTINUOUS
10
1.7077761023622047
20
0.7077763385826772
11
1.7077762992125984
21
0.7077761417322834
0
LINE
8
BLACK
6
CONTINUOUS
10
1.7077762992125984
20
0.7077761417322834
11
1.7099857480314959
21
0.706299842519685
0
LINE
8
BLACK
6
CONTINUOUS
10
1.7099857480314959
20
0.706299842519685
11
1.7110905118110236
21
0.705561653543307
0
LINE
8
BLACK
6
CONTINUOUS
10
1.7110905118110236
20
0.705561653543307
11
1.7140131102362204
21
0.7049803149606299
0
LINE
8
BLACK
6
CONTINUOUS
10
1.7140131102362204
20
0.7049803149606299
11
1.8659867322834645
21
0.7049803149606299
0
LINE
8
BLACK
6
CONTINUOUS
10
1.8659867322834645
20
0.7049803149606299
11
1.8659870078740157
21
0.7049803543307086
0
LINE
8
BLACK
6
CONTINUOUS
10
1.8659870078740157
20
0.7049803543307086
11
1.8689094488188975
21
0.7055616141732284
0
LINE
8
BLACK
6
CONTINUOUS
10
1.8689094488188975
20
0.7055616141732284
11
1.868909527559055
21
0.705561653543307
0
LINE
8
BLACK
6
CONTINUOUS
10
1.868909527559055
20
0.705561653543307
11
1.8722236220472441
21
0.7077761023622047
0
LINE
8
BLACK
6
CONTINUOUS
10
1.8722236220472441
20
0.7077761023622047
11
1.8722236614173229
21
0.7077761417322834
0
LINE
8
BLACK
6
CONTINUOUS
10
1.8722236614173229
20
0.7077761417322834
11
1.8722237795275589
21
0.7077762204724409
0
LINE
8
BLACK
6
CONTINUOUS
10
1.8722237795275589
20
0.7077762204724409
11
1.8744383464566929
21
0.7110905118110236
0
LINE
8
BLACK
6
CONTINUOUS
10
1.8744383464566929
20
0.7110905118110236
11
1.8750196850393701
21
0.7140131102362205
0
LINE
8
BLACK
6
CONTINUOUS
10
1.8750196850393701
20
0.7140131102362205
11
1.8750196456692914
21
0.8659868503937007
0
LINE
8
BLACK
6
CONTINUOUS
10
1.8750196456692914
20
0.8659868503937007
11
1.8744383464566929
21
0.8689094881889764
0
LINE
8
BLACK
6
CONTINUOUS
10
1.8744383464566929
20
0.8689094881889764
11
1.8722237795275589
21
0.872223779527559
0
LINE
8
BLACK
6
CONTINUOUS
10
1.8722237795275589
20
0.872223779527559
11
1.8689094881889763
21
0.8744383464566929
0
LINE
8
BLACK
6
CONTINUOUS
10
1.8689094881889763
20
0.8744383464566929
11
1.8659868897637795
21
0.8750196850393701
0
LINE
8
BLACK
6
CONTINUOUS
10
1.8659868897637795
20
0.8750196850393701
11
1.7140131496062991
21
0.8750196456692914
0
LINE
8
BLACK
6
CONTINUOUS
10
1.7140131496062991
20
0.8750196456692914
11
1.7140129527559054
21
0.8750196062992126
0
LINE
8
BLACK
6
CONTINUOUS
10
1.7140129527559054
20
0.8750196062992126
11
1.7110905118110236
21
0.8744383464566929
0
LINE
8
BLACK
6
CONTINUOUS
10
1.7110905118110236
20
0.8744383464566929
11
1.7110904330708661
21
0.8744383070866142
0
LINE
8
BLACK
6
CONTINUOUS
10
1.7110904330708661
20
0.8744383070866142
11
1.7110903937007873
21
0.8744382677165354
0
LINE
8
BLACK
6
CONTINUOUS
10
1.7110903937007873
20
0.8744382677165354
11
1.7077762204724409
21
0.872223779527559
0
LINE
8
BLACK
6
CONTINUOUS
10
1.7077762204724409
20
0.872223779527559
11
1.7055616535433071
21
0.8689094881889764
0
LINE
8
BLACK
6
CONTINUOUS
10
1.7055616535433071
20
0.8689094881889764
11
1.7049803543307087
21
0.8659870078740157
0
LINE
8
BLACK
6
CONTINUOUS
10
1.7049803543307087
20
0.8659870078740157
11
1.70498031496063
21
0.8659868897637795
0
LINE
8
BLACK
6
CONTINUOUS
10
1.70498031496063
20
0.8659868897637795
11
1.70498031496063
21
0.7140132283464566
0
LINE
8
BLACK
6
CONTINUOUS
10
1.4099803149606298
20
0.9990132283464567
11
1.4099803543307086
21
0.9990129527559055
0
LINE
8
BLACK
6
CONTINUOUS
10
1.4099803543307086
20
0.9990129527559055
11
1.4105616141732282
21
0.9960905118110236
0
LINE
8
BLACK
6
CONTINUOUS
10
1.4105616141732282
20
0.9960905118110236
11
1.410561653543307
21
0.9960904330708661
0
LINE
8
BLACK
6
CONTINUOUS
10
1.410561653543307
20
0.9960904330708661
11
1.4127761023622047
21
0.9927763385826771
0
LINE
8
BLACK
6
CONTINUOUS
10
1.4127761023622047
20
0.9927763385826771
11
1.4127762992125983
21
0.9927761417322835
0
LINE
8
BLACK
6
CONTINUOUS
10
1.4127762992125983
20
0.9927761417322835
11
1.414985748031496
21
0.9912998425196851
0
LINE
8
BLACK
6
CONTINUOUS
10
1.414985748031496
20
0.9912998425196851
11
1.4160905118110236
21
0.9905616535433071
0
LINE
8
BLACK
6
CONTINUOUS
10
1.4160905118110236
20
0.9905616535433071
11
1.4190131102362205
21
0.9899803149606299
0
LINE
8
BLACK
6
CONTINUOUS
10
1.4190131102362205
20
0.9899803149606299
11
1.4809867322834644
21
0.9899803149606299
0
LINE
8
BLACK
6
CONTINUOUS
10
1.4809867322834644
20
0.9899803149606299
11
1.4809870078740157
21
0.9899803543307086
0
LINE
8
BLACK
6
CONTINUOUS
10
1.4809870078740157
20
0.9899803543307086
11
1.4839094488188975
21
0.9905616141732283
0
LINE
8
BLACK
6
CONTINUOUS
10
1.4839094488188975
20
0.9905616141732283
11
1.483909527559055
21
0.9905616535433071
0
LINE
8
BLACK
6
CONTINUOUS
10
1.483909527559055
20
0.9905616535433071
11
1.4872236220472441
21
0.9927761023622047
0
LINE
8
BLACK
6
CONTINUOUS
10
1.4872236220472441
20
0.9927761023622047
11
1.4872236614173229
21
0.9927761417322835
0
LINE
8
BLACK
6
CONTINUOUS
10
1.4872236614173229
20
0.9927761417322835
11
1.4872237795275591
21
0.992776220472441
0
LINE
8
BLACK
6
CONTINUOUS
10
1.4872237795275591
20
0.992776220472441
11
1.4894383464566929
21
0.9960905118110236
0
LINE
8
BLACK
6
CONTINUOUS
10
1.4894383464566929
20
0.9960905118110236
11
1.4900196850393701
21
0.9990131102362204
0
LINE
8
BLACK
6
CONTINUOUS
10
1.4900196850393701
20
0.9990131102362204
11
1.4900196456692913
21
1.0609868503937008
0
LINE
8
BLACK
6
CONTINUOUS
10
1.4900196456692913
20
1.0609868503937008
11
1.4894383464566929
21
1.0639094881889763
0
LINE
8
BLACK
6
CONTINUOUS
10
1.4894383464566929
20
1.0639094881889763
11
1.4872237795275591
21
1.067223779527559
0
LINE
8
BLACK
6
CONTINUOUS
10
1.4872237795275591
20
1.067223779527559
11
1.4839094881889763
21
1.0694383464566928
0
LINE
8
BLACK
6
CONTINUOUS
10
1.4839094881889763
20
1.0694383464566928
11
1.4809868897637795
21
1.0700196850393699
0
LINE
8
BLACK
6
CONTINUOUS
10
1.4809868897637795
20
1.0700196850393699
11
1.4190131496062992
21
1.0700196456692914
0
LINE
8
BLACK
6
CONTINUOUS
10
1.4190131496062992
20
1.0700196456692914
11
1.4190129527559054
21
1.0700196062992127
0
LINE
8
BLACK
6
CONTINUOUS
10
1.4190129527559054
20
1.0700196062992127
11
1.4160905118110236
21
1.0694383464566928
0
LINE
8
BLACK
6
CONTINUOUS
10
1.4160905118110236
20
1.0694383464566928
11
1.4160904330708661
21
1.0694383070866142
0
LINE
8
BLACK
6
CONTINUOUS
10
1.4160904330708661
20
1.0694383070866142
11
1.4160903937007874
21
1.0694382677165355
0
LINE
8
BLACK
6
CONTINUOUS
10
1.4160903937007874
20
1.0694382677165355
11
1.412776220472441
21
1.067223779527559
0
LINE
8
BLACK
6
CONTINUOUS
10
1.412776220472441
20
1.067223779527559
11
1.410561653543307
21
1.0639094881889763
0
LINE
8
BLACK
6
CONTINUOUS
10
1.410561653543307
20
1.0639094881889763
11
1.4103877952755906
21
1.0630353543307087
0
LINE
8
BLACK
6
CONTINUOUS
10
1.4103877952755906
20
1.0630353543307087
11
1.4099803149606298
21
1.0609868503937008
0
LINE
8
BLACK
6
CONTINUOUS
10
1.4099803149606298
20
1.0609868503937008
11
1.4099803149606298
21
0.9990132283464567
0
LINE
8
BLACK
6
CONTINUOUS
10
1.8099803149606299
20
1.0390132283464566
11
1.8099803543307087
21
1.0390129527559056
0
LINE
8
BLACK
6
CONTINUOUS
10
1.8099803543307087
20
1.0390129527559056
11
1.8105616141732284
21
1.0360905118110235
0
LINE
8
BLACK
6
CONTINUOUS
10
1.8105616141732284
20
1.0360905118110235
11
1.8105616535433071
21
1.036090433070866
0
LINE
8
BLACK
6
CONTINUOUS
10
1.8105616535433071
20
1.036090433070866
11
1.8127761023622047
21
1.0327763385826771
0
LINE
8
BLACK
6
CONTINUOUS
10
1.8127761023622047
20
1.0327763385826771
11
1.8127762992125984
21
1.0327761417322834
0
LINE
8
BLACK
6
CONTINUOUS
10
1.8127762992125984
20
1.0327761417322834
11
1.8140593307086614
21
1.0319188582677166
0
LINE
8
BLACK
6
CONTINUOUS
10
1.8140593307086614
20
1.0319188582677166
11
1.8160905118110235
21
1.0305616535433071
0
LINE
8
BLACK
6
CONTINUOUS
10
1.8160905118110235
20
1.0305616535433071
11
1.8190131102362204
21
1.0299803149606299
0
LINE
8
BLACK
6
CONTINUOUS
10
1.8190131102362204
20
1.0299803149606299
11
1.8809867322834646
21
1.0299803149606299
0
LINE
8
BLACK
6
CONTINUOUS
10
1.8809867322834646
20
1.0299803149606299
11
1.8809870078740156
21
1.0299803543307087
0
LINE
8
BLACK
6
CONTINUOUS
10
1.8809870078740156
20
1.0299803543307087
11
1.8839094488188977
21
1.0305616141732283
0
LINE
8
BLACK
6
CONTINUOUS
10
1.8839094488188977
20
1.0305616141732283
11
1.8839095275590552
21
1.0305616535433071
0
LINE
8
BLACK
6
CONTINUOUS
10
1.8839095275590552
20
1.0305616535433071
11
1.887223622047244
21
1.0327761023622046
0
LINE
8
BLACK
6
CONTINUOUS
10
1.887223622047244
20
1.0327761023622046
11
1.8872236614173228
21
1.0327761417322834
0
LINE
8
BLACK
6
CONTINUOUS
10
1.8872236614173228
20
1.0327761417322834
11
1.887223779527559
21
1.0327762204724409
0
LINE
8
BLACK
6
CONTINUOUS
10
1.887223779527559
20
1.0327762204724409
11
1.8894383464566928
21
1.0360905118110235
0
LINE
8
BLACK
6
CONTINUOUS
10
1.8894383464566928
20
1.0360905118110235
11
1.89001968503937
21
1.0390131102362203
0
LINE
8
BLACK
6
CONTINUOUS
10
1.89001968503937
20
1.0390131102362203
11
1.8900196456692913
21
1.1009868503937008
0
LINE
8
BLACK
6
CONTINUOUS
10
1.8900196456692913
20
1.1009868503937008
11
1.8894383464566928
21
1.1039094881889764
0
LINE
8
BLACK
6
CONTINUOUS
10
1.8894383464566928
20
1.1039094881889764
11
1.887223779527559
21
1.107223779527559
0
LINE
8
BLACK
6
CONTINUOUS
10
1.887223779527559
20
1.107223779527559
11
1.8839094881889764
21
1.1094383464566928
0
LINE
8
BLACK
6
CONTINUOUS
10
1.8839094881889764
20
1.1094383464566928
11
1.8809868897637796
21
1.11001968503937
0
LINE
8
BLACK
6
CONTINUOUS
10
1.8809868897637796
20
1.11001968503937
11
1.8190131496062991
21
1.1100196456692912
0
LINE
8
BLACK
6
CONTINUOUS
10
1.8190131496062991
20
1.1100196456692912
11
1.8190129527559056
21
1.1100196062992125
0
LINE
8
BLACK
6
CONTINUOUS
10
1.8190129527559056
20
1.1100196062992125
11
1.8160905118110235
21
1.1094383464566928
0
LINE
8
BLACK
6
CONTINUOUS
10
1.8160905118110235
20
1.1094383464566928
11
1.816090433070866
21
1.1094383070866141
0
LINE
8
BLACK
6
CONTINUOUS
10
1.816090433070866
20
1.1094383070866141
11
1.8136891338582677
21
1.107833779527559
0
LINE
8
BLACK
6
CONTINUOUS
10
1.8136891338582677
20
1.107833779527559
11
1.8127762204724409
21
1.107223779527559
0
LINE
8
BLACK
6
CONTINUOUS
10
1.8127762204724409
20
1.107223779527559
11
1.8105616535433071
21
1.1039094881889764
0
LINE
8
BLACK
6
CONTINUOUS
10
1.8105616535433071
20
1.1039094881889764
11
1.8099803543307087
21
1.1009870472440944
0
LINE
8
BLACK
6
CONTINUOUS
10
1.8099803543307087
20
1.1009870472440944
11
1.8099803149606299
21
1.1009868503937008
0
LINE
8
BLACK
6
CONTINUOUS
10
1.8099803149606299
20
1.1009868503937008
11
1.8099803149606299
21
1.0390132283464566
0
LINE
8
BLACK
6
CONTINUOUS
10
0.0599803149606299
20
1.0490132283464566
11
0.0599803543307087
21
1.0490129527559056
0
LINE
8
BLACK
6
CONTINUOUS
10
0.0599803543307087
20
1.0490129527559056
11
0.0605616141732283
21
1.0460905118110235
0
LINE
8
BLACK
6
CONTINUOUS
10
0.0605616141732283
20
1.0460905118110235
11
0.0605616535433071
21
1.046090433070866
0
LINE
8
BLACK
6
CONTINUOUS
10
0.0605616535433071
20
1.046090433070866
11
0.0627761023622047
21
1.0427763385826772
0
LINE
8
BLACK
6
CONTINUOUS
10
0.0627761023622047
20
1.0427763385826772
11
0.0627762992125984
21
1.0427761417322834
0
LINE
8
BLACK
6
CONTINUOUS
10
0.0627762992125984
20
1.0427761417322834
11
0.0648072834645669
21
1.0414190944881889
0
LINE
8
BLACK
6
CONTINUOUS
10
0.0648072834645669
20
1.0414190944881889
11
0.0660905118110236
21
1.0405616535433071
0
LINE
8
BLACK
6
CONTINUOUS
10
0.0660905118110236
20
1.0405616535433071
11
0.0690131102362205
21
1.0399803149606299
0
LINE
8
BLACK
6
CONTINUOUS
10
0.0690131102362205
20
1.0399803149606299
11
0.1309867322834646
21
1.0399803149606299
0
LINE
8
BLACK
6
CONTINUOUS
10
0.1309867322834646
20
1.0399803149606299
11
0.1309870078740157
21
1.0399803543307087
0
LINE
8
BLACK
6
CONTINUOUS
10
0.1309870078740157
20
1.0399803543307087
11
0.1339094488188976
21
1.0405616141732283
0
LINE
8
BLACK
6
CONTINUOUS
10
0.1339094488188976
20
1.0405616141732283
11
0.1339095275590551
21
1.0405616535433071
0
LINE
8
BLACK
6
CONTINUOUS
10
0.1339095275590551
20
1.0405616535433071
11
0.1372236220472441
21
1.0427761023622046
0
LINE
8
BLACK
6
CONTINUOUS
10
0.1372236220472441
20
1.0427761023622046
11
0.1372236614173228
21
1.0427761417322834
0
LINE
8
BLACK
6
CONTINUOUS
10
0.1372236614173228
20
1.0427761417322834
11
0.137223779527559
21
1.0427762204724409
0
LINE
8
BLACK
6
CONTINUOUS
10
0.137223779527559
20
1.0427762204724409
11
0.1394383464566929
21
1.0460905118110235
0
LINE
8
BLACK
6
CONTINUOUS
10
0.1394383464566929
20
1.0460905118110235
11
0.1400196850393701
21
1.0490131102362203
0
LINE
8
BLACK
6
CONTINUOUS
10
0.1400196850393701
20
1.0490131102362203
11
0.1400196456692913
21
1.1109868503937008
0
LINE
8
BLACK
6
CONTINUOUS
10
0.1400196456692913
20
1.1109868503937008
11
0.1394383464566929
21
1.1139094881889764
0
LINE
8
BLACK
6
CONTINUOUS
10
0.1394383464566929
20
1.1139094881889764
11
0.137223779527559
21
1.117223779527559
0
LINE
8
BLACK
6
CONTINUOUS
10
0.137223779527559
20
1.117223779527559
11
0.1339094881889764
21
1.1194383464566928
0
LINE
8
BLACK
6
CONTINUOUS
10
0.1339094881889764
20
1.1194383464566928
11
0.1309868897637795
21
1.12001968503937
0
LINE
8
BLACK
6
CONTINUOUS
10
0.1309868897637795
20
1.12001968503937
11
0.0690131496062992
21
1.1200196456692912
0
LINE
8
BLACK
6
CONTINUOUS
10
0.0690131496062992
20
1.1200196456692912
11
0.0690129527559055
21
1.1200196062992125
0
LINE
8
BLACK
6
CONTINUOUS
10
0.0690129527559055
20
1.1200196062992125
11
0.0660905118110236
21
1.1194383464566928
0
LINE
8
BLACK
6
CONTINUOUS
10
0.0660905118110236
20
1.1194383464566928
11
0.0660904330708661
21
1.1194383070866141
0
LINE
8
BLACK
6
CONTINUOUS
10
0.0660904330708661
20
1.1194383070866141
11
0.0660903937007874
21
1.1194382677165353
0
LINE
8
BLACK
6
CONTINUOUS
10
0.0660903937007874
20
1.1194382677165353
11
0.0627762204724409
21
1.117223779527559
0
LINE
8
BLACK
6
CONTINUOUS
10
0.0627762204724409
20
1.117223779527559
11
0.0605616535433071
21
1.1139094881889764
0
LINE
8
BLACK
6
CONTINUOUS
10
0.0605616535433071
20
1.1139094881889764
11
0.0602198818897638
21
1.1121911811023621
0
LINE
8
BLACK
6
CONTINUOUS
10
0.0602198818897638
20
1.1121911811023621
11
0.0599803149606299
21
1.1109868503937008
0
LINE
8
BLACK
6
CONTINUOUS
10
0.0599803149606299
20
1.1109868503937008
11
0.0599803149606299
21
1.0490132283464566
0
LINE
8
BLACK
6
CONTINUOUS
10
1.8099803149606299
20
1.1390132283464567
11
1.8099803543307087
21
1.1390129527559054
0
LINE
8
BLACK
6
CONTINUOUS
10
1.8099803543307087
20
1.1390129527559054
11
1.8105616141732284
21
1.1360905118110236
0
LINE
8
BLACK
6
CONTINUOUS
10
1.8105616141732284
20
1.1360905118110236
11
1.8105616535433071
21
1.1360904330708661
0
LINE
8
BLACK
6
CONTINUOUS
10
1.8105616535433071
20
1.1360904330708661
11
1.8127761023622047
21
1.1327763385826772
0
LINE
8
BLACK
6
CONTINUOUS
10
1.8127761023622047
20
1.1327763385826772
11
1.8127762992125984
21
1.1327761417322835
0
LINE
8
BLACK
6
CONTINUOUS
10
1.8127762992125984
20
1.1327761417322835
11
1.8149857480314959
21
1.131299842519685
0
LINE
8
BLACK
6
CONTINUOUS
10
1.8149857480314959
20
1.131299842519685
11
1.8160905118110235
21
1.130561653543307
0
LINE
8
BLACK
6
CONTINUOUS
10
1.8160905118110235
20
1.130561653543307
11
1.8190131102362204
21
1.12998031496063
0
LINE
8
BLACK
6
CONTINUOUS
10
1.8190131102362204
20
1.12998031496063
11
1.8809867322834646
21
1.12998031496063
0
LINE
8
BLACK
6
CONTINUOUS
10
1.8809867322834646
20
1.12998031496063
11
1.8809870078740156
21
1.1299803543307085
0
LINE
8
BLACK
6
CONTINUOUS
10
1.8809870078740156
20
1.1299803543307085
11
1.8839094488188977
21
1.1305616141732284
0
LINE
8
BLACK
6
CONTINUOUS
10
1.8839094488188977
20
1.1305616141732284
11
1.8839095275590552
21
1.130561653543307
0
LINE
8
BLACK
6
CONTINUOUS
10
1.8839095275590552
20
1.130561653543307
11
1.887223622047244
21
1.1327761023622047
0
LINE
8
BLACK
6
CONTINUOUS
10
1.887223622047244
20
1.1327761023622047
11
1.8872236614173228
21
1.1327761417322835
0
LINE
8
BLACK
6
CONTINUOUS
10
1.8872236614173228
20
1.1327761417322835
11
1.887223779527559
21
1.132776220472441
0
LINE
8
BLACK
6
CONTINUOUS
10
1.887223779527559
20
1.132776220472441
11
1.8894383464566928
21
1.1360905118110236
0
LINE
8
BLACK
6
CONTINUOUS
10
1.8894383464566928
20
1.1360905118110236
11
1.89001968503937
21
1.1390131102362204
0
LINE
8
BLACK
6
CONTINUOUS
10
1.89001968503937
20
1.1390131102362204
11
1.8900196456692913
21
1.2009868503937007
0
LINE
8
BLACK
6
CONTINUOUS
10
1.8900196456692913
20
1.2009868503937007
11
1.8894383464566928
21
1.2039094881889763
0
LINE
8
BLACK
6
CONTINUOUS
10
1.8894383464566928
20
1.2039094881889763
11
1.887223779527559
21
1.2072237795275591
0
LINE
8
BLACK
6
CONTINUOUS
10
1.887223779527559
20
1.2072237795275591
11
1.8839094881889764
21
1.2094383464566929
0
LINE
8
BLACK
6
CONTINUOUS
10
1.8839094881889764
20
1.2094383464566929
11
1.8809868897637796
21
1.2100196850393701
0
LINE
8
BLACK
6
CONTINUOUS
10
1.8809868897637796
20
1.2100196850393701
11
1.8190131496062991
21
1.2100196456692913
0
LINE
8
BLACK
6
CONTINUOUS
10
1.8190131496062991
20
1.2100196456692913
11
1.8190129527559056
21
1.2100196062992126
0
LINE
8
BLACK
6
CONTINUOUS
10
1.8190129527559056
20
1.2100196062992126
11
1.8160905118110235
21
1.2094383464566929
0
LINE
8
BLACK
6
CONTINUOUS
10
1.8160905118110235
20
1.2094383464566929
11
1.816090433070866
21
1.2094383070866142
0
LINE
8
BLACK
6
CONTINUOUS
10
1.816090433070866
20
1.2094383070866142
11
1.8160903937007873
21
1.2094382677165354
0
LINE
8
BLACK
6
CONTINUOUS
10
1.8160903937007873
20
1.2094382677165354
11
1.8127762204724409
21
1.2072237795275591
0
LINE
8
BLACK
6
CONTINUOUS
10
1.8127762204724409
20
1.2072237795275591
11
1.8105616535433071
21
1.2039094881889763
0
LINE
8
BLACK
6
CONTINUOUS
10
1.8105616535433071
20
1.2039094881889763
11
1.8099803543307087
21
1.2009870472440944
0
LINE
8
BLACK
6
CONTINUOUS
10
1.8099803543307087
20
1.2009870472440944
11
1.8099803149606299
21
1.2009868503937007
0
LINE
8
BLACK
6
CONTINUOUS
10
1.8099803149606299
20
1.2009868503937007
11
1.8099803149606299
21
1.1390132283464567
0
LINE
8
BLACK
6
CONTINUOUS
10
1.4099803149606298
20
1.2990132283464566
11
1.4099803543307086
21
1.2990129527559056
0
LINE
8
BLACK
6
CONTINUOUS
10
1.4099803543307086
20
1.2990129527559056
11
1.4105616141732282
21
1.2960905118110235
0
LINE
8
BLACK
6
CONTINUOUS
10
1.4105616141732282
20
1.2960905118110235
11
1.410561653543307
21
1.296090433070866
0
LINE
8
BLACK
6
CONTINUOUS
10
1.410561653543307
20
1.296090433070866
11
1.4127761023622047
21
1.2927763385826772
0
LINE
8
BLACK
6
CONTINUOUS
10
1.4127761023622047
20
1.2927763385826772
11
1.4127762992125983
21
1.2927761417322834
0
LINE
8
BLACK
6
CONTINUOUS
10
1.4127762992125983
20
1.2927761417322834
11
1.414985748031496
21
1.2912998425196851
0
LINE
8
BLACK
6
CONTINUOUS
10
1.414985748031496
20
1.2912998425196851
11
1.4160905118110236
21
1.2905616535433071
0
LINE
8
BLACK
6
CONTINUOUS
10
1.4160905118110236
20
1.2905616535433071
11
1.4190131102362205
21
1.2899803149606299
0
LINE
8
BLACK
6
CONTINUOUS
10
1.4190131102362205
20
1.2899803149606299
11
1.4809867322834644
21
1.2899803149606299
0
LINE
8
BLACK
6
CONTINUOUS
10
1.4809867322834644
20
1.2899803149606299
11
1.4809870078740157
21
1.2899803543307087
0
LINE
8
BLACK
6
CONTINUOUS
10
1.4809870078740157
20
1.2899803543307087
11
1.4839094488188975
21
1.2905616141732283
0
LINE
8
BLACK
6
CONTINUOUS
10
1.4839094488188975
20
1.2905616141732283
11
1.483909527559055
21
1.2905616535433071
0
LINE
8
BLACK
6
CONTINUOUS
10
1.483909527559055
20
1.2905616535433071
11
1.4872236220472441
21
1.2927761023622046
0
LINE
8
BLACK
6
CONTINUOUS
10
1.4872236220472441
20
1.2927761023622046
11
1.4872236614173229
21
1.2927761417322834
0
LINE
8
BLACK
6
CONTINUOUS
10
1.4872236614173229
20
1.2927761417322834
11
1.4872237795275591
21
1.2927762204724409
0
LINE
8
BLACK
6
CONTINUOUS
10
1.4872237795275591
20
1.2927762204724409
11
1.4894383464566929
21
1.2960905118110235
0
LINE
8
BLACK
6
CONTINUOUS
10
1.4894383464566929
20
1.2960905118110235
11
1.4900196850393701
21
1.2990131102362203
0
LINE
8
BLACK
6
CONTINUOUS
10
1.4900196850393701
20
1.2990131102362203
11
1.4900196456692913
21
1.3609868503937008
0
LINE
8
BLACK
6
CONTINUOUS
10
1.4900196456692913
20
1.3609868503937008
11
1.4894383464566929
21
1.3639094881889764
0
LINE
8
BLACK
6
CONTINUOUS
10
1.4894383464566929
20
1.3639094881889764
11
1.4872237795275591
21
1.367223779527559
0
LINE
8
BLACK
6
CONTINUOUS
10
1.4872237795275591
20
1.367223779527559
11
1.4839094881889763
21
1.3694383464566928
0
LINE
8
BLACK
6
CONTINUOUS
10
1.4839094881889763
20
1.3694383464566928
11
1.4809868897637795
21
1.37001968503937
0
LINE
8
BLACK
6
CONTINUOUS
10
1.4809868897637795
20
1.37001968503937
11
1.4190131496062992
21
1.3700196456692912
0
LINE
8
BLACK
6
CONTINUOUS
10
1.4190131496062992
20
1.3700196456692912
11
1.4190129527559054
21
1.3700196062992125
0
LINE
8
BLACK
6
CONTINUOUS
10
1.4190129527559054
20
1.3700196062992125
11
1.4160905118110236
21
1.3694383464566928
0
LINE
8
BLACK
6
CONTINUOUS
10
1.4160905118110236
20
1.3694383464566928
11
1.4160904330708661
21
1.3694383070866141
0
LINE
8
BLACK
6
CONTINUOUS
10
1.4160904330708661
20
1.3694383070866141
11
1.4160903937007874
21
1.3694382677165353
0
LINE
8
BLACK
6
CONTINUOUS
10
1.4160903937007874
20
1.3694382677165353
11
1.412776220472441
21
1.367223779527559
0
LINE
8
BLACK
6
CONTINUOUS
10
1.412776220472441
20
1.367223779527559
11
1.410561653543307
21
1.3639094881889764
0
LINE
8
BLACK
6
CONTINUOUS
10
1.410561653543307
20
1.3639094881889764
11
1.4099803543307086
21
1.3609870472440944
0
LINE
8
BLACK
6
CONTINUOUS
10
1.4099803543307086
20
1.3609870472440944
11
1.4099803149606298
21
1.3609868503937008
0
LINE
8
BLACK
6
CONTINUOUS
10
1.4099803149606298
20
1.3609868503937008
11
1.4099803149606298
21
1.2990132283464566
0
CIRCLE
8
BLACK
10
0.1
20
0.98
40
0.0068897637795276
0
CIRCLE
8
BLACK
10
0.2
20
0.98
40
0.0068897637795276
0
CIRCLE
8
BLACK
10
0.1
20
1.0800000000000001
40
0.0068897637795276
0
CIRCLE
8
BLACK
10
0.2
20
1.0800000000000001
40
0.0068897637795276
0
CIRCLE
8
BLACK
10
0.1
20
1.1799999999999999
40
0.0068897637795276
0
CIRCLE
8
BLACK
10
0.2
20
1.1799999999999999
40
0.0068897637795276
0
CIRCLE
8
BLACK
10
1.3499999999999999
20
1.03
40
0.0068897637795276
0
CIRCLE
8
BLACK
10
1.45
20
1.03
40
0.0068897637795276
0
CIRCLE
8
BLACK
10
1.75
20
1.1699999999999999
40
0.0068897637795276
0
CIRCLE
8
BLACK
10
1.8499999999999999
20
1.1699999999999999
40
0.0068897637795276
0
CIRCLE
8
BLACK
10
1.75
20
1.0700000000000001
40
0.0068897637795276
0
CIRCLE
8
BLACK
10
1.8499999999999999
20
1.0700000000000001
40
0.0068897637795276
0
CIRCLE
8
BLACK
10
1.1899999999999999
20
0.21
40
0.0068897637795276
0
CIRCLE
8
BLACK
10
1.1899999999999999
20
0.31
40
0.0068897637795276
0
CIRCLE
8
BLACK
10
1.3499999999999999
20
1.1299999999999999
40
0.0068897637795276
0
CIRCLE
8
BLACK
10
1.45
20
1.1299999999999999
40
0.0068897637795276
0
CIRCLE
8
BLACK
10
1.3499999999999999
20
1.3300000000000001
40
0.0068897637795276
0
CIRCLE
8
BLACK
10
1.45
20
1.3300000000000001
40
0.0068897637795276
0
CIRCLE
8
BLACK
10
1.3499999999999999
20
1.4299999999999999
40
0.0068897637795276
0
CIRCLE
8
BLACK
10
1.45
20
1.4299999999999999
40
0.0068897637795276
0
CIRCLE
8
BLACK
10
0.99
20
0.21
40
0.0068897637795276
0
CIRCLE
8
BLACK
10
0.99
20
0.31
40
0.0068897637795276
0
CIRCLE
8
BLACK
10
1.0900000000000001
20
0.31
40
0.0068897637795276
0
CIRCLE
8
BLACK
10
1.0900000000000001
20
0.21
40
0.0068897637795276
0
CIRCLE
8
BLACK
10
0.2
20
0.2
40
0.0068897637795276
0
CIRCLE
8
BLACK
10
0.2
20
1.3999999999999999
40
0.0068897637795276
0
CIRCLE
8
BLACK
10
1.8
20
0.2
40
0.0068897637795276
0
CIRCLE
8
BLACK
10
1.8
20
1.3999999999999999
40
0.0068897637795276
0
CIRCLE
8
BLACK
10
0.47
20
0.15
40
0.0068897637795276
0
CIRCLE
8
BLACK
10
0.47
20
0.25
40
0.0068897637795276
0
CIRCLE
8
BLACK
10
0.57
20
0.15
40
0.0068897637795276
0
CIRCLE
8
BLACK
10
0.57
20
0.25
40
0.0068897637795276
0
CIRCLE
8
BLACK
10
1.3499999999999999
20
1.23
40
0.0068897637795276
0
CIRCLE
8
BLACK
10
1.45
20
1.23
40
0.0068897637795276
0
CIRCLE
8
BLACK
10
0.54
20
1.3868503937007874
40
0.0068897637795276
0
CIRCLE
8
BLACK
10
0.54
20
1.1899999999999999
40
0.0068897637795276
0
CIRCLE
8
BLACK
10
0.74
20
1.3868503937007874
40
0.0068897637795276
0
CIRCLE
8
BLACK
10
0.74
20
1.1899999999999999
40
0.0068897637795276
0
CIRCLE
8
BLACK
10
1.05
20
1.2356
40
0.0068897637795276
0
CIRCLE
8
BLACK
10
1.05
20
1.3144
40
0.0068897637795276
0
CIRCLE
8
BLACK
10
0.4068503937007874
20
0.72
40
0.0068897637795276
0
CIRCLE
8
BLACK
10
0.21
20
0.72
40
0.0068897637795276
0
CIRCLE
8
BLACK
10
0.4068503937007874
20
0.5231496062992126
40
0.0068897637795276
0
CIRCLE
8
BLACK
10
0.21
20
0.5231496062992126
40
0.0068897637795276
0
CIRCLE
8
BLACK
10
1.5931496062992125
20
0.79
40
0.0068897637795276
0
CIRCLE
8
BLACK
10
1.79
20
0.79
40
0.0068897637795276
0
CIRCLE
8
BLACK
10
1.5931496062992125
20
0.5931496062992125
40
0.0068897637795276
0
CIRCLE
8
BLACK
10
1.79
20
0.5931496062992125
40
0.0068897637795276
0
CIRCLE
8
BLACK
10
1.29
20
0.31
40
0.0068897637795276
0
CIRCLE
8
BLACK
10
1.29
20
0.21
40
0.0068897637795276
0
CIRCLE
8
BLACK
10
0.79
20
0.52
40
0.0125
0
CIRCLE
8
BLACK
10
1.0600000000000001
20
0.52
40
0.0125
0
CIRCLE
8
BLACK
10
1.2249998425196851
20
0.475
40
0.0125
0
CIRCLE
8
BLACK
10
1.0349999999999999
20
0.785
40
0.0125
0
CIRCLE
8
BLACK
10
0.975
20
0.7
40
0.0125
0
CIRCLE
8
BLACK
10
0.765
20
0.08
40
0.0125
0
CIRCLE
8
BLACK
10
0.875
20
0.635
40
0.0125
0
CIRCLE
8
BLACK
10
0.9399999999999999
20
0.64
40
0.0125
0
CIRCLE
8
BLACK
10
0.875
20
0.7
40
0.0125
0
CIRCLE
8
BLACK
10
0.9249999999999999
20
0.8149999999999999
40
0.0125
0
CIRCLE
8
BLACK
10
1.145
20
0.72
40
0.0125
0
CIRCLE
8
BLACK
10
1.2949999999999999
20
0.155
40
0.0125
0
CIRCLE
8
BLACK
10
1.0049999999999999
20
1.375
40
0.0125
0
CIRCLE
8
BLACK
10
0.98
20
0.75
40
0.0125
0
CIRCLE
8
BLACK
10
0.765117125984252
20
0.1601728346456693
40
0.0125
0
CIRCLE
8
BLACK
10
1.0600000000000001
20
0.64
40
0.0125
0
CIRCLE
8
BLACK
10
1.105
20
0.6749999999999999
40
0.0125
0
CIRCLE
8
BLACK
10
0.875
20
0.765
40
0.0125
0
CIRCLE
8
BLACK
10
1.0549999999999999
20
1.4749999999999999
40
0.0125
0
CIRCLE
8
BLACK
10
1.03
20
0.71
40
0.0125
0
CIRCLE
8
BLACK
10
0.9199999999999999
20
0.7
40
0.0125
0
CIRCLE
8
BLACK
10
1.2552160236220473
20
0.1502160236220473
40
0.0125
0
CIRCLE
8
BLACK
10
0.9249999999999999
20
0.76
40
0.0125
0
CIRCLE
8
BLACK
10
0.54
20
0.965
40
0.0125
0
CIRCLE
8
BLACK
10
0.875
20
0.8149999999999999
40
0.0125
0
CIRCLE
8
BLACK
10
1.1939
20
0.72
40
0.0125
0
CIRCLE
8
BLACK
10
0.985
20
0.8049999999999999
40
0.0125
0
CIRCLE
8
BLACK
10
1.105
20
0.775
40
0.0125
0
CIRCLE
8
BLACK
10
1.0049999999999999
20
1.4299999999999999
40
0.0125
0
CIRCLE
8
BLACK
10
0.54
20
1.0800000000000001
40
0.0125
0
CIRCLE
8
BLACK
10
0.43
20
0.9299999999999999
40
0.0125
0
CIRCLE
8
BLACK
10
1.54
20
1.2349999999999999
40
0.0125
0
CIRCLE
8
BLACK
10
0.87
20
1.1299999999999999
40
0.0125
0
CIRCLE
8
BLACK
10
1.3100000000000001
20
0.1
40
0.0125
0
CIRCLE
8
BLACK
10
1.03
20
0.9199999999999999
40
0.0125
0
CIRCLE
8
BLACK
10
1.0194631889763779
20
1.0455368503937008
40
0.0125
0
CIRCLE
8
BLACK
10
1.0702492913385826
20
0.8998753543307086
40
0.0125
0
CIRCLE
8
BLACK
10
0.985
20
0.9199999999999999
40
0.0125
0
CIRCLE
8
BLACK
10
0.9261215748031496
20
1.0488785433070866
40
0.0125
0
CIRCLE
8
BLACK
10
0.88
20
1.05
40
0.0125
0
CIRCLE
8
BLACK
10
0.9
20
0.9199999999999999
40
0.0125
0
CIRCLE
8
BLACK
10
0.9325004330708662
20
0.35
40
0.0125
0
CIRCLE
8
BLACK
10
0.89
20
0.39
40
0.0125
0
CIRCLE
8
BLACK
10
1.53
20
0.44
40
0.0125
0
CIRCLE
8
BLACK
10
1.3599999999999999
20
0.44
40
0.0125
0
CIRCLE
8
BLACK
10
1.1394454724409449
20
0.3594454724409449
40
0.0125
  0
ENDSEC
  0
EOF
